timestamp,tx,ty,tz,qx,qy,qz,qw
0.000000,759323.753426,2524415.069911,38.419122,0.002557,0.007345,0.944359,0.328826
0.010000,759323.743864,2524415.058672,38.419361,0.002499,0.007278,0.945759,0.324777
0.020000,759323.734491,2524415.047255,38.419595,0.002442,0.007210,0.947134,0.320747
0.030000,759323.725307,2524415.035663,38.419825,0.002385,0.007142,0.948483,0.316738
0.040000,759323.716311,2524415.023898,38.420051,0.002329,0.007074,0.949807,0.312749
0.050000,759323.707502,2524415.011961,38.420272,0.002274,0.007005,0.951105,0.308780
0.060000,759323.698879,2524414.999856,38.420488,0.002165,0.006864,0.953660,0.300799
0.070000,759323.690443,2524414.987584,38.420700,0.002059,0.006721,0.956121,0.292888
0.080000,759323.682191,2524414.975147,38.420907,0.001956,0.006577,0.958489,0.285048
0.090000,759323.674124,2524414.962549,38.421110,0.001856,0.006432,0.960765,0.277283
0.100000,759323.666241,2524414.949790,38.421308,0.001760,0.006285,0.962952,0.269595
0.110000,759323.658541,2524414.936873,38.421502,0.001666,0.006137,0.965051,0.261986
0.120000,759323.651023,2524414.923801,38.421691,0.001576,0.005988,0.967064,0.254458
0.130000,759323.643687,2524414.910575,38.421875,0.001488,0.005839,0.968994,0.247012
0.140000,759323.636533,2524414.897198,38.422056,0.001404,0.005689,0.970842,0.239649
0.150000,759323.629558,2524414.883671,38.422231,0.001323,0.005538,0.972611,0.232370
0.160000,759323.622764,2524414.869998,38.422403,0.001245,0.005388,0.974302,0.225178
0.170000,759323.616148,2524414.856181,38.422569,0.001170,0.005237,0.975918,0.218071
0.180000,759323.609711,2524414.842221,38.422732,0.001098,0.005086,0.977461,0.211051
0.190000,759323.603452,2524414.828120,38.422890,0.001029,0.004936,0.978933,0.204119
0.200000,759323.597369,2524414.813882,38.423043,0.000963,0.004785,0.980336,0.197273
0.210000,759323.591463,2524414.799508,38.423192,0.000900,0.004635,0.981673,0.190515
0.220000,759323.585733,2524414.785000,38.423337,0.000839,0.004486,0.982945,0.183844
0.230000,759323.580177,2524414.770360,38.423477,0.000781,0.004336,0.984154,0.177260
0.240000,759323.574796,2524414.755592,38.423613,0.000726,0.004188,0.985303,0.170762
0.250000,759323.569588,2524414.740696,38.423745,0.000673,0.004040,0.986393,0.164351
0.260000,759323.564554,2524414.725676,38.423872,0.000623,0.003893,0.987427,0.158025
0.270000,759323.559691,2524414.710533,38.423995,0.000575,0.003747,0.988406,0.151784
0.280000,759323.555000,2524414.695270,38.424114,0.000530,0.003602,0.989333,0.145627
0.290000,759323.550480,2524414.679888,38.424228,0.000487,0.003458,0.990209,0.139552
0.300000,759323.546131,2524414.664390,38.424338,0.000447,0.003314,0.991035,0.133560
0.310000,759323.541951,2524414.648779,38.424443,0.000408,0.003172,0.991814,0.127650
0.320000,759323.537939,2524414.633056,38.424545,0.000372,0.003030,0.992548,0.121819
0.330000,759323.534096,2524414.617223,38.424642,0.000338,0.002890,0.993237,0.116067
0.340000,759323.530420,2524414.601284,38.424735,0.000306,0.002751,0.993884,0.110393
0.350000,759323.526912,2524414.585239,38.424823,0.000275,0.002613,0.994490,0.104795
0.360000,759323.523569,2524414.569092,38.424907,0.000247,0.002476,0.995057,0.099273
0.370000,759323.520392,2524414.552844,38.424987,0.000221,0.002341,0.995586,0.093824
0.380000,759323.517379,2524414.536497,38.425063,0.000196,0.002206,0.996078,0.088448
0.390000,759323.514531,2524414.520055,38.425135,0.000173,0.002073,0.996535,0.083144
0.400000,759323.511846,2524414.503518,38.425202,0.000152,0.001941,0.996959,0.077909
0.410000,759323.509324,2524414.486890,38.425265,0.000132,0.001810,0.997349,0.072743
0.420000,759323.506964,2524414.470172,38.425324,0.000114,0.001681,0.997708,0.067644
0.430000,759323.504765,2524414.453367,38.425379,0.000097,0.001552,0.998037,0.062611
0.440000,759323.502727,2524414.436476,38.425430,0.000082,0.001425,0.998336,0.057642
0.450000,759323.500849,2524414.419503,38.425476,0.000069,0.001299,0.998608,0.052736
0.460000,759323.499130,2524414.402449,38.425519,0.000056,0.001174,0.998852,0.047891
0.470000,759323.497570,2524414.385316,38.425557,0.000045,0.001050,0.999070,0.043107
0.480000,759323.496168,2524414.368107,38.425591,0.000036,0.000927,0.999263,0.038381
0.490000,759323.494923,2524414.350824,38.425621,0.000027,0.000806,0.999431,0.033712
0.500000,759323.493835,2524414.333469,38.425647,0.000020,0.000686,0.999576,0.029100
0.510000,759323.492903,2524414.316044,38.425669,0.000014,0.000567,0.999699,0.024541
0.520000,759323.492126,2524414.298552,38.425686,0.000009,0.000448,0.999799,0.020036
0.530000,759323.491504,2524414.280994,38.425700,0.000005,0.000331,0.999879,0.015582
0.540000,759323.491036,2524414.263373,38.425710,0.000002,0.000215,0.999937,0.011179
0.550000,759323.490720,2524414.245691,38.425715,1.000000,0.000000,0.000000,0.000000
0.560000,759323.490558,2524414.227951,38.425717,1.000000,0.000000,0.000000,0.000000
0.570000,759323.490547,2524414.210154,38.425714,1.000000,0.000000,0.000000,0.000000
0.580000,759323.490687,2524414.192302,38.425708,1.000000,0.000000,0.000000,0.000000
0.590000,759323.490978,2524414.174399,38.425697,0.000004,-0.000349,0.999949,-0.010130
0.600000,759323.491419,2524414.156445,38.425683,0.000007,-0.000459,0.999898,-0.014259
0.610000,759323.492009,2524414.138444,38.425664,0.000010,-0.000568,0.999832,-0.018347
0.620000,759323.492747,2524414.120397,38.425642,0.000015,-0.000676,0.999749,-0.022396
0.630000,759323.493633,2524414.102307,38.425615,0.000021,-0.000784,0.999651,-0.026405
0.640000,759323.494667,2524414.084176,38.425585,0.000027,-0.000890,0.999538,-0.030378
0.650000,759323.495846,2524414.066006,38.425550,0.000034,-0.000996,0.999411,-0.034314
0.660000,759323.497172,2524414.047800,38.425512,0.000042,-0.001101,0.999269,-0.038215
0.670000,759323.498642,2524414.029559,38.425470,0.000051,-0.001205,0.999113,-0.042082
0.680000,759323.500257,2524414.011285,38.425423,0.000060,-0.001308,0.998944,-0.045916
0.690000,759323.502016,2524413.992982,38.425373,0.000070,-0.001410,0.998762,-0.049719
0.700000,759323.503917,2524413.974650,38.425319,0.000081,-0.001512,0.998567,-0.053492
0.710000,759323.505961,2524413.956293,38.425262,0.000092,-0.001613,0.998359,-0.057235
0.720000,759323.508147,2524413.937912,38.425200,0.000105,-0.001714,0.998139,-0.060950
0.730000,759323.510473,2524413.919511,38.425134,0.000117,-0.001814,0.997907,-0.064638
0.740000,759323.512940,2524413.901090,38.425065,0.000131,-0.001913,0.997663,-0.068300
0.750000,759323.515547,2524413.882652,38.424992,0.000145,-0.002011,0.997407,-0.071937
0.760000,759323.518292,2524413.864199,38.424915,0.000160,-0.002109,0.997140,-0.075550
0.770000,759323.521176,2524413.845734,38.424834,0.000175,-0.002207,0.996861,-0.079140
0.780000,759323.524197,2524413.827259,38.424749,0.000191,-0.002304,0.996571,-0.082709
0.790000,759323.527356,2524413.808776,38.424660,0.000208,-0.002400,0.996270,-0.086256
0.800000,759323.530650,2524413.790287,38.424568,0.000225,-0.002496,0.995958,-0.089784
0.810000,759323.534080,2524413.771794,38.424472,0.000243,-0.002591,0.995635,-0.093293
0.820000,759323.537645,2524413.753300,38.424372,0.000261,-0.002686,0.995302,-0.096784
0.830000,759323.541344,2524413.734807,38.424269,0.000280,-0.002781,0.994958,-0.100258
0.840000,759323.545177,2524413.716316,38.424161,0.000300,-0.002875,0.994603,-0.103716
0.850000,759323.549142,2524413.697831,38.424050,0.000320,-0.002968,0.994237,-0.107159
0.860000,759323.553240,2524413.679353,38.423935,0.000341,-0.003062,0.993861,-0.110589
0.870000,759323.557469,2524413.660884,38.423817,0.000362,-0.003155,0.993475,-0.114005
0.880000,759323.561829,2524413.642428,38.423695,0.000384,-0.003248,0.993078,-0.117409
0.890000,759323.566319,2524413.623985,38.423569,0.000406,-0.003340,0.992671,-0.120802
0.900000,759323.570939,2524413.605559,38.423439,0.000430,-0.003432,0.992253,-0.124184
0.910000,759323.575687,2524413.587151,38.423306,0.000453,-0.003524,0.991825,-0.127557
0.920000,759323.580563,2524413.568763,38.423169,0.000477,-0.003615,0.991386,-0.130922
0.930000,759323.585567,2524413.550398,38.423028,0.000502,-0.003707,0.990937,-0.134278
0.940000,759323.590697,2524413.532059,38.422884,0.000528,-0.003798,0.990476,-0.137629
0.950000,759323.595953,2524413.513746,38.422736,0.000554,-0.003889,0.990006,-0.140973
0.960000,759323.601335,2524413.495463,38.422585,0.000580,-0.003979,0.989524,-0.144312
0.970000,759323.606842,2524413.477211,38.422430,0.000608,-0.004070,0.989031,-0.147647
0.980000,759323.612472,2524413.458994,38.422271,0.000635,-0.004160,0.988528,-0.150980
0.990000,759323.618226,2524413.440812,38.422109,0.000664,-0.004251,0.988013,-0.154309
1.000000,759323.624102,2524413.422668,38.421943,0.000693,-0.004341,0.987487,-0.157637
1.010000,759323.630101,2524413.404565,38.421773,0.000723,-0.004431,0.986950,-0.160965
1.020000,759323.636220,2524413.386505,38.421600,0.000753,-0.004521,0.986401,-0.164293
1.030000,759323.642460,2524413.368489,38.421424,0.000784,-0.004611,0.985840,-0.167622
1.040000,759323.648821,2524413.350520,38.421244,0.000816,-0.004701,0.985268,-0.170953
1.050000,759323.655300,2524413.332601,38.421060,0.000848,-0.004791,0.984683,-0.174287
1.060000,759323.661898,2524413.314733,38.420873,0.000881,-0.004881,0.984086,-0.177624
1.070000,759323.668614,2524413.296918,38.420683,0.000915,-0.004971,0.983476,-0.180966
1.080000,759323.675447,2524413.279160,38.420489,0.000949,-0.005061,0.982854,-0.184314
1.090000,759323.682396,2524413.261459,38.420291,0.000984,-0.005151,0.982219,-0.187668
1.100000,759323.689462,2524413.243819,38.420090,0.001020,-0.005241,0.981570,-0.191029
1.110000,759323.696642,2524413.226241,38.419885,0.001056,-0.005331,0.980908,-0.194398
1.120000,759323.703937,2524413.208728,38.419677,0.001094,-0.005421,0.980232,-0.197776
1.130000,759323.711346,2524413.191282,38.419466,0.001132,-0.005511,0.979542,-0.201163
1.140000,759323.718868,2524413.173904,38.419251,0.001171,-0.005602,0.978837,-0.204562
1.150000,759323.726502,2524413.156598,38.419033,0.001210,-0.005692,0.978118,-0.207971
1.160000,759323.734249,2524413.139366,38.418811,0.001251,-0.005783,0.977383,-0.211394
1.170000,759323.742106,2524413.122209,38.418586,0.001292,-0.005873,0.976633,-0.214829
1.180000,759323.750073,2524413.105130,38.418358,0.001334,-0.005964,0.975867,-0.218279
1.190000,759323.758151,2524413.088131,38.418126,0.001377,-0.006055,0.975085,-0.221744
1.200000,759323.766337,2524413.071214,38.417891,0.001421,-0.006147,0.974286,-0.225225
1.210000,759323.774632,2524413.054382,38.417652,0.001466,-0.006238,0.973471,-0.228722
1.220000,759323.783034,2524413.037636,38.417410,0.001511,-0.006330,0.972637,-0.232238
1.230000,759323.791544,2524413.020979,38.417165,0.001558,-0.006422,0.971786,-0.235772
1.240000,759323.800160,2524413.004414,38.416916,0.001606,-0.006514,0.970916,-0.239326
1.250000,759323.808881,2524412.987941,38.416664,0.001654,-0.006606,0.970027,-0.242900
1.260000,759323.817707,2524412.971565,38.416409,0.001704,-0.006698,0.969119,-0.246496
1.270000,759323.826638,2524412.955285,38.416151,0.001754,-0.006791,0.968191,-0.250114
1.280000,759323.835672,2524412.939106,38.415889,0.001806,-0.006884,0.967242,-0.253756
1.290000,759323.844809,2524412.923029,38.415624,0.001859,-0.006977,0.966272,-0.257422
1.300000,759323.854049,2524412.907056,38.415356,0.001913,-0.007070,0.965280,-0.261113
1.310000,759323.863390,2524412.891190,38.415084,0.001968,-0.007164,0.964266,-0.264831
1.320000,759323.872832,2524412.875432,38.414809,0.002024,-0.007258,0.963229,-0.268576
1.330000,759323.882374,2524412.859785,38.414531,0.002081,-0.007352,0.962168,-0.272349
1.340000,759323.892016,2524412.844252,38.414250,0.002140,-0.007446,0.961083,-0.276151
1.350000,759323.901756,2524412.828833,38.413965,0.002199,-0.007541,0.959973,-0.279983
1.360000,759323.911595,2524412.813533,38.413678,0.002260,-0.007636,0.958837,-0.283847
1.370000,759323.921531,2524412.798352,38.413387,0.002323,-0.007731,0.957674,-0.287743
1.380000,759323.931564,2524412.783292,38.413093,0.002387,-0.007826,0.956483,-0.291672
1.390000,759323.941693,2524412.768357,38.412796,0.002452,-0.007922,0.955265,-0.295635
1.400000,759323.951917,2524412.753549,38.412495,0.002518,-0.008017,0.954017,-0.299633
1.410000,759323.962237,2524412.738868,38.412192,0.002586,-0.008113,0.952740,-0.303668
1.420000,759323.972650,2524412.724319,38.411885,0.002655,-0.008210,0.951431,-0.307740
1.430000,759323.983157,2524412.709903,38.411575,0.002726,-0.008306,0.950091,-0.311850
1.440000,759323.993756,2524412.695621,38.411262,0.002799,-0.008402,0.948718,-0.316000
1.450000,759324.004448,2524412.681477,38.410946,0.002873,-0.008499,0.947311,-0.320190
1.460000,759324.015231,2524412.667473,38.410627,0.002948,-0.008596,0.945869,-0.324421
1.470000,759324.026104,2524412.653610,38.410305,0.003025,-0.008693,0.944391,-0.328695
1.480000,759324.037068,2524412.639891,38.409980,0.003104,-0.008790,0.942876,-0.333012
1.490000,759324.048121,2524412.626319,38.409651,0.003185,-0.008887,0.941323,-0.337374
1.500000,759324.059263,2524412.612894,38.409320,0.003267,-0.008984,0.939731,-0.341781
1.510000,759324.070492,2524412.599621,38.408986,0.003352,-0.009081,0.938098,-0.346235
1.520000,759324.081809,2524412.586500,38.408648,0.003438,-0.009178,0.936423,-0.350736
1.530000,759324.093213,2524412.573534,38.408308,0.003525,-0.009275,0.934705,-0.355285
1.540000,759324.104702,2524412.560725,38.407964,0.003615,-0.009372,0.932943,-0.359884
1.550000,759324.116277,2524412.548076,38.407618,0.003707,-0.009468,0.931135,-0.364534
1.560000,759324.127936,2524412.535588,38.407268,0.003801,-0.009565,0.929279,-0.369235
1.570000,759324.139679,2524412.523264,38.406916,0.003896,-0.009661,0.927375,-0.373988
1.580000,759324.151505,2524412.511106,38.406560,0.003994,-0.009757,0.925421,-0.378794
1.590000,759324.163414,2524412.499116,38.406202,0.004094,-0.009853,0.923415,-0.383655
1.600000,759324.175405,2524412.487297,38.405841,0.004195,-0.009948,0.921356,-0.388570
1.610000,759324.187477,2524412.475650,38.405476,0.004299,-0.010043,0.919242,-0.393541
1.620000,759324.199629,2524412.464178,38.405109,0.004406,-0.010137,0.917072,-0.398569
1.630000,759324.211862,2524412.452883,38.404739,0.004514,-0.010230,0.914846,-0.403647
1.640000,759324.224173,2524412.441767,38.404366,0.004623,-0.010322,0.912572,-0.408759
1.650000,759324.236563,2524412.430833,38.403990,0.004734,-0.010411,0.910257,-0.413886
1.660000,759324.249030,2524412.420082,38.403611,0.004845,-0.010498,0.907908,-0.419009
1.670000,759324.261575,2524412.409517,38.403230,0.004956,-0.010581,0.905536,-0.424109
1.680000,759324.274196,2524412.399137,38.402845,0.005066,-0.010661,0.903149,-0.429164
1.690000,759324.286890,2524412.388937,38.402458,0.005174,-0.010735,0.900759,-0.434155
1.700000,759324.299656,2524412.378913,38.402068,0.005280,-0.010805,0.898377,-0.439060
1.710000,759324.312491,2524412.369057,38.401677,0.005384,-0.010868,0.896015,-0.443858
1.720000,759324.325394,2524412.359366,38.401283,0.005483,-0.010925,0.893686,-0.448527
1.730000,759324.338362,2524412.349832,38.400887,0.005579,-0.010976,0.891399,-0.453052
1.740000,759324.351393,2524412.340452,38.400489,0.005670,-0.011021,0.889159,-0.457431
1.750000,759324.364485,2524412.331219,38.400090,0.005756,-0.011059,0.886970,-0.461660
1.760000,759324.377635,2524412.322128,38.399689,0.005838,-0.011091,0.884834,-0.465737
1.770000,759324.390842,2524412.313174,38.399287,0.005914,-0.011116,0.882756,-0.469663
1.780000,759324.404103,2524412.304351,38.398884,0.005986,-0.011136,0.880739,-0.473434
1.790000,759324.417417,2524412.295653,38.398480,0.006053,-0.011151,0.878785,-0.477049
1.800000,759324.430780,2524412.287075,38.398076,0.006115,-0.011159,0.876898,-0.480508
1.810000,759324.444191,2524412.278612,38.397671,0.006171,-0.011162,0.875080,-0.483810
1.820000,759324.457648,2524412.270259,38.397266,0.006223,-0.011160,0.873334,-0.486954
1.830000,759324.471148,2524412.262009,38.396860,0.006269,-0.011153,0.871663,-0.489940
1.840000,759324.484690,2524412.253857,38.396454,0.006309,-0.011140,0.870068,-0.492766
1.850000,759324.498270,2524412.245799,38.396049,0.006345,-0.011123,0.868552,-0.495432
1.860000,759324.511888,2524412.237827,38.395644,0.006374,-0.011101,0.867118,-0.497939
1.870000,759324.525541,2524412.229938,38.395240,0.006399,-0.011074,0.865766,-0.500286
1.880000,759324.539226,2524412.222125,38.394836,0.006418,-0.011042,0.864499,-0.502472
1.890000,759324.552942,2524412.214383,38.394433,0.006431,-0.011006,0.863319,-0.504498
1.900000,759324.566686,2524412.206707,38.394031,0.006439,-0.010965,0.862226,-0.506365
1.910000,759324.580456,2524412.199090,38.393631,0.006442,-0.010920,0.861222,-0.508070
1.920000,759324.594251,2524412.191528,38.393232,0.006439,-0.010870,0.860309,-0.509616
1.930000,759324.608067,2524412.184016,38.392834,0.006431,-0.010817,0.859487,-0.511002
1.940000,759324.621903,2524412.176547,38.392438,0.006418,-0.010759,0.858758,-0.512228
1.950000,759324.635756,2524412.169116,38.392045,0.006399,-0.010697,0.858122,-0.513294
1.960000,759324.649625,2524412.161718,38.391653,0.006374,-0.010631,0.857580,-0.514201
1.970000,759324.663507,2524412.154347,38.391263,0.006345,-0.010561,0.857133,-0.514947
1.980000,759324.677400,2524412.146998,38.390877,0.006310,-0.010487,0.856781,-0.515535
1.990000,759324.691302,2524412.139666,38.390492,0.006270,-0.010409,0.856525,-0.515963
2.000000,759324.705210,2524412.132344,38.390111,0.006225,-0.010327,0.856364,-0.516232
2.010000,759324.719123,2524412.125028,38.389732,0.006175,-0.010241,0.856299,-0.516342
2.020000,759324.733039,2524412.117712,38.389357,0.006120,-0.010151,0.856329,-0.516294
2.030000,759324.746954,2524412.110391,38.388985,0.006060,-0.010057,0.856448,-0.516099
2.040000,759324.760868,2524412.103058,38.388617,0.005996,-0.009959,0.856646,-0.515774
2.050000,759324.774777,2524412.095709,38.388252,0.005929,-0.009859,0.856912,-0.515335
2.060000,759324.788681,2524412.088338,38.387892,0.005859,-0.009756,0.857236,-0.514798
2.070000,759324.802575,2524412.080940,38.387535,0.005786,-0.009651,0.857610,-0.514178
2.080000,759324.816461,2524412.073514,38.387182,0.005712,-0.009544,0.858022,-0.513493
2.090000,759324.830338,2524412.066059,38.386834,0.005636,-0.009436,0.858463,-0.512758
2.100000,759324.844207,2524412.058576,38.386489,0.005560,-0.009327,0.858923,-0.511990
2.110000,759324.858066,2524412.051065,38.386149,0.005483,-0.009217,0.859393,-0.511204
2.120000,759324.871916,2524412.043525,38.385813,0.005406,-0.009107,0.859863,-0.510415
2.130000,759324.885758,2524412.035958,38.385481,0.005330,-0.008998,0.860330,-0.509630
2.140000,759324.899590,2524412.028362,38.385153,0.005254,-0.008888,0.860795,-0.508847
2.150000,759324.913414,2524412.020739,38.384829,0.005178,-0.008778,0.861258,-0.508066
2.160000,759324.927229,2524412.013087,38.384509,0.005103,-0.008668,0.861718,-0.507288
2.170000,759324.941036,2524412.005408,38.384193,0.005027,-0.008558,0.862175,-0.506513
2.180000,759324.954833,2524411.997701,38.383882,0.004953,-0.008448,0.862630,-0.505740
2.190000,759324.968622,2524411.989967,38.383574,0.004878,-0.008337,0.863083,-0.504970
2.200000,759324.982403,2524411.982205,38.383271,0.004804,-0.008227,0.863533,-0.504203
2.210000,759324.996174,2524411.974416,38.382971,0.004730,-0.008117,0.863980,-0.503438
2.220000,759325.009937,2524411.966600,38.382676,0.004656,-0.008007,0.864425,-0.502676
2.230000,759325.023691,2524411.958756,38.382385,0.004583,-0.007897,0.864868,-0.501916
2.240000,759325.037437,2524411.950886,38.382098,0.004510,-0.007787,0.865308,-0.501159
2.250000,759325.051174,2524411.942988,38.381814,0.004437,-0.007677,0.865746,-0.500405
2.260000,759325.064903,2524411.935063,38.381535,0.004365,-0.007566,0.866181,-0.499653
2.270000,759325.078623,2524411.927112,38.381260,0.004293,-0.007456,0.866614,-0.498904
2.280000,759325.092334,2524411.919134,38.380990,0.004221,-0.007346,0.867045,-0.498158
2.290000,759325.106037,2524411.911129,38.380723,0.004149,-0.007236,0.867473,-0.497414
2.300000,759325.119732,2524411.903098,38.380460,0.004078,-0.007126,0.867899,-0.496673
2.310000,759325.133418,2524411.895040,38.380201,0.004007,-0.007016,0.868322,-0.495935
2.320000,759325.147095,2524411.886956,38.379947,0.003936,-0.006905,0.868743,-0.495199
2.330000,759325.160765,2524411.878846,38.379696,0.003866,-0.006795,0.869162,-0.494466
2.340000,759325.174426,2524411.870709,38.379449,0.003796,-0.006685,0.869578,-0.493736
2.350000,759325.188078,2524411.862546,38.379207,0.003726,-0.006575,0.869992,-0.493008
2.360000,759325.201722,2524411.854358,38.378968,0.003656,-0.006465,0.870404,-0.492283
2.370000,759325.215358,2524411.846143,38.378734,0.003587,-0.006355,0.870813,-0.491561
2.380000,759325.228986,2524411.837903,38.378504,0.003518,-0.006244,0.871220,-0.490841
2.390000,759325.242605,2524411.829637,38.378277,0.003449,-0.006134,0.871624,-0.490124
2.400000,759325.256216,2524411.821345,38.378055,0.003381,-0.006024,0.872027,-0.489409
2.410000,759325.269819,2524411.813028,38.377837,0.003313,-0.005914,0.872427,-0.488698
2.420000,759325.283414,2524411.804685,38.377623,0.003245,-0.005804,0.872825,-0.487989
2.430000,759325.297000,2524411.796317,38.377413,0.003177,-0.005694,0.873220,-0.487282
2.440000,759325.310578,2524411.787924,38.377206,0.003110,-0.005584,0.873614,-0.486578
2.450000,759325.324149,2524411.779505,38.377004,0.003043,-0.005474,0.874005,-0.485877
2.460000,759325.337711,2524411.771062,38.376806,0.002976,-0.005364,0.874393,-0.485179
2.470000,759325.351265,2524411.762593,38.376612,0.002910,-0.005254,0.874780,-0.484483
2.480000,759325.364811,2524411.754099,38.376422,0.002844,-0.005144,0.875164,-0.483790
2.490000,759325.378348,2524411.745581,38.376236,0.002778,-0.005034,0.875546,-0.483100
2.500000,759325.391878,2524411.737038,38.376054,0.002712,-0.004924,0.875926,-0.482412
2.510000,759325.405400,2524411.728470,38.375876,0.002647,-0.004814,0.876304,-0.481727
2.520000,759325.418914,2524411.719878,38.375702,0.002581,-0.004705,0.876680,-0.481045
2.530000,759325.432420,2524411.711262,38.375533,0.002517,-0.004595,0.877053,-0.480365
2.540000,759325.445918,2524411.702621,38.375367,0.002452,-0.004485,0.877424,-0.479688
2.550000,759325.459408,2524411.693955,38.375205,0.002388,-0.004375,0.877793,-0.479014
2.560000,759325.472890,2524411.685266,38.375047,0.002324,-0.004266,0.878160,-0.478342
2.570000,759325.486364,2524411.676552,38.374893,0.002260,-0.004156,0.878525,-0.477673
2.580000,759325.499830,2524411.667815,38.374743,0.002196,-0.004046,0.878887,-0.477007
2.590000,759325.513289,2524411.659054,38.374597,0.002133,-0.003937,0.879248,-0.476343
2.600000,759325.526740,2524411.650268,38.374456,0.002070,-0.003827,0.879606,-0.475683
2.610000,759325.540183,2524411.641459,38.374318,0.002007,-0.003718,0.879963,-0.475024
2.620000,759325.553618,2524411.632627,38.374184,0.001944,-0.003608,0.880317,-0.474369
2.630000,759325.567045,2524411.623771,38.374054,0.001882,-0.003499,0.880669,-0.473716
2.640000,759325.580465,2524411.614891,38.373928,0.001820,-0.003390,0.881019,-0.473066
2.650000,759325.593877,2524411.605988,38.373806,0.001758,-0.003280,0.881367,-0.472418
2.660000,759325.607282,2524411.597062,38.373689,0.001697,-0.003171,0.881713,-0.471773
2.670000,759325.620678,2524411.588113,38.373575,0.001635,-0.003062,0.882056,-0.471131
2.680000,759325.634067,2524411.579141,38.373465,0.001574,-0.002953,0.882398,-0.470491
2.690000,759325.647449,2524411.570145,38.373359,0.001514,-0.002844,0.882738,-0.469855
2.700000,759325.660823,2524411.561127,38.373257,0.001453,-0.002735,0.883076,-0.469220
2.710000,759325.674189,2524411.552086,38.373159,0.001393,-0.002626,0.883411,-0.468589
2.720000,759325.687548,2524411.543022,38.373065,0.001333,-0.002517,0.883745,-0.467960
2.730000,759325.700899,2524411.533936,38.372975,0.001273,-0.002408,0.884077,-0.467334
2.740000,759325.714243,2524411.524827,38.372889,0.001213,-0.002299,0.884406,-0.466710
2.750000,759325.727580,2524411.515695,38.372807,0.001154,-0.002190,0.884734,-0.466089
2.760000,759325.740908,2524411.506542,38.372729,0.001095,-0.002081,0.885060,-0.465471
2.770000,759325.754230,2524411.497366,38.372655,0.001036,-0.001973,0.885384,-0.464856
2.780000,759325.767544,2524411.488167,38.372585,0.000977,-0.001864,0.885706,-0.464243
2.790000,759325.780851,2524411.478947,38.372519,0.000919,-0.001755,0.886025,-0.463632
2.800000,759325.794150,2524411.469705,38.372457,0.000860,-0.001647,0.886343,-0.463025
2.810000,759325.807442,2524411.460441,38.372399,0.000802,-0.001539,0.886659,-0.462420
2.820000,759325.820726,2524411.451155,38.372344,0.000745,-0.001430,0.886973,-0.461818
2.830000,759325.834004,2524411.441847,38.372294,0.000687,-0.001322,0.887286,-0.461218
2.840000,759325.847274,2524411.432518,38.372248,0.000630,-0.001214,0.887596,-0.460621
2.850000,759325.860537,2524411.423167,38.372205,0.000573,-0.001105,0.887904,-0.460027
2.860000,759325.873792,2524411.413795,38.372167,0.000516,-0.000997,0.888211,-0.459435
2.870000,759325.887041,2524411.404402,38.372132,0.000459,-0.000889,0.888515,-0.458846
2.880000,759325.900282,2524411.394987,38.372102,0.000403,-0.000781,0.888818,-0.458260
2.890000,759325.913516,2524411.385551,38.372075,0.000347,-0.000673,0.889119,-0.457676
2.900000,759325.926743,2524411.376094,38.372053,0.000291,-0.000565,0.889418,-0.457095
2.910000,759325.939963,2524411.366616,38.372034,0.000235,-0.000457,0.889715,-0.456516
2.920000,759325.953175,2524411.357117,38.372019,0.000179,-0.000350,0.890010,-0.455941
2.930000,759325.966381,2524411.347597,38.372008,0.000124,-0.000242,0.890304,-0.455367
2.940000,759325.979579,2524411.338057,38.372001,0.000069,-0.000134,0.890595,-0.454797
2.950000,759325.992771,2524411.328496,38.371999,0.000014,-0.000027,0.890885,-0.454229
2.960000,759326.005955,2524411.318914,38.372000,-0.000041,0.000081,0.891173,-0.453663
2.970000,759326.019133,2524411.309312,38.372004,-0.000096,0.000188,0.891459,-0.453101
2.980000,759326.032303,2524411.299690,38.372013,-0.000150,0.000295,0.891744,-0.452541
2.990000,759326.045467,2524411.290047,38.372026,-0.000204,0.000403,0.892026,-0.451983
3.000000,759326.058624,2524411.280384,38.372043,-0.000258,0.000510,0.892307,-0.451428
3.010000,759326.071773,2524411.270702,38.372063,-0.000312,0.000617,0.892586,-0.450876
3.020000,759326.084916,2524411.260999,38.372088,-0.000365,0.000724,0.892864,-0.450327
3.030000,759326.098052,2524411.251276,38.372116,-0.000419,0.000831,0.893139,-0.449780
3.040000,759326.111182,2524411.241534,38.372149,-0.000472,0.000938,0.893413,-0.449235
3.050000,759326.124304,2524411.231771,38.372185,-0.000525,0.001045,0.893685,-0.448693
3.060000,759326.137420,2524411.221990,38.372225,-0.000577,0.001152,0.893955,-0.448154
3.070000,759326.150529,2524411.212188,38.372269,-0.000630,0.001258,0.894224,-0.447618
3.080000,759326.163631,2524411.202368,38.372318,-0.000682,0.001365,0.894491,-0.447084
3.090000,759326.176726,2524411.192528,38.372369,-0.000734,0.001472,0.894756,-0.446552
3.100000,759326.189815,2524411.182668,38.372425,-0.000786,0.001578,0.895020,-0.446023
3.110000,759326.202897,2524411.172790,38.372485,-0.000838,0.001685,0.895281,-0.445497
3.120000,759326.215972,2524411.162892,38.372549,-0.000890,0.001791,0.895541,-0.444974
3.130000,759326.229041,2524411.152976,38.372616,-0.000941,0.001897,0.895800,-0.444453
3.140000,759326.242103,2524411.143040,38.372688,-0.000993,0.002003,0.896057,-0.443934
3.150000,759326.255158,2524411.133086,38.372763,-0.001044,0.002110,0.896312,-0.443418
3.160000,759326.268207,2524411.123113,38.372842,-0.001095,0.002216,0.896565,-0.442905
3.170000,759326.281250,2524411.113122,38.372926,-0.001145,0.002322,0.896817,-0.442394
3.180000,759326.294286,2524411.103112,38.373013,-0.001196,0.002427,0.897067,-0.441886
3.190000,759326.307315,2524411.093083,38.373103,-0.001246,0.002533,0.897316,-0.441381
3.200000,759326.320338,2524411.083036,38.373198,-0.001296,0.002639,0.897562,-0.440878
3.210000,759326.333354,2524411.072971,38.373297,-0.001346,0.002745,0.897808,-0.440377
3.220000,759326.346364,2524411.062888,38.373400,-0.001396,0.002850,0.898051,-0.439879
3.230000,759326.359368,2524411.052787,38.373506,-0.001446,0.002956,0.898293,-0.439384
3.240000,759326.372365,2524411.042667,38.373616,-0.001495,0.003061,0.898534,-0.438891
3.250000,759326.385356,2524411.032530,38.373731,-0.001545,0.003167,0.898773,-0.438401
3.260000,759326.398341,2524411.022375,38.373849,-0.001594,0.003272,0.899010,-0.437913
3.270000,759326.411319,2524411.012203,38.373971,-0.001643,0.003377,0.899246,-0.437428
3.280000,759326.424291,2524411.002013,38.374096,-0.001692,0.003482,0.899480,-0.436945
3.290000,759326.437256,2524410.991805,38.374226,-0.001740,0.003588,0.899712,-0.436465
3.300000,759326.450216,2524410.981580,38.374360,-0.001789,0.003693,0.899943,-0.435988
3.310000,759326.463169,2524410.971337,38.374497,-0.001837,0.003797,0.900173,-0.435513
3.320000,759326.476116,2524410.961078,38.374638,-0.001885,0.003902,0.900401,-0.435040
3.330000,759326.489056,2524410.950801,38.374784,-0.001934,0.004007,0.900627,-0.434570
3.340000,759326.501991,2524410.940507,38.374933,-0.001981,0.004112,0.900852,-0.434103
3.350000,759326.514919,2524410.930196,38.375085,-0.002029,0.004216,0.901075,-0.433638
3.360000,759326.527841,2524410.919868,38.375242,-0.002077,0.004321,0.901297,-0.433176
3.370000,759326.540758,2524410.909524,38.375403,-0.002124,0.004425,0.901517,-0.432716
3.380000,759326.553668,2524410.899162,38.375567,-0.002171,0.004530,0.901736,-0.432259
3.390000,759326.566572,2524410.888784,38.375735,-0.002219,0.004634,0.901953,-0.431804
3.400000,759326.579470,2524410.878390,38.375908,-0.002266,0.004738,0.902169,-0.431352
3.410000,759326.592362,2524410.867979,38.376084,-0.002312,0.004843,0.902383,-0.430902
3.420000,759326.605248,2524410.857552,38.376263,-0.002359,0.004947,0.902596,-0.430454
3.430000,759326.618128,2524410.847109,38.376447,-0.002406,0.005051,0.902807,-0.430010
3.440000,759326.631002,2524410.836649,38.376634,-0.002452,0.005155,0.903017,-0.429567
3.450000,759326.643870,2524410.826174,38.376826,-0.002498,0.005259,0.903225,-0.429128
3.460000,759326.656732,2524410.815682,38.377021,-0.002545,0.005362,0.903432,-0.428690
3.470000,759326.669588,2524410.805175,38.377220,-0.002591,0.005466,0.903638,-0.428255
3.480000,759326.682439,2524410.794651,38.377423,-0.002636,0.005570,0.903842,-0.427823
3.490000,759326.695284,2524410.784113,38.377629,-0.002682,0.005673,0.904044,-0.427393
3.500000,759326.708122,2524410.773558,38.377840,-0.002728,0.005777,0.904245,-0.426966
3.510000,759326.720955,2524410.762988,38.378054,-0.002773,0.005880,0.904445,-0.426541
3.520000,759326.733783,2524410.752403,38.378272,-0.002818,0.005984,0.904643,-0.426118
3.530000,759326.746604,2524410.741802,38.378494,-0.002864,0.006087,0.904840,-0.425698
3.540000,759326.759420,2524410.731186,38.378720,-0.002909,0.006190,0.905036,-0.425281
3.550000,759326.772230,2524410.720555,38.378950,-0.002954,0.006293,0.905230,-0.424866
3.560000,759326.785034,2524410.709909,38.379183,-0.002999,0.006396,0.905422,-0.424453
3.570000,759326.797833,2524410.699248,38.379420,-0.003043,0.006499,0.905614,-0.424043
3.580000,759326.810626,2524410.688572,38.379662,-0.003088,0.006602,0.905803,-0.423635
3.590000,759326.823414,2524410.677881,38.379906,-0.003132,0.006705,0.905992,-0.423230
3.600000,759326.836196,2524410.667175,38.380155,-0.003177,0.006808,0.906179,-0.422827
3.610000,759326.848972,2524410.656455,38.380408,-0.003221,0.006910,0.906365,-0.422427
3.620000,759326.861743,2524410.645721,38.380664,-0.003265,0.007013,0.906549,-0.422029
3.630000,759326.874508,2524410.634972,38.380924,-0.003309,0.007116,0.906732,-0.421634
3.640000,759326.887268,2524410.624208,38.381188,-0.003353,0.007218,0.906914,-0.421241
3.650000,759326.900022,2524410.613431,38.381455,-0.003396,0.007320,0.907094,-0.420850
3.660000,759326.912771,2524410.602639,38.381727,-0.003440,0.007423,0.907273,-0.420462
3.670000,759326.925514,2524410.591833,38.382002,-0.003484,0.007525,0.907451,-0.420076
3.680000,759326.938252,2524410.581014,38.382281,-0.003527,0.007627,0.907627,-0.419693
3.690000,759326.950985,2524410.570180,38.382564,-0.003570,0.007729,0.907802,-0.419312
3.700000,759326.963712,2524410.559333,38.382851,-0.003613,0.007831,0.907976,-0.418933
3.710000,759326.976434,2524410.548472,38.383141,-0.003656,0.007933,0.908148,-0.418557
3.720000,759326.989150,2524410.537597,38.383435,-0.003699,0.008035,0.908319,-0.418184
3.730000,759327.001861,2524410.526709,38.383733,-0.003742,0.008137,0.908489,-0.417812
3.740000,759327.014567,2524410.515807,38.384035,-0.003785,0.008239,0.908658,-0.417443
3.750000,759327.027268,2524410.504893,38.384341,-0.003828,0.008341,0.908825,-0.417077
3.760000,759327.039963,2524410.493964,38.384650,-0.003870,0.008442,0.908991,-0.416713
3.770000,759327.052654,2524410.483023,38.384963,-0.003913,0.008544,0.909155,-0.416351
3.780000,759327.065339,2524410.472069,38.385280,-0.003955,0.008645,0.909319,-0.415992
3.790000,759327.078018,2524410.461102,38.385601,-0.003997,0.008747,0.909481,-0.415635
3.800000,759327.090693,2524410.450122,38.385925,-0.004039,0.008848,0.909641,-0.415281
3.810000,759327.103363,2524410.439129,38.386253,-0.004082,0.008949,0.909801,-0.414928
3.820000,759327.116027,2524410.428123,38.386585,-0.004124,0.009051,0.909959,-0.414579
3.830000,759327.128686,2524410.417105,38.386921,-0.004165,0.009152,0.910116,-0.414231
3.840000,759327.141341,2524410.406074,38.387261,-0.004207,0.009253,0.910272,-0.413886
3.850000,759327.153990,2524410.395031,38.387604,-0.004249,0.009354,0.910426,-0.413544
3.860000,759327.166634,2524410.383976,38.387951,-0.004290,0.009455,0.910579,-0.413204
3.870000,759327.179273,2524410.372908,38.388302,-0.004332,0.009556,0.910731,-0.412866
3.880000,759327.191908,2524410.361829,38.388656,-0.004373,0.009657,0.910882,-0.412530
3.890000,759327.204537,2524410.350737,38.389014,-0.004415,0.009758,0.911032,-0.412197
3.900000,759327.217161,2524410.339633,38.389376,-0.004456,0.009858,0.911180,-0.411866
3.910000,759327.229781,2524410.328518,38.389742,-0.004497,0.009959,0.911327,-0.411538
3.920000,759327.242395,2524410.317390,38.390112,-0.004538,0.010059,0.911473,-0.411212
3.930000,759327.255005,2524410.306251,38.390485,-0.004579,0.010160,0.911618,-0.410888
3.940000,759327.267610,2524410.295101,38.390862,-0.004620,0.010260,0.911761,-0.410567
3.950000,759327.280210,2524410.283939,38.391243,-0.004661,0.010361,0.911903,-0.410248
3.960000,759327.292805,2524410.272765,38.391627,-0.004702,0.010461,0.912044,-0.409931
3.970000,759327.305396,2524410.261580,38.392015,-0.004743,0.010562,0.912184,-0.409617
3.980000,759327.317981,2524410.250384,38.392407,-0.004783,0.010662,0.912323,-0.409305
3.990000,759327.330562,2524410.239177,38.392803,-0.004824,0.010762,0.912460,-0.408995
4.000000,759327.343139,2524410.227959,38.393202,-0.004864,0.010862,0.912597,-0.408688
4.010000,759327.355710,2524410.216729,38.393606,-0.004905,0.010962,0.912732,-0.408383
4.020000,759327.368277,2524410.205489,38.394012,-0.004945,0.011062,0.912866,-0.408080
4.030000,759327.380839,2524410.194239,38.394423,-0.004985,0.011162,0.912999,-0.407780
4.040000,759327.393397,2524410.182977,38.394837,-0.005026,0.011262,0.913130,-0.407481
4.050000,759327.405950,2524410.171705,38.395255,-0.005066,0.011362,0.913261,-0.407186
4.060000,759327.418499,2524410.160423,38.395677,-0.005106,0.011461,0.913390,-0.406892
4.070000,759327.431042,2524410.149130,38.396103,-0.005146,0.011561,0.913518,-0.406601
4.080000,759327.443582,2524410.137826,38.396532,-0.005186,0.011661,0.913645,-0.406312
4.090000,759327.456117,2524410.126513,38.396965,-0.005226,0.011760,0.913771,-0.406026
4.100000,759327.468647,2524410.115189,38.397401,-0.005265,0.011860,0.913896,-0.405742
4.110000,759327.481173,2524410.103855,38.397842,-0.005305,0.011959,0.914019,-0.405460
4.120000,759327.493695,2524410.092512,38.398286,-0.005345,0.012059,0.914142,-0.405180
4.130000,759327.506212,2524410.081158,38.398733,-0.005385,0.012158,0.914263,-0.404903
4.140000,759327.518724,2524410.069795,38.399185,-0.005424,0.012257,0.914383,-0.404628
4.150000,759327.531233,2524410.058422,38.399640,-0.005464,0.012357,0.914502,-0.404355
4.160000,759327.543737,2524410.047040,38.400099,-0.005503,0.012456,0.914620,-0.404085
4.170000,759327.556236,2524410.035648,38.400561,-0.005543,0.012555,0.914737,-0.403817
4.180000,759327.568731,2524410.024246,38.401027,-0.005582,0.012654,0.914853,-0.403551
4.190000,759327.581222,2524410.012836,38.401497,-0.005621,0.012753,0.914967,-0.403288
4.200000,759327.593709,2524410.001416,38.401971,-0.005660,0.012852,0.915081,-0.403026
4.210000,759327.606192,2524409.989987,38.402448,-0.005700,0.012951,0.915193,-0.402767
4.220000,759327.618670,2524409.978549,38.402929,-0.005739,0.013050,0.915304,-0.402511
4.230000,759327.631144,2524409.967102,38.403414,-0.005778,0.013149,0.915414,-0.402256
4.240000,759327.643614,2524409.955646,38.403902,-0.005817,0.013248,0.915524,-0.402004
4.250000,759327.656080,2524409.944181,38.404394,-0.005856,0.013347,0.915632,-0.401754
4.260000,759327.668541,2524409.932708,38.404890,-0.005895,0.013445,0.915738,-0.401507
4.270000,759327.680999,2524409.921226,38.405390,-0.005934,0.013544,0.915844,-0.401261
4.280000,759327.693452,2524409.909736,38.405893,-0.005973,0.013643,0.915949,-0.401018
4.290000,759327.705901,2524409.898237,38.406399,-0.006012,0.013741,0.916053,-0.400777
4.300000,759327.718347,2524409.886730,38.406910,-0.006051,0.013840,0.916155,-0.400539
4.310000,759327.730788,2524409.875215,38.407424,-0.006089,0.013938,0.916257,-0.400303
4.320000,759327.743225,2524409.863691,38.407942,-0.006128,0.014037,0.916357,-0.400069
4.330000,759327.755658,2524409.852160,38.408463,-0.006167,0.014135,0.916457,-0.399837
4.340000,759327.768088,2524409.840621,38.408988,-0.006206,0.014233,0.916555,-0.399607
4.350000,759327.780513,2524409.829073,38.409517,-0.006244,0.014332,0.916652,-0.399380
4.360000,759327.792935,2524409.817518,38.410049,-0.006283,0.014430,0.916748,-0.399155
4.370000,759327.805352,2524409.805956,38.410585,-0.006321,0.014528,0.916844,-0.398932
4.380000,759327.817766,2524409.794386,38.411125,-0.006360,0.014627,0.916938,-0.398712
4.390000,759327.830176,2524409.782808,38.411669,-0.006399,0.014725,0.917031,-0.398493
4.400000,759327.842582,2524409.771223,38.412216,-0.006437,0.014823,0.917123,-0.398277
4.410000,759327.854984,2524409.759630,38.412766,-0.006476,0.014921,0.917214,-0.398063
4.420000,759327.867382,2524409.748031,38.413321,-0.006514,0.015019,0.917304,-0.397852
4.430000,759327.879777,2524409.736424,38.413879,-0.006552,0.015117,0.917392,-0.397643
4.440000,759327.892168,2524409.724810,38.414440,-0.006591,0.015215,0.917480,-0.397435
4.450000,759327.904555,2524409.713190,38.415005,-0.006629,0.015313,0.917567,-0.397231
4.460000,759327.916939,2524409.701562,38.415574,-0.006668,0.015411,0.917653,-0.397028
4.470000,759327.929319,2524409.689928,38.416147,-0.006706,0.015509,0.917738,-0.396827
4.480000,759327.941695,2524409.678287,38.416723,-0.006744,0.015606,0.917821,-0.396629
4.490000,759327.954068,2524409.666639,38.417303,-0.006782,0.015704,0.917904,-0.396433
4.500000,759327.966437,2524409.654985,38.417886,-0.006821,0.015802,0.917986,-0.396240
4.510000,759327.978802,2524409.643325,38.418474,-0.006859,0.015900,0.918067,-0.396048
4.520000,759327.991164,2524409.631658,38.419064,-0.006897,0.015997,0.918146,-0.395859
4.530000,759328.003522,2524409.619986,38.419659,-0.006935,0.016095,0.918225,-0.395672
4.540000,759328.015877,2524409.608307,38.420257,-0.006974,0.016193,0.918302,-0.395487
4.550000,759328.028228,2524409.596622,38.420858,-0.007012,0.016290,0.918379,-0.395304
4.560000,759328.040576,2524409.584931,38.421463,-0.007050,0.016388,0.918455,-0.395124
4.570000,759328.052921,2524409.573234,38.422072,-0.007088,0.016485,0.918529,-0.394945
4.580000,759328.065261,2524409.561531,38.422685,-0.007126,0.016583,0.918603,-0.394769
4.590000,759328.077599,2524409.549823,38.423301,-0.007165,0.016680,0.918676,-0.394596
4.600000,759328.089933,2524409.538109,38.423920,-0.007203,0.016778,0.918747,-0.394424
4.610000,759328.102264,2524409.526390,38.424544,-0.007241,0.016875,0.918818,-0.394255
4.620000,759328.114592,2524409.514665,38.425171,-0.007279,0.016972,0.918887,-0.394087
4.630000,759328.126916,2524409.502935,38.425801,-0.007317,0.017070,0.918956,-0.393922
4.640000,759328.139237,2524409.491200,38.426435,-0.007355,0.017167,0.919024,-0.393760
4.650000,759328.151554,2524409.479460,38.427073,-0.007393,0.017264,0.919090,-0.393599
4.660000,759328.163869,2524409.467715,38.427714,-0.007432,0.017362,0.919156,-0.393441
4.670000,759328.176180,2524409.455964,38.428359,-0.007470,0.017459,0.919221,-0.393284
4.680000,759328.188488,2524409.444209,38.429008,-0.007508,0.017556,0.919284,-0.393130
4.690000,759328.200792,2524409.432450,38.429660,-0.007546,0.017653,0.919347,-0.392979
4.700000,759328.213094,2524409.420685,38.430316,-0.007584,0.017750,0.919409,-0.392829
4.710000,759328.225392,2524409.408916,38.430975,-0.007622,0.017848,0.919470,-0.392682
4.720000,759328.237688,2524409.397143,38.431638,-0.007660,0.017945,0.919529,-0.392536
4.730000,759328.249980,2524409.385365,38.432304,-0.007699,0.018042,0.919588,-0.392393
4.740000,759328.262269,2524409.373582,38.432974,-0.007737,0.018139,0.919646,-0.392253
4.750000,759328.274555,2524409.361796,38.433648,-0.007775,0.018236,0.919703,-0.392114
4.760000,759328.286838,2524409.350006,38.434325,-0.007813,0.018333,0.919759,-0.391977
4.770000,759328.299118,2524409.338211,38.435006,-0.007851,0.018430,0.919814,-0.391843
4.780000,759328.311395,2524409.326413,38.435690,-0.007889,0.018527,0.919868,-0.391711
4.790000,759328.323669,2524409.314610,38.436378,-0.007928,0.018624,0.919921,-0.391581
4.800000,759328.335941,2524409.302804,38.437070,-0.007966,0.018721,0.919973,-0.391454
4.810000,759328.348209,2524409.290995,38.437765,-0.008004,0.018818,0.920024,-0.391328
4.820000,759328.360474,2524409.279181,38.438464,-0.008042,0.018915,0.920074,-0.391205
4.830000,759328.372737,2524409.267365,38.439166,-0.008081,0.019012,0.920123,-0.391084
4.840000,759328.384996,2524409.255545,38.439872,-0.008119,0.019109,0.920172,-0.390965
4.850000,759328.397253,2524409.243721,38.440581,-0.008157,0.019206,0.920219,-0.390848
4.860000,759328.409507,2524409.231895,38.441294,-0.008196,0.019303,0.920265,-0.390733
4.870000,759328.421758,2524409.220065,38.442011,-0.008234,0.019399,0.920310,-0.390621
4.880000,759328.434007,2524409.208232,38.442731,-0.008272,0.019496,0.920355,-0.390511
4.890000,759328.446252,2524409.196397,38.443454,-0.008311,0.019593,0.920398,-0.390402
4.900000,759328.458495,2524409.184558,38.444182,-0.008349,0.019690,0.920441,-0.390297
4.910000,759328.470736,2524409.172717,38.444912,-0.008388,0.019787,0.920482,-0.390193
4.920000,759328.482973,2524409.160873,38.445647,-0.008426,0.019884,0.920523,-0.390091
4.930000,759328.495208,2524409.149027,38.446385,-0.008465,0.019980,0.920563,-0.389992
4.940000,759328.507441,2524409.137178,38.447126,-0.008503,0.020077,0.920601,-0.389895
4.950000,759328.519670,2524409.125327,38.447871,-0.008542,0.020174,0.920639,-0.389800
4.960000,759328.531897,2524409.113473,38.448619,-0.008580,0.020271,0.920676,-0.389707
4.970000,759328.544122,2524409.101617,38.449371,-0.008619,0.020368,0.920712,-0.389616
4.980000,759328.556344,2524409.089760,38.450127,-0.008658,0.020464,0.920747,-0.389528
4.990000,759328.568564,2524409.077900,38.450886,-0.008696,0.020561,0.920781,-0.389442
5.000000,759328.580781,2524409.066038,38.451649,-0.008735,0.020658,0.920814,-0.389357
5.010000,759328.592995,2524409.054174,38.452415,-0.008774,0.020755,0.920846,-0.389275
5.020000,759328.605207,2524409.042309,38.453184,-0.008813,0.020851,0.920877,-0.389196
5.030000,759328.617417,2524409.030442,38.453958,-0.008851,0.020948,0.920907,-0.389118
5.040000,759328.629624,2524409.018574,38.454734,-0.008890,0.021045,0.920936,-0.389043
5.050000,759328.641829,2524409.006704,38.455515,-0.008929,0.021142,0.920965,-0.388969
5.060000,759328.654031,2524408.994832,38.456299,-0.008968,0.021238,0.920992,-0.388898
5.070000,759328.666232,2524408.982960,38.457086,-0.009007,0.021335,0.921019,-0.388829
5.080000,759328.678429,2524408.971086,38.457877,-0.009046,0.021432,0.921044,-0.388763
5.090000,759328.690625,2524408.959211,38.458671,-0.009085,0.021528,0.921069,-0.388698
5.100000,759328.702818,2524408.947335,38.459469,-0.009124,0.021625,0.921093,-0.388636
5.110000,759328.715009,2524408.935458,38.460270,-0.009163,0.021722,0.921115,-0.388575
5.120000,759328.727198,2524408.923580,38.461075,-0.009203,0.021819,0.921137,-0.388517
5.130000,759328.739385,2524408.911702,38.461884,-0.009242,0.021915,0.921158,-0.388461
5.140000,759328.751569,2524408.899823,38.462696,-0.009281,0.022012,0.921178,-0.388408
5.150000,759328.763751,2524408.887943,38.463511,-0.009321,0.022109,0.921197,-0.388356
5.160000,759328.775931,2524408.876063,38.464330,-0.009360,0.022205,0.921215,-0.388307
5.170000,759328.788109,2524408.864182,38.465153,-0.009399,0.022302,0.921232,-0.388260
5.180000,759328.800285,2524408.852302,38.465978,-0.009439,0.022399,0.921248,-0.388215
5.190000,759328.812459,2524408.840421,38.466808,-0.009478,0.022496,0.921264,-0.388172
5.200000,759328.824630,2524408.828540,38.467641,-0.009518,0.022592,0.921278,-0.388131
5.210000,759328.836800,2524408.816659,38.468477,-0.009558,0.022689,0.921291,-0.388093
5.220000,759328.848968,2524408.804778,38.469317,-0.009598,0.022786,0.921304,-0.388056
5.230000,759328.861133,2524408.792897,38.470161,-0.009637,0.022883,0.921316,-0.388022
5.240000,759328.873297,2524408.781016,38.471008,-0.009677,0.022979,0.921326,-0.387990
5.250000,759328.885459,2524408.769136,38.471858,-0.009717,0.023076,0.921336,-0.387960
5.260000,759328.897619,2524408.757257,38.472712,-0.009757,0.023173,0.921345,-0.387933
5.270000,759328.909777,2524408.745377,38.473569,-0.009797,0.023270,0.921353,-0.387907
5.280000,759328.921933,2524408.733499,38.474430,-0.009837,0.023367,0.921359,-0.387884
5.290000,759328.934087,2524408.721621,38.475294,-0.009877,0.023463,0.921365,-0.387863
5.300000,759328.946239,2524408.709744,38.476162,-0.009918,0.023560,0.921370,-0.387844
5.310000,759328.958390,2524408.697868,38.477033,-0.009958,0.023657,0.921375,-0.387827
5.320000,759328.970538,2524408.685993,38.477908,-0.009998,0.023754,0.921378,-0.387813
5.330000,759328.982685,2524408.674119,38.478786,-0.010039,0.023851,0.921380,-0.387800
5.340000,759328.994831,2524408.662246,38.479668,-0.010079,0.023948,0.921381,-0.387790
5.350000,759329.006974,2524408.650375,38.480553,-0.010120,0.024045,0.921382,-0.387782
5.360000,759329.019116,2524408.638504,38.481442,-0.010160,0.024141,0.921381,-0.387776
5.370000,759329.031256,2524408.626636,38.482334,-0.010201,0.024238,0.921380,-0.387773
5.380000,759329.043395,2524408.614768,38.483230,-0.010242,0.024335,0.921377,-0.387771
5.390000,759329.055531,2524408.602903,38.484129,-0.010283,0.024432,0.921374,-0.387772
5.400000,759329.067667,2524408.591039,38.485031,-0.010324,0.024529,0.921370,-0.387775
5.410000,759329.079800,2524408.579177,38.485937,-0.010365,0.024626,0.921365,-0.387780
5.420000,759329.091932,2524408.567317,38.486846,-0.010406,0.024723,0.921359,-0.387787
5.430000,759329.104063,2524408.555459,38.487759,-0.010447,0.024820,0.921351,-0.387797
5.440000,759329.116192,2524408.543603,38.488675,-0.010488,0.024917,0.921343,-0.387808
5.450000,759329.128319,2524408.531749,38.489595,-0.010529,0.025014,0.921335,-0.387822
5.460000,759329.140445,2524408.519897,38.490518,-0.010571,0.025111,0.921325,-0.387838
5.470000,759329.152570,2524408.508048,38.491445,-0.010612,0.025208,0.921314,-0.387857
5.480000,759329.164693,2524408.496201,38.492375,-0.010654,0.025306,0.921302,-0.387877
5.490000,759329.176815,2524408.484357,38.493309,-0.010696,0.025403,0.921289,-0.387900
5.500000,759329.188935,2524408.472516,38.494245,-0.010737,0.025500,0.921276,-0.387924
5.510000,759329.201054,2524408.460677,38.495186,-0.010779,0.025597,0.921261,-0.387951
5.520000,759329.213172,2524408.448841,38.496130,-0.010821,0.025694,0.921246,-0.387981
5.530000,759329.225288,2524408.437008,38.497077,-0.010863,0.025791,0.921229,-0.388012
5.540000,759329.237403,2524408.425178,38.498028,-0.010905,0.025889,0.921212,-0.388046
5.550000,759329.249516,2524408.413351,38.498982,-0.010947,0.025986,0.921194,-0.388081
5.560000,759329.261629,2524408.401527,38.499939,-0.010990,0.026083,0.921174,-0.388120
5.570000,759329.273740,2524408.389706,38.500900,-0.011032,0.026181,0.921154,-0.388160
5.580000,759329.285850,2524408.377889,38.501865,-0.011075,0.026278,0.921133,-0.388202
5.590000,759329.297959,2524408.366076,38.502832,-0.011117,0.026375,0.921111,-0.388247
5.600000,759329.310066,2524408.354265,38.503804,-0.011160,0.026473,0.921088,-0.388294
5.610000,759329.322173,2524408.342459,38.504778,-0.011203,0.026570,0.921064,-0.388343
5.620000,759329.334278,2524408.330656,38.505756,-0.011245,0.026668,0.921039,-0.388394
5.630000,759329.346382,2524408.318857,38.506738,-0.011288,0.026765,0.921013,-0.388448
5.640000,759329.358486,2524408.307062,38.507723,-0.011332,0.026863,0.920986,-0.388503
5.650000,759329.370588,2524408.295271,38.508711,-0.011375,0.026960,0.920958,-0.388561
5.660000,759329.382689,2524408.283484,38.509703,-0.011418,0.027058,0.920929,-0.388621
5.670000,759329.394789,2524408.271701,38.510698,-0.011461,0.027155,0.920900,-0.388684
5.680000,759329.406888,2524408.259923,38.511696,-0.011505,0.027253,0.920869,-0.388748
5.690000,759329.418986,2524408.248149,38.512698,-0.011548,0.027350,0.920837,-0.388815
5.700000,759329.431083,2524408.236379,38.513703,-0.011592,0.027448,0.920805,-0.388884
5.710000,759329.443179,2524408.224614,38.514712,-0.011636,0.027546,0.920771,-0.388955
5.720000,759329.455274,2524408.212854,38.515724,-0.011680,0.027644,0.920737,-0.389029
5.730000,759329.467369,2524408.201098,38.516740,-0.011724,0.027741,0.920701,-0.389105
5.740000,759329.479462,2524408.189347,38.517759,-0.011768,0.027839,0.920665,-0.389183
5.750000,759329.491555,2524408.177601,38.518781,-0.011812,0.027937,0.920627,-0.389263
5.760000,759329.503647,2524408.165860,38.519806,-0.011857,0.028035,0.920589,-0.389345
5.770000,759329.515738,2524408.154125,38.520835,-0.011901,0.028133,0.920549,-0.389430
5.780000,759329.527828,2524408.142394,38.521868,-0.011946,0.028231,0.920509,-0.389517
5.790000,759329.539918,2524408.130669,38.522904,-0.011991,0.028329,0.920468,-0.389606
5.800000,759329.552007,2524408.118949,38.523943,-0.012036,0.028427,0.920425,-0.389698
5.810000,759329.564095,2524408.107234,38.524985,-0.012080,0.028525,0.920382,-0.389791
5.820000,759329.576182,2524408.095525,38.526031,-0.012126,0.028623,0.920338,-0.389887
5.830000,759329.588269,2524408.083822,38.527081,-0.012171,0.028721,0.920293,-0.389985
5.840000,759329.600355,2524408.072124,38.528133,-0.012216,0.028819,0.920246,-0.390086
5.850000,759329.612440,2524408.060432,38.529189,-0.012262,0.028917,0.920199,-0.390188
5.860000,759329.624525,2524408.048747,38.530249,-0.012307,0.029015,0.920151,-0.390293
5.870000,759329.636610,2524408.037067,38.531312,-0.012353,0.029114,0.920102,-0.390401
5.880000,759329.648694,2524408.025393,38.532378,-0.012399,0.029212,0.920052,-0.390510
5.890000,759329.660777,2524408.013726,38.533447,-0.012445,0.029310,0.920000,-0.390622
5.900000,759329.672860,2524408.002064,38.534520,-0.012491,0.029409,0.919948,-0.390736
5.910000,759329.684942,2524407.990410,38.535596,-0.012537,0.029507,0.919895,-0.390852
5.920000,759329.697024,2524407.978761,38.536676,-0.012584,0.029606,0.919841,-0.390971
5.930000,759329.709105,2524407.967119,38.537759,-0.012630,0.029704,0.919786,-0.391091
5.940000,759329.721186,2524407.955484,38.538845,-0.012677,0.029803,0.919729,-0.391215
5.950000,759329.733266,2524407.943856,38.539935,-0.012724,0.029901,0.919672,-0.391340
5.960000,759329.745347,2524407.932234,38.541028,-0.012771,0.030000,0.919614,-0.391468
5.970000,759329.757426,2524407.920620,38.542124,-0.012818,0.030098,0.919555,-0.391598
5.980000,759329.769506,2524407.909012,38.543224,-0.012865,0.030197,0.919495,-0.391730
5.990000,759329.781585,2524407.897411,38.544327,-0.012912,0.030296,0.919433,-0.391864
6.000000,759329.793664,2524407.885818,38.545433,-0.012960,0.030395,0.919371,-0.392001
6.010000,759329.805743,2524407.874232,38.546543,-0.013007,0.030494,0.919308,-0.392140
6.020000,759329.817821,2524407.862653,38.547656,-0.013055,0.030592,0.919243,-0.392282
6.030000,759329.829899,2524407.851082,38.548773,-0.013103,0.030691,0.919178,-0.392426
6.040000,759329.841977,2524407.839518,38.549892,-0.013151,0.030790,0.919112,-0.392572
6.050000,759329.854055,2524407.827962,38.551015,-0.013199,0.030889,0.919044,-0.392720
6.060000,759329.866133,2524407.816414,38.552142,-0.013248,0.030988,0.918976,-0.392871
6.070000,759329.878210,2524407.804874,38.553271,-0.013296,0.031087,0.918906,-0.393024
6.080000,759329.890287,2524407.793341,38.554404,-0.013345,0.031187,0.918836,-0.393179
6.090000,759329.902365,2524407.781817,38.555541,-0.013394,0.031286,0.918764,-0.393337
6.100000,759329.914442,2524407.770301,38.556681,-0.013443,0.031385,0.918692,-0.393497
6.110000,759329.926519,2524407.758792,38.557824,-0.013492,0.031484,0.918618,-0.393659
6.120000,759329.938596,2524407.747293,38.558970,-0.013541,0.031584,0.918543,-0.393824
6.130000,759329.950674,2524407.735801,38.560119,-0.013591,0.031683,0.918468,-0.393991
6.140000,759329.962751,2524407.724318,38.561272,-0.013641,0.031782,0.918391,-0.394160
6.150000,759329.974828,2524407.712844,38.562429,-0.013690,0.031882,0.918313,-0.394332
6.160000,759329.986905,2524407.701378,38.563588,-0.013740,0.031981,0.918234,-0.394505
6.170000,759329.998983,2524407.689921,38.564751,-0.013790,0.032081,0.918154,-0.394682
6.180000,759330.011060,2524407.678473,38.565917,-0.013841,0.032180,0.918073,-0.394861
6.190000,759330.023138,2524407.667033,38.567087,-0.013891,0.032280,0.917991,-0.395042
6.200000,759330.035216,2524407.655603,38.568260,-0.013942,0.032380,0.917908,-0.395225
6.210000,759330.047294,2524407.644182,38.569436,-0.013993,0.032480,0.917823,-0.395411
6.220000,759330.059372,2524407.632770,38.570615,-0.014044,0.032579,0.917738,-0.395599
6.230000,759330.071450,2524407.621368,38.571798,-0.014095,0.032679,0.917651,-0.395789
6.240000,759330.083529,2524407.609974,38.572984,-0.014146,0.032779,0.917564,-0.395982
6.250000,759330.095608,2524407.598591,38.574173,-0.014198,0.032879,0.917475,-0.396177
6.260000,759330.107687,2524407.587216,38.575366,-0.014249,0.032979,0.917386,-0.396375
6.270000,759330.119767,2524407.575852,38.576561,-0.014301,0.033079,0.917295,-0.396575
6.280000,759330.131846,2524407.564497,38.577760,-0.014353,0.033179,0.917203,-0.396777
6.290000,759330.143927,2524407.553152,38.578963,-0.014405,0.033279,0.917110,-0.396982
6.300000,759330.156007,2524407.541817,38.580169,-0.014458,0.033379,0.917015,-0.397189
6.310000,759330.168088,2524407.530492,38.581378,-0.014510,0.033480,0.916920,-0.397399
6.320000,759330.180170,2524407.519177,38.582590,-0.014563,0.033580,0.916824,-0.397611
6.330000,759330.192251,2524407.507873,38.583805,-0.014616,0.033680,0.916726,-0.397825
6.340000,759330.204334,2524407.496579,38.585024,-0.014669,0.033781,0.916628,-0.398042
6.350000,759330.216416,2524407.485295,38.586246,-0.014722,0.033881,0.916528,-0.398261
6.360000,759330.228500,2524407.474021,38.587472,-0.014776,0.033982,0.916427,-0.398483
6.370000,759330.240584,2524407.462758,38.588700,-0.014830,0.034082,0.916325,-0.398707
6.380000,759330.252668,2524407.451506,38.589932,-0.014884,0.034183,0.916222,-0.398933
6.390000,759330.264753,2524407.440265,38.591167,-0.014938,0.034283,0.916117,-0.399162
6.400000,759330.276839,2524407.429034,38.592406,-0.014992,0.034384,0.916012,-0.399394
6.410000,759330.288925,2524407.417814,38.593647,-0.015046,0.034485,0.915905,-0.399627
6.420000,759330.301012,2524407.406606,38.594892,-0.015101,0.034585,0.915797,-0.399864
6.430000,759330.313099,2524407.395408,38.596141,-0.015156,0.034686,0.915689,-0.400102
6.440000,759330.325187,2524407.384222,38.597392,-0.015210,0.034785,0.915579,-0.400343
6.450000,759330.337276,2524407.373047,38.598647,-0.015264,0.034884,0.915468,-0.400585
6.460000,759330.349366,2524407.361883,38.599905,-0.015318,0.034981,0.915356,-0.400830
6.470000,759330.361456,2524407.350731,38.601166,-0.015372,0.035077,0.915243,-0.401077
6.480000,759330.373548,2524407.339590,38.602430,-0.015424,0.035172,0.915130,-0.401326
6.490000,759330.385640,2524407.328460,38.603697,-0.015477,0.035264,0.915015,-0.401577
6.500000,759330.397734,2524407.317342,38.604968,-0.015528,0.035355,0.914900,-0.401830
6.510000,759330.409829,2524407.306234,38.606241,-0.015578,0.035443,0.914784,-0.402084
6.520000,759330.421926,2524407.295138,38.607517,-0.015628,0.035528,0.914667,-0.402340
6.530000,759330.434024,2524407.284053,38.608795,-0.015677,0.035611,0.914550,-0.402597
6.540000,759330.446124,2524407.272979,38.610076,-0.015724,0.035692,0.914432,-0.402857
6.550000,759330.458225,2524407.261916,38.611360,-0.015771,0.035770,0.914313,-0.403117
6.560000,759330.470329,2524407.250864,38.612646,-0.015816,0.035845,0.914193,-0.403380
6.570000,759330.482435,2524407.239823,38.613935,-0.015861,0.035918,0.914073,-0.403644
6.580000,759330.494543,2524407.228793,38.615226,-0.015905,0.035989,0.913952,-0.403910
6.590000,759330.506654,2524407.217774,38.616519,-0.015948,0.036057,0.913830,-0.404178
6.600000,759330.518767,2524407.206765,38.617815,-0.015990,0.036123,0.913708,-0.404447
6.610000,759330.530883,2524407.195767,38.619112,-0.016030,0.036186,0.913585,-0.404718
6.620000,759330.543001,2524407.184780,38.620411,-0.016070,0.036246,0.913461,-0.404990
6.630000,759330.555123,2524407.173803,38.621713,-0.016109,0.036305,0.913336,-0.405264
6.640000,759330.567247,2524407.162837,38.623016,-0.016147,0.036360,0.913211,-0.405540
6.650000,759330.579375,2524407.151882,38.624321,-0.016184,0.036413,0.913085,-0.405817
6.660000,759330.591506,2524407.140937,38.625627,-0.016220,0.036464,0.912958,-0.406096
6.670000,759330.603640,2524407.130002,38.626936,-0.016254,0.036512,0.912831,-0.406377
6.680000,759330.615778,2524407.119078,38.628245,-0.016288,0.036557,0.912703,-0.406659
6.690000,759330.627919,2524407.108165,38.629556,-0.016321,0.036600,0.912574,-0.406943
6.700000,759330.640065,2524407.097261,38.630869,-0.016353,0.036641,0.912445,-0.407228
6.710000,759330.652214,2524407.086368,38.632183,-0.016384,0.036679,0.912314,-0.407515
6.720000,759330.664367,2524407.075485,38.633498,-0.016413,0.036714,0.912184,-0.407804
6.730000,759330.676525,2524407.064612,38.634814,-0.016442,0.036747,0.912052,-0.408094
6.740000,759330.688687,2524407.053749,38.636131,-0.016470,0.036777,0.911920,-0.408385
6.750000,759330.700853,2524407.042897,38.637449,-0.016497,0.036805,0.911787,-0.408678
6.760000,759330.713024,2524407.032054,38.638768,-0.016522,0.036830,0.911653,-0.408973
6.770000,759330.725200,2524407.021221,38.640088,-0.016547,0.036853,0.911519,-0.409269
6.780000,759330.737380,2524407.010399,38.641409,-0.016570,0.036873,0.911384,-0.409567
6.790000,759330.749565,2524406.999586,38.642730,-0.016593,0.036891,0.911248,-0.409867
6.800000,759330.761756,2524406.988783,38.644051,-0.016614,0.036906,0.911112,-0.410167
6.810000,759330.773952,2524406.977990,38.645374,-0.016635,0.036918,0.910975,-0.410470
6.820000,759330.786153,2524406.967206,38.646696,-0.016654,0.036928,0.910837,-0.410774
6.830000,759330.798359,2524406.956433,38.648019,-0.016672,0.036936,0.910699,-0.411079
6.840000,759330.810571,2524406.945668,38.649343,-0.016690,0.036941,0.910559,-0.411386
6.850000,759330.822789,2524406.934914,38.650666,-0.016706,0.036943,0.910420,-0.411694
6.860000,759330.835013,2524406.924169,38.651989,-0.016721,0.036943,0.910279,-0.412004
6.870000,759330.847243,2524406.913434,38.653313,-0.016735,0.036940,0.910138,-0.412315
6.880000,759330.859479,2524406.902708,38.654636,-0.016748,0.036935,0.909996,-0.412628
6.890000,759330.871721,2524406.891991,38.655960,-0.016760,0.036927,0.909854,-0.412942
6.900000,759330.883970,2524406.881284,38.657283,-0.016770,0.036917,0.909711,-0.413258
6.910000,759330.896225,2524406.870586,38.658605,-0.016780,0.036904,0.909567,-0.413575
6.920000,759330.908486,2524406.859898,38.659928,-0.016788,0.036888,0.909423,-0.413894
6.930000,759330.920755,2524406.849218,38.661249,-0.016796,0.036870,0.909277,-0.414214
6.940000,759330.933030,2524406.838548,38.662571,-0.016802,0.036850,0.909132,-0.414535
6.950000,759330.945313,2524406.827887,38.663891,-0.016808,0.036827,0.908985,-0.414858
6.960000,759330.957602,2524406.817236,38.665211,-0.016812,0.036801,0.908838,-0.415182
6.970000,759330.969899,2524406.806593,38.666531,-0.016815,0.036773,0.908691,-0.415507
6.980000,759330.982203,2524406.795959,38.667849,-0.016817,0.036742,0.908542,-0.415834
6.990000,759330.994515,2524406.785334,38.669166,-0.016818,0.036709,0.908393,-0.416163
7.000000,759331.006835,2524406.774718,38.670483,-0.016817,0.036673,0.908244,-0.416492
7.010000,759331.019162,2524406.764111,38.671798,-0.016816,0.036635,0.908093,-0.416823
7.020000,759331.031497,2524406.753513,38.673112,-0.016813,0.036594,0.907942,-0.417156
7.030000,759331.043841,2524406.742923,38.674425,-0.016810,0.036551,0.907791,-0.417490
7.040000,759331.056192,2524406.732343,38.675736,-0.016805,0.036505,0.907638,-0.417825
7.050000,759331.068552,2524406.721771,38.677046,-0.016799,0.036457,0.907486,-0.418161
7.060000,759331.080920,2524406.711207,38.678355,-0.016792,0.036406,0.907332,-0.418499
7.070000,759331.093297,2524406.700652,38.679662,-0.016784,0.036352,0.907178,-0.418838
7.080000,759331.105683,2524406.690106,38.680967,-0.016774,0.036296,0.907023,-0.419178
7.090000,759331.118077,2524406.679568,38.682271,-0.016764,0.036238,0.906868,-0.419519
7.100000,759331.130480,2524406.669039,38.683573,-0.016752,0.036177,0.906712,-0.419862
7.110000,759331.142893,2524406.658518,38.684872,-0.016739,0.036113,0.906555,-0.420206
7.120000,759331.155315,2524406.648005,38.686170,-0.016725,0.036047,0.906398,-0.420551
7.130000,759331.167746,2524406.637501,38.687466,-0.016710,0.035979,0.906240,-0.420898
7.140000,759331.180186,2524406.627005,38.688760,-0.016694,0.035908,0.906082,-0.421246
7.150000,759331.192636,2524406.616517,38.690051,-0.016677,0.035834,0.905922,-0.421595
7.160000,759331.205096,2524406.606037,38.691340,-0.016658,0.035759,0.905763,-0.421945
7.170000,759331.217566,2524406.595566,38.692627,-0.016638,0.035680,0.905602,-0.422296
7.180000,759331.230046,2524406.585102,38.693911,-0.016617,0.035599,0.905442,-0.422649
7.190000,759331.242536,2524406.574647,38.695193,-0.016595,0.035516,0.905280,-0.423003
7.200000,759331.255036,2524406.564199,38.696472,-0.016572,0.035430,0.905118,-0.423358
7.210000,759331.267546,2524406.553760,38.697749,-0.016548,0.035342,0.904955,-0.423714
7.220000,759331.280067,2524406.543328,38.699023,-0.016522,0.035251,0.904792,-0.424071
7.230000,759331.292599,2524406.532904,38.700293,-0.016495,0.035158,0.904628,-0.424430
7.240000,759331.305141,2524406.522488,38.701561,-0.016467,0.035062,0.904463,-0.424789
7.250000,759331.317695,2524406.512080,38.702826,-0.016438,0.034964,0.904298,-0.425150
7.260000,759331.330259,2524406.501679,38.704088,-0.016408,0.034863,0.904132,-0.425512
7.270000,759331.342835,2524406.491286,38.705347,-0.016376,0.034760,0.903966,-0.425874
7.280000,759331.355422,2524406.480901,38.706602,-0.016343,0.034655,0.903799,-0.426238
7.290000,759331.368020,2524406.470523,38.707854,-0.016310,0.034547,0.903632,-0.426603
7.300000,759331.380630,2524406.460153,38.709103,-0.016274,0.034437,0.903464,-0.426969
7.310000,759331.393251,2524406.449790,38.710348,-0.016238,0.034324,0.903295,-0.427337
7.320000,759331.405884,2524406.439435,38.711590,-0.016201,0.034209,0.903126,-0.427705
7.330000,759331.418530,2524406.429087,38.712828,-0.016162,0.034091,0.902956,-0.428074
7.340000,759331.431187,2524406.418746,38.714062,-0.016122,0.033971,0.902785,-0.428444
7.350000,759331.443856,2524406.408413,38.715292,-0.016081,0.033849,0.902615,-0.428815
7.360000,759331.456538,2524406.398087,38.716519,-0.016039,0.033724,0.902443,-0.429188
7.370000,759331.469232,2524406.387768,38.717742,-0.015995,0.033597,0.902271,-0.429561
7.380000,759331.481939,2524406.377456,38.718960,-0.015951,0.033468,0.902098,-0.429935
7.390000,759331.494659,2524406.367151,38.720175,-0.015905,0.033336,0.901925,-0.430310
7.400000,759331.507391,2524406.356854,38.721385,-0.015858,0.033202,0.901751,-0.430686
7.410000,759331.520136,2524406.346563,38.722591,-0.015809,0.033066,0.901577,-0.431063
7.420000,759331.532895,2524406.336279,38.723792,-0.015760,0.032927,0.901402,-0.431441
7.430000,759331.545667,2524406.326003,38.724989,-0.015709,0.032786,0.901227,-0.431820
7.440000,759331.558452,2524406.315733,38.726182,-0.015657,0.032642,0.901051,-0.432200
7.450000,759331.571250,2524406.305470,38.727370,-0.015604,0.032496,0.900874,-0.432581
7.460000,759331.584062,2524406.295213,38.728553,-0.015550,0.032348,0.900697,-0.432962
7.470000,759331.596888,2524406.284964,38.729732,-0.015494,0.032198,0.900520,-0.433345
7.480000,759331.609728,2524406.274721,38.730906,-0.015437,0.032045,0.900341,-0.433728
7.490000,759331.622582,2524406.264484,38.732074,-0.015379,0.031890,0.900163,-0.434112
7.500000,759331.635449,2524406.254255,38.733238,-0.015320,0.031733,0.899984,-0.434497
7.510000,759331.648331,2524406.244032,38.734397,-0.015260,0.031573,0.899804,-0.434883
7.520000,759331.661228,2524406.233815,38.735551,-0.015198,0.031411,0.899624,-0.435270
7.530000,759331.674139,2524406.223605,38.736699,-0.015135,0.031247,0.899443,-0.435657
7.540000,759331.687065,2524406.213401,38.737842,-0.015071,0.031081,0.899262,-0.436045
7.550000,759331.700005,2524406.203203,38.738980,-0.015006,0.030912,0.899080,-0.436434
7.560000,759331.712960,2524406.193012,38.740112,-0.014939,0.030741,0.898897,-0.436824
7.570000,759331.725931,2524406.182827,38.741238,-0.014871,0.030568,0.898715,-0.437214
7.580000,759331.738916,2524406.172649,38.742359,-0.014802,0.030393,0.898531,-0.437606
7.590000,759331.751917,2524406.162476,38.743474,-0.014732,0.030216,0.898347,-0.437997
7.600000,759331.764933,2524406.152310,38.744584,-0.014661,0.030036,0.898163,-0.438390
7.610000,759331.777965,2524406.142149,38.745688,-0.014588,0.029854,0.897978,-0.438784
7.620000,759331.791013,2524406.131995,38.746785,-0.014514,0.029670,0.897793,-0.439178
7.630000,759331.804076,2524406.121847,38.747877,-0.014439,0.029484,0.897607,-0.439572
7.640000,759331.817155,2524406.111704,38.748962,-0.014363,0.029296,0.897421,-0.439968
7.650000,759331.830250,2524406.101568,38.750042,-0.014285,0.029105,0.897234,-0.440364
7.660000,759331.843362,2524406.091437,38.751115,-0.014206,0.028913,0.897047,-0.440760
7.670000,759331.856489,2524406.081312,38.752181,-0.014126,0.028718,0.896859,-0.441158
7.680000,759331.869634,2524406.071193,38.753242,-0.014045,0.028521,0.896670,-0.441556
7.690000,759331.882794,2524406.061080,38.754295,-0.013963,0.028322,0.896482,-0.441954
7.700000,759331.895972,2524406.050972,38.755342,-0.013879,0.028121,0.896292,-0.442353
7.710000,759331.909166,2524406.040870,38.756383,-0.013794,0.027918,0.896103,-0.442753
7.720000,759331.922378,2524406.030773,38.757417,-0.013708,0.027713,0.895913,-0.443153
7.730000,759331.935606,2524406.020682,38.758444,-0.013621,0.027506,0.895722,-0.443554
7.740000,759331.948852,2524406.010597,38.759464,-0.013532,0.027296,0.895531,-0.443955
7.750000,759331.962115,2524406.000517,38.760477,-0.013442,0.027085,0.895339,-0.444357
7.760000,759331.975395,2524405.990442,38.761483,-0.013351,0.026872,0.895147,-0.444760
7.770000,759331.988693,2524405.980372,38.762481,-0.013259,0.026656,0.894955,-0.445163
7.780000,759332.002009,2524405.970308,38.763473,-0.013166,0.026439,0.894762,-0.445566
7.790000,759332.015343,2524405.960249,38.764457,-0.013071,0.026219,0.894568,-0.445970
7.800000,759332.028694,2524405.950195,38.765434,-0.012975,0.025998,0.894375,-0.446374
7.810000,759332.042064,2524405.940147,38.766404,-0.012878,0.025775,0.894180,-0.446779
7.820000,759332.055452,2524405.930103,38.767366,-0.012780,0.025549,0.893986,-0.447184
7.830000,759332.068859,2524405.920065,38.768320,-0.012681,0.025322,0.893790,-0.447590
7.840000,759332.082284,2524405.910031,38.769266,-0.012580,0.025093,0.893595,-0.447996
7.850000,759332.095727,2524405.900003,38.770205,-0.012478,0.024862,0.893399,-0.448402
7.860000,759332.109190,2524405.889979,38.771136,-0.012375,0.024628,0.893202,-0.448809
7.870000,759332.122671,2524405.879961,38.772059,-0.012271,0.024393,0.893006,-0.449216
7.880000,759332.136171,2524405.869947,38.772974,-0.012165,0.024157,0.892808,-0.449624
7.890000,759332.149691,2524405.859938,38.773881,-0.012059,0.023918,0.892611,-0.450032
7.900000,759332.163230,2524405.849933,38.774780,-0.011951,0.023677,0.892413,-0.450440
7.910000,759332.176788,2524405.839933,38.775670,-0.011842,0.023435,0.892214,-0.450849
7.920000,759332.190366,2524405.829938,38.776552,-0.011732,0.023190,0.892015,-0.451258
7.930000,759332.203963,2524405.819948,38.777426,-0.011620,0.022944,0.891816,-0.451667
7.940000,759332.217580,2524405.809962,38.778291,-0.011508,0.022696,0.891616,-0.452077
7.950000,759332.231217,2524405.799980,38.779148,-0.011394,0.022446,0.891416,-0.452486
7.960000,759332.244875,2524405.790003,38.779996,-0.011279,0.022194,0.891215,-0.452897
7.970000,759332.258552,2524405.780031,38.780835,-0.011163,0.021941,0.891015,-0.453307
7.980000,759332.272250,2524405.770062,38.781666,-0.011045,0.021686,0.890813,-0.453717
7.990000,759332.285968,2524405.760098,38.782487,-0.010927,0.021429,0.890612,-0.454128
8.000000,759332.299707,2524405.750139,38.783300,-0.010807,0.021170,0.890409,-0.454539
8.010000,759332.313466,2524405.740183,38.784103,-0.010686,0.020910,0.890207,-0.454951
8.020000,759332.327247,2524405.730232,38.784898,-0.010564,0.020648,0.890004,-0.455362
8.030000,759332.341048,2524405.720285,38.785683,-0.010441,0.020384,0.889801,-0.455774
8.040000,759332.354870,2524405.710342,38.786459,-0.010317,0.020118,0.889598,-0.456185
8.050000,759332.368714,2524405.700402,38.787225,-0.010191,0.019851,0.889394,-0.456597
8.060000,759332.382579,2524405.690467,38.787982,-0.010064,0.019582,0.889189,-0.457009
8.070000,759332.396465,2524405.680536,38.788730,-0.009936,0.019311,0.888985,-0.457422
8.080000,759332.410373,2524405.670609,38.789468,-0.009807,0.019039,0.888780,-0.457834
8.090000,759332.424303,2524405.660685,38.790196,-0.009677,0.018765,0.888574,-0.458246
8.100000,759332.438255,2524405.650766,38.790914,-0.009546,0.018490,0.888369,-0.458659
8.110000,759332.452228,2524405.640850,38.791623,-0.009414,0.018213,0.888163,-0.459071
8.120000,759332.466224,2524405.630938,38.792322,-0.009280,0.017934,0.887956,-0.459484
8.130000,759332.480242,2524405.621029,38.793011,-0.009145,0.017654,0.887750,-0.459897
8.140000,759332.494283,2524405.611124,38.793689,-0.009010,0.017372,0.887543,-0.460310
8.150000,759332.508346,2524405.601223,38.794358,-0.008873,0.017089,0.887334,-0.460724
8.160000,759332.522431,2524405.591325,38.795016,-0.008736,0.016805,0.887121,-0.461148
8.170000,759332.536540,2524405.581430,38.795664,-0.008599,0.016523,0.886898,-0.461589
8.180000,759332.550671,2524405.571539,38.796301,-0.008464,0.016242,0.886663,-0.462054
8.190000,759332.564825,2524405.561652,38.796928,-0.008331,0.015964,0.886409,-0.462553
8.200000,759332.579002,2524405.551769,38.797545,-0.008200,0.015691,0.886134,-0.463092
8.210000,759332.593203,2524405.541893,38.798151,-0.008073,0.015423,0.885832,-0.463680
8.220000,759332.607426,2524405.532029,38.798747,-0.007950,0.015161,0.885500,-0.464324
8.230000,759332.621672,2524405.522181,38.799334,-0.007831,0.014906,0.885133,-0.465034
8.240000,759332.635940,2524405.512352,38.799912,-0.007718,0.014659,0.884727,-0.465816
8.250000,759332.650231,2524405.502547,38.800480,-0.007611,0.014422,0.884277,-0.466677
8.260000,759332.664543,2524405.492770,38.801040,-0.007510,0.014193,0.883785,-0.467618
8.270000,759332.678878,2524405.483024,38.801591,-0.007414,0.013973,0.883248,-0.468640
8.280000,759332.693235,2524405.473314,38.802134,-0.007324,0.013763,0.882666,-0.469742
8.290000,759332.707613,2524405.463642,38.802669,-0.007240,0.013561,0.882039,-0.470926
8.300000,759332.722013,2524405.454015,38.803197,-0.007162,0.013367,0.881366,-0.472190
8.310000,759332.736434,2524405.444434,38.803717,-0.007088,0.013183,0.880647,-0.473536
8.320000,759332.750876,2524405.434905,38.804230,-0.007021,0.013006,0.879881,-0.474965
8.330000,759332.765339,2524405.425431,38.804737,-0.006959,0.012838,0.879066,-0.476476
8.340000,759332.779824,2524405.416016,38.805237,-0.006902,0.012679,0.878203,-0.478070
8.350000,759332.794328,2524405.406665,38.805731,-0.006851,0.012528,0.877290,-0.479748
8.360000,759332.808854,2524405.397380,38.806220,-0.006805,0.012385,0.876327,-0.481510
8.370000,759332.823400,2524405.388167,38.806703,-0.006765,0.012250,0.875312,-0.483357
8.380000,759332.837966,2524405.379028,38.807180,-0.006730,0.012123,0.874243,-0.485290
8.390000,759332.852552,2524405.369968,38.807653,-0.006700,0.012005,0.873121,-0.487309
8.400000,759332.867158,2524405.360992,38.808121,-0.006676,0.011894,0.871944,-0.489415
8.410000,759332.881783,2524405.352102,38.808585,-0.006657,0.011791,0.870710,-0.491610
8.420000,759332.896428,2524405.343303,38.809045,-0.006644,0.011696,0.869419,-0.493893
8.430000,759332.911093,2524405.334598,38.809501,-0.006637,0.011609,0.868068,-0.496265
8.440000,759332.925777,2524405.325993,38.809953,-0.006635,0.011530,0.866656,-0.498728
8.450000,759332.940480,2524405.317490,38.810403,-0.006639,0.011458,0.865183,-0.501282
8.460000,759332.955202,2524405.309093,38.810850,-0.006648,0.011394,0.863645,-0.503928
8.470000,759332.969942,2524405.300807,38.811294,-0.006664,0.011338,0.862041,-0.506667
8.480000,759332.984702,2524405.292636,38.811736,-0.006685,0.011289,0.860370,-0.509500
8.490000,759332.999479,2524405.284583,38.812175,-0.006712,0.011248,0.858630,-0.512428
8.500000,759333.014275,2524405.276653,38.812614,-0.006746,0.011214,0.856819,-0.515451
8.510000,759333.029089,2524405.268849,38.813050,-0.006786,0.011187,0.854934,-0.518571
8.520000,759333.043921,2524405.261175,38.813486,-0.006831,0.011167,0.852974,-0.521789
8.530000,759333.058771,2524405.253636,38.813921,-0.006884,0.011155,0.850937,-0.525104
8.540000,759333.073638,2524405.246235,38.814356,-0.006943,0.011150,0.848820,-0.528519
8.550000,759333.088523,2524405.238976,38.814790,-0.007008,0.011152,0.846621,-0.532033
8.560000,759333.103426,2524405.231863,38.815224,-0.007080,0.011161,0.844338,-0.535648
8.570000,759333.118345,2524405.224901,38.815659,-0.007160,0.011176,0.841968,-0.539364
8.580000,759333.133281,2524405.218092,38.816095,-0.007246,0.011199,0.839509,-0.543182
8.590000,759333.148234,2524405.211442,38.816531,-0.007339,0.011228,0.836958,-0.547103
8.600000,759333.163204,2524405.204953,38.816969,-0.007440,0.011263,0.834313,-0.551126
8.610000,759333.178190,2524405.198630,38.817408,-0.007548,0.011305,0.831570,-0.555253
8.620000,759333.193193,2524405.192478,38.817849,-0.007664,0.011353,0.828728,-0.559483
8.630000,759333.208212,2524405.186499,38.818293,-0.007788,0.011406,0.825784,-0.563817
8.640000,759333.223247,2524405.180698,38.818739,-0.007920,0.011466,0.822734,-0.568255
8.650000,759333.238297,2524405.175078,38.819187,-0.008059,0.011531,0.819577,-0.572797
8.660000,759333.253363,2524405.169645,38.819639,-0.008207,0.011602,0.816308,-0.577442
8.670000,759333.268445,2524405.164401,38.820094,-0.008363,0.011678,0.812926,-0.582190
8.680000,759333.283543,2524405.159350,38.820552,-0.008528,0.011759,0.809427,-0.587041
8.690000,759333.298655,2524405.154497,38.821015,-0.008702,0.011844,0.805809,-0.591993
8.700000,759333.313782,2524405.149846,38.821482,-0.008884,0.011934,0.802069,-0.597046
8.710000,759333.328925,2524405.145400,38.821953,-0.009075,0.012028,0.798204,-0.602199
8.720000,759333.344082,2524405.141164,38.822429,-0.009275,0.012126,0.794212,-0.607449
8.730000,759333.359253,2524405.137141,38.822911,-0.009484,0.012227,0.790089,-0.612797
8.740000,759333.374439,2524405.133335,38.823397,-0.009702,0.012332,0.785834,-0.618238
8.750000,759333.389639,2524405.129750,38.823890,-0.009929,0.012439,0.781445,-0.623772
8.760000,759333.404854,2524405.126391,38.824388,-0.010165,0.012548,0.776918,-0.629395
8.770000,759333.420082,2524405.123261,38.824893,-0.010411,0.012659,0.772252,-0.635105
8.780000,759333.435324,2524405.120364,38.825404,-0.010666,0.012771,0.767445,-0.640899
8.790000,759333.450579,2524405.117704,38.825922,-0.010929,0.012885,0.762496,-0.646773
8.800000,759333.465848,2524405.115286,38.826448,-0.011202,0.012999,0.757403,-0.652723
8.810000,759333.481130,2524405.113112,38.826980,-0.011484,0.013113,0.752164,-0.658745
8.820000,759333.496426,2524405.111187,38.827521,-0.011775,0.013226,0.746780,-0.664835
8.830000,759333.511734,2524405.109515,38.828070,-0.012074,0.013338,0.741250,-0.670988
8.840000,759333.527055,2524405.108100,38.828627,-0.012381,0.013449,0.735574,-0.677198
8.850000,759333.542389,2524405.106946,38.829192,-0.012697,0.013557,0.729751,-0.683461
8.860000,759333.557735,2524405.106057,38.829767,-0.013020,0.013662,0.723783,-0.689770
8.870000,759333.573093,2524405.105436,38.830351,-0.013351,0.013765,0.717676,-0.696113
8.880000,759333.588463,2524405.105088,38.830944,-0.013688,0.013863,0.711448,-0.702469
8.890000,759333.603846,2524405.105017,38.831548,-0.014030,0.013956,0.705116,-0.708815
8.900000,759333.619240,2524405.105226,38.832161,-0.014375,0.014045,0.698700,-0.715133
8.910000,759333.634646,2524405.105720,38.832785,-0.014723,0.014127,0.692217,-0.721401
8.920000,759333.650063,2524405.106499,38.833419,-0.015073,0.014204,0.685689,-0.727600
8.930000,759333.665489,2524405.107562,38.834064,-0.015423,0.014275,0.679134,-0.733714
8.940000,759333.680923,2524405.108905,38.834720,-0.015772,0.014340,0.672572,-0.739725
8.950000,759333.696363,2524405.110526,38.835387,-0.016120,0.014400,0.666023,-0.745618
8.960000,759333.711807,2524405.112421,38.836064,-0.016466,0.014453,0.659508,-0.751378
8.970000,759333.727255,2524405.114588,38.836752,-0.016809,0.014501,0.653038,-0.756999
8.980000,759333.742703,2524405.117023,38.837451,-0.017149,0.014543,0.646619,-0.762482
8.990000,759333.758151,2524405.119724,38.838161,-0.017486,0.014581,0.640252,-0.767827
9.000000,759333.773598,2524405.122688,38.838881,-0.017820,0.014613,0.633942,-0.773037
9.010000,759333.789040,2524405.125912,38.839613,-0.018151,0.014642,0.627689,-0.778115
9.020000,759333.804478,2524405.129394,38.840355,-0.018479,0.014666,0.621496,-0.783062
9.030000,759333.819908,2524405.133129,38.841109,-0.018804,0.014686,0.615366,-0.787881
9.040000,759333.835330,2524405.137116,38.841873,-0.019126,0.014703,0.609298,-0.792574
9.050000,759333.850742,2524405.141351,38.842648,-0.019445,0.014716,0.603296,-0.797144
9.060000,759333.866142,2524405.145832,38.843435,-0.019762,0.014727,0.597360,-0.801594
9.070000,759333.881529,2524405.150556,38.844233,-0.020075,0.014734,0.591491,-0.805927
9.080000,759333.896901,2524405.155519,38.845041,-0.020387,0.014738,0.585690,-0.810145
9.090000,759333.912257,2524405.160719,38.845861,-0.020695,0.014741,0.579957,-0.814251
9.100000,759333.927594,2524405.166153,38.846692,-0.021002,0.014740,0.574292,-0.818248
9.110000,759333.942911,2524405.171818,38.847535,-0.021306,0.014738,0.568697,-0.822139
9.120000,759333.958207,2524405.177712,38.848388,-0.021608,0.014734,0.563171,-0.825927
9.130000,759333.973480,2524405.183830,38.849253,-0.021909,0.014728,0.557713,-0.829614
9.140000,759333.988728,2524405.190171,38.850129,-0.022207,0.014721,0.552324,-0.833204
9.150000,759334.003950,2524405.196731,38.851017,-0.022504,0.014712,0.547003,-0.836699
9.160000,759334.019144,2524405.203508,38.851916,-0.022799,0.014702,0.541750,-0.840102
9.170000,759334.034309,2524405.210499,38.852826,-0.023093,0.014691,0.536564,-0.843415
9.180000,759334.049442,2524405.217700,38.853748,-0.023385,0.014679,0.531445,-0.846643
9.190000,759334.064543,2524405.225110,38.854681,-0.023677,0.014666,0.526392,-0.849786
9.200000,759334.079609,2524405.232724,38.855626,-0.023967,0.014653,0.521403,-0.852848
9.210000,759334.094639,2524405.240540,38.856582,-0.024257,0.014639,0.516479,-0.855831
9.220000,759334.109632,2524405.248556,38.857550,-0.024546,0.014624,0.511618,-0.858738
9.230000,759334.124585,2524405.256767,38.858529,-0.024835,0.014609,0.506819,-0.861571
9.240000,759334.139498,2524405.265173,38.859520,-0.025124,0.014594,0.502081,-0.864333
9.250000,759334.154367,2524405.273768,38.860523,-0.025412,0.014579,0.497403,-0.867025
9.260000,759334.169193,2524405.282551,38.861537,-0.025700,0.014563,0.492783,-0.869651
9.270000,759334.183973,2524405.291519,38.862563,-0.025989,0.014547,0.488222,-0.872211
9.280000,759334.198706,2524405.300669,38.863601,-0.026278,0.014532,0.483716,-0.874710
9.290000,759334.213390,2524405.309998,38.864651,-0.026567,0.014516,0.479266,-0.877147
9.300000,759334.228023,2524405.319503,38.865712,-0.026857,0.014501,0.474870,-0.879527
9.310000,759334.242604,2524405.329180,38.866785,-0.027148,0.014485,0.470526,-0.881849
9.320000,759334.257131,2524405.339028,38.867871,-0.027440,0.014470,0.466234,-0.884118
9.330000,759334.271603,2524405.349044,38.868968,-0.027733,0.014456,0.461991,-0.886333
9.340000,759334.286017,2524405.359223,38.870077,-0.028027,0.014441,0.457797,-0.888497
9.350000,759334.300373,2524405.369565,38.871198,-0.028323,0.014427,0.453651,-0.890612
9.360000,759334.314669,2524405.380064,38.872331,-0.028620,0.014413,0.449550,-0.892680
9.370000,759334.328902,2524405.390720,38.873476,-0.028919,0.014400,0.445495,-0.894702
9.380000,759334.343072,2524405.401528,38.874633,-0.029220,0.014387,0.441482,-0.896679
9.390000,759334.357177,2524405.412487,38.875802,-0.029523,0.014374,0.437512,-0.898613
9.400000,759334.371215,2524405.423592,38.876983,-0.029828,0.014362,0.433582,-0.900506
9.410000,759334.385185,2524405.434842,38.878177,-0.030135,0.014350,0.429691,-0.902359
9.420000,759334.399085,2524405.446232,38.879382,-0.030445,0.014339,0.425838,-0.904173
9.430000,759334.412913,2524405.457761,38.880600,-0.030758,0.014328,0.422022,-0.905950
9.440000,759334.426667,2524405.469426,38.881830,-0.031073,0.014318,0.418241,-0.907691
9.450000,759334.440347,2524405.481223,38.883072,-0.031391,0.014308,0.414494,-0.909398
9.460000,759334.453950,2524405.493150,38.884327,-0.031712,0.014298,0.410780,-0.911071
9.470000,759334.467476,2524405.505203,38.885594,-0.032037,0.014289,0.407097,-0.912711
9.480000,759334.480921,2524405.517380,38.886874,-0.032365,0.014281,0.403443,-0.914320
9.490000,759334.494285,2524405.529679,38.888165,-0.032697,0.014273,0.399819,-0.915900
9.500000,759334.507566,2524405.542095,38.889470,-0.033032,0.014266,0.396222,-0.917450
9.510000,759334.520763,2524405.554626,38.890786,-0.033371,0.014259,0.392650,-0.918972
9.520000,759334.533873,2524405.567270,38.892115,-0.033714,0.014252,0.389104,-0.920467
9.530000,759334.546895,2524405.580023,38.893457,-0.034062,0.014246,0.385580,-0.921935
9.540000,759334.559828,2524405.592883,38.894811,-0.034414,0.014240,0.382079,-0.923379
9.550000,759334.572670,2524405.605846,38.896178,-0.034770,0.014234,0.378599,-0.924798
9.560000,759334.585419,2524405.618910,38.897558,-0.035131,0.014229,0.375138,-0.926194
9.570000,759334.598073,2524405.632071,38.898950,-0.035497,0.014225,0.371695,-0.927567
9.580000,759334.610632,2524405.645328,38.900355,-0.035869,0.014220,0.368269,-0.928918
9.590000,759334.623093,2524405.658676,38.901772,-0.036245,0.014216,0.364858,-0.930249
9.600000,759334.635455,2524405.672113,38.903203,-0.036627,0.014212,0.361462,-0.931559
9.610000,759334.647716,2524405.685637,38.904646,-0.037014,0.014208,0.358079,-0.932849
9.620000,759334.659875,2524405.699244,38.906102,-0.037407,0.014204,0.354707,-0.934121
9.630000,759334.671930,2524405.712931,38.907570,-0.037807,0.014201,0.351346,-0.935374
9.640000,759334.683879,2524405.726696,38.909052,-0.038212,0.014198,0.347993,-0.936610
9.650000,759334.695720,2524405.740536,38.910546,-0.038624,0.014194,0.344649,-0.937829
9.660000,759334.707453,2524405.754447,38.912054,-0.039042,0.014190,0.341309,-0.939033
9.670000,759334.719075,2524405.768427,38.913574,-0.039464,0.014186,0.337970,-0.940222
9.680000,759334.730585,2524405.782473,38.915108,-0.039888,0.014179,0.334628,-0.941399
9.690000,759334.741982,2524405.796582,38.916654,-0.040313,0.014169,0.331279,-0.942565
9.700000,759334.753263,2524405.810750,38.918214,-0.040736,0.014155,0.327918,-0.943721
9.710000,759334.764426,2524405.824977,38.919786,-0.041156,0.014136,0.324542,-0.944870
9.720000,759334.775471,2524405.839261,38.921370,-0.041571,0.014112,0.321146,-0.946012
9.730000,759334.786396,2524405.853599,38.922966,-0.041979,0.014082,0.317726,-0.947148
9.740000,759334.797198,2524405.867992,38.924573,-0.042377,0.014045,0.314278,-0.948281
9.750000,759334.807877,2524405.882438,38.926191,-0.042764,0.013999,0.310799,-0.949410
9.760000,759334.818430,2524405.896936,38.927817,-0.043138,0.013946,0.307285,-0.950537
9.770000,759334.828855,2524405.911484,38.929453,-0.043500,0.013884,0.303736,-0.951661
9.780000,759334.839151,2524405.926082,38.931097,-0.043848,0.013813,0.300151,-0.952783
9.790000,759334.849317,2524405.940727,38.932749,-0.044182,0.013734,0.296528,-0.953903
9.800000,759334.859349,2524405.955420,38.934408,-0.044504,0.013647,0.292866,-0.955020
9.810000,759334.869248,2524405.970158,38.936073,-0.044811,0.013552,0.289164,-0.956134
9.820000,759334.879011,2524405.984941,38.937743,-0.045105,0.013449,0.285422,-0.957246
9.830000,759334.888636,2524405.999768,38.939419,-0.045385,0.013338,0.281637,-0.958354
9.840000,759334.898121,2524406.014636,38.941099,-0.045651,0.013218,0.277810,-0.959460
9.850000,759334.907466,2524406.029545,38.942783,-0.045903,0.013091,0.273939,-0.960562
9.860000,759334.916667,2524406.044494,38.944470,-0.046140,0.012955,0.270022,-0.961661
9.870000,759334.925724,2524406.059482,38.946160,-0.046362,0.012812,0.266059,-0.962756
9.880000,759334.934635,2524406.074507,38.947851,-0.046570,0.012661,0.262048,-0.963847
9.890000,759334.943397,2524406.089568,38.949543,-0.046762,0.012502,0.257988,-0.964935
9.900000,759334.952010,2524406.104664,38.951236,-0.046939,0.012336,0.253879,-0.966018
9.910000,759334.960471,2524406.119793,38.952928,-0.047100,0.012162,0.249718,-0.967096
9.920000,759334.968779,2524406.134955,38.954620,-0.047245,0.011980,0.245505,-0.968169
9.930000,759334.976933,2524406.150149,38.956310,-0.047373,0.011791,0.241239,-0.969237
9.940000,759334.984929,2524406.165372,38.957998,-0.047486,0.011595,0.236917,-0.970299
9.950000,759334.992767,2524406.180624,38.959684,-0.047581,0.011391,0.232540,-0.971356
9.960000,759335.000446,2524406.195904,38.961365,-0.047659,0.011180,0.228105,-0.972405
9.970000,759335.007962,2524406.211211,38.963043,-0.047720,0.010962,0.223612,-0.973448
9.980000,759335.015315,2524406.226543,38.964716,-0.047763,0.010737,0.219059,-0.974483
9.990000,759335.022502,2524406.241899,38.966384,-0.047787,0.010505,0.214445,-0.975510
10.000000,759335.029523,2524406.257277,38.968045,-0.047793,0.010266,0.209769,-0.976528
10.010000,759335.036375,2524406.272678,38.969700,-0.047780,0.010021,0.205030,-0.977537
10.020000,759335.043056,2524406.288099,38.971348,-0.047748,0.009770,0.200225,-0.978537
10.030000,759335.049566,2524406.303539,38.972987,-0.047696,0.009512,0.195355,-0.979526
10.040000,759335.055901,2524406.318997,38.974618,-0.047624,0.009249,0.190418,-0.980504
10.050000,759335.062061,2524406.334472,38.976239,-0.047531,0.008979,0.185413,-0.981469
10.060000,759335.068044,2524406.349963,38.977851,-0.047417,0.008704,0.180338,-0.982423
10.070000,759335.073848,2524406.365468,38.979452,-0.047282,0.008424,0.175192,-0.983362
10.080000,759335.079471,2524406.380986,38.981041,-0.047125,0.008138,0.169974,-0.984287
10.090000,759335.084911,2524406.396517,38.982619,-0.046946,0.007847,0.164684,-0.985197
10.100000,759335.090167,2524406.412058,38.984184,-0.046745,0.007552,0.159319,-0.986091
10.110000,759335.095238,2524406.427609,38.985736,-0.046520,0.007253,0.153879,-0.986967
10.120000,759335.100121,2524406.443168,38.987274,-0.046271,0.006950,0.148363,-0.987825
10.130000,759335.104814,2524406.458735,38.988798,-0.045999,0.006643,0.142770,-0.988664
10.140000,759335.109316,2524406.474307,38.990306,-0.045702,0.006332,0.137099,-0.989482
10.150000,759335.113626,2524406.489885,38.991799,-0.045379,0.006019,0.131349,-0.990279
10.160000,759335.117741,2524406.505466,38.993275,-0.045032,0.005703,0.125519,-0.991052
10.170000,759335.121660,2524406.521049,38.994733,-0.044659,0.005386,0.119608,-0.991802
10.180000,759335.125381,2524406.536634,38.996174,-0.044259,0.005066,0.113616,-0.992526
10.190000,759335.128902,2524406.552218,38.997597,-0.043833,0.004746,0.107542,-0.993222
10.200000,759335.132222,2524406.567801,38.999001,-0.043379,0.004425,0.101386,-0.993891
10.210000,759335.135339,2524406.583382,39.000384,-0.042898,0.004104,0.095146,-0.994530
10.220000,759335.138251,2524406.598960,39.001748,-0.042389,0.003784,0.088823,-0.995138
10.230000,759335.140957,2524406.614532,39.003090,-0.041852,0.003464,0.082417,-0.995713
10.240000,759335.143454,2524406.630099,39.004411,-0.041286,0.003146,0.075926,-0.996253
10.250000,759335.145741,2524406.645658,39.005709,-0.040691,0.002831,0.069352,-0.996758
10.260000,759335.147816,2524406.661209,39.006984,-0.040067,0.002519,0.062694,-0.997225
10.270000,759335.149678,2524406.676750,39.008236,-0.039413,0.002210,0.055952,-0.997653
10.280000,759335.151325,2524406.692281,39.009463,-0.038729,0.001906,0.049126,-0.998040
10.290000,759335.152755,2524406.707799,39.010665,-0.038015,0.001608,0.042218,-0.998384
10.300000,759335.153967,2524406.723304,39.011842,-0.037271,0.001315,0.035227,-0.998683
10.310000,759335.154958,2524406.738795,39.012992,-0.036497,0.001029,0.028155,-0.998937
10.320000,759335.155727,2524406.754270,39.014116,-0.035692,0.000750,0.021001,-0.999142
10.330000,759335.156272,2524406.769729,39.015212,-0.034857,0.000480,0.013768,-0.999297
10.340000,759335.156592,2524406.785169,39.016279,-0.033991,0.000220,0.006456,-0.999401
10.350000,759335.156684,2524406.800590,39.017318,-0.033095,-0.000031,-0.000932,-0.999452
10.360000,759335.156548,2524406.815990,39.018327,-0.032169,-0.000270,-0.008397,-0.999447
10.370000,759335.156181,2524406.831369,39.019306,-0.031213,-0.000498,-0.015934,-0.999386
10.380000,759335.155582,2524406.846725,39.020254,-0.030232,-0.000712,-0.023531,-0.999266
10.390000,759335.154748,2524406.862057,39.021171,-0.029229,-0.000912,-0.031172,-0.999086
10.400000,759335.153679,2524406.877363,39.022056,-0.028212,-0.001097,-0.038838,-0.998847
10.410000,759335.152372,2524406.892643,39.022908,-0.027185,-0.001266,-0.046513,-0.998547
10.420000,759335.150827,2524406.907896,39.023726,-0.026154,-0.001420,-0.054178,-0.998188
10.430000,759335.149044,2524406.923120,39.024512,-0.025125,-0.001557,-0.061815,-0.997770
10.440000,759335.147026,2524406.938317,39.025265,-0.024104,-0.001678,-0.069406,-0.997296
10.450000,759335.144776,2524406.953484,39.025988,-0.023097,-0.001783,-0.076934,-0.996767
10.460000,759335.142298,2524406.968624,39.026680,-0.022110,-0.001873,-0.084380,-0.996187
10.470000,759335.139593,2524406.983735,39.027343,-0.021148,-0.001948,-0.091729,-0.995558
10.480000,759335.136664,2524406.998817,39.027978,-0.020213,-0.002011,-0.098973,-0.994883
10.490000,759335.133515,2524407.013870,39.028586,-0.019306,-0.002061,-0.106110,-0.994165
10.500000,759335.130148,2524407.028894,39.029166,-0.018427,-0.002099,-0.113139,-0.993406
10.510000,759335.126565,2524407.043889,39.029722,-0.017578,-0.002126,-0.120058,-0.992609
10.520000,759335.122770,2524407.058855,39.030252,-0.016759,-0.002144,-0.126865,-0.991776
10.530000,759335.118766,2524407.073791,39.030759,-0.015970,-0.002152,-0.133560,-0.990910
10.540000,759335.114555,2524407.088697,39.031243,-0.015211,-0.002153,-0.140142,-0.990012
10.550000,759335.110140,2524407.103574,39.031704,-0.014483,-0.002147,-0.146610,-0.989086
10.560000,759335.105523,2524407.118421,39.032145,-0.013786,-0.002134,-0.152964,-0.988133
10.570000,759335.100708,2524407.133238,39.032566,-0.013119,-0.002116,-0.159203,-0.987156
10.580000,759335.095698,2524407.148025,39.032967,-0.012484,-0.002093,-0.165328,-0.986157
10.590000,759335.090494,2524407.162781,39.033350,-0.011880,-0.002066,-0.171338,-0.985139
10.600000,759335.085101,2524407.177507,39.033715,-0.011308,-0.002036,-0.177234,-0.984102
10.610000,759335.079520,2524407.192202,39.034064,-0.010766,-0.002004,-0.183016,-0.983049
10.620000,759335.073754,2524407.206867,39.034397,-0.010255,-0.001971,-0.188684,-0.981982
10.630000,759335.067807,2524407.221500,39.034716,-0.009776,-0.001936,-0.194241,-0.980903
10.640000,759335.061681,2524407.236103,39.035020,-0.009327,-0.001901,-0.199685,-0.979814
10.650000,759335.055379,2524407.250675,39.035312,-0.008908,-0.001866,-0.205018,-0.978716
10.660000,759335.048903,2524407.265215,39.035592,-0.008521,-0.001832,-0.210242,-0.977611
10.670000,759335.042257,2524407.279724,39.035860,-0.008163,-0.001800,-0.215356,-0.976500
10.680000,759335.035443,2524407.294201,39.036119,-0.007835,-0.001770,-0.220363,-0.975385
10.690000,759335.028464,2524407.308646,39.036368,-0.007537,-0.001743,-0.225263,-0.974267
10.700000,759335.021322,2524407.323060,39.036608,-0.007269,-0.001718,-0.230058,-0.973148
10.710000,759335.014021,2524407.337442,39.036841,-0.007029,-0.001698,-0.234748,-0.972029
10.720000,759335.006564,2524407.351791,39.037068,-0.006819,-0.001681,-0.239336,-0.970911
10.730000,759334.998952,2524407.366108,39.037289,-0.006637,-0.001669,-0.243823,-0.969796
10.740000,759334.991189,2524407.380393,39.037505,-0.006484,-0.001661,-0.248210,-0.968683
10.750000,759334.983278,2524407.394645,39.037717,-0.006358,-0.001659,-0.252498,-0.967575
10.760000,759334.975222,2524407.408865,39.037927,-0.006261,-0.001663,-0.256689,-0.966472
10.770000,759334.967023,2524407.423051,39.038134,-0.006191,-0.001672,-0.260785,-0.965376
10.780000,759334.958684,2524407.437205,39.038340,-0.006148,-0.001688,-0.264787,-0.964286
10.790000,759334.950207,2524407.451325,39.038546,-0.006132,-0.001711,-0.268696,-0.963204
10.800000,759334.941596,2524407.465412,39.038753,-0.006143,-0.001740,-0.272514,-0.962131
10.810000,759334.932854,2524407.479466,39.038961,-0.006180,-0.001776,-0.276242,-0.961067
10.820000,759334.923982,2524407.493486,39.039172,-0.006244,-0.001820,-0.279882,-0.960012
10.830000,759334.914985,2524407.507473,39.039386,-0.006333,-0.001872,-0.283436,-0.958969
10.840000,759334.905865,2524407.521426,39.039604,-0.006449,-0.001931,-0.286904,-0.957936
10.850000,759334.896623,2524407.535344,39.039828,-0.006589,-0.001999,-0.290288,-0.956915
10.860000,759334.887265,2524407.549229,39.040057,-0.006755,-0.002075,-0.293590,-0.955905
10.870000,759334.877791,2524407.563079,39.040294,-0.006946,-0.002159,-0.296811,-0.954909
10.880000,759334.868205,2524407.576895,39.040539,-0.007163,-0.002252,-0.299952,-0.953925
10.890000,759334.858510,2524407.590676,39.040792,-0.007403,-0.002354,-0.303014,-0.952954
10.900000,759334.848708,2524407.604423,39.041055,-0.007669,-0.002465,-0.306000,-0.951997
10.910000,759334.838803,2524407.618135,39.041329,-0.007959,-0.002585,-0.308910,-0.951054
10.920000,759334.828796,2524407.631812,39.041615,-0.008273,-0.002715,-0.311746,-0.950126
10.930000,759334.818691,2524407.645453,39.041913,-0.008612,-0.002853,-0.314508,-0.949211
10.940000,759334.808491,2524407.659060,39.042224,-0.008975,-0.003002,-0.317198,-0.948312
10.950000,759334.798198,2524407.672631,39.042549,-0.009362,-0.003160,-0.319818,-0.947427
10.960000,759334.787816,2524407.686166,39.042890,-0.009773,-0.003328,-0.322368,-0.946558
10.970000,759334.777346,2524407.699666,39.043247,-0.010208,-0.003506,-0.324849,-0.945704
10.980000,759334.766792,2524407.713130,39.043621,-0.010667,-0.003695,-0.327263,-0.944866
10.990000,759334.756157,2524407.726559,39.044012,-0.011150,-0.003893,-0.329610,-0.944043
11.000000,759334.745442,2524407.739950,39.044423,-0.011657,-0.004102,-0.331892,-0.943237
11.010000,759334.734652,2524407.753306,39.044853,-0.012188,-0.004321,-0.334109,-0.942446
11.020000,759334.723789,2524407.766626,39.045304,-0.012743,-0.004550,-0.336263,-0.941671
11.030000,759334.712855,2524407.779908,39.045776,-0.013322,-0.004791,-0.338354,-0.940912
11.040000,759334.701854,2524407.793155,39.046271,-0.013925,-0.005042,-0.340383,-0.940170
11.050000,759334.690788,2524407.806364,39.046790,-0.014553,-0.005303,-0.342352,-0.939444
11.060000,759334.679660,2524407.819536,39.047332,-0.015205,-0.005576,-0.344260,-0.938735
11.070000,759334.668473,2524407.832672,39.047900,-0.015881,-0.005860,-0.346109,-0.938041
11.080000,759334.657229,2524407.845770,39.048493,-0.016583,-0.006155,-0.347900,-0.937365
11.090000,759334.645932,2524407.858831,39.049114,-0.017309,-0.006461,-0.349633,-0.936705
11.100000,759334.634584,2524407.871854,39.049762,-0.018060,-0.006778,-0.351308,-0.936061
11.110000,759334.623188,2524407.884839,39.050440,-0.018836,-0.007107,-0.352928,-0.935434
11.120000,759334.611746,2524407.897787,39.051147,-0.019638,-0.007447,-0.354491,-0.934824
11.130000,759334.600262,2524407.910697,39.051884,-0.020466,-0.007799,-0.355998,-0.934230
11.140000,759334.588738,2524407.923569,39.052654,-0.021319,-0.008162,-0.357451,-0.933653
11.150000,759334.577178,2524407.936402,39.053455,-0.022199,-0.008537,-0.358850,-0.933092
11.160000,759334.565583,2524407.949197,39.054290,-0.023105,-0.008924,-0.360195,-0.932548
11.170000,759334.553957,2524407.961954,39.055159,-0.024039,-0.009324,-0.361486,-0.932021
11.180000,759334.542302,2524407.974672,39.056063,-0.024999,-0.009735,-0.362725,-0.931510
11.190000,759334.530621,2524407.987351,39.057003,-0.025988,-0.010158,-0.363910,-0.931016
11.200000,759334.518918,2524407.999992,39.057981,-0.027004,-0.010594,-0.365044,-0.930538
11.210000,759334.507194,2524408.012593,39.058996,-0.028049,-0.011041,-0.366125,-0.930077
11.220000,759334.495452,2524408.025155,39.060050,-0.029123,-0.011502,-0.367154,-0.929633
11.230000,759334.483696,2524408.037678,39.061143,-0.030226,-0.011975,-0.368132,-0.929205
11.240000,759334.471929,2524408.050161,39.062277,-0.031358,-0.012460,-0.369058,-0.928793
11.250000,759334.460152,2524408.062605,39.063453,-0.032522,-0.012959,-0.369934,-0.928398
11.260000,759334.448368,2524408.075008,39.064671,-0.033716,-0.013470,-0.370758,-0.928020
11.270000,759334.436582,2524408.087372,39.065932,-0.034942,-0.013994,-0.371530,-0.927657
11.280000,759334.424794,2524408.099696,39.067237,-0.036198,-0.014531,-0.372253,-0.927311
11.290000,759334.413009,2524408.111980,39.068588,-0.037482,-0.015079,-0.372930,-0.926980
11.300000,759334.401228,2524408.124223,39.069985,-0.038788,-0.015637,-0.373565,-0.926661
11.310000,759334.389455,2524408.136426,39.071428,-0.040112,-0.016202,-0.374164,-0.926353
11.320000,759334.377692,2524408.148588,39.072919,-0.041448,-0.016772,-0.374732,-0.926054
11.330000,759334.365942,2524408.160710,39.074459,-0.042790,-0.017346,-0.375274,-0.925763
11.340000,759334.354205,2524408.172791,39.076047,-0.044134,-0.017921,-0.375794,-0.925478
11.350000,759334.342481,2524408.184832,39.077681,-0.045475,-0.018496,-0.376297,-0.925197
11.360000,759334.330769,2524408.196834,39.079362,-0.046806,-0.019067,-0.376789,-0.924919
11.370000,759334.319070,2524408.208797,39.081088,-0.048122,-0.019635,-0.377274,-0.924642
11.380000,759334.307382,2524408.220720,39.082858,-0.049418,-0.020195,-0.377757,-0.924365
11.390000,759334.295707,2524408.232606,39.084672,-0.050692,-0.020749,-0.378238,-0.924087
11.400000,759334.284043,2524408.244453,39.086529,-0.051946,-0.021295,-0.378717,-0.923808
11.410000,759334.272390,2524408.256263,39.088427,-0.053178,-0.021835,-0.379194,-0.923530
11.420000,759334.260749,2524408.268036,39.090366,-0.054389,-0.022366,-0.379670,-0.923251
11.430000,759334.249119,2524408.279772,39.092345,-0.055578,-0.022891,-0.380143,-0.922973
11.440000,759334.237499,2524408.291471,39.094364,-0.056745,-0.023407,-0.380615,-0.922694
11.450000,759334.225890,2524408.303135,39.096420,-0.057889,-0.023916,-0.381085,-0.922416
11.460000,759334.214292,2524408.314763,39.098514,-0.059012,-0.024417,-0.381554,-0.922138
11.470000,759334.202703,2524408.326355,39.100645,-0.060111,-0.024910,-0.382020,-0.921860
11.480000,759334.191125,2524408.337913,39.102811,-0.061188,-0.025395,-0.382485,-0.921584
11.490000,759334.179556,2524408.349437,39.105012,-0.062243,-0.025872,-0.382948,-0.921308
11.500000,759334.167997,2524408.360926,39.107247,-0.063274,-0.026340,-0.383409,-0.921032
11.510000,759334.156447,2524408.372382,39.109515,-0.064282,-0.026800,-0.383868,-0.920758
11.520000,759334.144906,2524408.383805,39.111816,-0.065267,-0.027251,-0.384325,-0.920485
11.530000,759334.133373,2524408.395195,39.114147,-0.066229,-0.027693,-0.384780,-0.920213
11.540000,759334.121850,2524408.406552,39.116509,-0.067166,-0.028126,-0.385234,-0.919942
11.550000,759334.110335,2524408.417878,39.118901,-0.068080,-0.028551,-0.385685,-0.919672
11.560000,759334.098828,2524408.429172,39.121322,-0.068971,-0.028966,-0.386135,-0.919404
11.570000,759334.087329,2524408.440434,39.123770,-0.069837,-0.029373,-0.386582,-0.919138
11.580000,759334.075838,2524408.451666,39.126245,-0.070679,-0.029770,-0.387028,-0.918873
11.590000,759334.064354,2524408.462868,39.128747,-0.071497,-0.030157,-0.387471,-0.918610
11.600000,759334.052878,2524408.474039,39.131273,-0.072290,-0.030535,-0.387913,-0.918349
11.610000,759334.041408,2524408.485181,39.133824,-0.073059,-0.030904,-0.388353,-0.918090
11.620000,759334.029946,2524408.496293,39.136399,-0.073803,-0.031263,-0.388790,-0.917833
11.630000,759334.018490,2524408.507377,39.138996,-0.074522,-0.031612,-0.389226,-0.917578
11.640000,759334.007041,2524408.518432,39.141615,-0.075217,-0.031950,-0.389660,-0.917326
11.650000,759333.995598,2524408.529460,39.144255,-0.075887,-0.032279,-0.390091,-0.917076
11.660000,759333.984161,2524408.540459,39.146915,-0.076531,-0.032598,-0.390520,-0.916828
11.670000,759333.972730,2524408.551432,39.149594,-0.077150,-0.032907,-0.390948,-0.916583
11.680000,759333.961305,2524408.562377,39.152292,-0.077744,-0.033205,-0.391373,-0.916341
11.690000,759333.949885,2524408.573296,39.155007,-0.078313,-0.033493,-0.391796,-0.916101
11.700000,759333.938470,2524408.584189,39.157738,-0.078856,-0.033770,-0.392217,-0.915864
11.710000,759333.927060,2524408.595056,39.160485,-0.079373,-0.034036,-0.392636,-0.915630
11.720000,759333.915654,2524408.605898,39.163247,-0.079865,-0.034292,-0.393052,-0.915399
11.730000,759333.904254,2524408.616716,39.166023,-0.080331,-0.034537,-0.393467,-0.915171
11.740000,759333.892857,2524408.627508,39.168812,-0.080771,-0.034772,-0.393879,-0.914946
11.750000,759333.881465,2524408.638277,39.171613,-0.081186,-0.034995,-0.394288,-0.914724
11.760000,759333.870076,2524408.649022,39.174426,-0.081574,-0.035207,-0.394696,-0.914506
11.770000,759333.858692,2524408.659744,39.177249,-0.081936,-0.035408,-0.395101,-0.914291
11.780000,759333.847310,2524408.670443,39.180081,-0.082272,-0.035597,-0.395504,-0.914079
11.790000,759333.835932,2524408.681119,39.182923,-0.082581,-0.035776,-0.395905,-0.913871
11.800000,759333.824557,2524408.691773,39.185772,-0.082865,-0.035943,-0.396303,-0.913666
11.810000,759333.813185,2524408.702406,39.188628,-0.083121,-0.036098,-0.396699,-0.913465
11.820000,759333.801815,2524408.713017,39.191490,-0.083352,-0.036242,-0.397092,-0.913267
11.830000,759333.790447,2524408.723608,39.194358,-0.083556,-0.036374,-0.397483,-0.913073
11.840000,759333.779082,2524408.734178,39.197230,-0.083733,-0.036494,-0.397871,-0.912883
11.850000,759333.767719,2524408.744728,39.200106,-0.083884,-0.036603,-0.398257,-0.912696
11.860000,759333.756357,2524408.755258,39.202984,-0.084007,-0.036699,-0.398641,-0.912514
11.870000,759333.744997,2524408.765769,39.205864,-0.084105,-0.036784,-0.399022,-0.912335
11.880000,759333.733638,2524408.776260,39.208745,-0.084175,-0.036857,-0.399400,-0.912160
11.890000,759333.722281,2524408.786734,39.211626,-0.084218,-0.036917,-0.399775,-0.911989
11.900000,759333.710924,2524408.797189,39.214506,-0.084235,-0.036966,-0.400148,-0.911822
11.910000,759333.699568,2524408.807627,39.217384,-0.084224,-0.037002,-0.400519,-0.911659
11.920000,759333.688212,2524408.818047,39.220260,-0.084186,-0.037026,-0.400886,-0.911500
11.930000,759333.676856,2524408.828451,39.223133,-0.084122,-0.037037,-0.401251,-0.911345
11.940000,759333.665501,2524408.838837,39.226001,-0.084030,-0.037037,-0.401613,-0.911194
11.950000,759333.654145,2524408.849208,39.228864,-0.083911,-0.037023,-0.401972,-0.911047
11.960000,759333.642788,2524408.859563,39.231721,-0.083765,-0.036997,-0.402328,-0.910904
11.970000,759333.631431,2524408.869903,39.234571,-0.083592,-0.036959,-0.402682,-0.910766
11.980000,759333.620074,2524408.880228,39.237413,-0.083391,-0.036908,-0.403032,-0.910631
11.990000,759333.608715,2524408.890538,39.240247,-0.083163,-0.036844,-0.403380,-0.910500
12.000000,759333.597354,2524408.900834,39.243071,-0.082908,-0.036767,-0.403724,-0.910374
12.010000,759333.585993,2524408.911116,39.245885,-0.082625,-0.036678,-0.404066,-0.910252
12.020000,759333.574629,2524408.921385,39.248687,-0.082315,-0.036575,-0.404404,-0.910134
12.030000,759333.563264,2524408.931642,39.251477,-0.081978,-0.036460,-0.404740,-0.910020
12.040000,759333.551896,2524408.941885,39.254255,-0.081613,-0.036332,-0.405072,-0.909910
12.050000,759333.540526,2524408.952116,39.257018,-0.081221,-0.036191,-0.405401,-0.909804
12.060000,759333.529153,2524408.962336,39.259767,-0.080801,-0.036037,-0.405726,-0.909703
12.070000,759333.517778,2524408.972544,39.262500,-0.080354,-0.035870,-0.406049,-0.909605
12.080000,759333.506400,2524408.982742,39.265217,-0.079879,-0.035690,-0.406368,-0.909511
12.090000,759333.495018,2524408.992928,39.267916,-0.079377,-0.035497,-0.406683,-0.909422
12.100000,759333.483633,2524409.003105,39.270598,-0.078847,-0.035290,-0.406995,-0.909336
12.110000,759333.472244,2524409.013272,39.273260,-0.078290,-0.035070,-0.407304,-0.909255
12.120000,759333.460851,2524409.023429,39.275902,-0.077706,-0.034838,-0.407609,-0.909177
12.130000,759333.449454,2524409.033578,39.278523,-0.077094,-0.034592,-0.407911,-0.909103
12.140000,759333.438053,2524409.043718,39.281123,-0.076454,-0.034332,-0.408209,-0.909033
12.150000,759333.426647,2524409.053850,39.283700,-0.075787,-0.034060,-0.408503,-0.908967
12.160000,759333.415237,2524409.063973,39.286254,-0.075093,-0.033774,-0.408794,-0.908905
12.170000,759333.403821,2524409.074090,39.288783,-0.074371,-0.033475,-0.409081,-0.908846
12.180000,759333.392401,2524409.084200,39.291288,-0.073622,-0.033163,-0.409364,-0.908791
12.190000,759333.380975,2524409.094303,39.293766,-0.072845,-0.032837,-0.409643,-0.908740
12.200000,759333.369543,2524409.104400,39.296217,-0.072041,-0.032498,-0.409919,-0.908692
12.210000,759333.358106,2524409.114491,39.298641,-0.071210,-0.032146,-0.410190,-0.908647
12.220000,759333.346662,2524409.124576,39.301036,-0.070351,-0.031781,-0.410457,-0.908606
12.230000,759333.335212,2524409.134657,39.303401,-0.069465,-0.031402,-0.410721,-0.908569
12.240000,759333.323756,2524409.144733,39.305736,-0.068552,-0.031010,-0.410980,-0.908534
12.250000,759333.312293,2524409.154805,39.308040,-0.067612,-0.030605,-0.411235,-0.908503
12.260000,759333.300823,2524409.164873,39.310312,-0.066644,-0.030186,-0.411485,-0.908475
12.270000,759333.289346,2524409.174937,39.312551,-0.065650,-0.029754,-0.411732,-0.908450
12.280000,759333.277861,2524409.184999,39.314756,-0.064628,-0.029309,-0.411974,-0.908428
12.290000,759333.266369,2524409.195058,39.316926,-0.063580,-0.028851,-0.412212,-0.908409
12.300000,759333.254870,2524409.205115,39.319060,-0.062504,-0.028379,-0.412445,-0.908393
12.310000,759333.243362,2524409.215170,39.321159,-0.061402,-0.027895,-0.412674,-0.908379
12.320000,759333.231846,2524409.225223,39.323219,-0.060273,-0.027397,-0.412898,-0.908368
12.330000,759333.220322,2524409.235276,39.325242,-0.059117,-0.026886,-0.413117,-0.908359
12.340000,759333.208788,2524409.245328,39.327226,-0.057935,-0.026362,-0.413332,-0.908353
12.350000,759333.197247,2524409.255379,39.329169,-0.056726,-0.025826,-0.413542,-0.908349
12.360000,759333.185696,2524409.265431,39.331072,-0.055491,-0.025276,-0.413747,-0.908347
12.370000,759333.174135,2524409.275484,39.332933,-0.054230,-0.024713,-0.413948,-0.908348
12.380000,759333.162565,2524409.285537,39.334752,-0.052942,-0.024138,-0.414143,-0.908350
12.390000,759333.150986,2524409.295592,39.336527,-0.051628,-0.023549,-0.414334,-0.908354
12.400000,759333.139397,2524409.305648,39.338258,-0.050289,-0.022949,-0.414519,-0.908360
12.410000,759333.127797,2524409.315707,39.339944,-0.048928,-0.022337,-0.414700,-0.908367
12.420000,759333.116187,2524409.325768,39.341584,-0.047551,-0.021717,-0.414876,-0.908375
12.430000,759333.104566,2524409.335832,39.343176,-0.046163,-0.021092,-0.415048,-0.908383
12.440000,759333.092935,2524409.345899,39.344722,-0.044771,-0.020464,-0.415217,-0.908390
12.450000,759333.081293,2524409.355971,39.346218,-0.043379,-0.019836,-0.415383,-0.908395
12.460000,759333.069639,2524409.366046,39.347667,-0.041993,-0.019210,-0.415546,-0.908399
12.470000,759333.057975,2524409.376124,39.349068,-0.040620,-0.018589,-0.415707,-0.908401
12.480000,759333.046299,2524409.386207,39.350424,-0.039263,-0.017975,-0.415866,-0.908400
12.490000,759333.034612,2524409.396293,39.351734,-0.037930,-0.017371,-0.416025,-0.908396
12.500000,759333.022915,2524409.406383,39.352999,-0.036624,-0.016779,-0.416182,-0.908388
12.510000,759333.011206,2524409.416476,39.354222,-0.035348,-0.016201,-0.416339,-0.908377
12.520000,759332.999486,2524409.426573,39.355402,-0.034101,-0.015636,-0.416496,-0.908363
12.530000,759332.987754,2524409.436673,39.356541,-0.032884,-0.015084,-0.416653,-0.908346
12.540000,759332.976012,2524409.446777,39.357640,-0.031697,-0.014545,-0.416809,-0.908325
12.550000,759332.964259,2524409.456884,39.358699,-0.030539,-0.014019,-0.416965,-0.908301
12.560000,759332.952494,2524409.466995,39.359720,-0.029411,-0.013507,-0.417120,-0.908275
12.570000,759332.940718,2524409.477109,39.360704,-0.028312,-0.013007,-0.417276,-0.908245
12.580000,759332.928931,2524409.487226,39.361650,-0.027242,-0.012521,-0.417432,-0.908214
12.590000,759332.917133,2524409.497346,39.362562,-0.026202,-0.012048,-0.417587,-0.908179
12.600000,759332.905324,2524409.507469,39.363439,-0.025192,-0.011588,-0.417743,-0.908142
12.610000,759332.893504,2524409.517596,39.364282,-0.024211,-0.011142,-0.417899,-0.908103
12.620000,759332.881672,2524409.527726,39.365093,-0.023259,-0.010708,-0.418054,-0.908061
12.630000,759332.869829,2524409.537859,39.365872,-0.022337,-0.010288,-0.418210,-0.908017
12.640000,759332.857975,2524409.547994,39.366620,-0.021443,-0.009881,-0.418366,-0.907972
12.650000,759332.846110,2524409.558133,39.367339,-0.020580,-0.009486,-0.418522,-0.907924
12.660000,759332.834234,2524409.568275,39.368028,-0.019745,-0.009106,-0.418679,-0.907874
12.670000,759332.822346,2524409.578419,39.368690,-0.018939,-0.008738,-0.418836,-0.907822
12.680000,759332.810447,2524409.588567,39.369326,-0.018163,-0.008383,-0.418993,-0.907769
12.690000,759332.798537,2524409.598717,39.369935,-0.017415,-0.008042,-0.419150,-0.907714
12.700000,759332.786616,2524409.608869,39.370520,-0.016697,-0.007713,-0.419308,-0.907658
12.710000,759332.774683,2524409.619025,39.371080,-0.016007,-0.007398,-0.419466,-0.907600
12.720000,759332.762739,2524409.629183,39.371618,-0.015347,-0.007096,-0.419625,-0.907540
12.730000,759332.750784,2524409.639344,39.372134,-0.014715,-0.006807,-0.419784,-0.907479
12.740000,759332.738818,2524409.649507,39.372629,-0.014112,-0.006531,-0.419944,-0.907417
12.750000,759332.726840,2524409.659673,39.373103,-0.013538,-0.006268,-0.420104,-0.907353
12.760000,759332.714851,2524409.669841,39.373559,-0.012992,-0.006018,-0.420265,-0.907288
12.770000,759332.702851,2524409.680012,39.373996,-0.012475,-0.005781,-0.420426,-0.907223
12.780000,759332.690839,2524409.690185,39.374417,-0.011987,-0.005557,-0.420588,-0.907155
12.790000,759332.678817,2524409.700360,39.374821,-0.011527,-0.005347,-0.420751,-0.907087
12.800000,759332.666782,2524409.710538,39.375210,-0.011096,-0.005149,-0.420914,-0.907018
12.810000,759332.654737,2524409.720718,39.375585,-0.010693,-0.004964,-0.421078,-0.906948
12.820000,759332.642680,2524409.730900,39.375946,-0.010318,-0.004793,-0.421242,-0.906877
12.830000,759332.630612,2524409.741084,39.376296,-0.009972,-0.004634,-0.421407,-0.906805
12.840000,759332.618533,2524409.751270,39.376634,-0.009654,-0.004488,-0.421573,-0.906732
12.850000,759332.606442,2524409.761459,39.376961,-0.009364,-0.004356,-0.421739,-0.906658
12.860000,759332.594340,2524409.771649,39.377279,-0.009102,-0.004236,-0.421907,-0.906584
12.870000,759332.582226,2524409.781842,39.377589,-0.008868,-0.004129,-0.422075,-0.906508
12.880000,759332.570101,2524409.792036,39.377891,-0.008662,-0.004035,-0.422243,-0.906432
12.890000,759332.557965,2524409.802232,39.378187,-0.008484,-0.003954,-0.422413,-0.906355
12.900000,759332.545817,2524409.812430,39.378477,-0.008334,-0.003886,-0.422583,-0.906278
12.910000,759332.533658,2524409.822630,39.378763,-0.008212,-0.003831,-0.422754,-0.906199
12.920000,759332.521488,2524409.832831,39.379045,-0.008118,-0.003789,-0.422926,-0.906120
12.930000,759332.509306,2524409.843034,39.379325,-0.008051,-0.003760,-0.423098,-0.906040
12.940000,759332.497112,2524409.853239,39.379602,-0.008012,-0.003743,-0.423271,-0.905960
12.950000,759332.484908,2524409.863446,39.379879,-0.008001,-0.003740,-0.423445,-0.905879
12.960000,759332.472692,2524409.873654,39.380157,-0.008017,-0.003749,-0.423620,-0.905797
12.970000,759332.460464,2524409.883863,39.380436,-0.008060,-0.003771,-0.423795,-0.905714
12.980000,759332.448225,2524409.894075,39.380716,-0.008131,-0.003807,-0.423972,-0.905631
12.990000,759332.435975,2524409.904287,39.381000,-0.008229,-0.003855,-0.424149,-0.905547
13.000000,759332.423713,2524409.914501,39.381289,-0.008355,-0.003915,-0.424326,-0.905462
13.010000,759332.411439,2524409.924716,39.381582,-0.008508,-0.003989,-0.424505,-0.905377
13.020000,759332.399155,2524409.934933,39.381881,-0.008688,-0.004076,-0.424684,-0.905291
13.030000,759332.386858,2524409.945150,39.382188,-0.008895,-0.004175,-0.424864,-0.905204
13.040000,759332.374550,2524409.955369,39.382502,-0.009129,-0.004287,-0.425045,-0.905116
13.050000,759332.362231,2524409.965589,39.382826,-0.009391,-0.004412,-0.425226,-0.905028
13.060000,759332.349900,2524409.975811,39.383159,-0.009679,-0.004550,-0.425408,-0.904938
13.070000,759332.337558,2524409.986033,39.383504,-0.009994,-0.004700,-0.425591,-0.904848
13.080000,759332.325204,2524409.996256,39.383860,-0.010336,-0.004864,-0.425774,-0.904757
13.090000,759332.312839,2524410.006481,39.384229,-0.010704,-0.005040,-0.425958,-0.904665
13.100000,759332.300462,2524410.016706,39.384612,-0.011100,-0.005229,-0.426143,-0.904573
13.110000,759332.288074,2524410.026932,39.385009,-0.011522,-0.005431,-0.426328,-0.904479
13.120000,759332.275674,2524410.037159,39.385423,-0.011970,-0.005645,-0.426514,-0.904384
13.130000,759332.263263,2524410.047387,39.385853,-0.012445,-0.005873,-0.426701,-0.904288
13.140000,759332.250840,2524410.057616,39.386301,-0.012947,-0.006113,-0.426888,-0.904191
13.150000,759332.238405,2524410.067845,39.386767,-0.013475,-0.006365,-0.427075,-0.904093
13.160000,759332.225959,2524410.078075,39.387254,-0.014030,-0.006631,-0.427263,-0.903994
13.170000,759332.213501,2524410.088305,39.387760,-0.014610,-0.006909,-0.427452,-0.903894
13.180000,759332.201032,2524410.098536,39.388289,-0.015217,-0.007200,-0.427641,-0.903792
13.190000,759332.188551,2524410.108768,39.388839,-0.015850,-0.007504,-0.427830,-0.903689
13.200000,759332.176059,2524410.119000,39.389414,-0.016509,-0.007820,-0.428020,-0.903584
13.210000,759332.163555,2524410.129233,39.390013,-0.017195,-0.008150,-0.428211,-0.903479
13.220000,759332.151039,2524410.139466,39.390637,-0.017906,-0.008491,-0.428401,-0.903371
13.230000,759332.138512,2524410.149699,39.391288,-0.018643,-0.008846,-0.428592,-0.903262
13.240000,759332.125973,2524410.159933,39.391966,-0.019406,-0.009213,-0.428783,-0.903152
13.250000,759332.113423,2524410.170167,39.392672,-0.020195,-0.009593,-0.428975,-0.903040
13.260000,759332.100861,2524410.180401,39.393408,-0.021009,-0.009986,-0.429166,-0.902926
13.270000,759332.088287,2524410.190636,39.394173,-0.021849,-0.010391,-0.429358,-0.902810
13.280000,759332.075701,2524410.200870,39.394971,-0.022715,-0.010809,-0.429550,-0.902693
13.290000,759332.063104,2524410.211105,39.395800,-0.023606,-0.011240,-0.429742,-0.902573
13.300000,759332.050496,2524410.221339,39.396662,-0.024523,-0.011683,-0.429934,-0.902451
13.310000,759332.037875,2524410.231574,39.397559,-0.025465,-0.012139,-0.430127,-0.902328
13.320000,759332.025243,2524410.241809,39.398491,-0.026432,-0.012607,-0.430319,-0.902202
13.330000,759332.012599,2524410.252043,39.399459,-0.027424,-0.013088,-0.430511,-0.902074
13.340000,759331.999944,2524410.262278,39.400464,-0.028442,-0.013582,-0.430703,-0.901943
13.350000,759331.987277,2524410.272512,39.401507,-0.029484,-0.014088,-0.430895,-0.901810
13.360000,759331.974598,2524410.282746,39.402588,-0.030551,-0.014606,-0.431087,-0.901675
13.370000,759331.961907,2524410.292979,39.403710,-0.031643,-0.015138,-0.431278,-0.901537
13.380000,759331.949205,2524410.303213,39.404873,-0.032760,-0.015681,-0.431470,-0.901396
13.390000,759331.936491,2524410.313446,39.406078,-0.033902,-0.016238,-0.431661,-0.901252
13.400000,759331.923765,2524410.323678,39.407325,-0.035068,-0.016806,-0.431851,-0.901106
13.410000,759331.911028,2524410.333910,39.408616,-0.036259,-0.017387,-0.432042,-0.900957
13.420000,759331.898279,2524410.344142,39.409952,-0.037474,-0.017981,-0.432231,-0.900804
13.430000,759331.885518,2524410.354373,39.411334,-0.038713,-0.018587,-0.432421,-0.900649
13.440000,759331.872745,2524410.364604,39.412763,-0.039976,-0.019205,-0.432610,-0.900490
13.450000,759331.859960,2524410.374834,39.414239,-0.041263,-0.019836,-0.432798,-0.900328
13.460000,759331.847164,2524410.385063,39.415764,-0.042575,-0.020479,-0.432985,-0.900162
13.470000,759331.834356,2524410.395291,39.417338,-0.043910,-0.021134,-0.433172,-0.899993
13.480000,759331.821536,2524410.405519,39.418963,-0.045268,-0.021801,-0.433358,-0.899820
13.490000,759331.808704,2524410.415746,39.420640,-0.046651,-0.022481,-0.433543,-0.899644
13.500000,759331.795861,2524410.425972,39.422369,-0.048056,-0.023173,-0.433728,-0.899463
13.510000,759331.783006,2524410.436198,39.424152,-0.049485,-0.023877,-0.433911,-0.899279
13.520000,759331.770139,2524410.446422,39.425989,-0.050937,-0.024593,-0.434094,-0.899090
13.530000,759331.757260,2524410.456645,39.427881,-0.052412,-0.025321,-0.434275,-0.898898
13.540000,759331.744369,2524410.466867,39.429830,-0.053903,-0.026058,-0.434455,-0.898701
13.550000,759331.731466,2524410.477088,39.431837,-0.055409,-0.026803,-0.434633,-0.898502
13.560000,759331.718552,2524410.487309,39.433901,-0.056922,-0.027552,-0.434809,-0.898299
13.570000,759331.705626,2524410.497527,39.436025,-0.058440,-0.028305,-0.434983,-0.898094
13.580000,759331.692688,2524410.507745,39.438209,-0.059958,-0.029058,-0.435154,-0.897887
13.590000,759331.679738,2524410.517962,39.440452,-0.061471,-0.029810,-0.435322,-0.897679
13.600000,759331.666777,2524410.528177,39.442754,-0.062974,-0.030558,-0.435486,-0.897470
13.610000,759331.653804,2524410.538391,39.445113,-0.064465,-0.031300,-0.435648,-0.897260
13.620000,759331.640820,2524410.548604,39.447530,-0.065937,-0.032033,-0.435805,-0.897051
13.630000,759331.627825,2524410.558816,39.450003,-0.067388,-0.032757,-0.435958,-0.896842
13.640000,759331.614820,2524410.569027,39.452532,-0.068817,-0.033472,-0.436108,-0.896635
13.650000,759331.601804,2524410.579237,39.455116,-0.070226,-0.034176,-0.436253,-0.896428
13.660000,759331.588777,2524410.589446,39.457755,-0.071612,-0.034870,-0.436395,-0.896223
13.670000,759331.575740,2524410.599654,39.460447,-0.072978,-0.035554,-0.436533,-0.896018
13.680000,759331.562692,2524410.609861,39.463192,-0.074323,-0.036229,-0.436668,-0.895815
13.690000,759331.549635,2524410.620067,39.465989,-0.075646,-0.036893,-0.436798,-0.895614
13.700000,759331.536568,2524410.630272,39.468838,-0.076949,-0.037548,-0.436926,-0.895413
13.710000,759331.523491,2524410.640476,39.471738,-0.078231,-0.038193,-0.437049,-0.895215
13.720000,759331.510404,2524410.650680,39.474687,-0.079492,-0.038828,-0.437169,-0.895017
13.730000,759331.497309,2524410.660882,39.477687,-0.080733,-0.039453,-0.437286,-0.894822
13.740000,759331.484204,2524410.671084,39.480734,-0.081953,-0.040068,-0.437400,-0.894628
13.750000,759331.471090,2524410.681285,39.483830,-0.083153,-0.040674,-0.437510,-0.894436
13.760000,759331.457967,2524410.691485,39.486973,-0.084333,-0.041270,-0.437616,-0.894246
13.770000,759331.444836,2524410.701684,39.490163,-0.085493,-0.041856,-0.437720,-0.894058
13.780000,759331.431696,2524410.711883,39.493398,-0.086633,-0.042433,-0.437820,-0.893872
13.790000,759331.418547,2524410.722080,39.496679,-0.087752,-0.043000,-0.437917,-0.893688
13.800000,759331.405391,2524410.732278,39.500004,-0.088852,-0.043557,-0.438011,-0.893507
13.810000,759331.392226,2524410.742474,39.503373,-0.089933,-0.044104,-0.438102,-0.893327
13.820000,759331.379054,2524410.752670,39.506785,-0.090993,-0.044642,-0.438190,-0.893150
13.830000,759331.365874,2524410.762865,39.510239,-0.092034,-0.045171,-0.438275,-0.892975
13.840000,759331.352686,2524410.773060,39.513735,-0.093056,-0.045690,-0.438357,-0.892802
13.850000,759331.339491,2524410.783254,39.517271,-0.094059,-0.046199,-0.438436,-0.892632
13.860000,759331.326289,2524410.793447,39.520848,-0.095042,-0.046699,-0.438512,-0.892465
13.870000,759331.313080,2524410.803640,39.524465,-0.096006,-0.047189,-0.438586,-0.892300
13.880000,759331.299864,2524410.813833,39.528120,-0.096951,-0.047670,-0.438656,-0.892137
13.890000,759331.286641,2524410.824025,39.531813,-0.097878,-0.048142,-0.438724,-0.891977
13.900000,759331.273412,2524410.834216,39.535543,-0.098785,-0.048604,-0.438789,-0.891820
13.910000,759331.260176,2524410.844408,39.539310,-0.099674,-0.049056,-0.438851,-0.891666
13.920000,759331.246935,2524410.854598,39.543113,-0.100544,-0.049500,-0.438910,-0.891515
13.930000,759331.233687,2524410.864789,39.546952,-0.101395,-0.049934,-0.438967,-0.891366
13.940000,759331.220433,2524410.874978,39.550824,-0.102228,-0.050358,-0.439022,-0.891220
13.950000,759331.207174,2524410.885168,39.554731,-0.103043,-0.050774,-0.439073,-0.891077
13.960000,759331.193909,2524410.895357,39.558671,-0.103839,-0.051180,-0.439122,-0.890938
13.970000,759331.180638,2524410.905546,39.562643,-0.104617,-0.051577,-0.439169,-0.890801
13.980000,759331.167363,2524410.915735,39.566647,-0.105377,-0.051964,-0.439213,-0.890667
13.990000,759331.154082,2524410.925924,39.570681,-0.106119,-0.052343,-0.439254,-0.890536
14.000000,759331.140797,2524410.936112,39.574746,-0.106843,-0.052712,-0.439293,-0.890409
14.010000,759331.127507,2524410.946300,39.578841,-0.107549,-0.053072,-0.439330,-0.890284
14.020000,759331.114212,2524410.956488,39.582964,-0.108237,-0.053423,-0.439364,-0.890163
14.030000,759331.100913,2524410.966675,39.587116,-0.108908,-0.053765,-0.439396,-0.890045
14.040000,759331.087610,2524410.976863,39.591295,-0.109560,-0.054098,-0.439425,-0.889930
14.050000,759331.074302,2524410.987050,39.595500,-0.110196,-0.054422,-0.439452,-0.889819
14.060000,759331.060991,2524410.997238,39.599732,-0.110813,-0.054737,-0.439476,-0.889711
14.070000,759331.047676,2524411.007425,39.603989,-0.111413,-0.055042,-0.439499,-0.889606
14.080000,759331.034358,2524411.017612,39.608271,-0.111996,-0.055339,-0.439519,-0.889504
14.090000,759331.021036,2524411.027800,39.612576,-0.112562,-0.055627,-0.439536,-0.889406
14.100000,759331.007711,2524411.037987,39.616905,-0.113110,-0.055906,-0.439552,-0.889312
14.110000,759330.994383,2524411.048174,39.621256,-0.113641,-0.056176,-0.439565,-0.889220
14.120000,759330.981052,2524411.058362,39.625629,-0.114154,-0.056436,-0.439576,-0.889133
14.130000,759330.967718,2524411.068549,39.630022,-0.114651,-0.056688,-0.439585,-0.889048
14.140000,759330.954382,2524411.078737,39.634437,-0.115130,-0.056932,-0.439591,-0.888968
14.150000,759330.941044,2524411.088924,39.638871,-0.115593,-0.057166,-0.439595,-0.888890
14.160000,759330.927703,2524411.099112,39.643323,-0.116038,-0.057391,-0.439598,-0.888817
14.170000,759330.914360,2524411.109300,39.647794,-0.116467,-0.057608,-0.439598,-0.888747
14.180000,759330.901015,2524411.119488,39.652283,-0.116879,-0.057815,-0.439595,-0.888680
14.190000,759330.887669,2524411.129677,39.656788,-0.117274,-0.058014,-0.439591,-0.888617
14.200000,759330.874321,2524411.139865,39.661309,-0.117652,-0.058204,-0.439585,-0.888558
14.210000,759330.860971,2524411.150054,39.665846,-0.118013,-0.058386,-0.439576,-0.888503
14.220000,759330.847621,2524411.160243,39.670398,-0.118358,-0.058558,-0.439565,-0.888451
14.230000,759330.834269,2524411.170433,39.674963,-0.118686,-0.058722,-0.439552,-0.888403
14.240000,759330.820916,2524411.180623,39.679542,-0.118997,-0.058877,-0.439537,-0.888358
14.250000,759330.807563,2524411.190813,39.684133,-0.119292,-0.059023,-0.439521,-0.888317
14.260000,759330.794209,2524411.201003,39.688736,-0.119570,-0.059161,-0.439501,-0.888280
14.270000,759330.780855,2524411.211194,39.693350,-0.119832,-0.059290,-0.439480,-0.888247
14.280000,759330.767501,2524411.221386,39.697974,-0.120077,-0.059410,-0.439457,-0.888217
14.290000,759330.754146,2524411.231577,39.702609,-0.120306,-0.059521,-0.439432,-0.888191
14.300000,759330.740792,2524411.241770,39.707252,-0.120518,-0.059624,-0.439404,-0.888169
14.310000,759330.727437,2524411.251962,39.711903,-0.120714,-0.059718,-0.439375,-0.888151
14.320000,759330.714084,2524411.262156,39.716563,-0.120893,-0.059803,-0.439344,-0.888136
14.330000,759330.700731,2524411.272350,39.721229,-0.121056,-0.059880,-0.439310,-0.888125
14.340000,759330.687378,2524411.282544,39.725901,-0.121202,-0.059948,-0.439275,-0.888118
14.350000,759330.674027,2524411.292739,39.730578,-0.121333,-0.060008,-0.439237,-0.888115
14.360000,759330.660677,2524411.302935,39.735261,-0.121446,-0.060058,-0.439197,-0.888116
14.370000,759330.647327,2524411.313131,39.739947,-0.121544,-0.060101,-0.439156,-0.888120
14.380000,759330.633980,2524411.323328,39.744637,-0.121624,-0.060134,-0.439112,-0.888128
14.390000,759330.620634,2524411.333525,39.749329,-0.121689,-0.060159,-0.439066,-0.888140
14.400000,759330.607290,2524411.343724,39.754023,-0.121737,-0.060175,-0.439019,-0.888156
14.410000,759330.593947,2524411.353923,39.758719,-0.121769,-0.060183,-0.438969,-0.888176
14.420000,759330.580607,2524411.364122,39.763415,-0.121785,-0.060182,-0.438917,-0.888200
14.430000,759330.567269,2524411.374323,39.768110,-0.121784,-0.060172,-0.438863,-0.888227
14.440000,759330.553933,2524411.384524,39.772805,-0.121767,-0.060154,-0.438807,-0.888258
14.450000,759330.540600,2524411.394727,39.777498,-0.121733,-0.060127,-0.438750,-0.888293
14.460000,759330.527270,2524411.404930,39.782189,-0.121683,-0.060091,-0.438690,-0.888332
14.470000,759330.513943,2524411.415133,39.786877,-0.121616,-0.060047,-0.438628,-0.888375
14.480000,759330.500619,2524411.425338,39.791561,-0.121534,-0.059994,-0.438563,-0.888421
14.490000,759330.487298,2524411.435544,39.796240,-0.121434,-0.059933,-0.438497,-0.888472
14.500000,759330.473980,2524411.445750,39.800914,-0.121319,-0.059863,-0.438429,-0.888526
14.510000,759330.460666,2524411.455958,39.805583,-0.121186,-0.059784,-0.438359,-0.888584
14.520000,759330.447356,2524411.466167,39.810245,-0.121038,-0.059697,-0.438286,-0.888646
14.530000,759330.434050,2524411.476376,39.814899,-0.120872,-0.059601,-0.438212,-0.888711
14.540000,759330.420748,2524411.486587,39.819546,-0.120691,-0.059496,-0.438135,-0.888781
14.550000,759330.407450,2524411.496798,39.824184,-0.120492,-0.059383,-0.438057,-0.888854
14.560000,759330.394156,2524411.507011,39.828812,-0.120277,-0.059261,-0.437976,-0.888931
14.570000,759330.380867,2524411.517225,39.833430,-0.120046,-0.059130,-0.437893,-0.889012
14.580000,759330.367583,2524411.527440,39.838038,-0.119797,-0.058990,-0.437808,-0.889097
14.590000,759330.354304,2524411.537656,39.842633,-0.119532,-0.058842,-0.437721,-0.889185
14.600000,759330.341030,2524411.547873,39.847217,-0.119250,-0.058686,-0.437632,-0.889277
14.610000,759330.327761,2524411.558092,39.851788,-0.118952,-0.058520,-0.437540,-0.889373
14.620000,759330.314497,2524411.568311,39.856344,-0.118636,-0.058346,-0.437447,-0.889473
14.630000,759330.301239,2524411.578532,39.860887,-0.118304,-0.058163,-0.437351,-0.889576
14.640000,759330.287987,2524411.588754,39.865414,-0.117955,-0.057971,-0.437253,-0.889683
14.650000,759330.274741,2524411.598978,39.869926,-0.117589,-0.057771,-0.437152,-0.889794
14.660000,759330.261500,2524411.609203,39.874421,-0.117205,-0.057562,-0.437050,-0.889908
14.670000,759330.248266,2524411.619429,39.878899,-0.116805,-0.057344,-0.436945,-0.890027
14.680000,759330.235039,2524411.629656,39.883359,-0.116388,-0.057117,-0.436838,-0.890148
14.690000,759330.221818,2524411.639885,39.887800,-0.115953,-0.056881,-0.436729,-0.890274
14.700000,759330.208604,2524411.650115,39.892222,-0.115501,-0.056637,-0.436617,-0.890403
14.710000,759330.195396,2524411.660347,39.896624,-0.115032,-0.056384,-0.436503,-0.890535
14.720000,759330.182196,2524411.670580,39.901005,-0.114545,-0.056122,-0.436387,-0.890672
14.730000,759330.169003,2524411.680814,39.905364,-0.114041,-0.055851,-0.436268,-0.890812
14.740000,759330.155817,2524411.691050,39.909702,-0.113519,-0.055571,-0.436147,-0.890955
14.750000,759330.142639,2524411.701288,39.914016,-0.112980,-0.055282,-0.436024,-0.891102
14.760000,759330.129469,2524411.711527,39.918307,-0.112423,-0.054985,-0.435898,-0.891252
14.770000,759330.116306,2524411.721768,39.922574,-0.111849,-0.054678,-0.435770,-0.891406
14.780000,759330.103152,2524411.732010,39.926815,-0.111256,-0.054363,-0.435639,-0.891563
14.790000,759330.090006,2524411.742254,39.931031,-0.110646,-0.054038,-0.435506,-0.891724
14.800000,759330.076868,2524411.752499,39.935220,-0.110018,-0.053705,-0.435371,-0.891888
14.810000,759330.063739,2524411.762747,39.939383,-0.109372,-0.053362,-0.435232,-0.892056
14.820000,759330.050618,2524411.772995,39.943517,-0.108707,-0.053011,-0.435092,-0.892226
14.830000,759330.037506,2524411.783246,39.947623,-0.108025,-0.052650,-0.434948,-0.892401
14.840000,759330.024404,2524411.793498,39.951699,-0.107324,-0.052281,-0.434802,-0.892578
14.850000,759330.011311,2524411.803752,39.955746,-0.106605,-0.051902,-0.434654,-0.892759
14.860000,759329.998227,2524411.814008,39.959762,-0.105867,-0.051514,-0.434502,-0.892942
14.870000,759329.985152,2524411.824266,39.963746,-0.105111,-0.051118,-0.434348,-0.893130
14.880000,759329.972088,2524411.834525,39.967698,-0.104336,-0.050712,-0.434192,-0.893320
14.890000,759329.959033,2524411.844786,39.971618,-0.103542,-0.050296,-0.434032,-0.893513
14.900000,759329.945988,2524411.855049,39.975504,-0.102729,-0.049872,-0.433870,-0.893709
14.910000,759329.932954,2524411.865314,39.979355,-0.101898,-0.049439,-0.433705,-0.893909
14.920000,759329.919930,2524411.875581,39.983172,-0.101047,-0.048996,-0.433537,-0.894111
14.930000,759329.906916,2524411.885850,39.986953,-0.100178,-0.048544,-0.433366,-0.894316
14.940000,759329.893913,2524411.896121,39.990698,-0.099289,-0.048083,-0.433192,-0.894525
14.950000,759329.880921,2524411.906394,39.994406,-0.098380,-0.047612,-0.433016,-0.894736
14.960000,759329.867940,2524411.916669,39.998076,-0.097453,-0.047132,-0.432836,-0.894950
14.970000,759329.854971,2524411.926945,40.001707,-0.096505,-0.046643,-0.432653,-0.895166
14.980000,759329.842012,2524411.937224,40.005299,-0.095538,-0.046145,-0.432467,-0.895385
14.990000,759329.829066,2524411.947505,40.008851,-0.094552,-0.045637,-0.432278,-0.895607
15.000000,759329.816131,2524411.957788,40.012363,-0.093545,-0.045120,-0.432086,-0.895832
15.010000,759329.803207,2524411.968073,40.015833,-0.092518,-0.044593,-0.431891,-0.896059
15.020000,759329.790296,2524411.978361,40.019262,-0.091472,-0.044057,-0.431692,-0.896289
15.030000,759329.777397,2524411.988650,40.022647,-0.090404,-0.043511,-0.431491,-0.896521
15.040000,759329.764511,2524411.998942,40.025989,-0.089317,-0.042956,-0.431286,-0.896755
15.050000,759329.751637,2524412.009236,40.029287,-0.088209,-0.042392,-0.431077,-0.896992
15.060000,759329.738775,2524412.019532,40.032540,-0.087081,-0.041818,-0.430865,-0.897231
15.070000,759329.725927,2524412.029830,40.035748,-0.085932,-0.041234,-0.430650,-0.897472
15.080000,759329.713092,2524412.040131,40.038909,-0.084762,-0.040641,-0.430431,-0.897715
15.090000,759329.700269,2524412.050434,40.042023,-0.083571,-0.040038,-0.430209,-0.897961
15.100000,759329.687461,2524412.060739,40.045090,-0.082359,-0.039426,-0.429983,-0.898208
15.110000,759329.674665,2524412.071047,40.048108,-0.081125,-0.038804,-0.429753,-0.898457
15.120000,759329.661884,2524412.081357,40.051077,-0.079871,-0.038173,-0.429519,-0.898708
15.130000,759329.649116,2524412.091669,40.053996,-0.078595,-0.037532,-0.429282,-0.898961
15.140000,759329.636362,2524412.101984,40.056864,-0.077297,-0.036881,-0.429041,-0.899216
15.150000,759329.623623,2524412.112302,40.059681,-0.075978,-0.036220,-0.428796,-0.899472
15.160000,759329.610898,2524412.122621,40.062447,-0.074637,-0.035550,-0.428548,-0.899729
15.170000,759329.598187,2524412.132944,40.065159,-0.073274,-0.034870,-0.428295,-0.899988
15.180000,759329.585491,2524412.143268,40.067819,-0.071889,-0.034181,-0.428038,-0.900248
15.190000,759329.572810,2524412.153596,40.070424,-0.070482,-0.033482,-0.427777,-0.900510
15.200000,759329.560144,2524412.163926,40.072974,-0.069052,-0.032773,-0.427512,-0.900773
15.210000,759329.547494,2524412.174258,40.075469,-0.067600,-0.032054,-0.427243,-0.901036
15.220000,759329.534858,2524412.184593,40.077908,-0.066126,-0.031325,-0.426969,-0.901301
15.230000,759329.522238,2524412.194931,40.080290,-0.064629,-0.030587,-0.426691,-0.901567
15.240000,759329.509634,2524412.205271,40.082614,-0.063109,-0.029839,-0.426408,-0.901833
15.250000,759329.497046,2524412.215614,40.084880,-0.061566,-0.029082,-0.426122,-0.902100
15.260000,759329.484473,2524412.225960,40.087086,-0.060000,-0.028314,-0.425830,-0.902367
15.270000,759329.471917,2524412.236308,40.089233,-0.058410,-0.027537,-0.425534,-0.902635
15.280000,759329.459378,2524412.246660,40.091320,-0.056798,-0.026750,-0.425233,-0.902904
15.290000,759329.446854,2524412.257014,40.093345,-0.055162,-0.025953,-0.424928,-0.903172
15.300000,759329.434348,2524412.267370,40.095309,-0.053503,-0.025146,-0.424617,-0.903441
15.310000,759329.421858,2524412.277730,40.097210,-0.051820,-0.024330,-0.424302,-0.903709
15.320000,759329.409385,2524412.288093,40.099047,-0.050113,-0.023504,-0.423982,-0.903978
15.330000,759329.396930,2524412.298458,40.100821,-0.048383,-0.022668,-0.423656,-0.904246
15.340000,759329.384492,2524412.308826,40.102530,-0.046628,-0.021823,-0.423326,-0.904514
15.350000,759329.372071,2524412.319197,40.104173,-0.044849,-0.020967,-0.422990,-0.904781
15.360000,759329.359668,2524412.329571,40.105750,-0.043047,-0.020102,-0.422649,-0.905047
15.370000,759329.347283,2524412.339948,40.107261,-0.041220,-0.019228,-0.422302,-0.905313
15.380000,759329.334916,2524412.350328,40.108704,-0.039368,-0.018343,-0.421950,-0.905578
15.390000,759329.322567,2524412.360711,40.110078,-0.037492,-0.017449,-0.421593,-0.905842
15.400000,759329.310236,2524412.371097,40.111384,-0.035592,-0.016546,-0.421230,-0.906104
15.410000,759329.297924,2524412.381486,40.112620,-0.033667,-0.015633,-0.420861,-0.906365
15.420000,759329.285631,2524412.391878,40.113785,-0.031717,-0.014710,-0.420486,-0.906625
15.430000,759329.273356,2524412.402274,40.114880,-0.029742,-0.013778,-0.420106,-0.906883
15.440000,759329.261101,2524412.412672,40.115903,-0.027743,-0.012836,-0.419719,-0.907139
15.450000,759329.248864,2524412.423073,40.116853,-0.025718,-0.011885,-0.419327,-0.907393
15.460000,759329.236647,2524412.433478,40.117730,-0.023668,-0.010924,-0.418928,-0.907645
15.470000,759329.224450,2524412.443886,40.118533,-0.021594,-0.009954,-0.418523,-0.907895
15.480000,759329.212272,2524412.454297,40.119261,-0.019494,-0.008975,-0.418112,-0.908142
15.490000,759329.200114,2524412.464711,40.119914,-0.017369,-0.007986,-0.417694,-0.908387
15.500000,759329.187976,2524412.475129,40.120491,-0.015218,-0.006989,-0.417270,-0.908628
15.510000,759329.175858,2524412.485550,40.120991,-0.013043,-0.005982,-0.416839,-0.908867
15.520000,759329.163760,2524412.495974,40.121414,-0.010842,-0.004966,-0.416401,-0.909103
15.530000,759329.151683,2524412.506401,40.121758,-0.008615,-0.003941,-0.415957,-0.909335
15.540000,759329.139627,2524412.516832,40.122024,-0.006363,-0.002907,-0.415506,-0.909564
15.550000,759329.127592,2524412.527266,40.122210,-0.004086,-0.001864,-0.415047,-0.909789
15.560000,759329.115577,2524412.537704,40.122316,-0.001784,-0.000813,-0.414582,-0.910010
15.570000,759329.103584,2524412.548145,40.122340,0.000545,0.000248,-0.414109,-0.910227
15.580000,759329.091612,2524412.558589,40.122283,0.002898,0.001317,-0.413629,-0.910440
15.590000,759329.079661,2524412.569037,40.122144,0.005277,0.002394,-0.413142,-0.910648
15.600000,759329.067732,2524412.579489,40.121921,0.007682,0.003480,-0.412647,-0.910852
15.610000,759329.055825,2524412.589944,40.121615,0.010112,0.004574,-0.412144,-0.911051
15.620000,759329.043940,2524412.600402,40.121224,0.012567,0.005677,-0.411634,-0.911245
15.630000,759329.032077,2524412.610864,40.120747,0.015047,0.006787,-0.411116,-0.911433
15.640000,759329.020237,2524412.621330,40.120185,0.017553,0.007906,-0.410590,-0.911617
15.650000,759329.008419,2524412.631799,40.119536,0.020084,0.009032,-0.410056,-0.911794
15.660000,759328.996623,2524412.642272,40.118800,0.022641,0.010167,-0.409514,-0.911966
15.670000,759328.984851,2524412.652749,40.117975,0.025222,0.011308,-0.408964,-0.912132
15.680000,759328.973101,2524412.663229,40.117062,0.027828,0.012458,-0.408406,-0.912291
15.690000,759328.961375,2524412.673713,40.116059,0.030459,0.013614,-0.407839,-0.912444
15.700000,759328.949672,2524412.684200,40.114966,0.033115,0.014778,-0.407263,-0.912591
15.710000,759328.937992,2524412.694692,40.113782,0.035796,0.015949,-0.406679,-0.912730
15.720000,759328.926336,2524412.705187,40.112506,0.038501,0.017127,-0.406086,-0.912863
15.730000,759328.914704,2524412.715686,40.111138,0.041230,0.018312,-0.405485,-0.912988
15.740000,759328.903096,2524412.726188,40.109677,0.043984,0.019503,-0.404874,-0.913106
15.750000,759328.891512,2524412.736695,40.108122,0.046762,0.020700,-0.404255,-0.913216
15.760000,759328.879952,2524412.747205,40.106473,0.049564,0.021904,-0.403626,-0.913318
15.770000,759328.868417,2524412.757720,40.104728,0.052389,0.023114,-0.402988,-0.913412
15.780000,759328.856906,2524412.768238,40.102887,0.055238,0.024329,-0.402341,-0.913498
15.790000,759328.845420,2524412.778760,40.100950,0.058111,0.025550,-0.401685,-0.913575
15.800000,759328.833960,2524412.789286,40.098916,0.061006,0.026777,-0.401019,-0.913644
15.810000,759328.822524,2524412.799817,40.096783,0.063924,0.028009,-0.400344,-0.913704
15.820000,759328.811114,2524412.810351,40.094552,0.066865,0.029246,-0.399658,-0.913754
15.830000,759328.799729,2524412.820889,40.092221,0.069829,0.030487,-0.398964,-0.913796
15.840000,759328.788370,2524412.831431,40.089791,0.072814,0.031733,-0.398259,-0.913828
15.850000,759328.777036,2524412.841977,40.087259,0.075821,0.032984,-0.397544,-0.913850
15.860000,759328.765729,2524412.852528,40.084626,0.078850,0.034239,-0.396820,-0.913862
15.870000,759328.754447,2524412.863082,40.081890,0.081900,0.035497,-0.396085,-0.913865
15.880000,759328.743192,2524412.873641,40.079052,0.084971,0.036759,-0.395341,-0.913857
15.890000,759328.731964,2524412.884203,40.076109,0.088063,0.038024,-0.394586,-0.913839
15.900000,759328.720762,2524412.894770,40.073063,0.091174,0.039293,-0.393821,-0.913810
15.910000,759328.709587,2524412.905342,40.069911,0.094306,0.040564,-0.393045,-0.913771
15.920000,759328.698439,2524412.915917,40.066653,0.097457,0.041838,-0.392259,-0.913720
15.930000,759328.687318,2524412.926497,40.063289,0.100626,0.043114,-0.391463,-0.913659
15.940000,759328.676224,2524412.937081,40.059818,0.103808,0.044389,-0.390659,-0.913586
15.950000,759328.665158,2524412.947669,40.056238,0.106996,0.045662,-0.389849,-0.913501
15.960000,759328.654119,2524412.958262,40.052550,0.110183,0.046929,-0.389036,-0.913405
15.970000,759328.643108,2524412.968859,40.048753,0.113364,0.048189,-0.388222,-0.913296
15.980000,759328.632126,2524412.979460,40.044846,0.116532,0.049438,-0.387409,-0.913176
15.990000,759328.621170,2524412.990065,40.040830,0.119680,0.050675,-0.386601,-0.913044
16.000000,759328.610241,2524413.000674,40.036707,0.122802,0.051897,-0.385799,-0.912899
16.010000,759328.599339,2524413.011287,40.032477,0.125892,0.053103,-0.385008,-0.912743
16.020000,759328.588463,2524413.021903,40.028143,0.128944,0.054290,-0.384228,-0.912576
16.030000,759328.577612,2524413.032522,40.023706,0.131952,0.055457,-0.383462,-0.912398
16.040000,759328.566786,2524413.043143,40.019166,0.134915,0.056603,-0.382712,-0.912209
16.050000,759328.555984,2524413.053767,40.014526,0.137834,0.057729,-0.381977,-0.912010
16.060000,759328.545206,2524413.064393,40.009787,0.140708,0.058835,-0.381258,-0.911802
16.070000,759328.534451,2524413.075020,40.004949,0.143537,0.059922,-0.380554,-0.911584
16.080000,759328.523719,2524413.085649,40.000015,0.146321,0.060989,-0.379867,-0.911357
16.090000,759328.513009,2524413.096279,39.994986,0.149061,0.062037,-0.379195,-0.911122
16.100000,759328.502320,2524413.106910,39.989863,0.151756,0.063066,-0.378540,-0.910879
16.110000,759328.491653,2524413.117542,39.984647,0.154406,0.064077,-0.377902,-0.910628
16.120000,759328.481007,2524413.128174,39.979339,0.157011,0.065069,-0.377281,-0.910369
16.130000,759328.470380,2524413.138806,39.973942,0.159571,0.066044,-0.376677,-0.910104
16.140000,759328.459773,2524413.149438,39.968457,0.162088,0.067001,-0.376090,-0.909832
16.150000,759328.449186,2524413.160069,39.962884,0.164559,0.067940,-0.375520,-0.909554
16.160000,759328.438616,2524413.170699,39.957225,0.166987,0.068863,-0.374969,-0.909270
16.170000,759328.428065,2524413.181329,39.951481,0.169370,0.069768,-0.374435,-0.908980
16.180000,759328.417531,2524413.191956,39.945654,0.171709,0.070657,-0.373918,-0.908685
16.190000,759328.407015,2524413.202582,39.939746,0.174005,0.071530,-0.373420,-0.908385
16.200000,759328.396514,2524413.213206,39.933757,0.176256,0.072387,-0.372941,-0.908080
16.210000,759328.386030,2524413.223828,39.927688,0.178464,0.073228,-0.372479,-0.907771
16.220000,759328.375561,2524413.234447,39.921542,0.180629,0.074054,-0.372036,-0.907457
16.230000,759328.365106,2524413.245063,39.915320,0.182750,0.074864,-0.371612,-0.907139
16.240000,759328.354666,2524413.255676,39.909022,0.184829,0.075660,-0.371207,-0.906818
16.250000,759328.344240,2524413.266286,39.902650,0.186864,0.076441,-0.370821,-0.906494
16.260000,759328.333827,2524413.276892,39.896206,0.188857,0.077207,-0.370453,-0.906166
16.270000,759328.323427,2524413.287493,39.889691,0.190807,0.077960,-0.370105,-0.905835
16.280000,759328.313039,2524413.298091,39.883106,0.192715,0.078698,-0.369776,-0.905502
16.290000,759328.302663,2524413.308683,39.876452,0.194581,0.079423,-0.369467,-0.905165
16.300000,759328.292298,2524413.319271,39.869732,0.196405,0.080135,-0.369177,-0.904827
16.310000,759328.281944,2524413.329854,39.862945,0.198187,0.080833,-0.368907,-0.904486
16.320000,759328.271600,2524413.340431,39.856094,0.199928,0.081519,-0.368656,-0.904144
16.330000,759328.261266,2524413.351002,39.849180,0.201627,0.082191,-0.368425,-0.903800
16.340000,759328.250940,2524413.361568,39.842205,0.203286,0.082852,-0.368215,-0.903454
16.350000,759328.240623,2524413.372127,39.835169,0.204903,0.083500,-0.368024,-0.903106
16.360000,759328.230314,2524413.382679,39.828074,0.206480,0.084136,-0.367853,-0.902758
16.370000,759328.220013,2524413.393224,39.820921,0.208016,0.084760,-0.367702,-0.902408
16.380000,759328.209719,2524413.403762,39.813712,0.209512,0.085372,-0.367572,-0.902057
16.390000,759328.199431,2524413.414292,39.806448,0.210968,0.085973,-0.367462,-0.901706
16.400000,759328.189149,2524413.424815,39.799130,0.212384,0.086563,-0.367372,-0.901353
16.410000,759328.178873,2524413.435330,39.791760,0.213761,0.087142,-0.367303,-0.901000
16.420000,759328.168601,2524413.445836,39.784339,0.215097,0.087710,-0.367254,-0.900647
16.430000,759328.158334,2524413.456333,39.776868,0.216395,0.088267,-0.367226,-0.900293
16.440000,759328.148071,2524413.466822,39.769349,0.217653,0.088813,-0.367218,-0.899939
16.450000,759328.137811,2524413.477301,39.761783,0.218873,0.089349,-0.367231,-0.899585
16.460000,759328.127553,2524413.487770,39.754171,0.220053,0.089874,-0.367265,-0.899231
16.470000,759328.117298,2524413.498230,39.746515,0.221195,0.090390,-0.367320,-0.898876
16.480000,759328.107045,2524413.508680,39.738816,0.222299,0.090895,-0.367395,-0.898522
16.490000,759328.096793,2524413.519119,39.731076,0.223364,0.091391,-0.367492,-0.898168
16.500000,759328.086542,2524413.529547,39.723295,0.224391,0.091877,-0.367609,-0.897815
16.510000,759328.076291,2524413.539964,39.715475,0.225380,0.092353,-0.367747,-0.897461
16.520000,759328.066039,2524413.550370,39.707618,0.226331,0.092819,-0.367907,-0.897108
16.530000,759328.055787,2524413.560765,39.699725,0.227245,0.093276,-0.368087,-0.896756
16.540000,759328.045534,2524413.571147,39.691797,0.228121,0.093724,-0.368289,-0.896404
16.550000,759328.035278,2524413.581518,39.683835,0.228960,0.094162,-0.368511,-0.896053
16.560000,759328.025020,2524413.591876,39.675841,0.229761,0.094591,-0.368755,-0.895702
16.570000,759328.014759,2524413.602221,39.667816,0.230525,0.095011,-0.369020,-0.895352
16.580000,759328.004494,2524413.612553,39.659761,0.231252,0.095422,-0.369306,-0.895003
16.590000,759327.994226,2524413.622872,39.651679,0.231942,0.095824,-0.369614,-0.894654
16.600000,759327.983953,2524413.633177,39.643570,0.232596,0.096216,-0.369943,-0.894307
16.610000,759327.973675,2524413.643468,39.635435,0.233212,0.096600,-0.370293,-0.893960
16.620000,759327.963391,2524413.653745,39.627276,0.233792,0.096975,-0.370664,-0.893614
16.630000,759327.953101,2524413.664007,39.619094,0.234335,0.097341,-0.371057,-0.893268
16.640000,759327.942805,2524413.674255,39.610891,0.234842,0.097698,-0.371471,-0.892924
16.650000,759327.932501,2524413.684487,39.602668,0.235313,0.098046,-0.371907,-0.892581
16.660000,759327.922190,2524413.694705,39.594425,0.235747,0.098386,-0.372363,-0.892238
16.670000,759327.911871,2524413.704906,39.586166,0.236145,0.098716,-0.372842,-0.891897
16.680000,759327.901542,2524413.715092,39.577890,0.236506,0.099038,-0.373342,-0.891556
16.690000,759327.891205,2524413.725261,39.569600,0.236832,0.099350,-0.373863,-0.891217
16.700000,759327.880858,2524413.735414,39.561296,0.237121,0.099654,-0.374405,-0.890878
16.710000,759327.870500,2524413.745550,39.552981,0.237374,0.099948,-0.374970,-0.890540
16.720000,759327.860132,2524413.755668,39.544654,0.237591,0.100234,-0.375555,-0.890203
16.730000,759327.849752,2524413.765770,39.536318,0.237772,0.100510,-0.376162,-0.889867
16.740000,759327.839360,2524413.775853,39.527975,0.237917,0.100778,-0.376791,-0.889533
16.750000,759327.828956,2524413.785919,39.519624,0.238026,0.101036,-0.377440,-0.889199
16.760000,759327.818540,2524413.795966,39.511268,0.238099,0.101284,-0.378112,-0.888865
16.770000,759327.808109,2524413.805995,39.502908,0.238136,0.101524,-0.378805,-0.888533
16.780000,759327.797665,2524413.816005,39.494546,0.238137,0.101753,-0.379519,-0.888202
16.790000,759327.787206,2524413.825996,39.486182,0.238102,0.101973,-0.380255,-0.887871
16.800000,759327.776732,2524413.835967,39.477818,0.238031,0.102184,-0.381012,-0.887542
16.810000,759327.766243,2524413.845919,39.469456,0.237923,0.102384,-0.381790,-0.887213
16.820000,759327.755737,2524413.855850,39.461096,0.237780,0.102575,-0.382590,-0.886884
16.830000,759327.745215,2524413.865762,39.452741,0.237600,0.102756,-0.383411,-0.886557
16.840000,759327.734676,2524413.875652,39.444391,0.237385,0.102926,-0.384254,-0.886230
16.850000,759327.724119,2524413.885522,39.436047,0.237133,0.103086,-0.385118,-0.885904
16.860000,759327.713544,2524413.895371,39.427712,0.236844,0.103235,-0.386003,-0.885578
16.870000,759327.702950,2524413.905198,39.419386,0.236520,0.103373,-0.386910,-0.885253
16.880000,759327.692338,2524413.915003,39.411071,0.236159,0.103501,-0.387837,-0.884929
16.890000,759327.681705,2524413.924786,39.402768,0.235761,0.103618,-0.388786,-0.884605
16.900000,759327.671052,2524413.934547,39.394479,0.235327,0.103723,-0.389756,-0.884281
16.910000,759327.660378,2524413.944285,39.386204,0.234856,0.103817,-0.390748,-0.883958
16.920000,759327.649683,2524413.954001,39.377945,0.234349,0.103899,-0.391760,-0.883635
16.930000,759327.638966,2524413.963693,39.369704,0.233804,0.103969,-0.392793,-0.883312
16.940000,759327.628227,2524413.973361,39.361482,0.233223,0.104027,-0.393848,-0.882989
16.950000,759327.617465,2524413.983006,39.353280,0.232605,0.104072,-0.394923,-0.882666
16.960000,759327.606680,2524413.992627,39.345100,0.231950,0.104105,-0.396019,-0.882344
16.970000,759327.595870,2524414.002223,39.336942,0.231257,0.104125,-0.397136,-0.882021
16.980000,759327.585036,2524414.011795,39.328809,0.230527,0.104132,-0.398274,-0.881698
16.990000,759327.574178,2524414.021341,39.320701,0.229760,0.104125,-0.399432,-0.881375
17.000000,759327.563293,2524414.030863,39.312620,0.228955,0.104105,-0.400611,-0.881052
17.010000,759327.552383,2524414.040359,39.304567,0.228113,0.104071,-0.401811,-0.880728
17.020000,759327.541446,2524414.049829,39.296544,0.227232,0.104022,-0.403031,-0.880404
17.030000,759327.530482,2524414.059272,39.288552,0.226314,0.103959,-0.404272,-0.880079
17.040000,759327.519490,2524414.068690,39.280592,0.225358,0.103881,-0.405532,-0.879753
17.050000,759327.508471,2524414.078081,39.272665,0.224364,0.103788,-0.406814,-0.879427
17.060000,759327.497422,2524414.087444,39.264774,0.223331,0.103679,-0.408115,-0.879100
17.070000,759327.486345,2524414.096781,39.256919,0.222260,0.103555,-0.409436,-0.878771
17.080000,759327.475237,2524414.106090,39.249101,0.221150,0.103414,-0.410777,-0.878442
17.090000,759327.464100,2524414.115371,39.241323,0.220002,0.103257,-0.412138,-0.878111
17.100000,759327.452932,2524414.124624,39.233585,0.218816,0.103083,-0.413517,-0.877780
17.110000,759327.441732,2524414.133848,39.225888,0.217599,0.102893,-0.414908,-0.877448
17.120000,759327.430501,2524414.143044,39.218235,0.216358,0.102690,-0.416306,-0.877117
17.130000,759327.419237,2524414.152210,39.210626,0.215098,0.102473,-0.417703,-0.876787
17.140000,759327.407941,2524414.161347,39.203062,0.213828,0.102245,-0.419093,-0.876461
17.150000,759327.396611,2524414.170455,39.195546,0.212554,0.102008,-0.420471,-0.876139
17.160000,759327.385251,2524414.179533,39.188075,0.211282,0.101762,-0.421830,-0.875822
17.170000,759327.373862,2524414.188582,39.180651,0.210020,0.101510,-0.423163,-0.875511
17.180000,759327.362446,2524414.197601,39.173273,0.208774,0.101253,-0.424466,-0.875209
17.190000,759327.351005,2524414.206591,39.165940,0.207551,0.100994,-0.425731,-0.874915
17.200000,759327.339541,2524414.215551,39.158652,0.206356,0.100734,-0.426955,-0.874631
17.210000,759327.328057,2524414.224482,39.151409,0.205190,0.100473,-0.428138,-0.874357
17.220000,759327.316554,2524414.233383,39.144211,0.204053,0.100213,-0.429279,-0.874094
17.230000,759327.305034,2524414.242255,39.137056,0.202944,0.099953,-0.430379,-0.873840
17.240000,759327.293500,2524414.251097,39.129946,0.201864,0.099693,-0.431438,-0.873598
17.250000,759327.281953,2524414.259910,39.122878,0.200813,0.099435,-0.432457,-0.873366
17.260000,759327.270396,2524414.268694,39.115854,0.199790,0.099178,-0.433436,-0.873144
17.270000,759327.258830,2524414.277448,39.108872,0.198796,0.098921,-0.434375,-0.872933
17.280000,759327.247259,2524414.286174,39.101933,0.197829,0.098667,-0.435275,-0.872734
17.290000,759327.235682,2524414.294869,39.095036,0.196891,0.098415,-0.436135,-0.872545
17.300000,759327.224104,2524414.303536,39.088180,0.195982,0.098164,-0.436956,-0.872367
17.310000,759327.212526,2524414.312173,39.081366,0.195100,0.097916,-0.437738,-0.872201
17.320000,759327.200949,2524414.320781,39.074593,0.194247,0.097671,-0.438480,-0.872046
17.330000,759327.189377,2524414.329360,39.067860,0.193422,0.097428,-0.439184,-0.871902
17.340000,759327.177810,2524414.337910,39.061167,0.192625,0.097189,-0.439850,-0.871770
17.350000,759327.166252,2524414.346430,39.054515,0.191856,0.096952,-0.440476,-0.871649
17.360000,759327.154704,2524414.354922,39.047902,0.191116,0.096719,-0.441064,-0.871540
17.370000,759327.143168,2524414.363384,39.041328,0.190403,0.096489,-0.441613,-0.871444
17.380000,759327.131646,2524414.371817,39.034793,0.189719,0.096263,-0.442124,-0.871359
17.390000,759327.120141,2524414.380221,39.028297,0.189063,0.096040,-0.442596,-0.871287
17.400000,759327.108654,2524414.388596,39.021839,0.188436,0.095822,-0.443029,-0.871227
17.410000,759327.097187,2524414.396942,39.015418,0.187837,0.095607,-0.443423,-0.871179
17.420000,759327.085743,2524414.405259,39.009036,0.187266,0.095397,-0.443778,-0.871144
17.430000,759327.074324,2524414.413547,39.002690,0.186725,0.095191,-0.444093,-0.871122
17.440000,759327.062931,2524414.421806,38.996381,0.186212,0.094990,-0.444370,-0.871113
17.450000,759327.051567,2524414.430036,38.990109,0.185728,0.094793,-0.444606,-0.871117
17.460000,759327.040234,2524414.438237,38.983872,0.185273,0.094601,-0.444803,-0.871134
17.470000,759327.028933,2524414.446410,38.977672,0.184847,0.094413,-0.444960,-0.871165
17.480000,759327.017668,2524414.454553,38.971507,0.184451,0.094231,-0.445076,-0.871210
17.490000,759327.006439,2524414.462667,38.965377,0.184084,0.094053,-0.445151,-0.871268
17.500000,759326.995249,2524414.470753,38.959281,0.183748,0.093880,-0.445184,-0.871340
17.510000,759326.984101,2524414.478810,38.953221,0.183441,0.093712,-0.445177,-0.871427
17.520000,759326.972995,2524414.486838,38.947194,0.183165,0.093550,-0.445126,-0.871528
17.530000,759326.961935,2524414.494837,38.941200,0.182919,0.093393,-0.445034,-0.871644
17.540000,759326.950921,2524414.502807,38.935241,0.182704,0.093240,-0.444898,-0.871775
17.550000,759326.939957,2524414.510749,38.929314,0.182521,0.093094,-0.444718,-0.871921
17.560000,759326.929045,2524414.518662,38.923420,0.182369,0.092952,-0.444493,-0.872082
17.570000,759326.918186,2524414.526546,38.917558,0.182248,0.092815,-0.444224,-0.872259
17.580000,759326.907382,2524414.534402,38.911728,0.182155,0.092683,-0.443914,-0.872451
17.590000,759326.896636,2524414.542229,38.905929,0.182086,0.092553,-0.443564,-0.872657
17.600000,759326.885949,2524414.550027,38.900162,0.182036,0.092424,-0.443179,-0.872876
17.610000,759326.875324,2524414.557797,38.894426,0.182002,0.092295,-0.442761,-0.873109
17.620000,759326.864762,2524414.565538,38.888720,0.181978,0.092164,-0.442315,-0.873354
17.630000,759326.854263,2524414.573251,38.883045,0.181960,0.092030,-0.441844,-0.873610
17.640000,759326.843827,2524414.580937,38.877401,0.181944,0.091891,-0.441352,-0.873877
17.650000,759326.833451,2524414.588597,38.871787,0.181925,0.091746,-0.440841,-0.874154
17.660000,759326.823137,2524414.596232,38.866203,0.181898,0.091593,-0.440317,-0.874439
17.670000,759326.812882,2524414.603841,38.860650,0.181860,0.091432,-0.439783,-0.874733
17.680000,759326.802687,2524414.611427,38.855128,0.181808,0.091262,-0.439238,-0.875035
17.690000,759326.792550,2524414.618990,38.849635,0.181744,0.091082,-0.438684,-0.875345
17.700000,759326.782470,2524414.626530,38.844173,0.181666,0.090893,-0.438120,-0.875664
17.710000,759326.772448,2524414.634048,38.838742,0.181575,0.090695,-0.437546,-0.875990
17.720000,759326.762482,2524414.641545,38.833340,0.181471,0.090487,-0.436962,-0.876325
17.730000,759326.752571,2524414.649022,38.827969,0.181353,0.090270,-0.436368,-0.876667
17.740000,759326.742714,2524414.656480,38.822629,0.181220,0.090043,-0.435764,-0.877018
17.750000,759326.732912,2524414.663919,38.817318,0.181073,0.089807,-0.435151,-0.877377
17.760000,759326.723163,2524414.671341,38.812038,0.180912,0.089561,-0.434528,-0.877744
17.770000,759326.713466,2524414.678745,38.806787,0.180737,0.089305,-0.433894,-0.878120
17.780000,759326.703821,2524414.686133,38.801567,0.180546,0.089040,-0.433251,-0.878503
17.790000,759326.694227,2524414.693505,38.796377,0.180340,0.088765,-0.432599,-0.878895
17.800000,759326.684683,2524414.700862,38.791218,0.180120,0.088480,-0.431936,-0.879295
17.810000,759326.675188,2524414.708206,38.786088,0.179883,0.088186,-0.431264,-0.879703
17.820000,759326.665742,2524414.715536,38.780988,0.179631,0.087881,-0.430582,-0.880118
17.830000,759326.656344,2524414.722853,38.775918,0.179364,0.087567,-0.429891,-0.880542
17.840000,759326.646993,2524414.730159,38.770878,0.179080,0.087244,-0.429190,-0.880974
17.850000,759326.637689,2524414.737454,38.765869,0.178780,0.086910,-0.428479,-0.881414
17.860000,759326.628430,2524414.744739,38.760889,0.178464,0.086567,-0.427759,-0.881861
17.870000,759326.619216,2524414.752014,38.755939,0.178132,0.086214,-0.427030,-0.882316
17.880000,759326.610046,2524414.759281,38.751019,0.177782,0.085851,-0.426292,-0.882779
17.890000,759326.600920,2524414.766539,38.746128,0.177416,0.085478,-0.425544,-0.883249
17.900000,759326.591836,2524414.773791,38.741268,0.177033,0.085096,-0.424787,-0.883727
17.910000,759326.582794,2524414.781036,38.736437,0.176633,0.084704,-0.424022,-0.884212
17.920000,759326.573793,2524414.788276,38.731636,0.176216,0.084303,-0.423247,-0.884705
17.930000,759326.564833,2524414.795510,38.726865,0.175781,0.083892,-0.422464,-0.885205
17.940000,759326.555912,2524414.802741,38.722124,0.175329,0.083471,-0.421672,-0.885712
17.950000,759326.547030,2524414.809968,38.717412,0.174860,0.083041,-0.420872,-0.886225
17.960000,759326.538187,2524414.817193,38.712730,0.174372,0.082602,-0.420063,-0.886746
17.970000,759326.529380,2524414.824416,38.708077,0.173867,0.082154,-0.419246,-0.887273
17.980000,759326.520611,2524414.831638,38.703454,0.173344,0.081696,-0.418420,-0.887807
17.990000,759326.511877,2524414.838860,38.698861,0.172803,0.081230,-0.417587,-0.888348
18.000000,759326.503178,2524414.846082,38.694297,0.172244,0.080754,-0.416746,-0.888894
18.010000,759326.494514,2524414.853305,38.689763,0.171666,0.080270,-0.415898,-0.889447
18.020000,759326.485883,2524414.860531,38.685258,0.171071,0.079776,-0.415042,-0.890006
18.030000,759326.477286,2524414.867759,38.680783,0.170457,0.079275,-0.414179,-0.890571
18.040000,759326.468720,2524414.874991,38.676337,0.169825,0.078764,-0.413308,-0.891141
18.050000,759326.460186,2524414.882228,38.671921,0.169175,0.078246,-0.412431,-0.891717
18.060000,759326.451682,2524414.889469,38.667534,0.168506,0.077719,-0.411547,-0.892297
18.070000,759326.443208,2524414.896716,38.663176,0.167819,0.077184,-0.410656,-0.892883
18.080000,759326.434763,2524414.903970,38.658847,0.167114,0.076641,-0.409759,-0.893474
18.090000,759326.426347,2524414.911232,38.654548,0.166390,0.076090,-0.408860,-0.894069
18.100000,759326.417958,2524414.918501,38.650279,0.165637,0.075534,-0.407983,-0.894656
18.110000,759326.409597,2524414.925780,38.646038,0.164845,0.074974,-0.407160,-0.895224
18.120000,759326.401261,2524414.933068,38.641827,0.164003,0.074412,-0.406425,-0.895759
18.130000,759326.392951,2524414.940367,38.637645,0.163101,0.073850,-0.405809,-0.896250
18.140000,759326.384664,2524414.947676,38.633492,0.162128,0.073290,-0.405345,-0.896682
18.150000,759326.376394,2524414.954995,38.629369,0.161075,0.072735,-0.405067,-0.897043
18.160000,759326.368131,2524414.962321,38.625277,0.159932,0.072185,-0.405005,-0.897319
18.170000,759326.359868,2524414.969651,38.621216,0.158689,0.071643,-0.405193,-0.897499
18.180000,759326.351594,2524414.976984,38.617187,0.157337,0.071109,-0.405660,-0.897568
18.190000,759326.343301,2524414.984316,38.613192,0.155868,0.070584,-0.406435,-0.897515
18.200000,759326.334980,2524414.991647,38.609230,0.154282,0.070066,-0.407520,-0.897338
18.210000,759326.326622,2524414.998973,38.605303,0.152582,0.069555,-0.408913,-0.897034
18.220000,759326.318218,2524415.006292,38.601412,0.150769,0.069046,-0.410609,-0.896605
18.230000,759326.309760,2524415.013601,38.597557,0.148847,0.068540,-0.412603,-0.896050
18.240000,759326.301238,2524415.020899,38.593738,0.146819,0.068031,-0.414887,-0.895368
18.250000,759326.292644,2524415.028184,38.589958,0.144686,0.067519,-0.417455,-0.894560
18.260000,759326.283968,2524415.035452,38.586216,0.142453,0.067000,-0.420298,-0.893626
18.270000,759326.275202,2524415.042702,38.582514,0.140122,0.066470,-0.423408,-0.892566
18.280000,759326.266337,2524415.049930,38.578852,0.137698,0.065927,-0.426773,-0.891379
18.290000,759326.257364,2524415.057136,38.575231,0.135185,0.065367,-0.430384,-0.890068
18.300000,759326.248274,2524415.064317,38.571651,0.132587,0.064788,-0.434229,-0.888633
18.310000,759326.239057,2524415.071469,38.568115,0.129907,0.064186,-0.438296,-0.887074
18.320000,759326.229706,2524415.078592,38.564622,0.127153,0.063559,-0.442572,-0.885394
18.330000,759326.220211,2524415.085682,38.561172,0.124335,0.062903,-0.447028,-0.883601
18.340000,759326.210564,2524415.092738,38.557768,0.121472,0.062220,-0.451623,-0.881709
18.350000,759326.200755,2524415.099757,38.554410,0.118583,0.061509,-0.456317,-0.879733
18.360000,759326.190775,2524415.106736,38.551098,0.115683,0.060771,-0.461073,-0.877688
18.370000,759326.180616,2524415.113674,38.547834,0.112789,0.060009,-0.465857,-0.875588
18.380000,759326.170275,2524415.120569,38.544617,0.109915,0.059225,-0.470636,-0.873449
18.390000,759326.159754,2524415.127420,38.541447,0.107076,0.058422,-0.475383,-0.871282
18.400000,759326.149055,2524415.134226,38.538325,0.104285,0.057604,-0.480069,-0.869103
18.410000,759326.138180,2524415.140987,38.535249,0.101552,0.056775,-0.484671,-0.866924
18.420000,759326.127131,2524415.147700,38.532219,0.098888,0.055938,-0.489168,-0.864758
18.430000,759326.115912,2524415.154367,38.529236,0.096297,0.055098,-0.493553,-0.862610
18.440000,759326.104523,2524415.160985,38.526298,0.093777,0.054255,-0.497830,-0.860481
18.450000,759326.092968,2524415.167554,38.523405,0.091326,0.053410,-0.502004,-0.858370
18.460000,759326.081249,2524415.174074,38.520558,0.088941,0.052566,-0.506079,-0.856277
18.470000,759326.069368,2524415.180542,38.517755,0.086621,0.051723,-0.510060,-0.854202
18.480000,759326.057328,2524415.186960,38.514996,0.084363,0.050882,-0.513950,-0.852144
18.490000,759326.045130,2524415.193324,38.512282,0.082166,0.050043,-0.517754,-0.850103
18.500000,759326.032777,2524415.199636,38.509611,0.080027,0.049208,-0.521476,-0.848079
18.510000,759326.020271,2524415.205893,38.506984,0.077946,0.048377,-0.525118,-0.846070
18.520000,759326.007615,2524415.212095,38.504400,0.075919,0.047551,-0.528685,-0.844078
18.530000,759325.994811,2524415.218242,38.501858,0.073945,0.046731,-0.532179,-0.842101
18.540000,759325.981861,2524415.224331,38.499359,0.072023,0.045916,-0.535605,-0.840138
18.550000,759325.968768,2524415.230364,38.496902,0.070151,0.045108,-0.538964,-0.838190
18.560000,759325.955533,2524415.236338,38.494487,0.068327,0.044306,-0.542259,-0.836255
18.570000,759325.942159,2524415.242253,38.492114,0.066550,0.043511,-0.545495,-0.834334
18.580000,759325.928649,2524415.248107,38.489781,0.064818,0.042723,-0.548672,-0.832425
18.590000,759325.915005,2524415.253901,38.487490,0.063130,0.041943,-0.551794,-0.830529
18.600000,759325.901228,2524415.259634,38.485239,0.061484,0.041170,-0.554864,-0.828644
18.610000,759325.887322,2524415.265303,38.483028,0.059879,0.040405,-0.557882,-0.826770
18.620000,759325.873288,2524415.270910,38.480857,0.058314,0.039648,-0.560853,-0.824907
18.630000,759325.859129,2524415.276452,38.478726,0.056788,0.038899,-0.563777,-0.823054
18.640000,759325.844848,2524415.281928,38.476633,0.055299,0.038158,-0.566657,-0.821210
18.650000,759325.830446,2524415.287340,38.474580,0.053846,0.037425,-0.569495,-0.819375
18.660000,759325.815925,2524415.292684,38.472565,0.052428,0.036700,-0.572293,-0.817548
18.670000,759325.801289,2524415.297960,38.470589,0.051044,0.035984,-0.575052,-0.815729
18.680000,759325.786539,2524415.303169,38.468650,0.049693,0.035276,-0.577775,-0.813918
18.690000,759325.771678,2524415.308307,38.466749,0.048374,0.034576,-0.580463,-0.812113
18.700000,759325.756708,2524415.313376,38.464886,0.047086,0.033884,-0.583118,-0.810314
18.710000,759325.741631,2524415.318374,38.463059,0.045828,0.033200,-0.585741,-0.808520
18.720000,759325.726450,2524415.323300,38.461269,0.044599,0.032525,-0.588334,-0.806732
18.730000,759325.711166,2524415.328153,38.459515,0.043398,0.031858,-0.590898,-0.804948
18.740000,759325.695783,2524415.332932,38.457797,0.042225,0.031198,-0.593435,-0.803168
18.750000,759325.680302,2524415.337638,38.456115,0.041078,0.030547,-0.595946,-0.801391
18.760000,759325.664726,2524415.342268,38.454469,0.039957,0.029904,-0.598432,-0.799617
18.770000,759325.649057,2524415.346822,38.452857,0.038861,0.029268,-0.600896,-0.797846
18.780000,759325.633298,2524415.351299,38.451280,0.037790,0.028640,-0.603337,-0.796076
18.790000,759325.617450,2524415.355698,38.449738,0.036742,0.028020,-0.605757,-0.794307
18.800000,759325.601516,2524415.360019,38.448229,0.035717,0.027408,-0.608158,-0.792539
18.810000,759325.585498,2524415.364260,38.446754,0.034715,0.026802,-0.610540,-0.790770
18.820000,759325.569399,2524415.368421,38.445313,0.033734,0.026205,-0.612904,-0.789002
18.830000,759325.553221,2524415.372501,38.443905,0.032774,0.025614,-0.615253,-0.787232
18.840000,759325.536966,2524415.376499,38.442529,0.031835,0.025031,-0.617586,-0.785460
18.850000,759325.520637,2524415.380414,38.441186,0.030916,0.024455,-0.619904,-0.783687
18.860000,759325.504235,2524415.384246,38.439876,0.030017,0.023886,-0.622209,-0.781910
18.870000,759325.487764,2524415.387993,38.438597,0.029136,0.023324,-0.624502,-0.780131
18.880000,759325.471224,2524415.391654,38.437349,0.028274,0.022768,-0.626784,-0.778347
18.890000,759325.454620,2524415.395230,38.436133,0.027430,0.022220,-0.629055,-0.776559
18.900000,759325.437952,2524415.398718,38.434947,0.026603,0.021678,-0.631316,-0.774766
18.910000,759325.421224,2524415.402118,38.433792,0.025794,0.021142,-0.633568,-0.772968
18.920000,759325.404437,2524415.405430,38.432667,0.025001,0.020613,-0.635813,-0.771163
18.930000,759325.387594,2524415.408652,38.431572,0.024224,0.020090,-0.638050,-0.769352
18.940000,759325.370697,2524415.411784,38.430507,0.023463,0.019573,-0.640281,-0.767533
18.950000,759325.353749,2524415.414825,38.429471,0.022717,0.019062,-0.642506,-0.765706
18.960000,759325.336752,2524415.417773,38.428463,0.021987,0.018558,-0.644727,-0.763871
18.970000,759325.319707,2524415.420628,38.427485,0.021271,0.018059,-0.646944,-0.762027
18.980000,759325.302618,2524415.423390,38.426534,0.020570,0.017566,-0.649157,-0.760173
18.990000,759325.285487,2524415.426057,38.425612,0.019882,0.017079,-0.651368,-0.758309
19.000000,759325.268315,2524415.428629,38.424717,0.019209,0.016597,-0.653578,-0.756434
19.010000,759325.251106,2524415.431104,38.423849,0.018548,0.016121,-0.655786,-0.754547
19.020000,759325.233862,2524415.433482,38.423009,0.017901,0.015650,-0.657993,-0.752648
19.030000,759325.216584,2524415.435762,38.422195,0.017267,0.015185,-0.660202,-0.750736
19.040000,759325.199276,2524415.437943,38.421407,0.016645,0.014724,-0.662411,-0.748811
19.050000,759325.181938,2524415.440025,38.420646,0.016035,0.014269,-0.664622,-0.746872
19.060000,759325.164575,2524415.442006,38.419910,0.015438,0.013819,-0.666835,-0.744918
19.070000,759325.147188,2524415.443885,38.419199,0.014852,0.013374,-0.669051,-0.742948
19.080000,759325.129779,2524415.445663,38.418514,0.014277,0.012934,-0.671271,-0.740962
19.090000,759325.112351,2524415.447337,38.417853,0.013714,0.012499,-0.673495,-0.738959
19.100000,759325.094906,2524415.448907,38.417217,0.013162,0.012069,-0.675724,-0.736939
19.110000,759325.077446,2524415.450373,38.416604,0.012621,0.011643,-0.677958,-0.734900
19.120000,759325.059973,2524415.451733,38.416016,0.012090,0.011222,-0.680199,-0.732842
19.130000,759325.042491,2524415.452986,38.415451,0.011570,0.010805,-0.682446,-0.730764
19.140000,759325.025001,2524415.454133,38.414909,0.011060,0.010393,-0.684701,-0.728666
19.150000,759325.007505,2524415.455171,38.414389,0.010561,0.009985,-0.686964,-0.726546
19.160000,759324.990006,2524415.456100,38.413893,0.010071,0.009582,-0.689235,-0.724404
19.170000,759324.972505,2524415.456919,38.413418,0.009591,0.009183,-0.691516,-0.722239
19.180000,759324.955007,2524415.457628,38.412965,0.009120,0.008788,-0.693806,-0.720051
19.190000,759324.937512,2524415.458225,38.412534,0.008659,0.008397,-0.696106,-0.717837
19.200000,759324.920023,2524415.458710,38.412124,0.008207,0.008010,-0.698418,-0.715599
19.210000,759324.902542,2524415.459081,38.411734,0.007764,0.007627,-0.700741,-0.713333
19.220000,759324.885072,2524415.459338,38.411366,0.007331,0.007249,-0.703075,-0.711041
19.230000,759324.867614,2524415.459481,38.411017,0.006906,0.006874,-0.705423,-0.708720
19.240000,759324.850172,2524415.459508,38.410688,0.006490,0.006503,-0.707784,-0.706370
19.250000,759324.832747,2524415.459418,38.410379,0.006083,0.006136,-0.710158,-0.703989
19.260000,759324.815342,2524415.459211,38.410089,0.005684,0.005773,-0.712546,-0.701578
19.270000,759324.797959,2524415.458885,38.409818,0.005293,0.005413,-0.714950,-0.699135
19.280000,759324.780601,2524415.458441,38.409566,0.004911,0.005057,-0.717369,-0.696658
19.290000,759324.763269,2524415.457876,38.409332,0.004537,0.004705,-0.719803,-0.694147
19.300000,759324.745966,2524415.457191,38.409116,0.004172,0.004357,-0.722254,-0.691602
19.310000,759324.728694,2524415.456384,38.408917,0.003814,0.004012,-0.724722,-0.689019
19.320000,759324.711456,2524415.455455,38.408736,0.003465,0.003671,-0.727207,-0.686399
19.330000,759324.694254,2524415.454402,38.408571,0.003123,0.003333,-0.729711,-0.683741
19.340000,759324.677089,2524415.453225,38.408424,0.002789,0.002999,-0.732232,-0.681043
19.350000,759324.659966,2524415.451923,38.408293,0.002463,0.002668,-0.734773,-0.678304
19.360000,759324.642885,2524415.450495,38.408177,0.002145,0.002341,-0.737333,-0.675522
19.370000,759324.625849,2524415.448940,38.408078,0.001835,0.002018,-0.739913,-0.672697
19.380000,759324.608860,2524415.447258,38.407994,0.001532,0.001698,-0.742513,-0.669828
19.390000,759324.591921,2524415.445448,38.407925,0.001236,0.001381,-0.745134,-0.666912
19.400000,759324.575035,2524415.443508,38.407870,0.000949,0.001069,-0.747776,-0.663949
19.410000,759324.558202,2524415.441438,38.407830,0.000669,0.000759,-0.750440,-0.660937
19.420000,759324.541426,2524415.439237,38.407804,0.000396,0.000453,-0.753126,-0.657876
19.430000,759324.524708,2524415.436904,38.407792,0.000131,0.000151,-0.755835,-0.654762
19.440000,759324.508052,2524415.434439,38.407793,-0.000127,-0.000147,-0.758566,-0.651596
19.450000,759324.491460,2524415.431840,38.407808,-0.000377,-0.000442,-0.761321,-0.648375
19.460000,759324.474933,2524415.429107,38.407835,-0.000619,-0.000734,-0.764099,-0.645098
19.470000,759324.458474,2524415.426239,38.407874,-0.000855,-0.001021,-0.766902,-0.641763
19.480000,759324.442085,2524415.423235,38.407926,-0.001083,-0.001305,-0.769728,-0.638370
19.490000,759324.425770,2524415.420094,38.407990,-0.001303,-0.001586,-0.772579,-0.634915
19.500000,759324.409529,2524415.416815,38.408065,-0.001516,-0.001862,-0.775455,-0.631399
19.510000,759324.393365,2524415.413398,38.408151,-0.001722,-0.002134,-0.778355,-0.627818
19.520000,759324.377281,2524415.409842,38.408248,-0.001920,-0.002403,-0.781281,-0.624172
19.530000,759324.361279,2524415.406145,38.408356,-0.002110,-0.002667,-0.784232,-0.620458
19.540000,759324.345361,2524415.402307,38.408474,-0.002293,-0.002928,-0.787209,-0.616675
19.550000,759324.329529,2524415.398327,38.408602,-0.002469,-0.003184,-0.790211,-0.612822
19.560000,759324.313786,2524415.394204,38.408739,-0.002637,-0.003436,-0.793239,-0.608895
19.570000,759324.298134,2524415.389938,38.408886,-0.002798,-0.003683,-0.796292,-0.604894
19.580000,759324.282576,2524415.385528,38.409041,-0.002951,-0.003926,-0.799371,-0.600817
19.590000,759324.267113,2524415.380972,38.409205,-0.003096,-0.004165,-0.802476,-0.596662
19.600000,759324.251748,2524415.376270,38.409378,-0.003234,-0.004398,-0.805606,-0.592427
19.610000,759324.236483,2524415.371421,38.409558,-0.003365,-0.004627,-0.808761,-0.588110
19.620000,759324.221321,2524415.366424,38.409746,-0.003487,-0.004851,-0.811941,-0.583709
19.630000,759324.206264,2524415.361279,38.409941,-0.003602,-0.005069,-0.815146,-0.579223
19.640000,759324.191313,2524415.355984,38.410144,-0.003709,-0.005283,-0.818374,-0.574649
19.650000,759324.176473,2524415.350538,38.410353,-0.003809,-0.005490,-0.821627,-0.569986
19.660000,759324.161744,2524415.344942,38.410568,-0.003901,-0.005692,-0.824903,-0.565232
19.670000,759324.147129,2524415.339193,38.410789,-0.003985,-0.005889,-0.828202,-0.560385
19.680000,759324.132630,2524415.333292,38.411016,-0.004061,-0.006079,-0.831522,-0.555443
19.690000,759324.118250,2524415.327237,38.411249,-0.004129,-0.006263,-0.834864,-0.550405
19.700000,759324.103991,2524415.321027,38.411486,-0.004190,-0.006441,-0.838226,-0.545269
19.710000,759324.089855,2524415.314662,38.411728,-0.004242,-0.006612,-0.841608,-0.540032
19.720000,759324.075845,2524415.308140,38.411975,-0.004287,-0.006776,-0.845008,-0.534694
19.730000,759324.061963,2524415.301462,38.412225,-0.004325,-0.006932,-0.848425,-0.529252
19.740000,759324.048211,2524415.294625,38.412480,-0.004354,-0.007082,-0.851859,-0.523705
19.750000,759324.034591,2524415.287630,38.412738,-0.004375,-0.007224,-0.855307,-0.518053
19.760000,759324.021106,2524415.280475,38.412999,-0.004389,-0.007358,-0.858769,-0.512292
19.770000,759324.007758,2524415.273160,38.413263,-0.004395,-0.007484,-0.862242,-0.506423
19.780000,759323.994549,2524415.265683,38.413529,-0.004394,-0.007601,-0.865725,-0.500443
19.790000,759323.981482,2524415.258044,38.413797,-0.004385,-0.007710,-0.869217,-0.494352
19.800000,759323.968559,2524415.250242,38.414067,-0.004368,-0.007809,-0.872714,-0.488149
19.810000,759323.955782,2524415.242277,38.414339,-0.004344,-0.007900,-0.876217,-0.481833
19.820000,759323.943154,2524415.234146,38.414612,-0.004313,-0.007981,-0.879721,-0.475403
19.830000,759323.930676,2524415.225850,38.414886,-0.004274,-0.008052,-0.883226,-0.468859
19.840000,759323.918352,2524415.217388,38.415160,-0.004229,-0.008113,-0.886728,-0.462201
19.850000,759323.906183,2524415.208758,38.415435,-0.004176,-0.008163,-0.890225,-0.455428
19.860000,759323.894172,2524415.199960,38.415709,-0.004117,-0.008203,-0.893715,-0.448541
19.870000,759323.882320,2524415.190994,38.415983,-0.004051,-0.008232,-0.897195,-0.441539
19.880000,759323.870632,2524415.181857,38.416257,-0.003979,-0.008249,-0.900662,-0.434424
19.890000,759323.859107,2524415.172550,38.416529,-0.003901,-0.008255,-0.904113,-0.427195
19.900000,759323.847750,2524415.163072,38.416800,-0.003816,-0.008249,-0.907546,-0.419855
19.910000,759323.836562,2524415.153421,38.417069,-0.003726,-0.008231,-0.910956,-0.412404
19.920000,759323.825546,2524415.143597,38.417336,-0.003631,-0.008201,-0.914342,-0.404844
19.930000,759323.814703,2524415.133599,38.417601,-0.003531,-0.008159,-0.917699,-0.397176
19.940000,759323.804036,2524415.123427,38.417863,-0.003426,-0.008103,-0.921025,-0.389403
19.950000,759323.793548,2524415.113078,38.418122,-0.003376,-0.008078,-0.922653,-0.385533
19.960000,759323.783241,2524415.102553,38.418378,-0.003324,-0.008049,-0.924273,-0.381632
19.970000,759323.773116,2524415.091851,38.418630,-0.003270,-0.008016,-0.925887,-0.377700
19.980000,759323.763177,2524415.080971,38.418878,-0.003215,-0.007979,-0.927494,-0.373739
19.990000,759323.753426,2524415.069911,38.419122,-0.003159,-0.007938,-0.929093,-0.369747
