# 3ds Max Wavefront OBJ Exporter v0.99 - (c)2007 guruware
# File Created: 17.07.2025 15:32:34

mtllib guidao.mtl

#
# object SM_guidao
#

v  3755.4224 517.8419 -976.3967
v  4135.4082 239.7378 -622.2532
v  4189.0845 207.2173 -570.4539
v  -529.5125 -9.2253 283.8879
v  -263.7504 -9.2490 281.7451
v  -259.3727 23.2032 331.8193
v  -463.0739 28.8175 333.8519
v  -477.4958 26.0869 338.4143
v  -274.6906 32.6784 341.6866
v  2463.5525 25.9124 235.6259
v  2607.0637 39.8330 210.7998
v  2627.1006 19.7978 204.8085
v  -269.2589 25.6164 239.6267
v  -460.5524 24.5888 233.3781
v  -271.2489 32.3668 233.7901
v  -269.0942 21.5689 234.4487
v  2419.4980 24.6382 334.7170
v  2417.6941 -7.3911 285.9696
v  2706.8833 -7.0597 249.5535
v  2514.1846 22.4114 241.0652
v  2410.3276 24.6811 247.1161
v  2424.9956 33.8728 238.5252
v  -265.2225 31.8616 330.7880
v  2423.7427 34.9564 342.1541
v  2430.9275 33.4444 334.8246
v  2421.8918 28.7199 338.7940
v  3054.3723 342.1980 862.8563
v  3141.3831 282.5391 888.9789
v  3196.1414 282.3469 999.2703
v  3116.5146 308.7278 872.1645
v  3081.4153 339.4109 884.3951
v  3374.3345 161.8396 1059.5905
v  3333.9890 206.2456 1095.0851
v  3208.3132 307.5942 876.7596
v  3471.6638 137.7094 1118.6597
v  3403.4902 200.0059 1025.2125
v  3393.3484 202.2193 1010.2119
v  4146.8716 133.6385 1093.0791
v  3870.2444 134.0472 1193.3331
v  3891.3159 125.3073 1194.5140
v  3829.9604 104.2057 1150.6793
v  4111.2417 106.4592 1049.6688
v  4076.1182 126.3843 1007.9404
v  3572.0542 152.5050 1085.5731
v  3327.9500 213.6385 1087.6770
v  3354.9502 199.4786 1116.7894
v  3479.3000 153.6301 1162.9927
v  4314.6821 129.0706 818.1147
v  3592.3599 147.1154 1196.2021
v  3592.5330 102.2137 1139.0667
v  3608.9280 138.4772 1094.9280
v  3537.7590 144.7765 1175.3041
v  3622.8286 136.6440 1200.8490
v  3812.9717 133.9908 1117.8125
v  3705.6257 122.5164 1196.8789
v  3946.5730 89.9347 1129.1980
v  3807.9836 125.1123 1192.1169
v  -243.2927 190.5179 -2361.1265
v  1419.6277 423.8155 -2044.7961
v  -289.9078 226.0786 -2316.6499
v  -97.7366 238.5884 -2283.5071
v  1412.2455 425.9801 -2038.4490
v  -0.4399 258.7980 -2265.2539
v  50.4978 268.5485 -2264.6763
v  -358.6979 233.1231 -2313.7258
v  -367.1672 234.4003 -2326.1975
v  32.9047 263.6408 -2274.3000
v  -230.2423 231.7191 -2309.3721
v  1469.0535 429.1909 -2040.3962
v  -44.5067 228.2785 -2330.9812
v  1491.7207 437.6382 -2039.0024
v  -411.2635 220.9399 -2320.5081
v  1469.8683 438.1223 -2035.1484
v  -2.1182 259.7657 -2365.4387
v  -348.9509 233.1264 -2424.3364
v  -355.8321 229.2663 -2416.8113
v  -735.4523 205.7699 -2393.0754
v  1424.5199 388.1945 -2091.5664
v  -309.8677 226.0881 -2412.8132
v  -825.7318 226.2173 -2438.6167
v  -283.2946 227.1845 -2417.7756
v  -884.7040 234.6209 -2345.8105
v  -847.8025 229.6744 -2341.1292
v  -914.9887 224.3713 -2333.9607
v  -870.0541 194.4021 -2384.8296
v  -808.1520 232.5485 -2435.5464
v  -1135.3600 222.9779 -2385.5867
v  -1105.8810 206.7428 -2346.2117
v  -1097.8027 232.1313 -2300.2788
v  -1113.1902 192.4344 -2342.6003
v  2250.7585 476.0772 -1910.1012
v  2495.9294 480.6195 -1863.4038
v  2419.2783 491.8452 -1877.6321
v  2370.7600 487.1483 -1877.8358
v  1471.3315 425.7843 -2032.1420
v  2531.7585 492.9827 -1865.8218
v  2416.5596 484.7134 -1881.3497
v  3254.9192 502.0738 -1741.4788
v  3049.1636 503.0536 -1772.4060
v  3278.5198 510.0002 -1743.8708
v  3138.5979 498.2024 -1751.6956
v  3900.0918 120.4100 1183.0265
v  4126.2036 131.7161 1107.2007
v  4459.8691 131.3170 441.3664
v  4450.7954 132.1011 456.8687
v  4366.4028 106.7649 823.7338
v  4508.7124 106.8251 417.7468
v  4552.3511 127.2947 446.7658
v  4202.9453 139.2554 -376.9668
v  4354.5444 131.4927 -47.6885
v  4321.1499 129.8566 -140.2413
v  4527.8784 134.2423 515.6771
v  4450.8066 132.7027 747.3115
v  4544.1069 132.6233 503.1473
v  4466.7490 129.3176 725.0371
v  4550.3022 121.7659 482.9366
v  4534.6348 128.1053 516.7604
v  4445.5088 120.2708 764.8136
v  4197.5269 134.3840 -378.1273
v  4449.8267 125.4272 735.0870
v  4469.3613 90.3828 611.9630
v  4260.3940 93.5483 934.8365
v  4321.3311 126.2648 939.8989
v  4343.2510 130.4935 922.1224
v  4152.8901 121.8114 1091.8413
v  4418.4443 130.8321 154.0944
v  4381.4785 126.6595 13.1134
v  4440.5898 130.6411 278.0306
v  2215.8535 1427.0990 -2648.4326
v  2060.9180 1477.0688 -2896.8547
v  2125.5701 1461.0474 -2778.0823
v  2107.6301 1458.0039 -2815.8643
v  2011.3750 1503.0675 -3015.7258
v  2062.3906 1424.0944 -2784.1292
v  1904.4218 1477.5050 -3119.0845
v  1931.4363 1522.2810 -3260.2900
v  1922.9015 1526.3134 -3257.9646
v  1898.0685 1495.4702 -3160.0449
v  1837.3649 1525.2150 -3201.1199
v  1948.2120 1484.7782 -2909.7825
v  1514.2249 1534.8453 -4147.7690
v  1346.4722 1527.5281 -4227.8340
v  1347.4382 1534.9989 -4213.8535
v  1783.7037 1494.5415 -3765.6597
v  1840.7650 1529.4839 -3731.4253
v  2305.0798 1380.3127 -2509.5889
v  1774.7869 1509.5845 -3795.0562
v  1538.1592 1506.5798 -4072.0417
v  1513.0820 1533.3738 -4027.9971
v  1553.2034 1494.0193 -4056.2808
v  1713.4668 1529.1641 -3957.2625
v  1707.4216 1529.3096 -3980.2524
v  1659.4082 1525.2225 -3855.8748
v  1760.3409 1535.3955 -3639.1135
v  1839.2637 1515.7368 -3208.6230
v  1756.9471 1526.6099 -3650.7812
v  1864.9131 460.9310 -2074.5291
v  1303.8513 412.9548 -2168.4509
v  1488.8420 439.2728 -2131.1716
v  1455.7074 424.5042 -2135.9055
v  2198.6677 472.5435 -2006.1550
v  3096.3892 489.7768 -1865.4298
v  3336.5901 505.3397 -1823.8304
v  3389.6755 486.8108 -1768.0443
v  3325.8757 503.9464 -1728.6228
v  1698.7740 440.1386 -2102.1160
v  2444.5322 484.8478 -1969.1340
v  3158.2290 500.0920 -1852.0260
v  3160.2634 505.7811 -1856.5002
v  3162.7551 496.5698 -1860.8667
v  2617.6648 497.0466 -1949.0526
v  2387.5610 488.6811 -1975.7531
v  3385.8037 472.3306 -1767.7405
v  3574.2954 522.7313 -1798.6893
v  2339.9546 447.7175 -1941.9337
v  3546.9045 534.1378 -1804.7441
v  2532.5620 467.3141 -1908.3134
v  2518.7000 482.4706 -1965.4369
v  2458.8352 479.9081 -1967.4072
v  1440.3289 430.0151 -2133.0784
v  1516.0637 432.2343 -2123.0281
v  3552.3159 538.0259 -1701.7411
v  3606.4670 539.4962 -1803.0017
v  3590.9954 535.9258 -1695.7396
v  3965.5342 568.7658 -1725.2843
v  1203.4404 392.0109 -2181.8018
v  1512.2747 412.5236 -2077.4573
v  -31.6929 249.1549 -2370.9741
v  136.8932 276.2312 -2354.6074
v  117.3545 264.6777 -2347.2405
v  40.5001 251.8497 -2364.0950
v  137.1774 267.7197 -2355.1384
v  4125.0879 620.4695 -1719.5793
v  4270.1221 612.2364 -1831.8562
v  3933.9558 587.3364 -1682.5082
v  3964.8254 599.1439 -1679.8804
v  3970.5054 596.7151 -1781.7102
v  2650.6306 25.7673 306.4928
v  2382.1807 26.8829 347.4082
v  2435.2410 20.7822 339.6355
v  2649.8523 34.5287 308.9369
v  -266.5411 22.1713 342.3615
v  -265.2013 19.8785 335.2022
v  2757.9175 27.2539 143.4675
v  3059.6760 37.9294 -159.7617
v  3014.6919 11.9002 -183.6847
v  2976.3542 31.8750 54.5099
v  2722.6399 5.6094 238.3019
v  2847.5105 26.9495 212.4599
v  2823.8403 33.0567 218.5863
v  2994.1548 26.5906 25.6715
v  2938.4177 5.7823 21.1974
v  2944.6670 -7.5971 21.2101
v  2759.7715 32.3023 150.4814
v  2610.6882 28.8508 217.0956
v  2802.5098 31.8268 114.0979
v  2753.1289 33.5614 136.8911
v  2870.7849 39.3494 31.6650
v  2871.2500 29.8550 24.5351
v  3013.7693 -3.3814 -179.1461
v  2968.3877 36.0501 -213.4059
v  3010.5359 102.0461 -483.2717
v  2947.7529 23.5723 -118.9024
v  3056.5732 28.4910 -157.8522
v  2936.0276 35.2333 -107.9827
v  3093.8296 94.6465 -665.1053
v  2628.9065 1245.0276 -2111.9897
v  2498.0520 1305.7329 -2258.2493
v  2910.8691 1088.3191 -1808.6372
v  2653.8191 1223.9093 -2095.7812
v  2890.5369 1099.4607 -1838.4033
v  2519.0686 1286.0420 -2244.7820
v  2531.8345 1283.3237 -2220.6799
v  2728.7317 1136.6028 -1943.4718
v  3016.0908 1014.1099 -1705.3259
v  2734.4905 1190.4106 -2011.1047
v  2994.7749 1037.8165 -1721.2937
v  2950.2485 1016.2678 -1700.4094
v  2413.0593 1350.3375 -2378.2390
v  3311.2744 774.8164 -1342.3549
v  4092.0693 209.5541 -606.7559
v  4068.8398 240.5759 -557.3639
v  4130.1411 240.8578 -628.9679
v  4241.9604 97.4986 -407.3045
v  3540.8162 667.2142 -1176.7062
v  3105.8579 970.0660 -1625.2501
v  3534.5037 673.0181 -1202.6741
v  3643.2117 593.7314 -1085.5260
v  4283.4136 136.3624 -446.2159
v  4136.1460 235.6636 -633.0602
v  3367.2808 797.8278 -1351.6578
v  3485.3699 706.5689 -1235.0437
v  2044.9432 1480.6149 -2921.7332
v  3791.2920 502.7743 -948.3751
v  3517.5154 696.6559 -1219.7537
v  2366.7356 1313.0551 -2344.5110
v  2075.0918 1434.7997 -2761.3977
v  3892.9663 426.2760 -868.6077
v  2404.4456 1354.2843 -2376.1462
v  2282.4619 1398.3066 -2537.1790
v  2248.9363 1422.5309 -2581.4104
v  2523.2329 1259.9283 -2085.5183
v  2244.7029 1408.4731 -2580.0630
v  2404.6819 1311.9974 -2291.5779
v  4140.9272 247.4949 -634.4349
v  173.6661 1233.8502 -2507.6331
v  406.1726 1206.3737 -2688.8179
v  353.8621 1216.5519 -2704.2532
v  401.3359 1192.9508 -2689.0889
v  191.5412 1191.0432 -2447.3054
v  210.2976 1207.4803 -2478.9680
v  410.4679 1223.3845 -2621.1594
v  216.4870 1231.2115 -2383.6682
v  881.8777 1046.9697 -2811.6301
v  612.1193 1191.6003 -2816.5837
v  625.6499 1211.6451 -2771.9832
v  77.5116 1222.3075 -2298.8101
v  87.8615 1233.0853 -2315.0586
v  151.2676 1225.6742 -2471.1494
v  76.1092 1226.0530 -2250.2849
v  260.6208 1227.1854 -2622.3176
v  49.9194 1229.1188 -2131.4395
v  90.4517 1191.2461 -2123.4729
v  87.7692 1206.5050 -2126.2886
v  131.1801 1227.7117 -2011.5271
v  46.0493 1238.4097 -1982.6138
v  136.9714 1190.9943 -1768.1875
v  135.7727 1205.6660 -1795.0707
v  236.1519 1227.4196 -1717.3212
v  79.2120 1222.1552 -1787.9368
v  92.9636 1225.8934 -1794.9348
v  102.8289 1234.4871 -1733.4408
v  605.8425 1176.7401 -2812.8088
v  689.5847 1164.4312 -2883.5369
v  519.5539 1221.9144 -2827.9019
v  333.0679 1193.6934 -1474.4624
v  2841.5024 123.9737 -1393.0345
v  2398.5515 93.4845 -1566.4445
v  2648.0630 127.5035 -1512.7351
v  2622.5754 132.8309 -1521.8326
v  2779.9165 94.3710 -1381.3031
v  2763.3982 106.8310 -1403.5316
v  2032.9607 119.8639 -1732.1492
v  1671.7007 120.3711 -1780.6979
v  1813.5913 129.4668 -1774.5677
v  2033.9880 126.9981 -1729.8287
v  1823.2266 132.3150 -1767.8959
v  2085.0166 105.7654 -1680.9911
v  2196.2788 131.9337 -1686.9235
v  2950.7803 91.7868 -1182.9457
v  3030.0198 134.3725 -1184.4025
v  2131.8682 129.4246 -1710.1173
v  2386.2578 126.4038 -1622.2731
v  2396.4548 130.3078 -1627.2552
v  2974.4375 106.2800 -1154.9603
v  1894.6130 91.9275 -1714.2169
v  2462.3511 134.6481 -1588.6233
v  3050.9832 87.9249 -966.1017
v  3100.6140 131.8373 -987.4981
v  3133.6072 126.2705 -757.2586
v  3129.3169 129.6373 -718.6400
v  -1663.1620 278.1238 -1558.6548
v  -1590.8899 301.3766 -1404.9363
v  -1608.4879 208.2717 -1733.3258
v  -1561.6505 280.4151 -1562.4734
v  -1634.2134 303.0223 -1424.8927
v  -1659.7961 293.3598 -1464.3459
v  -1622.7290 325.2995 -1354.8127
v  -1609.6925 332.0889 -1352.7219
v  -1474.8668 359.1017 -1251.8533
v  -1545.5509 366.7054 -1155.0800
v  -1511.7225 378.7805 -1088.2249
v  -1539.8981 373.8245 -1142.1652
v  -1433.8230 412.4237 -907.1503
v  -526.4297 391.9253 -234.4102
v  -321.6946 423.0794 -337.5552
v  -159.0044 391.7420 -338.9088
v  -524.1443 428.0663 -289.1319
v  -1307.1653 407.0906 -712.5810
v  -1248.8573 428.0231 -694.6154
v  -1374.4187 433.8259 -740.2155
v  -135.0938 428.2548 -431.2206
v  -513.9697 436.0316 -284.8852
v  -727.4652 428.3977 -300.8395
v  -1348.9423 425.8747 -704.8090
v  -734.7917 396.2394 -245.8611
v  -782.2835 424.2004 -204.5833
v  -505.6013 427.3103 -182.6203
v  -784.0746 434.3601 -207.6777
v  -1375.6666 427.7828 -738.5718
v  -1034.3723 407.1405 -371.6237
v  -738.3713 406.4759 -252.3019
v  -1285.7324 430.5955 -580.6683
v  -1267.0931 432.6198 -574.9216
v  -1276.2174 395.0506 -650.2022
v  -1154.1230 434.0293 -432.8074
v  -1132.0264 428.8321 -403.6190
v  -1005.4423 421.2361 -425.6551
v  -1011.3872 391.6483 -358.6458
v  -1007.4692 430.7065 -312.4932
v  -1000.4536 428.5342 -302.1570
v  4136.0493 624.7753 -1725.7024
v  4281.1382 594.7765 -1845.3636
v  4311.3438 624.6263 -1806.2134
v  3985.7395 561.4818 -1725.5540
v  4079.6084 615.2750 -1805.5505
v  4241.4253 627.1920 -1883.5634
v  4250.3921 632.0463 -1887.2681
v  4091.6873 625.7659 -1816.2767
v  3983.0952 589.4070 -1777.5691
v  3975.7578 591.8671 -1679.3003
v  3911.5061 579.1428 -1773.4000
v  4512.8667 635.7951 -1968.4637
v  4645.2246 628.0385 -2241.8313
v  4572.5322 606.6617 -2144.8809
v  4519.8730 590.4649 -2079.7612
v  4430.7583 630.0629 -2054.8572
v  4500.3262 628.5133 -2169.8174
v  4545.3613 630.3041 -2254.7705
v  4512.7178 635.5388 -2173.7502
v  4417.6729 628.4340 -2034.1337
v  4636.2764 591.5209 -2439.7200
v  4561.0908 627.2289 -2358.5620
v  4579.5703 637.9294 -2438.5439
v  4380.9360 636.2657 -1996.8394
v  4672.9248 631.1207 -2423.6892
v  4677.6240 627.9807 -2449.2209
v  4575.2573 628.7164 -2508.6218
v  4626.1167 605.7499 -2584.2849
v  4630.1294 625.0181 -2778.0645
v  4580.3501 593.3622 -2739.3318
v  3570.5056 608.3577 -1030.2814
v  3004.5562 989.4997 -1584.8956
v  3538.6887 627.0247 -1057.6046
v  3071.6448 938.3207 -1511.9293
v  2075.3652 1433.5848 -2668.6113
v  1970.6361 1475.8264 -2866.1716
v  2243.2446 1377.4368 -2402.7261
v  2231.9453 1396.0187 -2436.4348
v  1993.3314 1479.0441 -2818.5471
v  1978.9410 1475.8457 -2818.2766
v  3704.2266 503.3193 -892.9534
v  4067.3806 240.0161 -550.1240
v  2236.8994 1392.0588 -2445.5571
v  2116.0981 1428.2518 -2617.3877
v  3053.9658 957.7922 -1526.1571
v  3561.6587 625.1251 -1040.5931
v  3556.1187 615.8446 -1106.0897
v  3166.1499 872.6173 -1411.0643
v  2438.8875 1303.3767 -2182.9729
v  3536.9453 633.5444 -1048.6106
v  1924.4722 1484.5016 -2946.7832
v  2534.4570 1259.3849 -2083.8735
v  2571.0144 1236.7836 -2029.6538
v  2596.3315 1209.1288 -1997.5319
v  1820.1849 1518.5745 -3248.7791
v  2789.4675 1100.6741 -1797.5586
v  4078.7268 235.5535 -550.0344
v  4072.7524 247.3657 -554.5961
v  2857.3489 1070.4052 -1719.8280
v  2803.7437 1114.2660 -1791.9900
v  4493.8096 128.3845 25.2550
v  4553.1372 132.8516 344.8066
v  4544.6118 126.6370 274.3783
v  4416.8965 105.6049 -25.6532
v  4394.8643 92.4457 -88.0047
v  4496.7427 91.1140 294.5179
v  4543.4058 134.3391 371.5070
v  4234.2847 127.2380 -321.2079
v  4233.1377 115.5100 -423.4041
v  4092.8931 225.0220 -604.4348
v  721.9949 338.6761 -1304.0261
v  398.5164 426.3985 -965.0540
v  561.5261 388.4865 -1140.8120
v  417.4659 432.2465 -991.2194
v  643.1058 377.4493 -1204.6813
v  621.1700 383.0602 -1197.1542
v  663.9530 346.0782 -1169.6554
v  726.7350 358.0937 -1155.0973
v  827.0067 319.9146 -1267.2307
v  1074.0483 193.1407 -1494.1709
v  868.9048 304.1976 -1292.4816
v  1048.6736 171.7294 -1609.7314
v  852.6819 283.6207 -1426.8711
v  1099.1755 185.6446 -1516.3097
v  1077.7847 193.0275 -1489.1936
v  1230.3435 144.1092 -1590.7047
v  1216.3406 134.8672 -1581.2045
v  536.3432 421.9046 -969.0759
v  1097.4681 162.6473 -1632.0669
v  374.8506 425.4706 -951.8563
v  1196.4103 141.5695 -1691.4908
v  1117.4860 119.5183 -1595.3293
v  1242.3560 138.9829 -1598.8849
v  382.7384 391.0413 -884.4283
v  1428.3337 92.5715 -1731.4468
v  1433.5654 127.2650 -1783.3210
v  1695.2550 124.6909 -1770.6970
v  868.7711 267.6458 -1441.2361
v  1479.4893 123.7583 -1682.2793
v  1476.1454 132.3644 -1684.9633
v  1889.6157 128.2476 -1653.1381
v  1833.3354 131.5703 -1662.9972
v  1318.9653 992.2759 -2791.1541
v  1434.3547 993.5074 -2838.1621
v  1442.3311 937.9329 -2765.3594
v  1480.1533 928.8167 -2758.5728
v  1334.1050 1004.6316 -2788.8083
v  1813.0560 734.9022 -2754.1609
v  1791.9146 709.2189 -2704.0588
v  1439.0616 973.7993 -2710.8037
v  1311.3298 1033.6633 -2744.4326
v  1802.1257 728.7022 -2658.8511
v  1793.9669 692.3489 -2705.2534
v  704.9266 1151.0778 -2890.5344
v  2119.8440 730.2285 -2777.0254
v  871.5880 1033.5496 -2915.3894
v  857.2272 1003.1324 -2858.7139
v  871.0659 1038.7903 -2912.4734
v  1009.4008 1022.0816 -2907.7134
v  967.2820 993.8869 -2858.2429
v  980.8895 1006.0434 -2862.0947
v  863.2325 1015.9587 -2861.9670
v  974.4910 1027.9412 -2815.2969
v  974.2833 1028.0563 -2807.0728
v  1326.3053 1023.0782 -2839.6704
v  -778.3114 3.3939 87.5637
v  -858.2422 11.9588 -117.1707
v  -861.3570 34.8994 44.0114
v  -808.5139 39.9512 -148.4447
v  -777.4866 -9.7701 92.5472
v  -917.1809 29.4879 -134.9625
v  -259.1151 4.9527 288.4541
v  2416.3416 6.5186 290.1134
v  -767.8290 28.1022 -4.9138
v  -768.6459 34.0353 8.5210
v  -258.9184 24.1354 245.2292
v  2414.7695 25.7173 248.3583
v  2400.0386 34.9214 247.4230
v  -251.1398 32.2507 245.2584
v  -712.3720 26.6759 243.2324
v  -865.4590 -1.5343 -151.1649
v  -867.3871 44.8387 -309.6620
v  -591.4626 26.7892 177.3188
v  -548.6919 5.1025 273.3458
v  -460.8468 29.7117 235.2386
v  -259.1111 24.0954 330.9976
v  310.2094 1233.1571 -1586.6378
v  294.3788 1206.9133 -1502.5767
v  450.0862 1228.7407 -1445.9136
v  386.6473 1226.4838 -1371.5055
v  249.4439 1228.0746 -1499.7339
v  351.1344 1228.3707 -1390.1199
v  432.1138 1236.0681 -1456.8966
v  375.6280 1240.7094 -1382.7607
v  211.7389 1232.0521 -1543.7664
v  418.4674 1220.4374 -1475.3467
v  927.6310 1227.2040 -1116.9767
v  417.7466 1225.5500 -1467.6946
v  1423.1423 1207.1353 -690.5366
v  948.2397 1235.7559 -1103.6493
v  441.8517 1229.8533 -1460.7723
v  990.4261 1226.4778 -1079.8845
v  340.4531 1227.2167 -1411.2078
v  914.6987 1229.6890 -1007.5886
v  880.7722 1219.5066 -1024.4078
v  921.7117 1224.5847 -1005.9535
v  879.2832 1232.9958 -1026.3188
v  867.6375 1235.0699 -1043.2573
v  915.2288 1192.4758 -1070.4371
v  1425.4891 1227.2059 -739.5567
v  1282.2690 1230.1624 -709.8085
v  1337.3235 1227.7832 -675.0356
v  1323.6140 1236.2837 -687.8186
v  1362.5638 1192.0437 -723.4367
v  1440.9233 1231.8738 -728.3328
v  1419.8541 1238.4154 -733.8767
v  1570.2543 1192.3529 -615.8060
v  1627.9348 1232.7430 -666.2302
v  1569.5281 1237.9448 -566.5449
v  1633.5951 1232.5656 -669.5193
v  1678.9572 1207.1481 -606.3950
v  153.8782 1228.8264 -1616.5931
v  158.6382 1227.9905 -1629.4484
v  2050.3384 1204.4935 -563.8849
v  2039.7924 1179.9226 -620.0207
v  1887.2191 1227.4752 -663.8678
v  2095.3374 1192.6647 -669.0947
v  2231.1433 1125.0475 -532.8096
v  2399.8442 1020.2745 -453.3579
v  2243.4041 1107.4612 -536.3530
v  2386.7954 1020.1464 -448.7444
v  2434.6492 984.8248 -427.2763
v  2282.1626 1074.5278 -573.6104
v  2010.5210 1196.4862 -618.5863
v  2224.9885 1119.0193 -531.9056
v  -1557.4585 226.6662 -1717.1538
v  -1508.3704 234.8612 -1910.6188
v  -1537.9755 191.6007 -1955.9943
v  -1607.1978 199.0096 -1698.4940
v  -1505.2479 206.2024 -2006.7909
v  -1659.1101 228.6741 -1746.7495
v  -1530.7294 230.1566 -2097.3425
v  -1349.0012 206.5740 -2207.0522
v  -1356.8567 223.6925 -2139.6426
v  -1341.6827 191.7237 -2220.9180
v  -1296.7850 216.0872 -2303.8413
v  -1486.1672 338.3600 -1149.4906
v  -1454.4873 364.5364 -1210.5455
v  -1608.9235 259.6924 -1474.6849
v  -814.4466 34.9943 -154.3430
v  -511.4667 386.6936 -1083.6570
v  -628.0034 270.6654 -791.0853
v  566.1468 1510.5212 -3786.7480
v  -482.1974 411.8062 -1141.8331
v  588.7089 1525.7579 -3816.2944
v  -205.1178 705.9746 -1826.4294
v  573.1804 1507.2854 -3787.3877
v  575.7926 1522.6338 -3789.0027
v  -46.3774 884.4519 -2250.7463
v  -236.5380 686.0727 -1787.0767
v  566.1570 1519.0450 -3789.4053
v  -818.9128 70.9242 -305.9192
v  -809.2307 76.9198 -287.5793
v  -804.9490 61.7608 -294.9823
v  -819.9149 55.7907 -272.8554
v  -690.0800 213.6520 -625.7438
v  561.9168 1507.9851 -3780.5718
v  -859.1492 34.2949 -324.3477
v  537.5960 1488.1245 -3829.0984
v  703.3240 1535.0210 -4086.4456
v  528.4078 1497.8611 -3821.8323
v  737.6750 1506.9868 -4048.7366
v  -735.7189 149.4964 -482.2375
v  667.9167 1525.1427 -3922.8433
v  709.7256 1493.2904 -4032.2979
v  889.1687 1535.1428 -4195.1880
v  1018.4165 1506.4921 -4185.5630
v  1026.9952 1542.0028 -4146.1948
v  1016.9912 1494.3218 -4182.1704
v  3113.6672 103.0695 -461.7112
v  3117.4866 92.7487 -459.3862
v  3116.1443 107.0601 -522.1863
v  3084.5920 104.6590 -626.0726
v  3067.8303 25.9133 -166.5927
v  3017.4180 102.6552 -467.9696
v  3035.1738 120.2818 -674.7385
v  2671.3777 847.6153 -321.6880
v  2538.7065 960.0150 -471.9862
v  2730.1724 798.5932 -210.7858
v  2534.4680 956.4592 -473.4430
v  2712.1489 808.1232 -237.2133
v  2970.9658 50.1332 -235.3053
v  2985.6628 51.5735 -256.5592
v  2665.5435 773.6976 -237.0223
v  2437.8635 970.5507 -506.4775
v  2672.7686 781.3763 -220.8598
v  2319.7991 1084.3809 -608.4915
v  2518.3215 918.6649 -412.8071
v  2369.5461 1060.0355 -576.2072
v  2551.1865 887.2461 -308.7235
v  2562.1257 890.6306 -308.8419
v  2612.8953 819.5927 -232.9172
v  2453.7874 964.3138 -402.7114
v  2548.5154 885.0737 -302.9482
v  2753.5103 763.5642 -162.7108
v  2667.1284 766.0043 -115.2487
v  2673.5483 763.9373 -100.5099
v  2655.6067 766.9332 -112.8255
v  2660.8162 757.2410 -112.5751
v  4568.0078 626.4375 -2537.6465
v  4561.2407 632.4139 -2631.7620
v  4554.2715 634.3343 -2608.0332
v  4534.8589 625.1383 -2736.2517
v  4492.1519 627.9014 -2803.6680
v  4499.5596 636.4477 -2790.0896
v  4504.2002 632.6331 -2803.0847
v  4480.3208 607.5554 -2942.6333
v  4383.2251 595.4423 -3044.8557
v  4366.5234 629.9261 -2985.2612
v  4400.5923 622.6920 -3106.0896
v  4140.5933 606.1412 -3197.9082
v  4058.3821 590.3535 -3208.1633
v  4019.0249 626.4635 -3272.8843
v  4055.2236 629.4073 -3162.8044
v  2838.6814 889.6348 -2920.9058
v  2780.2537 924.4096 -2956.6980
v  3251.3352 792.3976 -3111.3982
v  3932.3745 636.4832 -3275.1553
v  3745.2070 592.4319 -3225.6394
v  3187.3662 809.3389 -3097.1594
v  3712.6565 635.1783 -3265.7578
v  4004.4143 630.9175 -3283.7500
v  3754.3604 632.2575 -3173.2141
v  2816.1250 927.9329 -2863.2358
v  3879.0632 630.1894 -3174.7334
v  3718.4485 636.7865 -3273.2202
v  3872.5305 628.7901 -3186.3787
v  3749.7363 606.0599 -3225.2957
v  3720.4961 637.8290 -3263.7297
v  3756.1533 629.9356 -3177.5115
v  3757.4600 627.1895 -3166.0483
v  3744.7517 642.0917 -3169.2439
v  -257.1525 428.9916 -240.2586
v  -522.3057 406.2072 -234.3090
v  -164.5436 407.3606 -330.7572
v  -65.3486 430.5761 -358.4845
v  -256.1871 432.9619 -357.7811
v  411.8810 433.5494 -970.9356
v  387.1450 425.9286 -948.4811
v  590.4041 387.6096 -1154.3843
v  -101.9693 428.9689 -454.2457
v  -45.6889 428.2939 -371.2299
v  455.8376 426.4008 -890.2339
v  507.5800 400.7173 -1007.1451
v  430.3792 430.7271 -850.8178
v  426.1230 422.3666 -848.3289
v  568.1113 411.6848 -988.5663
v  484.6689 435.7926 -917.9833
v  -103.2497 434.2133 -460.9608
v  -42.1725 436.4697 -378.1460
v  807.0693 292.4187 -1313.8617
v  891.1318 298.9455 -1324.7510
v  884.7004 297.9736 -1323.3868
v  710.3004 377.7828 -1149.8804
v  713.8608 375.5578 -1137.3759
v  649.6165 387.1223 -1087.6733
v  567.7136 1528.6156 -3957.6279
v  486.8242 1515.7076 -3831.7249
v  490.9228 1517.9841 -3851.8516
v  497.9510 1530.0410 -3855.6096
v  471.0202 1515.6587 -3818.3999
v  700.7314 1529.3889 -4096.4990
v  479.1889 1520.4086 -3818.5168
v  -181.8649 836.3275 -2166.7021
v  -624.8090 378.7311 -1073.1531
v  -903.6095 82.4330 -343.9677
v  -401.9492 604.1717 -1633.6885
v  -559.6344 429.1383 -1224.6345
v  -908.4469 69.8710 -337.7268
v  -898.3667 81.1634 -343.4382
v  -900.4183 72.4221 -339.8431
v  -443.5006 549.1713 -1499.5496
v  483.9103 1511.0530 -3819.2981
v  474.2099 1511.5040 -3826.3228
v  -703.0843 279.9791 -845.3749
v  2151.9072 708.1906 -2724.5779
v  2284.4077 753.8141 -2746.0669
v  2304.4014 780.4596 -2700.4788
v  2276.1897 766.9687 -2689.3486
v  2126.8965 728.3263 -2665.9624
v  2206.6704 702.3430 -2726.4587
v  2142.7715 733.7914 -2674.7246
v  2656.8186 932.3740 -2813.8523
v  2649.3992 929.1927 -2804.7898
v  2820.9985 930.8342 -2867.8582
v  2627.8962 927.0042 -2913.1826
v  2610.5168 885.3012 -2851.7207
v  2743.6438 931.6942 -2950.5933
v  2745.2061 923.4639 -2950.4807
v  2828.4827 922.3551 -2872.4575
v  2694.1277 924.1811 -2876.3325
v  2765.2827 926.5469 -2949.1355
v  2767.3442 936.8423 -2950.0554
v  2402.3994 831.9694 -2727.0042
v  3151.4368 833.0349 -3086.0503
v  3186.6304 820.9630 -3084.7944
v  3354.5923 779.5430 -3049.3877
v  3406.7957 761.1739 -3057.0779
v  3243.7217 804.0275 -3012.6807
v  3243.4355 797.0419 -3107.2478
v  3271.5371 770.5002 -3068.3679
v  3307.5229 782.2583 -3022.6836
v  2000.5374 1232.9872 -663.9478
v  2221.8174 1133.1832 -636.3987
v  2218.3879 1144.5210 -642.3118
v  1966.3527 1225.4978 -659.3215
v  2014.5247 1216.1063 -672.4008
v  3030.0984 131.5620 -746.2248
v  1795.2618 1241.6882 -659.8165
v  3014.2593 131.4606 -934.8465
v  3000.8799 127.9343 -960.7612
v  2888.6575 133.4243 -1227.5200
v  2973.8035 428.5126 678.6533
v  2980.3711 428.8984 660.9714
v  3001.0747 406.6979 718.2570
v  2990.2791 420.5715 588.0568
v  3204.5269 302.8294 885.0282
v  3113.0503 383.7458 731.1561
v  3102.7444 401.9614 722.1249
v  3095.5083 397.1762 710.3392
v  2962.2886 457.4087 615.9821
v  2942.0398 577.0363 301.6761
v  2922.2783 583.4482 287.9628
v  2936.0254 483.4255 568.8054
v  2764.3374 748.9796 -116.8516
v  2587.0454 130.4398 -1428.9193
v  3050.2063 106.4450 -976.4213
v  2282.5898 131.1429 -1560.5077
v  2287.0295 127.3037 -1554.2610
v  1142.0778 1522.9104 -4244.4165
v  1068.6969 1530.0433 -4234.3652
v  1235.5024 1532.0455 -4243.2163
v  1321.7024 1492.1038 -4181.4604
v  1131.0206 129.1183 -1605.4229
v  1472.5309 106.3762 -1737.9030
v  1447.1921 133.1324 -1783.8113
v  1262.1233 1534.4304 -4232.0742
v  1331.9271 1506.4314 -4175.6191
v  1327.0337 1532.0287 -4124.6001
v  1329.9910 1530.9141 -4119.9771
# 771 vertices

vn -0.6747 0.0314 0.7374
vn -0.7439 -0.2137 0.6331
vn -0.2826 0.5730 0.7693
vn -0.1495 -0.8104 0.5665
vn 0.0000 -0.8185 0.5745
vn 0.0157 -0.8184 0.5744
vn 0.0787 0.8820 -0.4646
vn -0.1260 -0.3466 0.9295
vn -0.0314 0.7774 0.6282
vn -0.1102 -0.4095 -0.9056
vn -0.1575 0.8347 -0.5276
vn -0.1492 -0.9109 -0.3848
vn -0.0940 -0.8308 0.5486
vn 0.0079 -0.8185 -0.5745
vn 0.1102 -0.8424 -0.5275
vn 0.0157 -0.8184 -0.5744
vn 0.1728 -0.3927 -0.9033
vn 0.0000 0.8121 -0.5835
vn 0.0079 -0.7071 -0.7071
vn 0.0079 -0.9835 0.1810
vn 0.1023 -0.7949 -0.5981
vn 0.0628 -0.8169 0.5734
vn 0.2053 -0.8131 0.5447
vn -0.2278 -0.8090 -0.5419
vn -0.0628 -0.8169 -0.5734
vn -0.0790 -0.8133 -0.5764
vn 0.1414 -0.7776 0.6127
vn -0.0550 -0.8173 -0.5736
vn -0.0474 0.8523 -0.5209
vn 0.0000 -0.3068 -0.9518
vn 0.0000 -0.6992 -0.7149
vn 0.0000 0.7149 -0.6992
vn 0.0000 -0.9803 -0.1976
vn 0.0000 -0.9771 0.2128
vn 0.0000 -0.8185 -0.5745
vn 0.0000 0.6285 -0.7778
vn 0.0000 0.7637 0.6456
vn 0.0000 0.9414 0.3373
vn 0.0000 -0.7565 0.6540
vn 0.0000 0.8019 -0.5975
vn 0.0000 0.7303 -0.6832
vn 0.0000 0.1491 -0.9888
vn -0.6454 -0.7635 0.0236
vn -0.6313 -0.7576 0.1657
vn -0.5830 -0.7642 0.2758
vn 0.5287 0.8444 0.0868
vn 0.5207 0.8520 0.0552
vn 0.5213 0.8451 -0.1185
vn 0.1573 0.9279 0.3381
vn 0.3077 0.9152 0.2604
vn -0.6280 -0.7772 -0.0393
vn -0.5439 -0.7568 0.3626
vn -0.5507 -0.7631 0.3383
vn 0.1414 -0.7382 -0.6596
vn 0.0395 -0.7670 -0.6405
vn 0.2679 -0.7485 -0.6067
vn 0.3871 0.8690 -0.3081
vn -0.1738 0.8451 0.5055
vn 0.1025 0.8751 0.4730
vn 0.0946 0.8437 0.5283
vn 0.4023 0.6706 0.6232
vn 0.0315 0.9830 0.1809
vn 0.1974 -0.0474 0.9792
vn -0.2121 0.9111 -0.3534
vn -0.0552 0.9068 -0.4179
vn -0.0708 0.9131 -0.4015
vn -0.2054 0.9087 -0.3635
vn 0.0471 0.9115 0.4086
vn 0.2045 0.9126 0.3540
vn 0.2048 0.9060 0.3703
vn -0.2287 0.5363 0.8124
vn 0.0788 0.9457 0.3152
vn 0.5921 0.5290 -0.6079
vn 0.4962 0.8507 -0.1733
vn -0.2910 0.4247 0.8573
vn -0.4082 -0.9107 0.0628
vn 0.5344 0.7937 -0.2908
vn -0.2593 -0.9586 0.1179
vn 0.3465 0.9057 0.2441
vn 0.2199 0.9426 -0.2514
vn -0.0235 -0.8082 -0.5885
vn -0.2042 -0.7934 0.5734
vn -0.1804 -0.2588 0.9489
vn -0.0474 -0.7982 -0.6006
vn 0.0869 0.9003 0.4265
vn -0.2599 -0.8034 0.5356
vn -0.1259 -0.0393 0.9913
vn 0.1581 0.9013 -0.4032
vn -0.0079 -0.7417 -0.6707
vn 0.0235 0.2901 0.9567
vn 0.0393 0.9118 0.4087
vn -0.0628 -0.9969 0.0471
vn -0.1495 -0.8104 -0.5665
vn 0.0472 -0.8176 0.5739
vn -0.0473 -0.7876 -0.6143
vn -0.2835 -0.8110 -0.5118
vn 0.0000 -0.8121 0.5835
vn -0.0079 -0.8121 0.5835
vn -0.0236 -0.8119 0.5833
vn 0.1342 -0.9711 -0.1974
vn -0.0079 -0.7637 0.6456
vn 0.1255 -0.9179 -0.3766
vn -0.1733 0.1260 0.9768
vn -0.1888 0.4170 0.8891
vn -0.1417 0.9838 0.1102
vn -0.0863 0.6040 0.7923
vn 0.0473 0.7258 -0.6863
vn 0.0706 0.5259 -0.8476
vn -0.0237 0.9079 -0.4184
vn -0.0157 0.9051 -0.4250
vn -0.0393 0.9045 -0.4247
vn 0.1022 0.4323 -0.8959
vn 0.1336 -0.0393 -0.9903
vn -0.0236 -0.8812 0.4721
vn -0.1024 0.9927 0.0630
vn -0.1891 0.6538 0.7326
vn 0.0394 0.7559 -0.6535
vn -0.0786 0.6131 0.7861
vn 0.0236 0.9123 -0.4089
vn -0.1652 0.9045 0.3932
vn -0.0550 0.9111 0.4084
vn 0.0000 0.9082 0.4186
vn 0.1022 -0.8179 -0.5662
vn 0.1418 -0.8113 -0.5671
vn -0.0394 -0.8115 -0.5830
vn -0.0158 -0.4024 -0.9153
vn 0.1185 -0.3633 -0.9241
vn 0.0316 -0.9950 0.0948
vn 0.0079 0.8896 -0.4566
vn -0.0158 0.0870 -0.9961
vn 0.0550 -0.1807 0.9820
vn 0.0000 0.9082 -0.4186
vn -0.0157 0.9887 0.1491
vn 0.0079 0.9125 0.4090
vn 0.0236 -0.8119 0.5833
vn -0.1178 -0.8165 -0.5652
vn 0.0078 0.9095 0.4156
vn -0.1257 0.9110 -0.3927
vn 0.1266 0.9097 0.3955
vn -0.2352 0.5409 -0.8075
vn 0.1816 -0.8133 0.5527
vn -0.1262 0.9068 -0.4022
vn 0.1728 -0.8171 0.5500
vn -0.1816 -0.8133 -0.5527
vn -0.0315 -0.8117 -0.5832
vn 0.1334 0.9101 0.3923
vn 0.1341 -0.7574 -0.6390
vn -0.0079 -0.9715 0.2369
vn -0.0471 0.9969 0.0628
vn -0.1657 0.2761 0.9467
vn -0.0079 -0.8589 0.5122
vn 0.1727 -0.0863 -0.9812
vn 0.1178 0.5652 -0.8165
vn 0.1736 -0.1105 -0.9786
vn 0.0550 -0.9970 -0.0550
vn -0.0632 0.9714 0.2290
vn 0.0867 0.5990 -0.7960
vn -0.1491 -0.0078 0.9888
vn 0.1812 -0.8034 0.5671
vn 0.0710 -0.9463 0.3154
vn -0.0868 -0.9474 -0.3079
vn 0.9654 0.2433 0.0942
vn 0.4721 0.8812 -0.0236
vn 0.5655 0.6598 0.4948
vn 0.4181 0.9072 0.0473
vn 0.3547 0.9066 0.2286
vn 0.4090 0.9125 0.0079
vn -0.4084 0.9111 -0.0550
vn -0.4185 0.9082 -0.0079
vn -0.3547 0.9066 -0.2286
vn 0.2129 0.9699 0.1183
vn -0.2438 0.9672 0.0708
vn 0.8735 0.2754 -0.4014
vn -0.6621 0.7252 -0.1892
vn -0.9972 -0.0236 -0.0707
vn -0.0157 0.9998 -0.0079
vn 0.7326 0.6538 0.1891
vn 0.9059 0.1339 0.4017
vn 0.5731 -0.8086 0.1335
vn -0.2364 -0.9691 -0.0709
vn 0.2517 -0.9596 0.1258
vn -0.8551 0.0633 0.5146
vn -0.3693 0.9116 -0.1807
vn 0.5521 -0.8202 0.1498
vn 0.5196 -0.8188 0.2441
vn 0.5609 -0.8059 0.1896
vn -0.6125 -0.7382 -0.2827
vn -0.4813 -0.8048 -0.3472
vn -0.5752 -0.8116 -0.1024
vn -0.5502 -0.8096 -0.2044
vn -0.4109 -0.8139 -0.4109
vn 0.4316 -0.8160 0.3845
vn -0.3235 0.9074 -0.2683
vn -0.0864 -0.9902 -0.1100
vn 0.4109 -0.8139 0.4109
vn 0.7240 0.3148 0.6138
vn 0.2744 -0.8154 0.5097
vn 0.3154 -0.7884 0.5282
vn 0.9268 0.2985 -0.2278
vn 0.9115 -0.2829 -0.2986
vn 0.1259 0.9913 0.0393
vn 0.3942 0.9067 -0.1498
vn 0.8206 0.3314 -0.4655
vn 0.8853 0.1423 -0.4427
vn 0.0472 0.9838 0.1731
vn 0.4330 -0.8031 -0.4094
vn 0.4737 0.8764 -0.0868
vn 0.4652 -0.7964 -0.3864
vn 0.4422 -0.8054 -0.3948
vn 0.4317 -0.8084 -0.4003
vn 0.5273 -0.8185 -0.2282
vn 0.9301 -0.2995 -0.2128
vn 0.3233 0.9462 -0.0158
vn 0.4183 0.9077 -0.0316
vn 0.4184 0.9079 -0.0237
vn 0.4242 0.9034 -0.0628
vn 0.5665 -0.8104 -0.1495
vn -0.1653 0.9760 0.1417
vn 0.2995 -0.0315 -0.9536
vn -0.1341 0.8282 0.5442
vn 0.5590 -0.8109 -0.1732
vn 0.6596 0.7382 -0.1414
vn -0.3771 0.9114 0.1650
vn -0.3937 0.9056 0.1575
vn -0.4078 0.9097 0.0784
vn 0.5521 -0.8202 -0.1498
vn 0.1019 -0.9331 -0.3450
vn 0.3852 0.9119 -0.1415
vn 0.2511 0.9101 -0.3295
vn 0.2596 0.9046 -0.3382
vn 0.3762 -0.8073 -0.4546
vn 0.3074 -0.8118 -0.4965
vn -0.3231 0.9143 0.2443
vn -0.2276 0.9105 0.3453
vn -0.2596 0.9046 0.3382
vn 0.6914 0.4949 -0.5264
vn -0.7776 0.2199 0.5891
vn 0.3554 0.9082 -0.2211
vn -0.3951 0.9088 0.1343
vn -0.3629 -0.8205 0.4418
vn -0.5437 -0.8195 0.1812
vn -0.4953 -0.8098 0.3145
vn 0.4418 -0.8205 -0.3629
vn -0.5754 -0.8040 0.1498
vn -0.5774 -0.8146 0.0554
vn -0.5817 -0.8096 0.0786
vn 0.4095 0.9056 -0.1102
vn -0.5658 -0.8094 0.1572
vn 0.1022 0.5662 -0.8179
vn 0.1105 0.3472 -0.9312
vn -0.0948 0.9955 0.0079
vn 0.1732 -0.8109 -0.5590
vn 0.1808 -0.8098 -0.5582
vn 0.1178 -0.8165 -0.5652
vn 0.0393 -0.9973 -0.0628
vn -0.0394 -0.7559 0.6535
vn -0.1104 -0.7411 0.6623
vn 0.0079 0.9082 -0.4185
vn 0.0471 0.9115 -0.4086
vn 0.1653 -0.6693 -0.7244
vn -0.0943 0.9114 0.4007
vn -0.1106 0.9085 0.4029
vn 0.0158 0.9486 -0.3162
vn 0.1578 -0.2209 -0.9625
vn 0.0789 0.7966 -0.5994
vn -0.1575 0.5747 0.8031
vn -0.1581 0.4822 0.8617
vn 0.1341 -0.8122 -0.5678
vn 0.1657 0.0158 -0.9861
vn 0.1495 -0.9602 -0.2361
vn -0.0785 -0.8160 0.5727
vn -0.1182 0.9929 -0.0158
vn 0.0393 0.9118 -0.4087
vn -0.1021 0.9107 0.4004
vn 0.1338 -0.7086 -0.6928
vn -0.0236 -0.9288 0.3699
vn -0.1899 0.3877 0.9020
vn -0.1491 -0.1255 0.9808
vn -0.1655 -0.0473 0.9851
vn 0.0394 -0.9456 0.3231
vn -0.0707 -0.8164 0.5731
vn -0.1498 0.9067 0.3942
vn -0.1260 0.9768 0.1733
vn -0.1493 0.9039 0.4009
vn 0.0553 0.3558 -0.9329
vn -0.0788 -0.0867 0.9931
vn -0.1417 0.8976 0.4173
vn -0.1811 0.8977 -0.4016
vn 0.1807 -0.8797 -0.4399
vn -0.1575 0.9056 0.3937
vn -0.1338 -0.1181 0.9839
vn 0.0079 0.7708 -0.6371
vn 0.1022 -0.9910 0.0865
vn 0.1897 -0.3715 -0.9089
vn -0.0236 -0.7301 0.6830
vn -0.2361 0.9049 -0.3541
vn -0.2282 0.9129 -0.3384
vn -0.1581 0.9013 -0.4032
vn -0.3790 0.3948 -0.8370
vn -0.0552 0.4339 -0.8993
vn -0.1498 0.9773 0.1498
vn 0.1886 0.9035 0.3850
vn -0.1263 0.8920 0.4341
vn -0.1660 0.4505 -0.8772
vn 0.0471 -0.9744 0.2200
vn 0.0942 -0.3219 0.9421
vn 0.0079 -0.9998 0.0157
vn 0.0943 0.8247 0.5577
vn 0.0394 0.9217 0.3860
vn 0.0000 -0.6707 0.7417
vn 0.0000 -0.9541 -0.2996
vn 0.0000 -0.7071 -0.7071
vn -0.3372 -0.8155 -0.4705
vn -0.0709 -0.7247 -0.6854
vn 0.1655 -0.8120 0.5597
vn -0.4404 0.8966 0.0472
vn -0.4426 0.8932 0.0790
vn -0.3476 0.9007 -0.2607
vn -0.1025 0.9064 -0.4098
vn -0.1726 0.9101 -0.3766
vn -0.0471 0.9115 -0.4086
vn -0.0709 0.7797 -0.6222
vn -0.0787 0.2676 -0.9603
vn 0.6556 -0.2054 0.7267
vn -0.1497 0.9689 -0.1969
vn -0.2591 0.9107 -0.3219
vn 0.3765 -0.8157 0.4392
vn -0.1581 0.9803 -0.1186
vn 0.8516 -0.1892 0.4889
vn -0.3541 0.9049 -0.2361
vn 0.4941 -0.8078 0.3215
vn 0.4955 0.5034 0.7079
vn 0.2518 0.1731 0.9522
vn 0.6613 0.2677 0.7007
vn 0.1575 0.9056 0.3937
vn 0.2986 0.9115 0.2829
vn 0.1106 0.9085 0.4029
vn -0.4638 0.5817 -0.6682
vn -0.0314 -0.9975 -0.0628
vn 0.3709 0.9075 0.1973
vn -0.5118 -0.8110 -0.2835
vn -0.0946 0.9930 -0.0709
vn -0.8355 -0.0788 -0.5438
vn 0.0000 -0.9975 -0.0707
vn 0.0000 -0.6150 0.7885
vn 0.0000 -0.9737 -0.2277
vn 0.0000 -0.7303 -0.6832
vn 0.0000 -0.1657 0.9862
vn -0.5356 -0.8034 -0.2599
vn -0.5588 -0.7950 -0.2361
vn 0.3684 0.9014 0.2273
vn 0.9276 0.1887 0.3223
vn 0.1729 0.9667 0.1886
vn -0.4968 -0.8201 -0.2839
vn 0.3691 0.9030 0.2199
vn 0.5975 -0.8019 -0.0000
vn 0.5974 -0.8018 -0.0157
vn -0.3708 0.9230 -0.1026
vn -0.8449 -0.4580 -0.2764
vn -0.5809 -0.8085 -0.0942
vn 0.5817 -0.8096 -0.0786
vn -0.0158 0.9005 0.4345
vn -0.7011 0.1969 0.6853
vn -0.5367 0.3868 0.7499
vn 0.4631 -0.5651 -0.6828
vn -0.2042 -0.9188 -0.3377
vn -0.0947 -0.9468 -0.3077
vn 0.2766 -0.7744 -0.5690
vn 0.2037 -0.7521 -0.6268
vn 0.2120 -0.7616 -0.6124
vn 0.1101 -0.7942 -0.5976
vn 0.7406 0.5200 -0.4255
vn -0.0785 0.8160 0.5727
vn -0.1417 0.8657 0.4801
vn -0.0395 0.8374 0.5451
vn -0.0549 0.8391 0.5411
vn 0.7876 0.3308 -0.5198
vn -0.6134 -0.7628 0.2045
vn -0.6611 -0.7319 0.1653
vn -0.6783 -0.7177 0.1577
vn 0.1022 -0.7151 -0.6915
vn 0.1499 -0.7337 -0.6627
vn -0.7378 -0.6750 0.0078
vn -0.6915 -0.7151 0.1022
vn 0.1345 -0.7278 -0.6724
vn 0.7643 0.4019 -0.5043
vn 0.2280 -0.6604 -0.7154
vn -0.6008 -0.7984 0.0395
vn 0.6539 -0.4412 -0.6146
vn -0.7000 -0.7000 0.1416
vn -0.0315 -0.8585 -0.5119
vn 0.2047 -0.7558 -0.6220
vn 0.4238 -0.8005 -0.4238
vn 0.1816 -0.7262 -0.6631
vn -0.7380 -0.5888 0.3297
vn 0.4407 -0.7949 -0.4171
vn -0.1499 0.7337 0.6627
vn -0.7421 -0.1737 0.6474
vn -0.3151 0.8980 0.3072
vn -0.8328 0.3143 0.4557
vn 0.1185 0.8451 0.5213
vn 0.7484 0.5278 -0.4017
vn 0.3069 -0.7870 -0.5352
vn -0.2834 0.8973 0.3385
vn 0.6702 -0.0394 -0.7411
vn -0.7247 -0.6381 0.2600
vn -0.0553 0.9238 0.3790
vn -0.4404 -0.8966 0.0472
vn 0.3710 -0.7893 -0.4893
vn -0.1571 0.9191 0.3614
vn -0.6067 -0.7721 0.1891
vn -0.5832 -0.7881 0.1970
vn -0.6211 -0.7626 0.1808
vn -0.2285 0.8903 0.3939
vn -0.1494 0.8731 0.4641
vn -0.8267 -0.0630 0.5590
vn 0.7586 0.5057 -0.4109
vn -0.1185 -0.8298 -0.5453
vn 0.0079 0.8185 0.5745
vn 0.3528 0.9096 0.2195
vn 0.2690 0.9097 0.3164
vn 0.2750 0.9113 0.3064
vn -0.3858 -0.8188 -0.4251
vn -0.3765 -0.8157 -0.4392
vn -0.5106 -0.8092 -0.2907
vn -0.3554 0.9082 -0.2211
vn -0.2822 0.9093 -0.3057
vn -0.2670 0.9110 -0.3142
vn 0.3697 -0.8181 0.4405
vn 0.3924 -0.8163 0.4238
vn 0.5266 -0.8096 0.2594
vn -0.3788 0.9075 -0.1815
vn 0.4413 0.7723 -0.4570
vn 0.2362 0.8109 -0.5354
vn 0.1500 0.8450 -0.5133
vn -0.6773 -0.7088 -0.1969
vn -0.3154 0.9463 -0.0710
vn -0.7520 0.4622 -0.4700
vn 0.2906 -0.9425 0.1649
vn 0.4730 -0.8751 0.1025
vn -0.4710 -0.7693 -0.4317
vn 0.3554 0.9082 0.2211
vn 0.3860 0.9138 0.1260
vn 0.4182 0.9075 0.0395
vn -0.5826 -0.8109 -0.0551
vn -0.5059 -0.8143 -0.2846
vn -0.4182 0.9075 -0.0395
vn -0.5593 -0.8193 -0.1260
vn -0.9766 0.1890 -0.1024
vn -0.5734 -0.8169 -0.0628
vn 0.5118 -0.8110 0.2835
vn 0.5774 -0.8146 0.0554
vn -0.4185 0.9081 0.0158
vn 0.5832 -0.8117 -0.0315
vn 0.4089 0.9121 -0.0315
vn -0.5592 -0.8033 0.2048
vn -0.5739 -0.8176 0.0472
vn 0.4017 0.9059 -0.1339
vn 0.5502 -0.8096 -0.2044
vn -0.3923 0.9101 0.1334
vn -0.3782 0.9062 0.1891
vn -0.8422 -0.4486 0.2991
vn -0.9439 0.3304 -0.0000
vn 0.6518 -0.7304 -0.2042
vn -0.2514 0.9586 0.1336
vn -0.5500 -0.8171 0.1728
vn 0.3780 0.9136 -0.1496
vn -0.1338 -0.7240 0.6767
vn 0.3936 -0.8109 0.4330
vn -0.0551 -0.7553 0.6530
vn 0.5266 -0.8096 -0.2594
vn 0.4321 0.8563 0.2828
vn 0.5820 0.7707 0.2595
vn 0.2908 0.9037 0.3143
vn 0.3640 -0.8149 -0.4510
vn -0.2431 0.9095 -0.3372
vn -0.2994 0.9060 -0.2994
vn 0.2282 0.9129 0.3384
vn 0.2357 0.9112 0.3378
vn 0.3372 -0.8155 0.4705
vn -0.3613 -0.8091 -0.4635
vn -0.5054 -0.7502 -0.4264
vn -0.3302 -0.8176 -0.4717
vn -0.4329 -0.8185 -0.3778
vn -0.5597 0.3547 -0.7489
vn 0.3627 -0.8120 -0.4573
vn 0.1977 -0.8144 -0.5456
vn 0.2672 -0.8172 -0.5107
vn 0.1024 0.9766 -0.1890
vn 0.6324 0.0000 -0.7747
vn 0.2991 -0.7557 -0.5826
vn 0.3302 -0.8176 -0.4717
vn -0.1807 0.9116 0.3693
vn -0.2286 0.9066 0.3547
vn -0.2511 0.9101 0.3295
vn 0.0314 -0.9816 -0.1885
vn 0.0236 -0.9588 -0.2829
vn 0.1338 0.2992 -0.9448
vn -0.1025 -0.8990 0.4258
vn -0.0628 0.9107 0.4082
vn -0.1028 0.9093 0.4033
vn -0.1098 0.9099 0.4000
vn 0.4893 -0.8129 -0.3157
vn -0.3703 0.9060 0.2048
vn 0.2447 0.1658 -0.9553
vn -0.0079 0.9985 0.0550
vn -0.0157 0.9834 0.1809
vn -0.0079 -0.9992 0.0393
vn 0.3387 0.1891 -0.9217
vn -0.3609 0.9100 0.2040
vn 0.5027 -0.8169 -0.2828
vn 0.1102 -0.8109 -0.5747
vn 0.1255 -0.8157 -0.5647
vn 0.2039 -0.8158 -0.5412
vn -0.1964 0.8641 0.4635
vn 0.5429 -0.8183 -0.1888
vn 0.5652 -0.8165 -0.1178
vn 0.5647 -0.8157 -0.1255
vn -0.5745 0.8185 0.0079
vn 0.9947 -0.0947 -0.0395
vn -0.2118 0.9728 0.0941
vn 0.3944 0.8836 -0.2524
vn 0.3234 0.8834 -0.3392
vn 0.4340 0.8996 -0.0473
vn -0.4640 0.8808 -0.0944
vn -0.4492 0.8748 -0.1813
vn -0.3944 0.8992 -0.1893
vn 0.3392 0.8834 -0.3234
vn -0.7147 -0.6362 0.2906
vn -0.8086 0.5731 0.1335
vn 0.0789 0.9623 -0.2603
vn 0.6551 0.6393 -0.4025
vn 0.9552 -0.2053 -0.2131
vn -0.4501 0.8924 -0.0316
vn -0.8677 -0.2919 0.4023
vn 0.9221 -0.2128 -0.3231
vn -0.6238 0.7738 0.1105
vn 0.3315 0.8997 -0.2841
vn 0.6390 0.6864 -0.3471
vn -0.1502 -0.8140 -0.5611
vn -0.3616 -0.8176 -0.4481
vn -0.1100 -0.8172 -0.5658
vn 0.3547 0.9066 -0.2286
vn -0.3766 0.9101 0.1726
vn -0.3316 0.9394 0.0868
vn -0.3870 -0.8134 -0.4343
vn -0.0157 0.9919 -0.1260
vn -0.2910 -0.4404 -0.8493
vn -0.1897 0.2530 -0.9487
vn 0.0315 -0.8181 -0.5742
vn 0.0393 -0.8179 -0.5741
vn 0.1029 -0.8153 -0.5699
vn 0.0237 0.6011 -0.7988
vn 0.0944 0.6921 -0.7156
vn -0.0316 0.9942 0.1026
vn 0.8966 -0.0472 -0.4404
vn 0.1100 -0.8172 -0.5658
vn -0.1892 -0.6621 0.7252
vn -0.0079 -0.0707 0.9975
vn -0.0472 0.9667 0.2515
vn -0.8190 -0.4174 0.3937
vn -0.2669 0.9027 0.3375
vn 0.2603 0.9069 -0.3312
vn 0.0943 0.9114 -0.4007
vn 0.0706 0.9102 -0.4080
vn 0.3478 0.9091 -0.2293
vn -0.3871 0.9084 0.1580
vn -0.7825 0.3004 0.5454
vn 0.6478 0.5767 -0.4977
vn -0.4874 -0.8176 0.3066
vn -0.4705 -0.8155 0.3372
vn -0.5036 -0.8105 0.2990
vn 0.2986 0.9115 -0.2829
vn 0.1658 0.9790 -0.1184
vn -0.4095 -0.8112 0.4174
vn 0.5048 -0.8124 -0.2918
vn -0.6921 0.0944 0.7156
vn -0.3393 -0.8128 0.4735
vn 0.3381 -0.8098 -0.4796
vn 0.2121 0.9111 -0.3534
vn 0.2199 0.9030 -0.3691
vn -0.2911 -0.8183 0.4957
vn -0.4953 -0.3145 0.8098
vn -0.2683 0.9074 0.3235
vn -0.1255 -0.8157 0.5647
vn 0.3062 -0.8086 0.5024
vn 0.2755 -0.8187 0.5038
vn -0.0550 0.9985 -0.0079
vn -0.4493 -0.2444 -0.8593
vn -0.1897 0.9089 -0.3715
vn 0.2123 -0.8020 0.5583
vn -0.2911 -0.8183 -0.4957
vn 0.0866 -0.8026 -0.5902
vn -0.0789 -0.7966 -0.5994
vn -0.2604 -0.8129 -0.5209
vn 0.1973 0.9075 0.3709
vn 0.0316 0.8924 0.4501
vn -0.3148 0.6138 -0.7240
vn -0.0942 0.9338 -0.3453
vn -0.1970 -0.8906 -0.4098
vn 0.1893 -0.9781 -0.0868
vn 0.3397 -0.7664 0.5452
vn 0.1419 -0.3785 0.9147
vn 0.1884 -0.8086 0.5574
vn 0.0944 -0.7156 0.6921
vn -0.3157 0.9077 -0.2763
vn -0.3931 0.9119 -0.1179
vn -0.3782 0.9062 -0.1891
vn 0.5597 -0.8120 0.1655
vn 0.4434 -0.8155 0.3721
vn 0.4821 -0.8140 0.3240
vn -0.4965 -0.8118 -0.3074
vn -0.4510 -0.8149 -0.3640
vn -0.5220 -0.8146 -0.2531
vn 0.9463 0.0000 0.3233
vn 0.0629 0.9980 -0.0000
vn 0.7557 0.1496 0.6376
vn 0.3142 0.9110 0.2670
vn 0.3782 0.9062 0.1891
vn 0.4017 0.9059 0.1339
vn 0.5832 -0.8117 0.0315
vn -0.5832 -0.8117 -0.0315
vn -0.8483 0.3063 -0.4320
vn -0.9467 0.2761 -0.1657
vn 0.2996 0.9539 0.0158
vn -0.0471 0.9964 -0.0706
vn -0.4154 0.9091 -0.0313
vn 0.9588 0.2829 0.0236
vn 0.2758 0.9612 0.0079
vn 0.8668 -0.4255 0.2600
vn 0.5834 -0.8120 0.0158
vn 0.4185 0.9081 -0.0158
vn 0.9970 0.0550 -0.0550
vn -0.4177 0.9064 0.0631
vn 0.4177 0.9064 -0.0631
vn 0.1498 -0.8040 -0.5754
vn 0.0158 -0.8056 0.5923
vn -0.0473 -0.8112 0.5828
vn -0.2511 0.9101 -0.3295
vn -0.2517 0.9125 -0.3225
vn 0.3535 -0.8170 0.4556
vn -0.0475 -0.8149 0.5776
vn 0.2431 0.9095 0.3372
vn -0.3393 -0.8128 -0.4735
vn 0.2517 0.9125 0.3225
vn -0.3535 -0.8170 -0.4556
vn 0.3458 0.8408 0.4165
vn -0.5902 -0.0866 -0.8026
vn -0.7344 -0.3316 -0.5922
vn 0.2518 0.9678 -0.0000
vn -0.3875 0.9095 0.1503
vn 0.5456 -0.8144 -0.1977
vn 0.5493 -0.8083 -0.2119
vn 0.5834 0.8120 -0.0158
vn 0.5453 0.8377 -0.0316
vn 0.5508 0.8341 -0.0315
vn -0.6693 -0.7244 0.1653
vn -0.6474 -0.7421 0.1737
vn -0.3233 -0.9463 -0.0000
vn 0.4176 -0.8431 -0.3388
vn -0.7958 -0.3231 0.5122
vn 0.0158 0.9611 0.2757
vn 0.6534 0.7242 -0.2204
vn -0.7797 0.4016 0.4804
vn -0.7408 -0.5753 0.3468
vn -0.4565 -0.8658 -0.2047
vn -0.6870 -0.0158 0.7265
vn -0.5665 -0.8104 0.1495
vn -0.5679 -0.8046 0.1735
vn -0.5681 -0.7970 0.2052
vn 0.7549 0.5190 -0.4010
vn 0.7970 -0.2052 -0.5681
vn 0.4804 0.8742 -0.0709
vn 0.4332 0.8979 -0.0788
vn 0.4393 0.8942 -0.0863
vn 0.0000 0.8440 0.5364
vn 0.7400 0.5668 -0.3621
vn 0.7657 0.3157 -0.5604
vn -0.6611 -0.7241 0.1968
vn -0.0394 -0.8582 -0.5118
vn -0.1813 -0.8748 -0.4492
vn 0.6987 0.0393 -0.7144
vn 0.7254 -0.1183 -0.6781
vn -0.3081 0.5846 0.7505
vn 0.4960 0.8660 -0.0630
vn 0.9079 0.0237 -0.4184
vn 0.0158 0.8120 0.5834
vn -0.4022 -0.9147 0.0394
vn 0.7230 0.5736 -0.3851
vn -0.1579 0.8288 0.5368
vn -0.6907 -0.6514 0.3140
vn 0.0395 -0.9075 -0.4182
vn -0.9045 -0.3932 0.1652
vn -0.4025 -0.9077 -0.1184
vn 0.2277 -0.9656 -0.1256
vn 0.7574 0.2761 -0.5917
vn 0.2673 0.8726 0.4088
vn -0.5349 0.4090 0.7394
vn -0.8420 -0.2125 0.4958
vn -0.6141 0.2519 0.7479
vn 0.5800 0.8072 -0.1097
vn 0.4394 0.8553 0.2746
vn 0.7691 0.5808 -0.2668
vn 0.5041 0.8585 -0.0945
vn 0.7652 0.6390 -0.0789
vn 0.7628 -0.6134 -0.2045
vn -0.4022 0.9068 0.1262
vn -0.5742 -0.8102 0.1180
vn -0.5348 -0.8179 0.2123
vn -0.5689 -0.8138 0.1185
vn 0.5575 -0.8166 -0.1492
vn 0.5689 -0.8138 -0.1185
vn 0.5804 -0.8079 -0.1020
vn 0.3776 0.9125 -0.1573
vn 0.5447 -0.8131 -0.2053
vn -0.5655 0.8247 -0.0000
vn -0.5412 -0.8158 0.2039
vn 0.8621 -0.2847 -0.4192
vn 0.0393 0.7946 0.6058
vn 0.6063 0.7952 -0.0079
vn -0.0315 0.8117 0.5832
vn -0.2590 0.8790 0.4003
vn -0.0314 0.8015 0.5972
vn 0.8045 0.2997 -0.5127
vn -0.0236 0.8183 0.5744
vn -0.3235 0.9074 0.2683
vn -0.5582 -0.8098 0.1808
vn 0.4659 0.8845 -0.0237
vn 0.6194 0.7841 0.0392
vn 0.6138 0.7869 0.0630
vn 0.4816 0.8764 -0.0000
vn 0.5595 0.8275 0.0473
vn -0.0394 0.6702 -0.7411
vn 0.0395 0.7984 0.6008
vn 0.6012 0.7990 -0.0079
vn -0.7223 -0.0314 -0.6909
vn -0.0315 -0.9995 0.0079
vn -0.6549 -0.5760 -0.4892
vn -0.3923 0.8081 -0.4394
vn 0.6624 0.5993 0.4495
vn -0.1660 0.8772 -0.4505
vn -0.5666 -0.7870 -0.2440
vn -0.4316 -0.8160 -0.3845
vn -0.5702 -0.7840 -0.2455
vn 0.0628 -0.9177 0.3922
vn -0.6129 -0.7464 -0.2593
vn -0.1970 -0.9140 0.3546
vn 0.6754 -0.1021 0.7304
vn 0.2288 -0.7731 0.5916
vn 0.2761 -0.7810 0.5601
vn 0.1257 -0.7543 0.6443
vn -0.5976 0.1101 -0.7942
vn 0.1811 0.9290 -0.3228
vn 0.0236 0.8641 -0.5028
vn 0.6455 0.0157 0.7636
vn 0.4001 0.7452 0.5334
vn 0.1891 -0.7721 0.6067
vn 0.3870 -0.8134 0.4343
vn 0.4015 0.9131 0.0708
vn -0.6863 -0.2998 -0.6627
vn -0.6067 -0.7564 -0.2443
vn -0.3311 -0.8119 -0.4808
vn -0.5203 -0.7804 -0.3468
vn 0.1968 -0.8109 0.5511
vn 0.1343 -0.7822 0.6084
vn -0.3155 -0.8519 -0.4180
vn -0.4238 -0.8163 -0.3924
vn -0.6649 -0.1662 -0.7282
vn 0.4004 -0.8164 0.4161
vn 0.3466 -0.8192 0.4569
vn 0.0472 -0.8176 -0.5739
vn 0.1022 -0.8179 0.5662
vn 0.7628 0.2045 0.6134
vn 0.0790 -0.9481 0.3081
vn 0.1105 0.6238 0.7738
vn 0.0315 -0.8181 0.5742
vn -0.0472 -0.7628 0.6449
vn -0.1340 -0.4651 -0.8750
vn -0.0946 -0.8122 0.5756
vn -0.1577 -0.9855 -0.0631
vn -0.0940 -0.8149 0.5720
vn -0.1657 -0.0079 0.9861
vn -0.0629 0.9272 0.3693
vn 0.0711 -0.8138 -0.5768
vn -0.3298 -0.6675 -0.6675
vn -0.3068 -0.6924 -0.6530
vn 0.4109 0.7586 0.5057
vn 0.4803 0.7007 0.5275
vn 0.0395 0.9000 0.4342
vn 0.2047 0.8817 0.4251
vn 0.3001 0.8451 0.4423
vn -0.5681 -0.6786 0.4655
vn -0.6043 -0.6593 0.4474
vn -0.2292 -0.8062 0.5454
vn 0.5977 0.7471 -0.2910
vn 0.2133 0.9004 -0.3791
vn 0.1733 0.9060 -0.3861
vn -0.3233 -0.7570 0.5678
vn 0.6293 0.7237 -0.2832
vn 0.3790 0.8370 -0.3948
vn 0.2435 0.8797 -0.4084
vn -0.2590 -0.7535 -0.6043
vn -0.5372 -0.7030 -0.4661
vn 0.5356 0.8034 0.2599
vn -0.0549 0.2587 -0.9644
vn -0.3864 0.1183 -0.9147
vn -0.2911 -0.7710 0.5664
vn -0.2291 -0.7662 -0.6003
vn 0.0789 -0.7966 -0.5994
vn -0.2911 -0.7710 -0.5664
vn -0.4579 -0.7026 -0.5447
vn 0.4170 0.9048 0.0865
vn -0.1733 -0.3861 -0.9060
vn -0.0236 0.5270 -0.8495
vn 0.3537 0.8488 0.3930
vn -0.0706 0.9102 0.4080
vn -0.0790 0.9083 0.4107
vn 0.4819 0.7900 0.3792
vn 0.3468 0.8276 -0.4414
vn 0.0394 0.9147 -0.4022
vn -0.3535 -0.7069 0.6127
vn -0.3218 -0.7222 0.6123
vn 0.0628 0.9107 -0.4082
vn 0.1104 0.6623 -0.7411
vn 0.4880 0.8658 -0.1102
vn -0.1654 0.3307 0.9291
vn -0.1492 -0.8166 0.5575
vn 0.0550 0.9977 -0.0393
vn 0.0708 -0.8101 -0.5820
vn 0.3553 0.9000 -0.2526
vn 0.4472 0.8944 -0.0078
vn 0.3471 0.9231 -0.1657
vn -0.3220 0.9189 0.2278
vn -0.3848 0.9109 0.1492
vn -0.3789 0.9157 0.1342
vn -0.4953 -0.7862 0.3695
vn -0.4886 -0.8353 0.2522
vn -0.5509 -0.8342 -0.0236
vn 0.0000 0.9096 -0.4156
vn 0.8830 0.0631 -0.4651
vn 0.4263 0.8921 0.1500
vn -0.0157 0.9919 0.1260
vn 0.0000 0.9096 0.4156
vn 0.0000 0.7778 0.6285
vn 0.0000 0.6456 0.7637
vn 0.0000 -0.2203 0.9754
vn -0.3852 0.8962 0.2201
vn -0.3388 -0.8431 0.4176
vn 0.2358 0.9273 -0.2908
vn -0.6063 -0.7952 -0.0079
vn 0.3863 0.9224 -0.0000
vn -0.4942 0.8551 0.1569
vn 0.2828 0.8563 0.4321
vn 0.4501 -0.8291 -0.3316
vn 0.5197 -0.8031 -0.2913
vn 0.3223 -0.8019 -0.5031
vn 0.5678 0.0710 -0.8201
vn -0.1183 0.9147 0.3864
vn 0.1180 0.9048 -0.4091
vn -0.1975 0.9166 0.3477
vn 0.0000 -0.2277 0.9737
vn 0.0628 0.9891 -0.1334
vn -0.0787 0.9054 0.4173
vn 0.0551 0.9210 -0.3857
vn 0.0000 -0.2277 -0.9737
vn 0.1025 -0.2208 0.9699
vn 0.0315 0.8810 0.4720
vn -0.3957 0.7202 0.5698
vn -0.0237 0.6869 0.7264
vn 0.0079 -0.1886 0.9820
vn 0.0000 0.9125 0.4091
vn -0.0079 0.9125 -0.4090
vn -0.0158 -0.2369 -0.9714
vn -0.3312 0.9069 0.2603
vn -0.2829 0.9115 0.2986
vn -0.2357 0.9112 0.3378
vn -0.3372 -0.8155 0.4705
vn -0.4405 -0.8181 0.3697
vn -0.3603 -0.8147 0.4543
vn -0.1655 -0.9771 0.1340
vn -0.0710 -0.9943 0.0789
vn -0.6149 -0.0236 0.7883
vn -0.5643 0.2821 0.7759
vn -0.0948 0.9874 0.1264
vn 0.5275 0.7400 -0.4173
vn 0.1340 0.9696 -0.2049
vn 0.0315 0.9994 -0.0157
vn 0.2991 -0.8657 -0.4014
vn -0.0236 -0.9989 0.0393
vn -0.2358 -0.9273 0.2908
vn 0.3558 -0.8143 -0.4586
vn 0.0631 0.9935 -0.0946
vn 0.5739 0.2987 -0.7625
vn 0.5677 -0.2839 -0.7727
vn 0.2922 0.9081 -0.3001
vn 0.2437 0.9119 -0.3302
vn 0.2202 0.9121 -0.3460
vn 0.5423 0.3851 -0.7467
vn 0.6276 -0.0549 -0.7766
vn -0.2919 -0.8677 0.4023
vn -0.3453 -0.8163 0.4631
vn -0.4499 0.6393 0.6236
vn 0.1735 0.9540 -0.2444
vn 0.3384 -0.8185 -0.4643
vn 0.2431 0.9095 -0.3372
vn 0.3861 -0.7564 -0.5279
vn 0.5266 -0.2829 -0.8017
vn -0.5743 0.2753 0.7710
vn -0.2048 -0.9060 0.3703
vn 0.0471 0.9969 -0.0628
vn 0.3453 -0.8163 -0.4631
vn -0.3323 -0.8150 0.4747
vn -0.4566 0.4566 0.7636
vn -0.0553 0.9953 0.0790
vn -0.2195 0.9096 0.3528
vn 0.1180 -0.8102 -0.5742
vn -0.0865 0.9048 0.4170
vn -0.1024 -0.8116 0.5752
vn 0.0000 0.9154 -0.4025
vn -0.0711 0.9089 0.4110
vn -0.8443 0.1263 0.5208
vn 0.3302 0.9119 -0.2437
vn 0.5510 -0.7400 -0.3857
vn -0.5027 -0.8169 0.2828
vn 0.0157 -0.9999 -0.0000
vn -0.1340 0.8750 0.4651
vn -0.1020 -0.8241 0.5572
vn -0.0709 -0.8036 0.5909
vn -0.2281 -0.7864 -0.5741
vn -0.0711 -0.8138 -0.5768
vn -0.2127 -0.7721 -0.5988
vn 0.4888 0.8672 0.0946
vn 0.6675 0.6596 -0.3455
vn 0.2765 -0.1580 -0.9479
vn -0.3476 0.3318 0.8770
vn 0.5120 -0.1654 -0.8429
vn 0.5655 0.7855 -0.2514
vn 0.6225 0.7801 -0.0630
vn 0.5599 0.7964 -0.2287
vn 0.2287 0.8754 -0.4259
vn 0.1970 0.8906 -0.4098
vn -0.2052 -0.7970 0.5681
vn 0.2515 0.8880 0.3851
vn -0.3386 -0.0866 0.9369
vn -0.5754 -0.6936 0.4335
vn -0.3859 0.8977 -0.2126
vn -0.3843 0.9098 -0.1569
vn 0.5339 -0.8165 0.2198
vn 0.5509 -0.8028 0.2282
vn 0.5363 -0.8124 0.2287
vn -0.3635 0.9087 -0.2054
vn -0.5956 -0.7994 0.0784
vn -0.5885 -0.8082 -0.0235
vn -0.5198 -0.8112 -0.2678
vn 0.3392 0.8993 0.2761
vn 0.4343 0.9002 -0.0316
vn -0.2756 0.9055 -0.3228
vn -0.2842 0.9080 -0.3079
vn 0.4016 -0.8111 0.4252
vn 0.3627 -0.8120 0.4573
vn 0.3635 0.9087 0.2054
vn -0.4796 -0.8098 -0.3381
vn -0.3708 -0.8126 -0.4497
vn 0.2273 -0.8151 0.5329
vn 0.2282 -0.8185 0.5273
vn -0.1569 0.9098 -0.3843
vn -0.1650 0.9114 -0.3771
vn -0.3157 -0.8129 -0.4893
vn -0.2273 -0.8151 -0.5329
vn 0.5909 -0.8036 -0.0709
vn -0.4887 -0.8039 0.3389
vn 0.1645 0.9086 0.3838
vn 0.2683 0.9074 0.3235
vn 0.1573 0.9125 0.3776
vn -0.2282 -0.8185 -0.5273
vn 0.5902 -0.8026 -0.0866
vn 0.6144 0.7640 -0.1969
vn 0.8716 0.2827 -0.4005
vn 0.3315 0.8918 -0.3078
vn 0.6131 -0.7861 0.0786
vn -0.5127 -0.7887 0.3392
vn 0.6788 0.6630 -0.3157
vn 0.6046 -0.7852 0.1335
vn -0.5185 -0.7856 0.3378
vn 0.2276 0.9105 0.3453
vn -0.9729 -0.1424 -0.1819
vn 0.5740 -0.8020 -0.1651
vn -0.1736 -0.8840 -0.4341
vn -0.5042 -0.7011 -0.5042
vn -0.5378 -0.6801 -0.4982
vn 0.9363 -0.1967 0.2911
vn 0.8136 0.3476 0.4661
vn 0.3302 -0.9119 -0.2437
vn 0.3463 0.8106 0.4722
vn -0.3785 0.8989 0.2208
vn -0.9382 0.1734 -0.2996
vn -0.8069 0.5854 -0.0791
vn -0.4969 0.8518 0.1656
vn -0.0630 0.9299 0.3625
vn 0.5754 -0.8040 -0.1498
vn -0.9735 0.2198 -0.0628
vn -0.0315 -0.9934 -0.1104
vn -0.5351 -0.7633 -0.3620
vn -0.3953 0.8934 0.2135
vn -0.8710 -0.2197 -0.4394
vn -0.8754 -0.2287 -0.4259
vn 0.5442 -0.8282 -0.1341
vn 0.6397 -0.7660 -0.0632
vn 0.6351 -0.7684 -0.0784
vn 0.6220 -0.7715 -0.1338
vn 0.2524 0.9148 0.3154
vn 0.3228 0.9055 0.2756
vn 0.2448 0.9082 0.3396
vn 0.8589 0.2600 0.4413
vn -0.2437 0.9119 -0.3302
vn -0.4022 0.9068 -0.1262
vn -0.2979 0.9016 -0.3136
vn 0.4316 -0.8004 0.4159
vn 0.5275 -0.7952 0.2992
vn 0.1415 0.9119 0.3852
vn 0.0943 0.9041 0.4167
vn -0.0865 0.9120 -0.4010
vn -0.0940 0.9012 -0.4232
vn 0.1423 -0.7985 0.5850
vn 0.1263 -0.8130 0.5683
vn 0.5365 -0.8205 0.1972
vn 0.6210 -0.7782 0.0943
vn 0.7622 -0.3536 0.5422
vn 0.2592 -0.9503 -0.1728
vn -0.2998 -0.8283 -0.4733
vn -0.1655 0.9854 -0.0394
vn -0.7315 0.6529 -0.1966
vn 0.5179 0.6748 0.5257
vn -0.4969 0.8676 0.0158
vn 0.6446 0.7389 0.1965
vn 0.5846 -0.8058 -0.0948
vn -0.4258 -0.8910 -0.1577
vn -0.4089 0.9121 0.0315
vn -0.4181 0.9072 0.0473
vn -0.4332 0.8901 0.1418
vn 0.5826 -0.8109 -0.0551
vn -0.5579 -0.7857 -0.2672
vn 0.7584 -0.6478 0.0711
vn 0.3946 0.8919 0.2210
vn 0.4103 0.8995 0.1499
vn 0.4110 0.9089 0.0711
vn 0.5335 -0.5100 -0.6747
vn 0.6600 0.7229 -0.2043
vn 0.3776 0.8889 0.2596
vn -0.2197 -0.8630 -0.4550
vn -0.6869 -0.7264 0.0237
vn 0.8415 0.5033 0.1966
vn -0.9583 0.2749 -0.0785
vn -0.5106 0.8562 0.0786
vn 0.8553 0.4394 0.2746
vn 0.4010 -0.7549 -0.5190
vn 0.3951 -0.7507 -0.5294
vn -0.0079 -0.6912 -0.7226
vn 0.0629 0.7937 0.6051
vn -0.2280 0.8335 0.5033
vn -0.1963 0.8324 0.5183
vn 0.3311 -0.1577 -0.9303
vn 0.2526 0.8051 0.5367
vn 0.0551 0.7873 0.6141
vn 0.1728 0.8171 0.5500
vn 0.6198 0.7846 0.0157
vn 0.6082 0.7899 0.0790
vn 0.4789 0.8478 0.2277
vn 0.7812 0.0316 -0.6234
vn -0.6778 -0.6935 0.2443
vn -0.6697 -0.7406 -0.0552
vn -0.7032 -0.6874 0.1817
vn -0.7163 0.1338 0.6848
vn -0.6764 -0.7314 0.0865
vn -0.0944 -0.8808 -0.4640
vn 0.5212 0.8371 0.1658
vn -0.6700 -0.7409 -0.0473
vn 0.4701 -0.7208 -0.5093
vn 0.9380 0.1025 -0.3311
vn 0.5731 0.8086 0.1335
vn -0.8271 0.2915 0.4805
vn -0.3305 -0.9051 -0.2676
vn 0.5205 0.8360 0.1735
vn 0.0943 -0.7233 -0.6840
vn -0.8725 -0.4795 0.0943
vn -0.5736 -0.8173 0.0550
vn 0.7637 0.6220 -0.1732
vn -0.7078 0.6921 0.1416
vn -0.5447 -0.8131 0.2053
vn 0.3875 0.9095 -0.1503
vn 0.8625 -0.3842 -0.3293
vn -0.7950 -0.4250 0.4329
vn -0.4890 0.8439 0.2208
vn -0.5140 -0.8145 0.2689
vn 0.8431 0.3388 -0.4176
vn 0.3312 0.9069 -0.2603
vn -0.3319 0.9088 0.2529
vn -0.3923 -0.8081 0.4394
vn 0.3936 -0.8109 -0.4330
vn 0.6474 0.4895 -0.5842
vn 0.2915 0.9059 -0.3072
vn -0.2529 0.9088 0.3319
vn 0.3776 -0.8102 -0.4484
vn -0.4003 -0.8084 0.4317
vn 0.1411 0.9091 -0.3919
vn 0.1495 -0.8104 -0.5665
vn -0.1502 -0.8140 0.5611
vn -0.1806 0.8874 0.4241
vn 0.0868 0.9149 -0.3943
vn -0.3768 -0.7929 -0.4789
vn -0.3376 -0.8008 -0.4946
vn -0.4413 -0.7723 -0.4570
vn -0.2756 0.3228 0.9055
vn 0.2763 0.9077 -0.3157
vn -0.1732 0.8109 0.5590
vn -0.3076 -0.7965 -0.5205
vn -0.4155 -0.7370 -0.5331
vn -0.3540 -0.9126 -0.2045
vn -0.1570 -0.9028 0.4004
vn 0.1660 0.2688 -0.9488
vn -0.0079 -0.7885 0.6150
vn -0.0393 -0.7946 0.6058
vn -0.0787 -0.7792 0.6218
vn 0.0000 -0.7953 0.6063
vn -0.1645 -0.8146 0.5561
vn -0.1493 0.4009 -0.9039
vn -0.3231 -0.7958 -0.5122
vn 0.2515 0.3851 -0.8880
vn 0.0000 0.1260 -0.9920
vn -0.0236 0.6061 0.7950
vn 0.2910 0.8888 0.3540
vn 0.3003 0.8851 0.3556
vn 0.3778 0.8185 0.4329
vn 0.1177 0.8786 -0.4628
vn 0.0944 0.8808 -0.4640
vn 0.1419 -0.3154 0.9383
vn -0.2592 -0.9346 0.2435
vn -0.2359 0.0944 -0.9672
vn 0.2210 0.9707 -0.0947
vn -0.1415 0.9119 -0.3852
vn -0.0706 0.9102 -0.4080
vn -0.0787 0.9126 -0.4012
vn 0.1024 -0.8116 0.5752
vn -0.2750 0.9113 -0.3064
vn -0.0392 0.9967 -0.0706
vn 0.5053 0.7264 0.4658
vn 0.7086 -0.1338 0.6928
vn 0.7093 -0.0709 0.7014
vn 0.2437 0.9119 0.3302
vn 0.3064 0.9113 0.2750
vn 0.2829 0.9115 0.2986
vn -0.2829 0.9115 -0.2986
vn 0.3472 0.9074 0.2367
vn 0.4258 0.8910 0.1577
vn -0.2367 0.9074 -0.3472
vn 0.6475 0.4264 0.6317
vn 0.6617 -0.2442 0.7089
vn 0.4809 -0.7331 0.4809
vn 0.7139 0.1569 0.6825
vn -0.2127 0.9374 -0.2757
vn 0.1657 0.9073 0.3866
vn -0.3777 0.8419 -0.3855
vn 0.6194 0.4391 0.6508
vn -0.5992 0.5125 -0.6150
vn 0.1098 0.9879 0.1098
vn -0.7162 -0.0866 -0.6925
vn 0.2763 -0.2368 0.9314
vn -0.0236 0.9123 0.4089
vn 0.5112 0.8572 0.0629
vn -0.0315 -0.8181 0.5742
vn 0.5451 0.8374 0.0395
vn 0.4015 0.9131 -0.0708
vn -0.5495 0.3768 -0.7457
vn -0.2678 0.7955 -0.5435
vn -0.0707 0.8567 -0.5109
vn -0.0865 0.8645 -0.4951
vn 0.6843 0.5349 0.4956
vn 0.0784 0.9097 0.4078
vn -0.7244 -0.1653 -0.6693
vn -0.1654 0.8898 -0.4252
vn 0.0079 0.8404 -0.5419
vn -0.7653 0.2130 -0.6075
vn 0.6393 -0.7341 0.2289
vn -0.5981 -0.5745 -0.5588
vn 0.4077 0.7918 0.4547
vn -0.6915 0.6994 -0.1807
vn -0.2600 0.8982 -0.3545
vn -0.1804 0.7373 -0.6510
vn -0.4959 -0.6140 -0.6140
vn 0.0867 0.9617 0.2601
vn 0.0314 0.9191 0.3928
vn -0.8731 0.4641 -0.1494
vn -0.3635 0.9009 0.2371
vn -0.8206 -0.3314 -0.4655
vn 0.0552 -0.9303 -0.3627
vn -0.7755 -0.4465 -0.4465
vn 0.6291 0.6055 0.4875
vn -0.5346 0.8255 0.1808
vn -0.4344 -0.7660 -0.4738
vn -0.4397 -0.7695 -0.4632
vn -0.4247 -0.7628 -0.4876
vn 0.2677 0.8896 0.3700
vn -0.4330 -0.8031 -0.4094
vn -0.4418 -0.8205 -0.3629
vn -0.4174 -0.8112 -0.4095
vn -0.9064 -0.1025 -0.4098
vn 0.3067 -0.9201 -0.2438
vn 0.2599 0.8507 0.4569
vn 0.2908 0.8724 0.3930
vn -0.9429 -0.1100 0.3143
vn -0.3384 -0.8185 -0.4643
vn -0.1182 -0.8037 -0.5831
vn -0.3843 -0.8078 -0.4470
vn -0.2052 -0.8286 -0.5208
vn 0.7189 -0.6952 -0.0000
vn 0.1891 -0.9300 -0.3152
vn 0.7031 -0.7110 -0.0079
vn -0.7543 -0.4400 -0.4872
vn 0.8739 0.2047 0.4409
vn 0.0868 0.9077 0.4105
vn -0.8416 0.5270 -0.1180
vn 0.2526 0.8524 0.4578
vn -0.4975 0.8529 0.1580
vn 0.9383 -0.1419 0.3154
vn 0.9348 -0.2042 0.2906
vn -0.0947 0.8997 0.4262
vn -0.0473 0.9072 0.4181
vn -0.2846 0.8143 0.5059
vn -0.4794 0.8252 -0.2986
vn -0.4957 0.8183 -0.2911
vn -0.1493 0.9039 -0.4009
vn 0.4570 -0.7485 0.4806
vn 0.3928 -0.7700 0.5028
vn 0.2749 0.0785 0.9583
vn -0.4702 0.5407 -0.6975
vn -0.1178 0.9735 -0.1963
vn -0.1659 0.7504 0.6398
vn 0.1096 -0.5091 0.8537
vn -0.1652 0.9045 -0.3932
vn -0.4107 0.6082 -0.6793
vn 0.1889 0.3620 0.9128
vn 0.1971 0.9778 -0.0710
vn 0.0629 -0.7622 -0.6443
vn 0.0393 -0.7772 -0.6280
vn -0.4253 0.4726 -0.7719
vn -0.1732 0.5590 -0.8109
vn -0.3077 -0.7258 -0.6153
vn -0.2518 0.2440 -0.9365
vn 0.2826 -0.0549 0.9577
vn 0.1733 0.9060 0.3861
vn 0.2985 0.8956 0.3299
vn -0.1415 0.8571 0.4954
vn -0.0789 -0.9155 0.3946
vn 0.2684 0.9394 0.2131
vn 0.4269 -0.7747 0.4664
vn -0.2518 0.8576 0.4485
vn 0.3136 -0.0392 0.9487
vn -0.0630 0.6225 -0.7801
vn 0.4333 -0.7721 0.4648
vn 0.0631 0.8911 -0.4495
vn -0.0947 0.9071 -0.4102
vn -0.3778 0.8736 -0.3069
vn 0.1182 -0.7800 -0.6145
vn 0.4092 0.5116 0.7555
vn 0.0393 0.7631 -0.6451
vn 0.4406 0.6766 0.5900
vn 0.1103 0.8743 -0.4726
vn 0.4089 0.8650 0.2909
vn 0.2920 -0.0552 0.9548
vn 0.1180 0.8736 -0.4722
vn 0.3778 0.8736 0.3069
vn 0.0943 -0.5577 0.8247
vn -0.3480 -0.1503 -0.9254
vn 0.1338 0.7163 0.6848
vn -0.0708 0.3459 0.9356
vn 0.4787 0.8004 -0.3610
vn -0.1103 -0.5513 -0.8270
vn 0.0709 0.7247 0.6854
vn 0.0944 0.2359 0.9672
vn -0.1099 -0.7298 -0.6748
vn 0.2528 0.8296 0.4978
vn 0.1811 0.8977 0.4016
vn 0.2038 0.8937 0.3998
vn 0.1025 0.4258 -0.8990
vn 0.7731 0.6311 0.0631
vn -0.5741 0.8179 0.0393
vn -0.0709 -0.7093 -0.7014
vn 0.0000 0.9541 -0.2996
vn -0.0236 0.4249 -0.9049
vn 0.5742 0.8102 -0.1180
vn -0.1334 0.4866 0.8634
vn -0.9737 0.0079 0.2277
vn 0.1024 0.9927 -0.0630
vn -0.7238 0.6058 0.3304
vn -0.8546 -0.4077 0.3215
vn -0.4343 -0.8134 0.3870
vn -0.5429 -0.8183 0.1888
vn -0.5421 -0.8171 0.1964
vn -0.4862 -0.8156 0.3137
vn -0.5647 -0.8157 0.1255
vn -0.5652 -0.8165 0.1178
vn -0.5833 -0.8119 -0.0236
vn 0.5048 -0.8124 0.2918
vn -0.9307 -0.0473 0.3628
vn 0.5133 0.8450 0.1500
vn -0.6530 -0.7553 -0.0551
vn -0.6440 -0.7618 -0.0707
vn -0.1657 0.7576 0.6313
vn 0.7556 0.2283 -0.6139
vn -0.0549 0.8235 0.5647
vn 0.4034 -0.7515 -0.5221
vn 0.1107 0.9249 0.3637
vn 0.8119 -0.3311 -0.4808
vn -0.9140 0.0552 0.4019
vn -0.2681 0.8436 0.4652
vn 0.8741 0.4567 -0.1654
vn 0.8630 -0.2197 -0.4550
vn 0.8680 0.4734 -0.1499
vn 0.2671 -0.8405 -0.4713
vn -0.8520 0.2682 0.4497
vn 0.0000 0.9196 0.3930
vn 0.4158 -0.7531 -0.5099
vn -0.8507 0.2599 0.4569
vn -0.2515 0.8408 0.4794
vn -0.4010 0.9120 0.0865
vn 0.4078 0.9097 -0.0784
vn 0.1028 0.9093 -0.4033
vn 0.1883 0.9102 -0.3688
vn 0.2211 0.9082 -0.3554
vn -0.2054 0.9715 0.1185
vn -0.4007 0.9114 0.0943
vn 0.4007 0.9114 -0.0943
vn -0.3852 0.9119 0.1415
vn 0.1334 0.9101 -0.3923
vn 0.3927 0.9110 -0.1257
vn 0.3609 0.9100 -0.2040
vn 0.3235 0.9074 -0.2683
vn -0.3397 0.0316 0.9400
vn -0.0631 0.9855 0.1577
vn -0.1892 -0.8121 0.5519
vn -0.1880 -0.8148 0.5484
vn -0.3545 -0.8114 0.4648
vn 0.0633 0.9094 -0.4112
vn -0.5761 0.8049 0.1420
vn -0.2588 -0.8156 0.5176
vn -0.2752 -0.9593 0.0629
vn 0.0000 0.9985 -0.0550
vn -0.0157 -0.8184 -0.5744
vn -0.0707 0.8164 -0.5731
vn -0.0079 -0.8643 -0.5029
vn 0.0628 0.9107 0.4082
vn 0.0630 0.4017 -0.9136
vn 0.1332 -0.8149 -0.5641
vn -0.1175 -0.8227 0.5563
vn -0.0393 0.8808 -0.4719
vn 0.4019 0.8825 0.2443
vn -0.0393 0.9118 -0.4087
vn 0.0315 0.9121 0.4089
vn -0.0236 0.9123 -0.4089
vn 0.0000 1.0000 -0.0000
vn -0.1180 0.9048 -0.4091
vn 0.3221 0.8957 0.3064
vn -0.3765 0.3922 -0.8393
vn -0.0395 0.6866 0.7260
vn 0.1335 -0.8086 -0.5731
vn -0.1025 0.9064 0.4098
vn -0.0316 0.9150 0.4023
vn 0.1024 0.9135 -0.3937
vn 0.1339 0.9059 -0.4017
vn -0.1888 -0.8023 0.5663
vn -0.0551 0.8427 0.5355
vn -0.2448 0.3791 0.8924
vn 0.1260 0.9138 -0.3860
vn 0.0472 0.9988 0.0157
# 1374 vertex normals

vt 0.6353 0.7488 0.0000
vt 0.7012 0.7483 0.0000
vt 0.7100 0.7493 0.0000
vt -0.0008 0.0298 0.0000
vt -0.0018 0.0005 0.0000
vt 0.0047 0.0005 0.0000
vt 0.0717 0.1895 0.0000
vt 0.0731 0.1909 0.0000
vt 0.0513 0.1904 0.0000
vt 0.2142 0.6809 0.0000
vt 0.1984 0.6821 0.0000
vt 0.1958 0.6804 0.0000
vt 0.0057 0.0234 0.0000
vt 0.0498 0.1333 0.0000
vt 0.0781 0.1318 0.0000
vt 0.0509 0.1392 0.0000
vt 0.0721 0.1172 0.0000
vt 0.0511 0.1182 0.0000
vt 0.0507 0.1172 0.0000
vt 0.0507 0.1162 0.0000
vt 0.0729 0.1392 0.0000
vt 0.2363 0.4702 0.0000
vt 0.2362 0.4766 0.0000
vt 0.2031 0.4756 0.0000
vt 0.1951 0.5786 0.0000
vt 0.2261 0.5796 0.0000
vt 0.2151 0.5850 0.0000
vt 0.2090 0.6797 0.0000
vt 0.2266 0.5852 0.0000
vt 0.2184 0.6821 0.0000
vt 0.0439 0.6331 0.0000
vt 0.3425 0.6328 0.0000
vt 0.3428 0.6340 0.0000
vt 0.0384 0.6326 0.0000
vt 0.3425 0.6321 0.0000
vt 0.0144 0.0000 0.0000
vt 0.0143 0.2930 0.0000
vt 0.0084 0.2935 0.0000
vt 0.0118 0.2930 0.0000
vt 0.0119 0.0000 0.0000
vt 0.0183 0.2930 0.0000
vt 0.0354 0.2935 0.0000
vt 0.0343 0.2944 0.0000
vt 0.0346 0.0000 0.0000
vt 0.0498 0.6316 0.0000
vt 0.0481 0.6340 0.0000
vt 0.0089 0.0005 0.0000
vt 0.0353 -0.0010 0.0000
vt 0.0359 0.0000 0.0000
vt 0.0183 0.0000 0.0000
vt 0.3923 0.9169 0.0000
vt 0.3782 0.9233 0.0000
vt 0.3718 0.9167 0.0000
vt 0.3865 0.9368 0.0000
vt 0.3887 0.9434 0.0000
vt 0.3713 0.9426 0.0000
vt 0.0477 0.3237 0.0000
vt 0.0480 0.3413 0.0000
vt 0.0461 0.3442 0.0000
vt 0.3479 0.9239 0.0000
vt 0.3516 0.9171 0.0000
vt 0.3708 0.7726 0.0000
vt 0.3401 0.7650 0.0000
vt 0.3738 0.7653 0.0000
vt 0.3354 0.9368 0.0000
vt 0.3784 0.7908 0.0000
vt 0.3286 0.7906 0.0000
vt 0.3413 0.7844 0.0000
vt 0.3418 0.7725 0.0000
vt 0.0473 0.2134 0.0000
vt 0.0478 0.2441 0.0000
vt 0.0467 0.2417 0.0000
vt 0.2610 0.9432 0.0000
vt 0.2952 0.9365 0.0000
vt 0.2920 0.9431 0.0000
vt 0.2617 0.9366 0.0000
vt 0.2896 0.7904 0.0000
vt 0.2571 0.7906 0.0000
vt 0.2583 0.7842 0.0000
vt 0.0414 0.2852 0.0000
vt 0.0419 0.2637 0.0000
vt 0.0426 0.2871 0.0000
vt 0.3528 0.9425 0.0000
vt 0.0471 0.3008 0.0000
vt 0.0458 0.3042 0.0000
vt 0.0482 0.3052 0.0000
vt 0.0457 0.2861 0.0000
vt 0.2230 0.7852 0.0000
vt 0.0481 0.2734 0.0000
vt 0.3140 0.7651 0.0000
vt 0.3215 0.9243 0.0000
vt 0.0406 0.2588 0.0000
vt 0.3184 0.7716 0.0000
vt 0.3145 0.7854 0.0000
vt 0.3271 0.9178 0.0000
vt 0.0467 0.2700 0.0000
vt 0.3210 0.9433 0.0000
vt 0.0450 0.2793 0.0000
vt 0.2905 0.7708 0.0000
vt 0.0410 0.2358 0.0000
vt 0.2908 0.7863 0.0000
vt 0.0457 0.2612 0.0000
vt 0.2766 0.7654 0.0000
vt 0.2983 0.9177 0.0000
vt 0.0450 0.2505 0.0000
vt 0.2573 0.7719 0.0000
vt 0.5537 0.2500 0.0000
vt 0.3672 0.2432 0.0000
vt 0.5581 0.2432 0.0000
vt 0.0280 0.3179 0.0000
vt 0.0287 0.4873 0.0000
vt 0.0279 0.5090 0.0000
vt 0.0294 0.3188 0.0000
vt 0.0296 0.4766 0.0000
vt 0.0304 0.4707 0.0000
vt 0.0298 0.5168 0.0000
vt 0.0310 0.5178 0.0000
vt 0.0312 0.4731 0.0000
vt 0.5518 0.3633 0.0000
vt 0.3618 0.3628 0.0000
vt 0.5312 0.3574 0.0000
vt 0.0312 0.3101 0.0000
vt 0.0317 0.5022 0.0000
vt 0.0286 0.5227 0.0000
vt 0.0304 0.3125 0.0000
vt 0.0054 0.4761 0.0000
vt 0.0066 0.5144 0.0000
vt 0.0055 0.5151 0.0000
vt 0.6074 0.3574 0.0000
vt 0.5308 0.2681 0.0000
vt 0.5649 0.2622 0.0000
vt 0.6064 0.2681 0.0000
vt 0.3677 0.2495 0.0000
vt 0.5601 0.3057 0.0000
vt 0.5527 0.2988 0.0000
vt 0.6157 0.3057 0.0000
vt 0.0075 0.5659 0.0000
vt 0.0075 0.5073 0.0000
vt 0.0084 0.5100 0.0000
vt 0.0307 0.5752 0.0000
vt 0.0315 0.5710 0.0000
vt 0.0292 0.5786 0.0000
vt 0.6221 0.2495 0.0000
vt 0.6201 0.3633 0.0000
vt 0.0060 0.5642 0.0000
vt 0.6143 0.2617 0.0000
vt 0.6279 0.2432 0.0000
vt 0.6494 0.3027 0.0000
vt 0.6157 0.2632 0.0000
vt 0.6484 0.3574 0.0000
vt 0.6475 0.2681 0.0000
vt 0.0313 0.6003 0.0000
vt 0.6494 0.2437 0.0000
vt 0.6494 0.3628 0.0000
vt 0.6494 0.2500 0.0000
vt 0.6479 0.2993 0.0000
vt 0.6211 0.2993 0.0000
vt 0.6489 0.2622 0.0000
vt 0.0276 0.2261 0.0000
vt 0.0284 0.1987 0.0000
vt 0.0304 0.2070 0.0000
vt 0.0295 0.2124 0.0000
vt 0.0286 0.3125 0.0000
vt 0.0317 0.3125 0.0000
vt 0.0311 0.1948 0.0000
vt 0.0318 0.2075 0.0000
vt 0.0282 0.1143 0.0000
vt 0.0303 0.1372 0.0000
vt 0.0311 0.1118 0.0000
vt 0.0293 0.1274 0.0000
vt 0.2820 0.9241 0.0000
vt 0.0459 0.2407 0.0000
vt 0.0453 0.2158 0.0000
vt 0.0410 0.1240 0.0000
vt 0.0418 0.1260 0.0000
vt 0.0416 0.1694 0.0000
vt 0.1763 0.7847 0.0000
vt 0.2201 0.7905 0.0000
vt 0.1738 0.7905 0.0000
vt 0.1792 0.9420 0.0000
vt 0.1774 0.9368 0.0000
vt 0.2240 0.9368 0.0000
vt 0.0420 0.0288 0.0000
vt 0.0422 0.0688 0.0000
vt 0.0411 0.0581 0.0000
vt 0.0484 0.1382 0.0000
vt 0.0490 0.1309 0.0000
vt 0.0478 0.1646 0.0000
vt 0.0472 0.1367 0.0000
vt 0.0468 0.1616 0.0000
vt 0.0461 0.1343 0.0000
vt 0.0454 0.1382 0.0000
vt 0.0458 0.1665 0.0000
vt 0.0432 0.0288 0.0000
vt 0.2130 0.9428 0.0000
vt 0.1868 0.9171 0.0000
vt 0.2117 0.9177 0.0000
vt 0.1965 0.9236 0.0000
vt 0.0450 0.1636 0.0000
vt 0.2225 0.7719 0.0000
vt 0.1781 0.7719 0.0000
vt 0.1946 0.7646 0.0000
vt 0.2360 0.7651 0.0000
vt 0.2374 0.9175 0.0000
vt 0.2341 0.9423 0.0000
vt 0.0456 0.1890 0.0000
vt 0.2412 0.9235 0.0000
vt 0.0470 0.1860 0.0000
vt 0.2642 0.9163 0.0000
vt 0.0461 0.2124 0.0000
vt 0.0411 0.0918 0.0000
vt 0.0405 0.0762 0.0000
vt 0.0419 0.1055 0.0000
vt 0.1273 0.7850 0.0000
vt 0.3604 0.7506 0.0000
vt 0.3267 0.7507 0.0000
vt 0.3420 0.7498 0.0000
vt 0.3374 0.7516 0.0000
vt 0.3118 0.7501 0.0000
vt 0.3252 0.7156 0.0000
vt 0.3362 0.7161 0.0000
vt 0.3376 0.7229 0.0000
vt 0.2961 0.7231 0.0000
vt 0.2820 0.7511 0.0000
vt 0.2820 0.7500 0.0000
vt 0.2871 0.8094 0.0000
vt 0.2815 0.8033 0.0000
vt 0.3142 0.8046 0.0000
vt 0.2810 0.7158 0.0000
vt 0.1736 0.7498 0.0000
vt 0.1548 0.7510 0.0000
vt 0.1554 0.7493 0.0000
vt 0.2231 0.7227 0.0000
vt 0.2291 0.7502 0.0000
vt 0.2913 -0.0010 0.0000
vt 0.2812 0.0049 0.0000
vt 0.2281 0.0054 0.0000
vt 0.2285 0.7161 0.0000
vt 0.3796 0.7518 0.0000
vt 0.2172 0.8098 0.0000
vt 0.1776 0.8098 0.0000
vt 0.1786 0.8037 0.0000
vt 0.1823 0.7227 0.0000
vt 0.1729 0.7168 0.0000
vt 0.2017 0.0054 0.0000
vt 0.1731 0.0054 0.0000
vt 0.1801 0.0000 0.0000
vt 0.2001 0.7505 0.0000
vt 0.2024 0.7488 0.0000
vt 0.2051 0.8037 0.0000
vt 0.2197 0.0000 0.0000
vt 0.1796 0.3940 0.0000
vt 0.2197 0.3936 0.0000
vt 0.2043 0.4009 0.0000
vt 0.1991 0.7151 0.0000
vt 0.2325 0.4014 0.0000
vt 0.2800 0.3999 0.0000
vt 0.2913 0.3945 0.0000
vt 0.2327 0.8033 0.0000
vt 0.2308 0.4004 0.0000
vt 0.0068 0.2690 0.0000
vt 0.0069 0.3311 0.0000
vt 0.0061 0.3101 0.0000
vt 0.3669 0.2988 0.0000
vt 0.3638 0.3057 0.0000
vt 0.2815 0.3047 0.0000
vt 0.0083 0.1328 0.0000
vt 0.0090 0.1060 0.0000
vt 0.0090 0.2319 0.0000
vt 0.1493 0.3574 0.0000
vt 0.2566 0.3628 0.0000
vt 0.1558 0.3628 0.0000
vt 0.0077 0.2871 0.0000
vt 0.2542 0.2627 0.0000
vt 0.1492 0.2681 0.0000
vt 0.1750 0.2627 0.0000
vt 0.0063 0.1255 0.0000
vt 0.0074 0.1255 0.0000
vt 0.0065 0.1855 0.0000
vt 0.0054 0.2109 0.0000
vt 0.0053 0.1255 0.0000
vt 0.1553 0.3052 0.0000
vt 0.1497 0.2993 0.0000
vt 0.0316 0.1064 0.0000
vt 0.0082 0.0796 0.0000
vt 0.2659 0.2500 0.0000
vt 0.0061 0.0820 0.0000
vt 0.2444 0.3574 0.0000
vt 0.2440 0.2681 0.0000
vt 0.2654 0.2993 0.0000
vt 0.0078 0.1968 0.0000
vt 0.0086 0.2031 0.0000
vt 0.0053 0.3154 0.0000
vt 0.0048 0.3071 0.0000
vt 0.0048 0.2046 0.0000
vt 0.0086 0.3140 0.0000
vt 0.2751 0.2437 0.0000
vt 0.3572 0.2627 0.0000
vt 0.0303 0.0815 0.0000
vt 0.1316 0.2622 0.0000
vt 0.0069 0.0757 0.0000
vt 0.0293 0.0771 0.0000
vt 0.0854 0.2681 0.0000
vt 0.0855 0.3574 0.0000
vt 0.0080 0.3423 0.0000
vt 0.3572 0.2686 0.0000
vt 0.3577 0.3574 0.0000
vt 0.0048 0.4795 0.0000
vt 0.0066 0.4604 0.0000
vt 0.5127 0.3052 0.0000
vt 0.5293 0.2627 0.0000
vt 0.0084 0.4717 0.0000
vt 0.0075 0.4609 0.0000
vt 0.0090 0.4629 0.0000
vt 0.0692 0.3638 0.0000
vt 0.0504 0.3574 0.0000
vt 0.0893 0.3633 0.0000
vt 0.0313 0.0200 0.0000
vt 0.0312 0.0396 0.0000
vt 0.0303 0.0366 0.0000
vt 0.0499 0.2676 0.0000
vt 0.0834 0.2617 0.0000
vt 0.0069 0.0342 0.0000
vt 0.2125 0.5193 0.0000
vt 0.2427 0.5188 0.0000
vt 0.2366 0.5195 0.0000
vt 0.2126 0.5178 0.0000
vt 0.2380 0.5176 0.0000
vt 0.0505 0.1914 0.0000
vt 0.0504 0.1924 0.0000
vt 0.0497 0.1929 0.0000
vt 0.1843 0.5859 0.0000
vt 0.2384 0.5203 0.0000
vt 0.2109 0.4702 0.0000
vt 0.1425 0.4956 0.0000
vt 0.1414 0.4893 0.0000
vt 0.1676 0.4951 0.0000
vt 0.2111 0.4956 0.0000
vt 0.2008 0.4888 0.0000
vt 0.2360 0.4951 0.0000
vt 0.2372 0.5168 0.0000
vt 0.2382 0.5164 0.0000
vt 0.1901 0.5186 0.0000
vt 0.1924 0.5171 0.0000
vt 0.1907 0.4956 0.0000
vt 0.1886 0.4688 0.0000
vt 0.1689 0.5173 0.0000
vt 0.1653 0.5186 0.0000
vt 0.1663 0.4893 0.0000
vt 0.1664 0.4761 0.0000
vt 0.1794 0.6831 0.0000
vt 0.1981 0.6833 0.0000
vt 0.1730 0.6833 0.0000
vt 0.1936 0.6550 0.0000
vt 0.1787 0.6489 0.0000
vt 0.2045 0.6489 0.0000
vt 0.1792 0.6816 0.0000
vt 0.1792 0.6804 0.0000
vt 0.1604 0.6545 0.0000
vt 0.1592 0.5786 0.0000
vt 0.1609 0.6824 0.0000
vt 0.1603 0.6814 0.0000
vt 0.0326 -0.0020 0.0000
vt 0.0332 0.2935 0.0000
vt 0.0324 0.2935 0.0000
vt 0.0319 0.2930 0.0000
vt 0.0336 0.0044 0.0000
vt 0.1372 0.5793 0.0000
vt 0.1338 0.5857 0.0000
vt 0.1029 0.5862 0.0000
vt 0.1456 0.6487 0.0000
vt 0.1418 0.6833 0.0000
vt 0.1437 0.5173 0.0000
vt 0.1643 0.5867 0.0000
vt 0.1368 0.6548 0.0000
vt 0.1423 0.4761 0.0000
vt 0.1429 0.4702 0.0000
vt 0.1434 0.6821 0.0000
vt 0.1307 0.6809 0.0000
vt 0.0832 0.5784 0.0000
vt 0.0851 0.4761 0.0000
vt 0.0319 0.0000 0.0000
vt 0.4390 0.7495 0.0000
vt 0.4160 0.7488 0.0000
vt 0.4885 0.7490 0.0000
vt 0.4429 0.7513 0.0000
vt 0.4844 0.7518 0.0000
vt 0.4192 0.7518 0.0000
vt 0.4204 0.7166 0.0000
vt 0.4822 0.7156 0.0000
vt 0.4617 0.7219 0.0000
vt 0.5068 0.7516 0.0000
vt 0.4563 0.7505 0.0000
vt 0.5029 0.7495 0.0000
vt 0.4143 0.0049 0.0000
vt 0.5005 0.0000 0.0000
vt 0.4863 0.0054 0.0000
vt 0.3989 0.7506 0.0000
vt 0.4221 0.7526 0.0000
vt 0.5527 0.3936 0.0000
vt 0.6846 0.3936 0.0000
vt 0.6851 0.4004 0.0000
vt 0.6973 0.7166 0.0000
vt 0.6978 0.7224 0.0000
vt 0.5630 0.7224 0.0000
vt 0.0792 0.7649 0.0000
vt 0.0499 0.7729 0.0000
vt 0.0495 0.7651 0.0000
vt 0.5962 0.7170 0.0000
vt 0.5210 0.7506 0.0000
vt 0.5962 0.7515 0.0000
vt 0.6157 0.7523 0.0000
vt 0.0464 0.0288 0.0000
vt 0.0451 0.0000 0.0000
vt 0.0459 0.0000 0.0000
vt 0.0491 0.9178 0.0000
vt 0.0778 0.9167 0.0000
vt 0.0497 0.9236 0.0000
vt 0.5986 0.7528 0.0000
vt 0.0798 0.9240 0.0000
vt 0.5674 0.7493 0.0000
vt 0.5884 0.7483 0.0000
vt 0.3220 0.0049 0.0000
vt 0.3232 0.7488 0.0000
vt 0.6406 0.7495 0.0000
vt 0.5923 0.7505 0.0000
vt 0.3984 0.7224 0.0000
vt 0.3401 -0.0010 0.0000
vt 0.6572 0.7510 0.0000
vt 0.7002 0.7527 0.0000
vt 0.3984 0.7495 0.0000
vt 0.3752 0.7524 0.0000
vt 0.3738 0.7158 0.0000
vt 0.3687 0.7495 0.0000
vt 0.4241 0.3999 0.0000
vt 0.3914 0.3936 0.0000
vt 0.4531 0.3936 0.0000
vt 0.3674 0.0049 0.0000
vt 0.4053 -0.0010 0.0000
vt 0.3689 0.7485 0.0000
vt 0.7002 0.7505 0.0000
vt 0.7007 0.7517 0.0000
vt 0.5859 0.0049 0.0000
vt 0.9658 0.9421 0.0000
vt 0.9980 0.9364 0.0000
vt 0.9951 0.9417 0.0000
vt 0.9946 0.9178 0.0000
vt 0.9980 0.9234 0.0000
vt 0.9624 0.9243 0.0000
vt 0.9443 0.7902 0.0000
vt 0.9712 0.7847 0.0000
vt 0.9756 0.7904 0.0000
vt 0.9731 0.7649 0.0000
vt 0.9688 0.7715 0.0000
vt 0.9336 0.7732 0.0000
vt 0.9351 0.7842 0.0000
vt 0.1076 0.3369 0.0000
vt 0.0745 0.3438 0.0000
vt 0.0734 0.3384 0.0000
vt 0.0461 0.8985 0.0000
vt 0.0476 0.9005 0.0000
vt 0.0471 0.9226 0.0000
vt 0.0453 0.9182 0.0000
vt 0.0452 0.8936 0.0000
vt 0.0461 0.9376 0.0000
vt 0.9663 0.9368 0.0000
vt 0.9443 0.9437 0.0000
vt 0.9243 0.9409 0.0000
vt 0.9248 0.9237 0.0000
vt 0.9624 0.9177 0.0000
vt 0.9038 0.7908 0.0000
vt 0.9248 0.9369 0.0000
vt 0.9375 0.9174 0.0000
vt 0.0468 0.8806 0.0000
vt 0.9248 0.9171 0.0000
vt 0.9380 0.7651 0.0000
vt 0.9014 0.7644 0.0000
vt 0.8916 0.7858 0.0000
vt 0.8896 0.7709 0.0000
vt 0.9092 0.9434 0.0000
vt 0.8853 0.9241 0.0000
vt 0.9097 0.9161 0.0000
vt 0.8882 0.9362 0.0000
vt 0.8628 0.7649 0.0000
vt 0.8677 0.7904 0.0000
vt 0.8555 0.7833 0.0000
vt 0.0464 0.8444 0.0000
vt 0.0470 0.8650 0.0000
vt 0.0450 0.8446 0.0000
vt 0.0476 0.8381 0.0000
vt 0.8892 0.9177 0.0000
vt 0.8828 0.9436 0.0000
vt 0.0732 0.3242 0.0000
vt 0.0450 0.3252 0.0000
vt 0.0746 0.3179 0.0000
vt 0.8535 0.7728 0.0000
vt 0.0753 0.6973 0.0000
vt 0.0856 0.7029 0.0000
vt 0.0673 0.7034 0.0000
vt 0.8247 0.7655 0.0000
vt 0.0489 0.3438 0.0000
vt 0.0450 0.3369 0.0000
vt 0.0455 0.7017 0.0000
vt 0.0490 0.6970 0.0000
vt 0.0485 0.3179 0.0000
vt 0.0486 0.4199 0.0000
vt 0.0673 0.4131 0.0000
vt 0.0753 0.4194 0.0000
vt 0.0456 0.4146 0.0000
vt 0.9819 0.9167 0.0000
vt 0.0470 0.9509 0.0000
vt 0.4910 0.0771 0.0000
vt 0.4402 0.0835 0.0000
vt 0.4670 0.0762 0.0000
vt 0.4653 0.4351 0.0000
vt 0.4924 0.4355 0.0000
vt 0.4683 0.4365 0.0000
vt 0.4868 0.0825 0.0000
vt 0.4641 0.1016 0.0000
vt 0.4839 0.0962 0.0000
vt 0.4910 0.1021 0.0000
vt 0.3972 0.4370 0.0000
vt 0.3574 0.4365 0.0000
vt 0.3728 0.4355 0.0000
vt 0.3975 0.4375 0.0000
vt 0.3730 0.1025 0.0000
vt 0.4033 0.0962 0.0000
vt 0.4143 0.1021 0.0000
vt 0.5156 0.0835 0.0000
vt 0.5200 0.1025 0.0000
vt 0.4082 0.4355 0.0000
vt 0.4155 0.4346 0.0000
vt 0.3740 0.4346 0.0000
vt 0.4375 0.4370 0.0000
vt 0.4382 0.4355 0.0000
vt 0.5195 0.0957 0.0000
vt 0.5195 0.0752 0.0000
vt 0.3818 0.0825 0.0000
vt 0.3962 0.0767 0.0000
vt 0.4363 0.0767 0.0000
vt 0.4465 0.4346 0.0000
vt 0.5425 0.0830 0.0000
vt 0.5415 0.0762 0.0000
vt 0.0746 0.4697 0.0000
vt 0.0506 0.4761 0.0000
vt 0.0496 0.4692 0.0000
vt 0.0793 0.5171 0.0000
vt 0.0751 0.5186 0.0000
vt 0.0496 0.5171 0.0000
vt 0.1624 0.0371 0.0000
vt 0.1804 0.0435 0.0000
vt 0.1420 0.0435 0.0000
vt 0.1748 0.8604 0.0000
vt 0.1587 0.8673 0.0000
vt 0.1378 0.8607 0.0000
vt 0.1771 0.0386 0.0000
vt 0.1736 0.8252 0.0000
vt 0.1865 0.8262 0.0000
vt 0.1637 0.8269 0.0000
vt 0.1873 0.8275 0.0000
vt 0.1785 0.8282 0.0000
vt 0.1956 0.8661 0.0000
vt 0.2111 0.8256 0.0000
vt 0.2198 0.8282 0.0000
vt 0.2128 0.8264 0.0000
vt 0.2179 0.0381 0.0000
vt 0.2426 0.8275 0.0000
vt 0.0488 0.0825 0.0000
vt 0.0666 0.0767 0.0000
vt 0.0915 0.0830 0.0000
vt 0.0496 0.0762 0.0000
vt 0.2664 0.0435 0.0000
vt 0.2620 0.8662 0.0000
vt 0.2625 0.8267 0.0000
vt 0.0989 0.0762 0.0000
vt 0.0504 0.4346 0.0000
vt 0.0734 0.4360 0.0000
vt 0.0494 0.4355 0.0000
vt 0.3606 0.8408 0.0000
vt 0.3601 0.8480 0.0000
vt 0.3376 0.8406 0.0000
vt 0.0383 0.3008 0.0000
vt 0.0386 0.2793 0.0000
vt 0.0391 0.3022 0.0000
vt 0.2671 0.8281 0.0000
vt 0.3372 0.8478 0.0000
vt 0.3506 0.8252 0.0000
vt 0.3813 0.8257 0.0000
vt 0.3506 0.8268 0.0000
vt 0.2627 0.8256 0.0000
vt 0.3396 0.8668 0.0000
vt 0.3040 0.8608 0.0000
vt 0.3384 0.8607 0.0000
vt 0.3157 0.0435 0.0000
vt 0.3467 0.0376 0.0000
vt 0.3516 0.0435 0.0000
vt 0.2649 0.0381 0.0000
vt 0.2568 0.8606 0.0000
vt 0.2820 0.8259 0.0000
vt 0.2837 0.8275 0.0000
vt 0.2742 0.0186 0.0000
vt 0.2795 0.0259 0.0000
vt 0.2605 0.0254 0.0000
vt 0.3013 0.0381 0.0000
vt 0.3037 0.8270 0.0000
vt 0.3052 0.0249 0.0000
vt 0.2607 0.8420 0.0000
vt 0.3018 0.8413 0.0000
vt 0.2632 0.8481 0.0000
vt 0.3076 0.8259 0.0000
vt 0.3188 0.0186 0.0000
vt 0.3054 0.8483 0.0000
vt 0.3210 0.0376 0.0000
vt 0.3242 0.8270 0.0000
vt 0.3223 0.0254 0.0000
vt 0.3252 0.8254 0.0000
vt 0.3032 0.8661 0.0000
vt 0.3486 0.0244 0.0000
vt 0.3523 0.0186 0.0000
vt 0.0680 0.2432 0.0000
vt 0.0487 0.2495 0.0000
vt 0.0481 0.2432 0.0000
vt 0.0304 0.0186 0.0000
vt 0.0310 -0.0010 0.0000
vt 0.0481 0.3633 0.0000
vt 0.0836 0.2495 0.0000
vt 0.0485 0.2993 0.0000
vt 0.0837 0.2988 0.0000
vt 0.0699 0.3057 0.0000
vt 0.0499 0.3057 0.0000
vt 0.0488 0.2622 0.0000
vt 0.0681 0.2617 0.0000
vt 0.0065 0.0190 0.0000
vt 0.0065 0.0000 0.0000
vt 0.0079 0.0005 0.0000
vt 0.0083 0.0327 0.0000
vt 0.0089 0.0205 0.0000
vt 0.0291 0.0356 0.0000
vt 0.0851 0.2427 0.0000
vt 0.0090 0.0415 0.0000
vt 0.6611 0.7043 0.0000
vt 0.6299 0.7039 0.0000
vt 0.6426 0.6975 0.0000
vt 0.6299 0.4131 0.0000
vt 0.6611 0.4116 0.0000
vt 0.6523 0.4204 0.0000
vt 0.6348 0.3179 0.0000
vt 0.6436 0.3252 0.0000
vt 0.6274 0.3252 0.0000
vt 0.6055 0.2300 0.0000
vt 0.6157 0.2290 0.0000
vt 0.6348 0.2300 0.0000
vt 0.6475 0.3379 0.0000
vt 0.6279 0.3438 0.0000
vt 0.6182 0.3379 0.0000
vt 0.6104 0.4199 0.0000
vt 0.5938 0.3179 0.0000
vt 0.6167 0.2280 0.0000
vt 0.5938 0.2280 0.0000
vt 0.5845 0.2290 0.0000
vt 0.6406 0.2290 0.0000
vt 0.6108 0.7031 0.0000
vt 0.6118 0.3794 0.0000
vt 0.6143 0.3789 0.0000
vt 0.6338 0.3804 0.0000
vt 0.6089 0.4136 0.0000
vt 0.6045 0.3252 0.0000
vt 0.5884 0.3379 0.0000
vt 0.5767 0.2300 0.0000
vt 0.5938 0.6970 0.0000
vt 0.5801 0.3442 0.0000
vt 0.0908 0.3052 0.0000
vt 0.1265 0.2432 0.0000
vt 0.1498 0.2495 0.0000
vt 0.6909 0.6978 0.0000
vt 0.6885 0.7031 0.0000
vt 0.6890 0.4136 0.0000
vt 0.1637 0.2432 0.0000
vt 0.6748 0.3438 0.0000
vt 0.6714 0.3184 0.0000
vt 0.6890 0.4194 0.0000
vt 0.6729 0.3379 0.0000
vt 0.6724 0.3252 0.0000
vt 0.6597 0.2290 0.0000
vt 0.6606 0.2275 0.0000
vt 0.6318 0.2275 0.0000
vt 0.5767 0.3789 0.0000
vt 0.5737 0.7036 0.0000
vt 0.5762 0.4199 0.0000
vt 0.5742 0.4136 0.0000
vt 0.6016 0.8044 0.0000
vt 0.4927 0.8097 0.0000
vt 0.5059 0.8044 0.0000
vt 0.5952 0.4004 0.0000
vt 0.5166 0.4004 0.0000
vt 0.3408 0.2832 0.0000
vt 0.3169 0.2827 0.0000
vt 0.3745 0.2837 0.0000
vt 0.3706 0.2852 0.0000
vt 0.3223 0.2856 0.0000
vt 0.3215 0.2847 0.0000
vt 0.6196 0.2837 0.0000
vt 0.6802 0.2832 0.0000
vt 0.6807 0.2842 0.0000
vt 0.3188 0.4004 0.0000
vt 0.3320 0.3931 0.0000
vt 0.3772 0.4009 0.0000
vt 0.3701 0.2861 0.0000
vt 0.3477 0.2866 0.0000
vt 0.3989 0.8098 0.0000
vt 0.3352 0.8094 0.0000
vt 0.3506 0.8046 0.0000
vt 0.5103 0.2852 0.0000
vt 0.5938 0.2856 0.0000
vt 0.5015 0.2861 0.0000
vt 0.5952 0.8098 0.0000
vt 0.5298 0.2837 0.0000
vt 0.5132 0.2827 0.0000
vt 0.5913 0.2827 0.0000
vt 0.5962 0.2866 0.0000
vt 0.4067 0.2866 0.0000
vt 0.5913 0.2847 0.0000
vt 0.4102 0.8044 0.0000
vt 0.3115 0.2866 0.0000
vt 0.6050 -0.0010 0.0000
vt 0.3071 0.2832 0.0000
vt 0.4221 0.2861 0.0000
vt 0.4294 0.2852 0.0000
vt 0.4346 0.2837 0.0000
vt 0.4211 0.2827 0.0000
vt 0.2739 0.2837 0.0000
vt 0.4668 0.2832 0.0000
vt 0.2783 0.2827 0.0000
vt 0.6816 0.2861 0.0000
vt 0.6802 0.2852 0.0000
vt 0.0428 0.0010 0.0000
vt 0.0433 0.0005 0.0000
vt 0.4783 0.2842 0.0000
vt 0.4675 0.2856 0.0000
vt 0.0419 0.0005 0.0000
vt 0.0415 0.0020 0.0000
vt 0.0473 0.0859 0.0000
vt 0.0472 0.1211 0.0000
vt 0.0463 0.1138 0.0000
vt 0.1345 0.9433 0.0000
vt 0.1262 0.9366 0.0000
vt 0.1569 0.7719 0.0000
vt 0.1172 0.7649 0.0000
vt 0.1599 0.7646 0.0000
vt 0.1345 0.9159 0.0000
vt 0.1621 0.9171 0.0000
vt 0.1637 0.9240 0.0000
vt 0.1246 0.7906 0.0000
vt 0.1191 0.9233 0.0000
vt 0.0483 0.1235 0.0000
vt 0.1196 0.7716 0.0000
vt 0.0865 0.7853 0.0000
vt 0.0405 0.0366 0.0000
vt 0.6982 0.0049 0.0000
vt 0.6880 0.8040 0.0000
vt 0.0500 0.9419 0.0000
vt 0.0775 0.9364 0.0000
vt 0.0590 0.9427 0.0000
vt 0.0470 0.0000 0.0000
vt 0.0491 0.9366 0.0000
vt 0.0779 0.9431 0.0000
vt 0.0789 0.7719 0.0000
vt 0.0770 0.7904 0.0000
vt 0.0491 0.7905 0.0000
vt 0.0515 0.7849 0.0000
vt 0.0783 0.7845 0.0000
vt 0.0475 0.0098 0.0000
vt 0.0508 0.1895 0.0000
vt 0.6973 0.0000 0.0000
vt 0.6860 0.8098 0.0000
vt 0.2351 0.4360 0.0000
vt 0.1831 0.4370 0.0000
vt 0.2095 0.4365 0.0000
vt 0.1865 0.4351 0.0000
vt 0.2208 0.4341 0.0000
vt 0.2184 0.4351 0.0000
vt 0.2205 0.0830 0.0000
vt 0.1826 0.0767 0.0000
vt 0.2346 0.0757 0.0000
vt 0.2198 0.5598 0.0000
vt 0.2363 0.5588 0.0000
vt 0.2751 0.5598 0.0000
vt 0.2418 0.5605 0.0000
vt 0.2383 0.4561 0.0000
vt 0.2178 0.4502 0.0000
vt 0.2778 0.4570 0.0000
vt 0.2871 0.4355 0.0000
vt 0.2556 0.4346 0.0000
vt 0.2793 0.5620 0.0000
vt 0.2754 0.5605 0.0000
vt 0.2979 0.5613 0.0000
vt 0.2959 0.5601 0.0000
vt 0.1924 0.4565 0.0000
vt 0.2930 0.4346 0.0000
vt 0.1802 0.4360 0.0000
vt 0.2869 0.0771 0.0000
vt 0.3047 0.0757 0.0000
vt 0.2935 0.0830 0.0000
vt 0.3020 0.4565 0.0000
vt 0.2896 0.4497 0.0000
vt 0.2993 0.5591 0.0000
vt 0.1758 0.0830 0.0000
vt 0.0989 0.4360 0.0000
vt 0.3306 0.0830 0.0000
vt 0.3318 0.0762 0.0000
vt 0.1738 0.4497 0.0000
vt 0.0900 0.4497 0.0000
vt 0.3591 0.0771 0.0000
vt 0.3262 0.4497 0.0000
vt 0.2585 0.4336 0.0000
vt 0.3286 0.5598 0.0000
vt 0.3286 0.5613 0.0000
vt 0.3323 0.4570 0.0000
vt 0.3601 0.4375 0.0000
vt 0.3325 0.4360 0.0000
vt 0.3767 0.4497 0.0000
vt 0.1909 0.5593 0.0000
vt 0.3779 0.4565 0.0000
vt 0.3748 0.5605 0.0000
vt 0.3682 0.5615 0.0000
vt 0.1617 0.4199 0.0000
vt 0.1720 0.4116 0.0000
vt 0.1774 0.4204 0.0000
vt 0.1815 0.6970 0.0000
vt 0.1716 0.7056 0.0000
vt 0.1632 0.6970 0.0000
vt 0.2257 0.7026 0.0000
vt 0.2245 0.6973 0.0000
vt 0.1740 0.3184 0.0000
vt 0.1721 0.3247 0.0000
vt 0.1588 0.3184 0.0000
vt 0.1782 0.3438 0.0000
vt 0.1604 0.3438 0.0000
vt 0.1584 0.3379 0.0000
vt 0.2201 0.3247 0.0000
vt 0.1726 0.3374 0.0000
vt 0.2201 0.3433 0.0000
vt 0.2207 0.3384 0.0000
vt 0.2255 0.4199 0.0000
vt 0.0879 0.4131 0.0000
vt 0.0859 0.3784 0.0000
vt 0.0881 0.3794 0.0000
vt 0.0670 0.3794 0.0000
vt 0.2202 0.3184 0.0000
vt 0.2255 0.4136 0.0000
vt 0.2625 0.4116 0.0000
vt 0.1105 0.4131 0.0000
vt 0.1095 0.4204 0.0000
vt 0.1102 0.3784 0.0000
vt 0.1107 0.3799 0.0000
vt 0.1261 0.3789 0.0000
vt 0.1255 0.4136 0.0000
vt 0.1217 0.4204 0.0000
vt 0.1101 0.7031 0.0000
vt 0.1231 0.6970 0.0000
vt 0.1256 0.7029 0.0000
vt 0.1096 0.6970 0.0000
vt 0.1080 0.3438 0.0000
vt 0.1212 0.3379 0.0000
vt 0.1209 0.3252 0.0000
vt 0.1078 0.3257 0.0000
vt 0.1080 0.3184 0.0000
vt 0.1196 0.3188 0.0000
vt 0.1212 0.3438 0.0000
vt 0.1197 0.2295 0.0000
vt 0.1066 0.2290 0.0000
vt 0.1198 0.2280 0.0000
vt 0.1614 0.7026 0.0000
vt 0.1584 0.3252 0.0000
vt 0.1564 0.2290 0.0000
vt 0.1614 0.4136 0.0000
vt 0.1133 0.2061 0.0000
vt 0.1378 0.2061 0.0000
vt 0.1221 0.2134 0.0000
vt 0.1121 0.1587 0.0000
vt 0.1400 0.1509 0.0000
vt 0.1362 0.1582 0.0000
vt -0.0009 0.0635 0.0000
vt 0.0066 0.0732 0.0000
vt 0.0051 0.0918 0.0000
vt 0.0279 0.2925 0.0000
vt 0.0222 0.0000 0.0000
vt 0.0281 0.0000 0.0000
vt 0.1203 0.1177 0.0000
vt 0.1387 0.1182 0.0000
vt 0.1191 0.1187 0.0000
vt 0.0229 0.2925 0.0000
vt 0.0179 0.0000 0.0000
vt 0.0229 0.0000 0.0000
vt 0.0509 0.6350 0.0000
vt 0.3406 0.6350 0.0000
vt 0.0493 0.6360 0.0000
vt 0.1195 0.1504 0.0000
vt 0.0066 0.0483 0.0000
vt 0.0979 0.2134 0.0000
vt -0.0013 0.0923 0.0000
vt 0.1407 0.2124 0.0000
vt 0.1573 0.1582 0.0000
vt 0.1593 0.2065 0.0000
vt 0.1107 0.1323 0.0000
vt 0.1215 0.1401 0.0000
vt 0.0909 0.1396 0.0000
vt 0.0898 0.1177 0.0000
vt 0.0807 0.1582 0.0000
vt 0.0813 0.2061 0.0000
vt 0.0901 0.1519 0.0000
vt 0.0177 0.2925 0.0000
vt 0.3416 0.6360 0.0000
vt 0.0722 0.1187 0.0000
vt 0.0730 0.1523 0.0000
vt 0.0714 0.2119 0.0000
vt 0.0362 0.2930 0.0000
vt 0.0228 0.2925 0.0000
vt 0.2195 0.6838 0.0000
vt 0.2211 0.6826 0.0000
vt 0.0978 0.1904 0.0000
vt 0.2271 0.6494 0.0000
vt 0.2272 0.6545 0.0000
vt 0.2362 0.4888 0.0000
vt 0.0495 0.1528 0.0000
vt 0.0488 0.1191 0.0000
vt 0.0496 0.1201 0.0000
vt 0.0493 0.1582 0.0000
vt 0.0497 0.2114 0.0000
vt 0.0493 0.2061 0.0000
vt 0.0497 0.1885 0.0000
vt 0.8374 0.7842 0.0000
vt 0.8315 0.7906 0.0000
vt 0.8145 0.7848 0.0000
vt 0.8340 0.9173 0.0000
vt 0.8535 0.9169 0.0000
vt 0.8457 0.9238 0.0000
vt 0.0458 0.8092 0.0000
vt 0.0457 0.7894 0.0000
vt 0.0467 0.7937 0.0000
vt 0.0411 0.7478 0.0000
vt 0.0419 0.7500 0.0000
vt 0.0425 0.7703 0.0000
vt 0.0481 0.7911 0.0000
vt 0.0478 0.8152 0.0000
vt 0.0438 0.7523 0.0000
vt 0.0443 0.6860 0.0000
vt 0.0446 0.7518 0.0000
vt 0.6807 0.7906 0.0000
vt 0.8174 0.7714 0.0000
vt 0.7500 0.7716 0.0000
vt 0.0421 0.6833 0.0000
vt 0.0429 0.7495 0.0000
vt 0.0433 0.6782 0.0000
vt 0.8511 0.9367 0.0000
vt 0.8408 0.9419 0.0000
vt 0.6958 0.9367 0.0000
vt 0.0487 0.7175 0.0000
vt 0.0491 0.7959 0.0000
vt 0.0460 0.7217 0.0000
vt 0.7617 0.9178 0.0000
vt 0.0472 0.7219 0.0000
vt 0.0481 0.7241 0.0000
vt 0.7490 0.7842 0.0000
vt 0.7480 0.7655 0.0000
vt 0.7666 0.9242 0.0000
vt 0.7627 0.9423 0.0000
vt 0.0450 0.7166 0.0000
vt 0.6816 0.7717 0.0000
vt 0.0433 0.6191 0.0000
vt 0.0469 0.6643 0.0000
vt 0.7026 0.9170 0.0000
vt 0.0460 0.6572 0.0000
vt 0.7041 0.9422 0.0000
vt 0.0479 0.6592 0.0000
vt 0.6865 0.7651 0.0000
vt 0.7036 0.9240 0.0000
vt 0.0412 0.6169 0.0000
vt 0.0419 0.6194 0.0000
vt 0.6807 0.7843 0.0000
vt 0.6606 0.7643 0.0000
vt 0.6577 0.7843 0.0000
vt 0.6777 0.9233 0.0000
vt 0.6787 0.9429 0.0000
vt 0.6558 0.7726 0.0000
vt 0.6655 0.9365 0.0000
vt 0.6509 0.7908 0.0000
vt 0.0468 0.8248 0.0000
vt 0.8599 0.9428 0.0000
vt 0.0437 0.7872 0.0000
vt 0.8701 0.9170 0.0000
vt 0.0456 0.8258 0.0000
vt 0.0475 0.6309 0.0000
vt 0.6768 0.9160 0.0000
vt 0.6250 0.9183 0.0000
vt 0.6104 0.7651 0.0000
vt 0.6270 0.7719 0.0000
vt 0.6055 0.7725 0.0000
vt 0.0479 0.5559 0.0000
vt 0.0484 0.5308 0.0000
vt 0.0492 0.5540 0.0000
vt 0.0470 0.5317 0.0000
vt 0.0492 0.5244 0.0000
vt 0.6001 0.9418 0.0000
vt 0.5708 0.9418 0.0000
vt 0.5957 0.9366 0.0000
vt 0.6250 0.9423 0.0000
vt 0.6294 0.9365 0.0000
vt 0.6255 0.9237 0.0000
vt 0.0475 0.5791 0.0000
vt 0.0468 0.5562 0.0000
vt 0.6021 0.9166 0.0000
vt 0.1389 0.8663 0.0000
vt 0.1157 0.8663 0.0000
vt 0.1122 0.8477 0.0000
vt 0.1388 0.8413 0.0000
vt 0.1409 0.8480 0.0000
vt 0.1154 0.8416 0.0000
vt 0.1058 0.8610 0.0000
vt 0.1458 0.0176 0.0000
vt 0.1416 0.0249 0.0000
vt 0.1156 0.0181 0.0000
vt 0.1010 0.0366 0.0000
vt 0.1415 0.0371 0.0000
vt 0.0782 0.8610 0.0000
vt 0.0834 0.8668 0.0000
vt 0.0836 0.8416 0.0000
vt 0.0765 0.8485 0.0000
vt 0.1088 0.0439 0.0000
vt 0.1016 0.0259 0.0000
vt 0.0784 0.0181 0.0000
vt 0.0489 0.8483 0.0000
vt 0.0490 0.8417 0.0000
vt 0.0479 0.8604 0.0000
vt 0.0490 0.8661 0.0000
vt 0.0691 0.0239 0.0000
vt 0.0490 0.0186 0.0000
vt 0.2042 0.8475 0.0000
vt 0.2123 0.0181 0.0000
vt 0.0495 0.0381 0.0000
vt 0.0797 0.0435 0.0000
vt 0.0481 0.0430 0.0000
vt 0.0495 0.0244 0.0000
vt 0.2001 0.8408 0.0000
vt 0.0387 0.2041 0.0000
vt 0.0382 0.1460 0.0000
vt 0.0388 0.1411 0.0000
vt 0.2095 0.0254 0.0000
vt 0.1658 0.8483 0.0000
vt 0.1718 0.0186 0.0000
vt 0.0386 0.1055 0.0000
vt 0.1578 0.8406 0.0000
vt 0.1726 0.0249 0.0000
vt 0.0691 0.0381 0.0000
vt 0.1426 0.8254 0.0000
vt 0.1405 0.1392 0.0000
vt 0.2544 0.1162 0.0000
vt 0.2185 0.1157 0.0000
vt 0.5889 0.1157 0.0000
vt 0.2620 0.1167 0.0000
vt 0.5933 0.1172 0.0000
vt 0.3474 0.1177 0.0000
vt 0.5889 0.1167 0.0000
vt 0.5903 0.1182 0.0000
vt 0.3994 0.1187 0.0000
vt 0.3416 0.1196 0.0000
vt 0.5894 0.1191 0.0000
vt 0.1604 0.1528 0.0000
vt 0.1571 0.1187 0.0000
vt 0.1573 0.1167 0.0000
vt 0.1581 0.1196 0.0000
vt 0.1392 0.1162 0.0000
vt 0.1541 0.1157 0.0000
vt 0.1987 0.1187 0.0000
vt 0.5879 0.1201 0.0000
vt 0.1586 0.1201 0.0000
vt 0.1395 0.1323 0.0000
vt 0.2212 0.1387 0.0000
vt 0.1582 0.1323 0.0000
vt 0.5986 0.1328 0.0000
vt 0.1558 0.1382 0.0000
vt 0.5972 0.1387 0.0000
vt 0.0825 0.0059 0.0000
vt 0.0525 -0.0020 0.0000
vt 0.0853 0.0000 0.0000
vt 0.1812 0.1177 0.0000
vt 0.0845 0.8096 0.0000
vt 0.0510 0.8096 0.0000
vt 0.0690 0.8035 0.0000
vt 0.0696 0.4014 0.0000
vt 0.0540 0.4009 0.0000
vt 0.0814 0.3940 0.0000
vt 0.1078 0.0063 0.0000
vt 0.1196 0.0000 0.0000
vt 0.1184 0.8103 0.0000
vt 0.1185 0.8037 0.0000
vt 0.1183 0.4009 0.0000
vt 0.1169 0.3945 0.0000
vt 0.0520 0.3940 0.0000
vt 0.0500 0.3999 0.0000
vt 0.0539 0.2837 0.0000
vt 0.0503 0.2832 0.0000
vt 0.0500 0.2827 0.0000
vt 0.0686 0.2852 0.0000
vt 0.0505 0.2861 0.0000
vt 0.0510 0.2847 0.0000
vt 0.0504 0.8043 0.0000
vt 0.1081 0.5178 0.0000
vt 0.1083 0.5190 0.0000
vt 0.1014 0.5200 0.0000
vt 0.0787 0.4951 0.0000
vt 0.0923 0.4893 0.0000
vt 0.1071 0.4951 0.0000
vt 0.1008 0.4702 0.0000
vt 0.1442 0.5203 0.0000
vt 0.1428 0.5190 0.0000
vt 0.1049 0.6489 0.0000
vt 0.0849 0.6543 0.0000
vt 0.0820 0.6497 0.0000
vt 0.0436 0.4678 0.0000
vt 0.0425 0.4907 0.0000
vt 0.0422 0.4541 0.0000
vt 0.0440 0.4912 0.0000
vt 0.0450 0.4575 0.0000
vt 0.1024 0.6831 0.0000
vt 0.1008 0.6814 0.0000
vt 0.1281 0.6821 0.0000
vt 0.1255 0.6831 0.0000
vt 0.5166 0.7711 0.0000
vt 0.5171 0.7651 0.0000
vt 0.5601 0.7656 0.0000
vt 0.5522 0.7841 0.0000
vt 0.5166 0.7905 0.0000
vt 0.5142 0.7845 0.0000
vt 0.0433 0.5195 0.0000
vt 0.5830 0.7905 0.0000
vt 0.5474 0.7905 0.0000
vt 0.5747 0.7848 0.0000
vt 0.5596 0.9366 0.0000
vt 0.5483 0.9422 0.0000
vt 0.0480 0.5012 0.0000
vt 0.0490 0.5017 0.0000
vt 0.5742 0.9241 0.0000
vt 0.5337 0.9171 0.0000
vt 0.5664 0.9175 0.0000
vt 0.0468 0.5015 0.0000
vt 0.0460 0.5203 0.0000
vt 0.0454 0.4873 0.0000
vt 0.5283 0.9365 0.0000
vt 0.5298 0.9243 0.0000
vt 0.0438 0.4478 0.0000
vt 0.0490 0.4712 0.0000
vt 0.0482 0.4692 0.0000
vt 0.0469 0.4717 0.0000
vt 0.0458 0.4707 0.0000
vt 0.5176 0.9421 0.0000
vt 0.5508 0.7717 0.0000
vt 0.5732 0.2275 0.0000
vt 0.5835 0.3247 0.0000
vt 0.5625 0.2295 0.0000
vt 0.5649 0.2285 0.0000
vt 0.5610 0.3184 0.0000
vt 0.5620 0.3389 0.0000
vt 0.5503 0.2305 0.0000
vt 0.5415 0.2275 0.0000
vt 0.5435 0.2285 0.0000
vt 0.5513 0.3252 0.0000
vt 0.5420 0.2300 0.0000
vt 0.5366 0.3438 0.0000
vt 0.5513 0.6978 0.0000
vt 0.5220 0.3188 0.0000
vt 0.5356 0.4194 0.0000
vt 0.5166 0.2295 0.0000
vt 0.5264 0.3379 0.0000
vt 0.5288 0.7041 0.0000
vt 0.5332 0.4131 0.0000
vt 0.5249 0.3257 0.0000
vt 0.4932 0.3438 0.0000
vt 0.5044 0.6970 0.0000
vt 0.4958 0.4209 0.0000
vt 0.4827 0.3184 0.0000
vt 0.4902 0.7026 0.0000
vt 0.4851 0.3374 0.0000
vt 0.3489 0.4199 0.0000
vt 0.3430 0.4136 0.0000
vt 0.4001 0.4141 0.0000
vt 0.4922 0.3774 0.0000
vt 0.5361 0.3789 0.0000
vt 0.4834 0.3779 0.0000
vt 0.4607 0.4199 0.0000
vt 0.3948 0.3804 0.0000
vt 0.4595 0.3804 0.0000
vt 0.4023 0.3809 0.0000
vt 0.4880 0.4126 0.0000
vt 0.4905 0.3794 0.0000
vt 0.3403 0.3184 0.0000
vt 0.4490 0.3179 0.0000
vt 0.4475 0.3247 0.0000
vt 0.3352 0.3247 0.0000
vt 0.4841 0.3237 0.0000
vt 0.4634 0.3257 0.0000
vt 0.4602 0.3794 0.0000
vt 0.4570 0.4131 0.0000
vt 0.4756 0.2300 0.0000
vt 0.4548 0.2300 0.0000
vt 0.4558 0.2280 0.0000
vt 0.4607 0.6973 0.0000
vt 0.4573 0.7031 0.0000
vt 0.4602 0.3784 0.0000
vt 0.4495 0.3384 0.0000
vt 0.4502 0.3438 0.0000
vt 0.4407 0.2275 0.0000
vt 0.4399 0.2266 0.0000
vt 0.4404 0.2300 0.0000
vt 0.4392 0.2290 0.0000
vt 0.0776 0.0562 0.0000
vt 0.0493 0.0630 0.0000
vt 0.0507 0.0566 0.0000
vt 0.0505 0.4570 0.0000
vt 0.0772 0.4575 0.0000
vt 0.0892 0.0630 0.0000
vt 0.0999 0.0571 0.0000
vt 0.0815 0.4351 0.0000
vt 0.1846 0.4341 0.0000
vt 0.1810 0.4336 0.0000
vt 0.2128 0.4336 0.0000
vt 0.0898 0.0962 0.0000
vt 0.1805 0.1011 0.0000
vt 0.1034 0.1016 0.0000
vt 0.1022 0.4570 0.0000
vt 0.1804 0.0576 0.0000
vt 0.1949 0.0957 0.0000
vt 0.2123 0.1011 0.0000
vt 0.1930 0.0630 0.0000
vt 0.1741 0.5610 0.0000
vt 0.1015 0.5605 0.0000
vt 0.1736 0.5601 0.0000
vt 0.1948 0.5608 0.0000
vt 0.1831 0.5620 0.0000
vt 0.0816 0.1025 0.0000
vt 0.1039 0.4351 0.0000
vt 0.1036 0.4341 0.0000
vt 0.0990 0.5625 0.0000
vt 0.1022 0.5618 0.0000
vt 0.1788 0.5630 0.0000
vt 0.0771 0.5605 0.0000
vt 0.3621 0.8606 0.0000
vt 0.2437 0.0957 0.0000
vt 0.3630 0.8666 0.0000
vt 0.3765 0.0190 0.0000
vt 0.2578 0.1016 0.0000
vt 0.3762 0.0435 0.0000
vt 0.3779 0.0249 0.0000
vt 0.2458 0.5615 0.0000
vt 0.2452 0.5625 0.0000
vt 0.2177 0.5623 0.0000
vt 0.3779 0.0376 0.0000
vt 0.2476 0.0576 0.0000
vt 0.2410 0.0630 0.0000
vt 0.2172 0.5610 0.0000
vt 0.0504 0.1016 0.0000
vt 0.0493 0.0957 0.0000
vt 0.0493 0.4512 0.0000
vt 0.2085 0.5632 0.0000
vt 0.2103 0.0576 0.0000
vt 0.2817 0.0566 0.0000
vt 0.0658 0.7507 0.0000
vt 0.0504 0.7527 0.0000
vt 0.0525 0.7513 0.0000
vt 0.0531 0.7493 0.0000
vt 0.0489 0.7504 0.0000
vt 0.0851 0.7500 0.0000
vt 0.1072 0.7504 0.0000
vt 0.0857 0.7513 0.0000
vt 0.0493 0.7495 0.0000
vt 0.3972 0.1899 0.0000
vt 0.2561 0.1904 0.0000
vt 0.1632 0.1899 0.0000
vt 0.3276 0.1914 0.0000
vt 0.2751 0.1919 0.0000
vt 0.1619 0.1914 0.0000
vt 0.0533 0.0049 0.0000
vt 0.1633 0.1895 0.0000
vt 0.0493 0.8047 0.0000
vt -0.0016 0.1113 0.0000
vt 0.0051 0.1128 0.0000
vt 0.0047 0.2607 0.0000
vt 0.0492 0.0049 0.0000
vt 0.0503 0.7168 0.0000
vt 0.0657 0.7156 0.0000
vt 0.0523 0.7229 0.0000
vt 0.0495 0.7510 0.0000
vt 0.1625 0.1924 0.0000
vt 0.2263 0.2114 0.0000
vt 0.1631 0.2124 0.0000
vt 0.1412 0.1909 0.0000
vt 0.0850 0.7153 0.0000
vt 0.1196 0.7224 0.0000
vt 0.0817 0.7224 0.0000
vt 0.1068 0.7146 0.0000
vt 0.3110 0.1929 0.0000
vt 0.6128 0.1924 0.0000
vt 0.6108 0.1929 0.0000
vt 0.6094 0.1914 0.0000
vt 0.6143 0.1890 0.0000
vt 0.6094 0.1899 0.0000
vt 0.6089 0.1904 0.0000
vt 0.6084 0.2061 0.0000
vt 0.5972 0.1528 0.0000
vt 0.2272 0.1885 0.0000
vt 0.0049 0.5593 0.0000
vt 0.6069 0.2114 0.0000
vt 0.5986 0.1587 0.0000
vt 0.6094 0.1885 0.0000
vt -0.0014 0.5598 0.0000
vt 0.2625 0.7043 0.0000
vt 0.2646 0.6970 0.0000
vt 0.2808 0.6970 0.0000
vt 0.2769 0.3374 0.0000
vt 0.2751 0.3438 0.0000
vt 0.2593 0.3438 0.0000
vt 0.2727 0.3252 0.0000
vt 0.2554 0.3252 0.0000
vt 0.2642 0.3179 0.0000
vt 0.2686 0.2280 0.0000
vt 0.2722 0.2295 0.0000
vt 0.2534 0.2290 0.0000
vt 0.2174 0.2280 0.0000
vt 0.2515 0.2275 0.0000
vt 0.2578 0.3374 0.0000
vt 0.3137 0.2295 0.0000
vt 0.3127 0.2280 0.0000
vt 0.3306 0.2290 0.0000
vt 0.3271 0.4126 0.0000
vt 0.3218 0.4199 0.0000
vt 0.3286 0.3789 0.0000
vt 0.3408 0.3794 0.0000
vt 0.3411 0.3804 0.0000
vt 0.3315 0.2300 0.0000
vt 0.3301 0.2280 0.0000
vt 0.3318 0.6970 0.0000
vt 0.3411 0.7026 0.0000
vt 0.3271 0.7036 0.0000
vt 0.3447 0.3809 0.0000
vt 0.3430 0.3784 0.0000
vt 0.3142 0.3184 0.0000
vt 0.2839 0.2285 0.0000
vt 0.3430 0.3774 0.0000
vt 0.3899 0.3794 0.0000
vt 0.3181 0.3257 0.0000
vt 0.3379 0.3379 0.0000
vt 0.3245 0.3438 0.0000
vt 0.3198 0.3379 0.0000
vt 0.2705 0.4204 0.0000
vt 0.3938 0.3779 0.0000
vt 0.3923 0.2295 0.0000
vt 0.3982 0.2285 0.0000
vt 0.3872 0.3384 0.0000
vt 0.3989 0.7024 0.0000
vt 0.4011 0.3774 0.0000
vt 0.3926 0.3438 0.0000
vt 0.4016 0.6970 0.0000
vt 0.3870 0.2275 0.0000
vt 0.3799 0.2305 0.0000
vt 0.0415 0.5542 0.0000
vt 0.0412 0.5310 0.0000
vt 0.0424 0.5320 0.0000
vt 0.0435 0.5449 0.0000
vt 0.0417 0.5132 0.0000
vt 0.0410 0.5576 0.0000
vt 0.5796 0.7717 0.0000
vt 0.5928 0.7850 0.0000
vt 0.6201 0.7859 0.0000
vt 0.6152 0.7903 0.0000
vt 0.0428 0.5530 0.0000
vt 0.0805 0.6831 0.0000
vt 0.0729 0.6819 0.0000
vt 0.0436 0.5657 0.0000
vt 0.0422 0.5752 0.0000
vt 0.0428 0.5935 0.0000
vt 0.0526 0.6829 0.0000
vt 0.0413 0.5942 0.0000
vt 0.0493 0.6812 0.0000
vt 0.5322 0.5618 0.0000
vt 0.4963 0.5613 0.0000
vt 0.5288 0.5603 0.0000
vt 0.5005 0.4575 0.0000
vt 0.5352 0.4507 0.0000
vt 0.5337 0.4565 0.0000
vt 0.5083 0.4502 0.0000
vt 0.0495 0.5859 0.0000
vt 0.0505 0.5798 0.0000
vt 0.0740 0.5859 0.0000
vt 0.1637 0.4697 0.0000
vt 0.0467 0.3682 0.0000
vt 0.4170 0.9417 0.0000
vt 0.4099 0.9175 0.0000
vt 0.4233 0.9233 0.0000
vt 0.0416 0.3145 0.0000
vt 0.0430 0.3149 0.0000
vt 0.3716 0.7850 0.0000
vt 0.3938 0.7719 0.0000
vt 0.0420 0.3394 0.0000
vt 0.0434 0.3374 0.0000
vt 0.0409 0.3403 0.0000
vt 0.3977 0.7850 0.0000
vt 0.0486 0.3760 0.0000
vt 0.0493 0.3701 0.0000
vt 0.0428 0.3906 0.0000
vt 0.0452 0.3628 0.0000
vt 0.0411 0.3931 0.0000
vt 0.0478 0.3828 0.0000
vt 0.4133 0.7646 0.0000
vt 0.0411 0.4424 0.0000
vt 0.5024 0.7850 0.0000
vt 0.0493 0.4951 0.0000
vt 0.0520 0.6492 0.0000
vt 0.3982 0.0635 0.0000
vt 0.4600 0.0566 0.0000
vt 0.4780 0.0635 0.0000
vt 0.2788 0.2852 0.0000
vt 0.0493 0.4893 0.0000
vt 0.0492 0.6548 0.0000
vt 0.5415 0.1021 0.0000
vt 0.5410 0.0962 0.0000
vt 0.4231 0.0566 0.0000
vt 0.5376 0.0571 0.0000
vt 0.5342 0.0630 0.0000
vt 0.5132 0.0630 0.0000
vt 0.5015 0.0576 0.0000
vt 0.4197 0.5608 0.0000
vt 0.4189 0.5615 0.0000
vt 0.4341 0.4507 0.0000
vt 0.4233 0.4570 0.0000
vt 0.4797 0.4502 0.0000
vt 0.3721 0.0566 0.0000
vt 0.2311 0.2852 0.0000
vt 0.4595 0.4565 0.0000
vt 0.2299 0.2832 0.0000
vt 0.4553 0.5618 0.0000
vt 0.1348 0.7158 0.0000
vt 0.1263 0.7502 0.0000
vt 0.1342 0.7516 0.0000
vt 0.1257 0.0054 0.0000
vt 0.1437 0.7506 0.0000
vt 0.1548 0.7161 0.0000
vt 0.1511 0.3936 0.0000
vt 0.2917 0.0635 0.0000
vt 0.2949 0.0962 0.0000
vt 0.3313 0.0630 0.0000
vt 0.3354 0.0962 0.0000
vt 0.3320 0.0566 0.0000
vt 0.3325 0.1025 0.0000
vt 0.3337 0.4346 0.0000
vt 0.3008 0.0566 0.0000
vt 0.2920 0.1021 0.0000
vt 0.3049 0.1021 0.0000
vt 0.3059 0.4355 0.0000
vt 0.1466 0.7493 0.0000
vt 0.1533 0.7227 0.0000
vt 0.1544 0.0000 0.0000
vt 0.1459 0.0054 0.0000
vt 0.1525 0.8101 0.0000
vt 0.1542 0.8035 0.0000
vt 0.1543 0.4014 0.0000
vt 0.1178 0.2847 0.0000
vt 0.1530 0.2847 0.0000
vt 0.1525 0.2856 0.0000
vt 0.1771 0.2852 0.0000
vt 0.1780 0.4004 0.0000
# 1470 texture coords

o SM_guidao
g SM_guidao
usemtl M_guidao
s off
f 1/1/1 2/2/2 3/3/3 
f 4/4/4 5/5/5 6/6/6 
f 7/7/7 8/8/8 9/9/9 
f 10/10/10 11/11/11 12/12/12 
f 4/4/4 6/6/6 8/13/13 
f 5/14/14 4/15/15 13/16/16 
f 14/17/17 15/18/18 16/19/19 
f 16/19/19 13/20/20 14/17/17 
f 4/15/15 14/21/21 13/16/16 
f 17/22/22 18/23/22 19/24/23 
f 19/25/24 18/26/25 20/27/26 
f 20/28/27 10/10/10 12/12/12 
f 20/27/26 18/26/25 21/29/28 
f 22/30/29 11/11/11 10/10/10 
f 10/31/30 16/32/31 15/33/32 
f 20/34/33 13/35/34 16/32/31 
f 18/36/35 5/37/35 13/38/35 
f 5/39/5 18/40/5 6/41/5 
f 23/42/36 9/43/37 24/44/38 
f 13/35/34 20/34/33 21/45/39 
f 16/32/31 10/31/30 20/34/33 
f 22/46/40 10/31/30 15/33/32 
f 13/38/35 21/47/35 18/36/35 
f 23/42/36 25/48/41 26/49/42 
f 17/50/5 6/41/5 18/40/5 
f 25/48/41 23/42/36 24/44/38 
f 27/51/43 28/52/44 29/53/45 
f 30/54/46 31/55/47 29/56/48 
f 29/57/49 31/58/50 27/59/51 
f 28/52/44 32/60/52 33/61/53 
f 34/62/54 32/63/55 28/64/56 
f 29/56/48 35/65/57 30/54/46 
f 30/66/58 35/67/59 36/68/60 
f 29/53/45 28/52/44 33/61/53 
f 34/62/54 37/69/55 32/63/55 
f 38/70/61 39/71/62 40/72/63 
f 38/73/64 41/74/65 39/75/66 
f 41/74/65 38/73/64 42/76/67 
f 41/77/68 42/78/69 43/79/70 
f 36/80/71 44/81/72 37/82/73 
f 35/65/57 29/56/48 45/83/74 
f 46/84/75 29/57/49 33/85/76 
f 29/57/49 46/84/75 45/86/77 
f 46/84/75 33/85/76 47/87/78 
f 42/78/69 48/88/79 43/79/70 
f 45/86/77 46/84/75 49/89/80 
f 50/90/81 32/63/55 37/69/55 
f 33/61/53 32/60/52 50/91/82 
f 44/81/72 36/80/71 51/92/83 
f 37/69/55 44/93/84 50/90/81 
f 35/67/59 51/94/85 36/68/60 
f 50/91/82 52/95/86 33/61/53 
f 53/96/87 46/84/75 47/87/78 
f 49/89/80 46/84/75 53/96/87 
f 35/65/57 45/83/74 49/97/88 
f 33/85/76 52/98/89 47/87/78 
f 54/99/28 50/90/81 44/93/84 
f 54/100/90 44/81/72 51/92/83 
f 35/67/59 54/101/91 51/94/85 
f 41/74/65 35/65/57 49/97/88 
f 47/87/78 52/98/89 55/102/92 
f 55/102/92 53/96/87 47/87/78 
f 56/103/93 50/90/81 54/99/28 
f 52/95/86 50/91/82 57/104/94 
f 57/105/95 55/102/92 52/98/89 
f 53/96/87 55/102/92 40/72/63 
f 39/71/62 49/89/80 53/96/87 
f 49/97/88 39/75/66 41/74/65 
f 41/77/68 43/79/70 54/101/91 
f 39/71/62 53/96/87 40/72/63 
f 43/106/96 56/103/93 54/99/28 
f 54/101/91 35/67/59 41/77/68 
f 58/107/97 59/108/98 60/109/99 
f 59/110/100 61/111/101 60/112/102 
f 62/113/103 63/114/104 61/111/101 
f 64/115/105 65/116/106 63/114/104 
f 66/117/107 64/115/105 67/118/108 
f 65/116/106 61/111/101 63/114/104 
f 68/119/109 69/120/110 70/121/111 
f 71/122/112 68/123/113 67/118/108 
f 62/113/103 64/115/105 63/114/104 
f 64/115/105 66/117/107 65/116/106 
f 66/117/107 67/118/108 68/123/113 
f 72/124/114 60/112/102 61/111/101 
f 73/125/115 67/118/108 64/115/105 
f 74/126/116 75/127/117 76/128/118 
f 61/111/101 65/116/106 72/124/114 
f 70/121/111 77/129/119 68/119/109 
f 70/130/120 76/131/121 77/132/122 
f 58/107/97 78/133/98 59/108/98 
f 79/134/123 58/135/124 80/136/125 
f 80/137/126 81/138/127 79/139/128 
f 66/117/107 82/140/129 65/116/106 
f 66/117/107 68/123/113 83/141/130 
f 84/142/131 72/124/114 65/116/106 
f 72/124/114 84/142/131 60/112/102 
f 82/140/129 84/142/131 65/116/106 
f 82/140/129 66/117/107 83/141/130 
f 60/109/99 85/143/6 58/107/97 
f 77/129/119 83/144/132 68/119/109 
f 80/137/126 75/127/117 81/138/127 
f 75/127/117 86/145/133 76/128/118 
f 77/132/122 76/131/121 86/146/134 
f 84/147/135 85/143/6 60/109/99 
f 86/145/133 75/127/117 80/137/126 
f 87/148/136 80/136/125 58/135/124 
f 80/149/137 77/132/122 86/146/134 
f 77/129/119 88/150/138 83/144/132 
f 77/132/122 80/149/137 88/151/139 
f 89/152/140 82/140/129 83/141/130 
f 84/147/135 89/153/141 85/143/6 
f 83/144/132 88/150/138 89/154/142 
f 90/155/143 85/143/6 89/153/141 
f 90/156/144 87/148/136 85/157/145 
f 87/148/136 58/135/124 85/157/145 
f 87/158/146 88/151/139 80/149/137 
f 59/110/100 91/159/147 92/160/148 
f 93/161/149 73/125/115 94/162/150 
f 92/160/148 94/162/150 95/163/151 
f 62/113/103 61/111/101 95/163/151 
f 59/110/100 95/163/151 61/111/101 
f 71/122/112 69/164/152 68/123/113 
f 64/115/105 62/113/103 73/125/115 
f 67/118/108 73/125/115 71/122/112 
f 96/165/153 97/166/154 71/122/112 
f 95/163/151 59/110/100 92/160/148 
f 71/122/112 97/166/154 69/164/152 
f 71/122/112 73/125/115 93/161/149 
f 96/165/153 71/122/112 93/161/149 
f 92/160/148 91/159/147 98/167/155 
f 96/165/153 93/161/149 99/168/156 
f 99/168/156 93/161/149 94/162/150 
f 94/162/150 73/125/115 62/113/103 
f 94/162/150 62/113/103 95/163/151 
f 96/165/153 100/169/157 97/166/154 
f 94/162/150 92/160/148 101/170/158 
f 100/169/157 96/165/153 99/168/156 
f 99/168/156 94/162/150 101/170/158 
f 98/167/155 101/170/158 92/160/148 
f 56/171/159 57/104/94 50/91/82 
f 55/102/92 57/105/95 102/172/160 
f 40/72/63 55/102/92 102/172/160 
f 57/105/95 103/173/161 102/172/160 
f 104/174/162 105/175/163 48/176/164 
f 104/177/165 48/88/79 106/178/166 
f 106/178/166 107/179/167 104/177/165 
f 108/180/168 107/181/169 106/182/170 
f 109/183/171 110/184/172 111/185/173 
f 112/186/174 108/187/175 113/188/176 
f 114/189/177 115/190/178 116/191/179 
f 117/192/180 116/191/179 118/193/181 
f 114/189/177 112/186/174 113/188/176 
f 119/194/182 110/184/172 109/183/171 
f 113/195/183 108/180/168 106/182/170 
f 117/196/184 120/197/185 121/198/186 
f 117/192/180 118/193/181 120/199/187 
f 115/190/178 118/193/181 116/191/179 
f 113/188/176 115/190/178 114/189/177 
f 48/200/188 105/201/189 121/202/190 
f 121/202/190 122/203/191 48/200/188 
f 123/204/192 121/198/186 120/197/185 
f 113/195/183 106/182/170 124/205/193 
f 120/199/187 118/193/181 123/206/194 
f 121/198/186 123/204/192 122/207/195 
f 115/190/178 124/208/196 118/193/181 
f 115/190/178 113/188/176 124/208/196 
f 56/103/93 43/106/96 48/200/188 
f 122/203/191 56/103/93 48/200/188 
f 42/78/69 106/178/166 48/88/79 
f 106/182/170 42/76/67 124/205/193 
f 56/171/159 122/207/195 103/209/197 
f 57/104/94 56/171/159 103/209/197 
f 125/210/198 102/172/160 103/173/161 
f 125/210/198 40/72/63 102/172/160 
f 40/72/63 125/210/198 38/70/61 
f 42/76/67 38/73/64 124/205/193 
f 118/193/181 124/208/196 123/206/194 
f 122/207/195 123/204/192 103/209/197 
f 125/210/198 123/206/194 124/208/196 
f 123/206/194 125/210/198 103/173/161 
f 38/70/61 125/210/198 124/208/196 
f 111/185/173 126/211/199 127/212/200 
f 110/184/172 126/211/199 111/185/173 
f 128/213/201 105/175/163 104/174/162 
f 110/184/172 128/213/201 126/211/199 
f 126/211/199 104/174/162 127/212/200 
f 127/214/202 104/177/165 107/179/167 
f 126/211/199 128/213/201 104/174/162 
f 129/215/203 130/216/204 131/217/205 
f 129/215/203 132/218/206 130/216/204 
f 133/219/207 131/217/205 130/216/204 
f 130/220/208 132/221/209 134/222/210 
f 134/222/210 135/223/211 130/220/208 
f 136/224/212 133/219/207 130/216/204 
f 133/219/207 136/224/212 137/225/213 
f 138/226/214 139/227/215 140/228/216 
f 135/223/211 136/229/217 130/220/208 
f 141/230/218 142/231/219 143/232/220 
f 135/223/211 144/233/221 136/229/217 
f 145/234/222 137/225/213 136/224/212 
f 138/235/223 137/236/224 145/237/225 
f 145/238/226 136/229/217 144/233/221 
f 132/218/206 129/215/203 146/239/227 
f 147/240/228 148/241/229 149/242/230 
f 144/233/221 150/243/231 141/244/232 
f 151/245/233 141/246/234 148/247/235 
f 152/248/236 141/230/218 151/249/237 
f 147/240/228 149/242/230 153/250/238 
f 148/247/235 147/251/239 151/245/233 
f 150/252/240 144/253/241 153/254/242 
f 144/233/221 141/244/232 152/255/243 
f 152/248/236 151/249/237 145/234/222 
f 144/253/241 154/256/244 153/254/242 
f 145/238/226 144/233/221 152/255/243 
f 139/227/215 138/226/214 147/240/228 
f 155/257/245 144/253/241 135/258/246 
f 147/240/228 153/250/238 154/259/247 
f 145/237/225 151/245/233 147/251/239 
f 156/260/248 154/256/244 144/253/241 
f 145/237/225 147/251/239 138/235/223 
f 154/259/247 139/227/215 147/240/228 
f 144/253/241 155/257/245 156/260/248 
f 157/261/249 158/262/250 159/263/251 
f 78/264/252 160/265/253 161/266/254 
f 162/267/255 163/268/256 161/269/257 
f 164/270/258 97/271/259 165/272/258 
f 157/261/249 166/273/260 158/262/250 
f 167/274/261 164/275/262 168/276/261 
f 169/277/263 170/278/264 171/279/265 
f 169/277/263 172/280/266 168/281/267 
f 161/266/254 163/282/124 173/283/268 
f 100/169/157 165/284/269 97/166/154 
f 162/267/255 170/278/264 174/285/270 
f 78/133/98 175/286/271 59/108/98 
f 176/287/272 169/277/263 168/281/267 
f 97/271/259 164/270/258 177/288/273 
f 167/274/261 177/289/274 164/275/262 
f 161/266/254 173/283/268 175/290/254 
f 178/291/275 170/278/264 162/267/255 
f 171/279/265 170/278/264 178/291/275 
f 169/277/263 171/279/265 172/280/266 
f 179/292/276 162/267/255 161/269/257 
f 180/293/277 181/294/278 172/280/266 
f 159/263/251 180/293/277 172/280/266 
f 168/281/267 172/280/266 167/295/279 
f 179/292/276 178/291/275 162/267/255 
f 157/261/249 171/279/265 178/291/275 
f 177/288/273 69/120/110 97/271/259 
f 160/296/280 166/273/260 179/292/276 
f 175/286/271 91/297/281 59/108/98 
f 78/264/252 161/266/254 175/290/254 
f 178/291/275 179/292/276 166/273/260 
f 181/298/282 177/289/274 167/274/261 
f 99/168/156 101/170/158 182/299/283 
f 100/169/157 99/168/156 182/299/283 
f 163/268/256 162/267/255 174/285/270 
f 168/276/261 164/275/262 176/300/284 
f 183/301/285 170/278/264 169/277/263 
f 169/277/263 176/287/272 183/301/285 
f 183/301/285 174/285/270 170/278/264 
f 184/302/286 182/299/283 101/170/158 
f 176/300/284 164/275/262 185/303/287 
f 165/272/258 185/304/288 164/270/258 
f 166/273/260 160/296/280 186/305/289 
f 158/262/250 166/273/260 186/305/289 
f 179/292/276 161/269/257 160/296/280 
f 157/261/249 159/263/251 171/279/265 
f 187/306/290 177/289/274 181/298/282 
f 187/307/110 69/120/110 177/288/273 
f 166/273/260 157/261/249 178/291/275 
f 159/263/251 74/126/116 180/293/277 
f 180/293/277 188/308/291 181/294/278 
f 159/263/251 158/262/250 189/309/292 
f 160/265/253 78/264/252 190/310/253 
f 188/311/120 187/306/290 181/298/282 
f 167/295/279 172/280/266 181/294/278 
f 69/120/110 187/307/110 70/121/111 
f 171/279/265 159/263/251 172/280/266 
f 79/139/128 81/138/127 191/312/293 
f 191/312/293 186/305/289 160/296/280 
f 158/262/250 186/305/289 192/313/294 
f 75/127/117 189/309/292 81/138/127 
f 159/263/251 189/309/292 74/126/116 
f 191/312/293 160/296/280 190/314/295 
f 58/135/124 79/134/123 190/310/253 
f 188/311/120 76/131/121 70/130/120 
f 74/126/116 76/128/118 188/308/291 
f 193/315/296 194/316/297 185/304/288 
f 74/126/116 188/308/291 180/293/277 
f 185/304/288 195/317/298 193/315/296 
f 193/318/299 195/319/300 196/320/301 
f 196/320/301 195/319/300 182/299/283 
f 190/310/253 78/264/252 58/135/124 
f 185/303/287 194/321/302 197/322/303 
f 185/304/288 165/272/258 195/317/298 
f 188/311/120 70/130/120 187/306/290 
f 189/309/292 158/262/250 192/313/294 
f 191/312/293 192/313/294 186/305/289 
f 189/309/292 192/313/294 81/138/127 
f 189/309/292 75/127/117 74/126/116 
f 191/312/293 190/314/295 79/139/128 
f 81/138/127 192/313/294 191/312/293 
f 100/169/157 195/319/300 165/284/269 
f 182/299/283 195/319/300 100/169/157 
f 183/301/285 197/323/304 174/285/270 
f 183/301/285 176/287/272 197/323/304 
f 176/300/284 185/303/287 197/322/303 
f 182/299/283 184/302/286 196/320/301 
f 198/324/305 199/325/306 200/326/307 
f 199/325/306 201/327/308 24/328/309 
f 8/8/8 202/329/310 9/9/9 
f 8/8/8 203/330/311 202/329/310 
f 203/330/311 8/8/8 6/331/312 
f 19/25/24 20/27/26 204/332/313 
f 200/326/307 17/333/314 198/324/305 
f 17/22/22 19/24/23 198/334/315 
f 205/335/316 206/336/317 207/337/318 
f 201/338/319 208/339/320 26/340/321 
f 199/325/306 198/324/305 201/327/308 
f 24/328/309 201/327/308 25/341/322 
f 201/327/308 26/342/323 25/341/322 
f 201/327/308 198/324/305 209/343/324 
f 210/344/325 201/327/308 209/343/324 
f 208/339/320 201/338/319 210/345/326 
f 198/334/315 19/24/23 209/346/327 
f 210/344/325 209/343/324 207/347/328 
f 211/348/329 207/347/328 209/343/324 
f 207/337/318 212/349/330 208/339/320 
f 207/337/318 208/339/320 210/345/326 
f 213/350/331 209/346/327 19/24/23 
f 214/351/332 215/352/333 216/353/334 
f 208/354/335 216/355/336 215/356/337 
f 214/351/332 217/357/338 11/11/11 
f 12/12/12 217/357/338 204/358/339 
f 212/359/340 216/355/336 208/354/335 
f 19/25/24 204/332/313 213/360/341 
f 218/361/342 217/357/338 214/351/332 
f 204/358/339 217/357/338 219/362/343 
f 214/351/332 216/353/334 218/361/342 
f 200/363/344 202/364/345 203/365/346 
f 203/365/346 6/366/347 200/363/344 
f 9/43/37 202/364/345 199/367/348 
f 11/11/11 215/352/333 214/351/332 
f 217/357/338 12/12/12 11/11/11 
f 12/12/12 204/358/339 20/28/27 
f 220/368/349 221/369/349 222/370/350 
f 218/361/342 219/362/343 217/357/338 
f 212/359/340 223/371/351 216/355/336 
f 223/372/352 218/361/342 216/353/334 
f 205/373/353 207/347/328 211/348/329 
f 219/374/354 213/360/341 204/332/313 
f 212/359/340 206/375/355 223/371/351 
f 212/349/330 207/337/318 206/336/317 
f 213/350/331 220/376/356 224/377/357 
f 213/360/341 219/374/354 220/368/349 
f 225/378/358 219/362/343 218/361/342 
f 218/361/342 223/372/352 225/378/358 
f 221/369/349 220/368/349 219/374/354 
f 219/362/343 225/378/358 221/379/359 
f 220/368/349 222/370/350 226/380/360 
f 220/376/356 226/381/361 224/377/357 
f 202/364/345 200/363/344 199/367/348 
f 24/44/38 9/43/37 199/367/348 
f 6/366/347 17/382/347 200/363/344 
f 227/383/362 228/384/363 229/385/364 
f 230/386/365 231/387/366 232/388/367 
f 233/389/368 231/390/369 234/391/370 
f 230/386/365 235/392/371 231/387/366 
f 235/392/371 230/386/365 236/393/372 
f 237/394/373 236/393/372 227/383/362 
f 228/395/374 238/396/375 229/397/376 
f 227/383/362 229/385/364 237/394/373 
f 236/393/372 239/398/377 227/383/362 
f 236/393/372 230/386/365 239/398/377 
f 231/387/366 233/399/378 232/388/367 
f 240/400/379 241/401/380 242/402/380 
f 243/403/381 241/404/381 240/405/382 
f 244/406/244 242/407/383 241/408/384 
f 245/409/385 234/391/370 231/390/369 
f 236/393/372 246/410/386 235/392/371 
f 246/410/386 247/411/387 235/392/371 
f 235/392/371 248/412/388 231/387/366 
f 249/413/389 243/414/390 250/415/391 
f 243/416/392 249/417/393 241/418/394 
f 248/412/388 245/419/395 231/387/366 
f 249/417/393 244/420/396 241/418/394 
f 246/410/386 236/393/372 237/394/373 
f 237/394/373 229/385/364 251/421/397 
f 251/421/397 229/385/364 252/422/398 
f 237/394/373 251/421/397 246/410/386 
f 138/235/223 253/423/399 137/236/224 
f 253/424/400 133/219/207 137/225/213 
f 254/425/401 255/426/402 251/421/397 
f 234/391/370 256/427/403 233/389/368 
f 253/423/399 138/235/223 257/428/404 
f 258/429/405 247/411/387 255/426/402 
f 245/409/385 243/403/381 240/405/382 
f 248/412/388 243/430/406 245/419/395 
f 131/217/205 133/219/207 253/424/400 
f 259/431/407 227/383/362 239/398/377 
f 259/431/407 228/384/363 227/383/362 
f 239/398/377 230/386/365 232/388/367 
f 260/432/408 232/388/367 233/399/378 
f 232/388/367 146/239/227 239/398/377 
f 256/427/403 260/433/409 233/389/368 
f 261/434/410 131/217/205 253/424/400 
f 262/435/411 256/436/412 234/437/413 
f 258/429/405 248/412/388 247/411/387 
f 258/429/405 255/426/402 254/425/401 
f 228/384/363 259/431/407 261/434/410 
f 146/239/227 232/388/367 260/432/408 
f 228/395/374 263/438/414 264/439/415 
f 261/434/410 263/440/416 228/384/363 
f 261/434/410 259/431/407 239/398/377 
f 248/412/388 235/392/371 247/411/387 
f 255/426/402 247/411/387 246/410/386 
f 257/428/404 263/438/414 253/423/399 
f 261/434/410 239/398/377 129/215/203 
f 239/398/377 146/239/227 129/215/203 
f 258/429/405 265/441/417 250/442/418 
f 255/426/402 246/410/386 251/421/397 
f 258/429/405 250/442/418 248/412/388 
f 264/439/415 263/438/414 257/428/404 
f 131/217/205 261/434/410 129/215/203 
f 229/397/376 238/396/375 252/443/419 
f 245/409/385 240/405/382 234/391/370 
f 250/442/418 243/430/406 248/412/388 
f 261/434/410 253/424/400 263/440/416 
f 265/441/417 258/429/405 254/425/401 
f 266/444/420 267/445/421 268/446/422 
f 268/447/423 269/448/424 270/449/425 
f 271/450/426 272/451/427 267/452/428 
f 269/453/429 272/454/430 273/455/431 
f 272/451/427 271/450/426 273/456/432 
f 274/457/433 275/458/434 276/459/435 
f 277/460/436 278/461/437 266/462/438 
f 279/463/439 280/464/440 277/460/436 
f 277/460/436 266/462/438 281/465/441 
f 277/460/436 281/465/441 279/463/439 
f 271/466/442 278/467/443 282/468/444 
f 283/469/445 279/470/446 270/449/425 
f 273/456/432 271/450/426 284/471/447 
f 271/466/442 282/468/444 284/472/444 
f 279/470/446 283/469/445 280/473/448 
f 282/474/449 278/461/437 277/460/436 
f 280/464/440 282/474/449 277/460/436 
f 283/469/445 282/475/450 280/473/448 
f 270/476/451 273/455/431 283/477/452 
f 285/478/453 273/456/432 284/471/447 
f 285/479/454 283/477/452 273/455/431 
f 286/480/455 284/472/444 282/468/444 
f 287/481/456 282/475/450 283/469/445 
f 287/481/456 286/482/457 282/475/450 
f 286/480/455 288/483/458 284/472/444 
f 283/477/452 285/479/454 287/484/459 
f 284/471/447 288/485/460 285/478/453 
f 289/486/461 285/478/453 288/485/460 
f 290/487/462 286/488/463 291/489/464 
f 292/490/465 286/488/463 290/487/462 
f 291/491/466 286/482/457 287/481/456 
f 292/492/467 288/483/458 286/480/455 
f 276/493/468 272/494/469 293/495/470 
f 285/479/454 289/496/471 287/484/459 
f 275/497/472 294/498/473 295/499/474 
f 296/500/475 287/484/459 289/496/471 
f 267/501/476 272/502/477 276/459/435 
f 275/458/434 267/501/476 276/459/435 
f 268/503/478 267/504/479 275/497/472 
f 269/505/480 293/495/470 272/494/469 
f 269/506/313 295/507/481 293/508/482 
f 295/499/474 268/503/478 275/497/472 
f 269/506/313 268/509/483 295/507/481 
f 271/466/442 266/444/420 278/467/443 
f 270/476/451 269/453/429 273/455/431 
f 279/470/446 281/510/484 270/449/425 
f 266/462/438 268/511/485 281/465/441 
f 267/445/421 266/444/420 271/466/442 
f 281/510/484 268/447/423 270/449/425 
f 297/512/486 298/513/487 299/514/488 
f 300/515/489 297/516/490 299/517/491 
f 301/518/492 298/513/487 297/512/486 
f 300/519/493 302/520/494 297/521/495 
f 303/522/496 304/523/497 305/524/498 
f 304/523/497 303/522/496 306/525/499 
f 307/526/500 308/527/501 309/528/502 
f 297/512/486 310/529/503 301/518/492 
f 302/520/494 311/530/504 297/521/495 
f 305/524/498 312/531/505 303/522/496 
f 309/532/506 305/524/498 307/533/507 
f 309/532/506 312/531/505 305/524/498 
f 256/427/403 134/222/210 260/433/409 
f 313/534/508 306/525/499 303/522/496 
f 312/531/505 314/535/509 303/522/496 
f 132/218/206 146/239/227 260/432/408 
f 311/530/504 302/520/494 315/536/510 
f 297/512/486 311/537/511 310/529/503 
f 316/538/512 306/539/513 298/513/487 
f 306/539/513 313/540/514 298/513/487 
f 309/528/502 308/527/501 300/519/493 
f 313/534/508 303/522/496 314/535/509 
f 314/535/509 312/531/505 309/532/506 
f 300/515/489 317/541/515 309/532/506 
f 317/541/515 314/535/509 309/532/506 
f 318/542/516 310/529/503 311/537/511 
f 319/543/516 318/542/516 311/537/511 
f 299/514/488 298/513/487 313/540/514 
f 302/520/494 300/519/493 308/527/501 
f 320/544/454 318/545/517 319/546/518 
f 314/535/509 299/517/491 313/534/508 
f 314/535/509 317/541/515 300/515/489 
f 300/515/489 299/517/491 314/535/509 
f 134/222/210 132/221/209 260/433/409 
f 318/545/517 320/544/454 226/381/361 
f 321/547/519 320/548/520 319/549/521 
f 322/550/522 323/551/523 324/552/524 
f 323/553/525 325/554/526 324/555/527 
f 326/556/528 323/551/523 322/550/522 
f 327/557/529 328/558/530 322/559/531 
f 329/560/532 326/561/533 322/559/531 
f 322/559/531 328/558/530 329/560/532 
f 330/562/534 325/554/526 323/553/525 
f 328/558/530 327/557/529 331/563/535 
f 332/564/536 326/561/533 329/560/532 
f 328/558/530 333/565/537 329/560/532 
f 333/565/537 328/558/530 331/563/535 
f 332/566/538 323/551/523 326/556/528 
f 333/565/537 334/567/539 329/560/532 
f 335/568/26 336/569/540 337/570/541 
f 335/568/26 338/571/542 336/569/540 
f 329/560/532 334/567/539 332/564/536 
f 323/551/523 332/566/538 339/572/543 
f 323/553/525 340/573/544 330/562/534 
f 331/563/535 341/574/545 333/565/537 
f 333/565/537 341/574/545 334/567/539 
f 337/570/541 336/569/540 342/575/546 
f 343/576/547 336/577/548 338/578/549 
f 338/579/550 335/580/551 344/581/552 
f 338/582/553 344/583/554 343/584/555 
f 332/564/536 334/567/539 345/585/556 
f 346/586/557 344/581/552 335/580/551 
f 347/587/558 348/588/559 349/589/560 
f 341/574/545 331/563/535 350/590/561 
f 344/591/500 351/592/562 352/593/500 
f 351/594/563 349/595/564 352/596/565 
f 339/572/543 332/566/538 345/597/566 
f 340/573/544 323/553/525 339/598/567 
f 334/567/539 341/574/545 345/585/556 
f 350/590/561 353/599/568 341/574/545 
f 341/574/545 354/600/569 345/585/556 
f 355/601/570 353/602/571 350/603/572 
f 353/599/568 354/600/569 341/574/545 
f 356/604/573 339/572/543 345/597/566 
f 354/600/569 356/605/574 345/585/556 
f 340/573/544 339/598/567 351/592/562 
f 353/602/571 355/601/570 357/606/575 
f 356/604/573 351/594/563 339/572/543 
f 353/599/568 356/605/574 354/600/569 
f 340/607/211 358/608/486 355/609/576 
f 353/599/568 357/610/577 356/605/574 
f 359/611/578 357/606/575 355/601/570 
f 355/609/576 358/608/486 359/612/579 
f 360/613/580 351/594/563 356/604/573 
f 360/614/581 356/605/574 357/610/577 
f 357/606/575 359/611/578 361/615/582 
f 357/610/577 361/616/583 360/614/581 
f 340/573/544 351/592/562 358/617/584 
f 359/612/579 358/608/486 344/581/552 
f 361/615/582 359/611/578 347/618/585 
f 359/612/579 344/581/552 346/586/557 
f 346/619/271 347/618/585 359/611/578 
f 344/591/500 358/617/584 351/592/562 
f 347/587/558 349/589/560 361/616/583 
f 351/594/563 360/613/580 349/595/564 
f 361/616/583 349/589/560 360/614/581 
f 362/620/586 363/621/587 364/622/197 
f 362/623/588 364/624/589 193/318/299 
f 193/315/296 364/625/590 194/316/297 
f 362/620/586 365/626/591 363/621/587 
f 363/627/592 365/628/593 366/629/594 
f 366/629/594 367/630/595 363/627/592 
f 194/321/302 368/631/596 369/632/597 
f 369/633/598 368/634/599 367/635/600 
f 370/636/601 369/633/598 367/635/600 
f 370/636/601 367/635/600 366/637/602 
f 362/623/588 193/318/299 196/320/301 
f 362/623/588 196/320/301 371/638/603 
f 371/639/604 365/626/591 362/620/586 
f 369/632/597 197/322/303 194/321/302 
f 370/636/601 366/637/602 372/640/605 
f 369/633/598 370/636/601 197/323/304 
f 373/641/606 374/642/607 375/643/608 
f 374/644/609 373/645/610 376/646/611 
f 376/647/612 377/648/613 378/649/614 
f 379/650/615 380/651/616 381/652/617 
f 381/653/618 375/654/619 379/655/620 
f 382/656/621 374/644/609 376/646/611 
f 378/649/614 382/657/622 376/647/612 
f 378/658/623 380/651/616 383/659/624 
f 380/651/616 379/650/615 384/660/625 
f 385/661/626 380/651/616 378/658/623 
f 386/662/627 375/643/608 374/642/607 
f 387/663/628 386/664/629 374/665/630 
f 374/644/609 382/656/621 387/666/631 
f 380/651/616 384/660/625 383/659/624 
f 383/667/189 382/657/622 378/649/614 
f 379/655/620 375/654/619 388/668/632 
f 379/650/615 388/669/633 384/660/625 
f 375/643/608 386/662/627 389/670/634 
f 375/654/619 389/671/635 388/668/632 
f 365/628/593 372/672/636 366/629/594 
f 371/639/604 184/673/637 365/626/591 
f 196/320/301 184/302/286 371/638/603 
f 174/285/270 197/323/304 370/636/601 
f 174/285/270 370/636/601 372/640/605 
f 372/672/636 365/628/593 173/283/268 
f 173/674/638 365/626/591 184/673/637 
f 373/641/606 194/675/639 364/676/640 
f 364/677/641 376/646/611 373/645/610 
f 372/672/636 173/283/268 163/282/124 
f 174/285/270 372/640/605 163/268/256 
f 194/675/639 373/641/606 375/643/608 
f 173/674/638 184/673/637 98/678/642 
f 375/654/619 381/653/618 194/679/643 
f 184/302/286 101/170/158 98/167/155 
f 377/648/613 376/647/612 363/680/644 
f 376/646/611 364/677/641 363/681/641 
f 368/682/645 194/679/643 381/653/618 
f 367/683/646 377/648/613 363/680/644 
f 368/684/647 385/661/626 367/685/648 
f 381/652/617 385/661/626 368/684/647 
f 367/685/648 385/661/626 377/686/649 
f 385/661/626 381/652/617 380/651/616 
f 378/658/623 377/686/649 385/661/626 
f 175/286/271 173/674/638 91/297/281 
f 173/674/638 98/678/642 91/297/281 
f 390/687/650 386/664/629 387/663/628 
f 390/688/651 389/670/634 386/662/627 
f 387/666/631 382/656/621 391/689/652 
f 391/689/652 390/690/653 387/666/631 
f 392/691/654 238/692/655 393/693/656 
f 240/400/379 394/694/657 395/695/658 
f 396/696/659 397/697/660 398/698/661 
f 399/699/662 400/700/663 401/701/664 
f 398/698/661 401/701/664 396/696/659 
f 402/702/665 242/703/666 403/704/667 
f 397/705/668 134/706/669 398/707/670 
f 400/700/663 404/708/671 405/709/672 
f 398/698/661 399/699/662 401/701/664 
f 264/710/673 257/711/674 405/712/675 
f 400/700/663 399/699/662 404/708/671 
f 406/713/676 407/714/677 393/715/678 
f 408/716/654 238/692/655 392/691/654 
f 409/717/679 395/718/680 394/719/681 
f 134/706/669 256/436/412 262/435/411 
f 134/706/669 262/435/411 398/707/670 
f 407/714/677 392/720/682 393/715/678 
f 404/708/671 410/721/683 405/709/672 
f 411/722/684 407/714/677 406/713/676 
f 409/717/679 402/702/665 411/722/684 
f 264/710/673 405/712/675 410/723/685 
f 409/717/679 394/719/681 402/702/665 
f 400/700/663 405/709/672 140/724/686 
f 238/396/375 408/725/687 252/443/419 
f 411/722/684 406/713/676 409/717/679 
f 396/696/659 401/701/664 412/726/688 
f 413/727/689 410/721/683 404/708/671 
f 399/699/662 398/698/661 414/728/690 
f 404/708/671 399/699/662 413/727/689 
f 397/697/660 396/696/659 412/726/688 
f 397/705/668 135/258/246 134/706/669 
f 257/711/674 138/226/214 140/228/216 
f 398/698/661 415/729/691 414/728/690 
f 398/698/661 262/730/692 415/729/691 
f 414/728/690 413/727/689 399/699/662 
f 416/731/693 412/726/688 401/701/664 
f 397/705/668 155/257/245 135/258/246 
f 234/437/413 395/695/658 262/435/411 
f 417/732/694 262/730/692 395/718/680 
f 410/723/685 393/693/656 238/692/655 
f 397/697/660 412/726/688 155/733/695 
f 240/400/379 242/402/380 394/694/657 
f 402/702/665 403/704/667 411/722/684 
f 418/734/696 392/720/682 407/714/677 
f 412/726/688 416/731/693 155/733/695 
f 394/719/681 242/703/666 402/702/665 
f 411/722/684 419/735/697 407/714/677 
f 119/194/182 403/736/698 242/737/699 
f 234/437/413 240/400/379 395/695/658 
f 395/718/680 409/717/679 417/732/694 
f 420/738/700 409/717/679 406/713/676 
f 393/715/678 421/739/701 406/713/676 
f 409/717/679 420/738/700 417/732/694 
f 406/713/676 421/739/701 420/738/700 
f 109/183/171 403/736/698 119/194/182 
f 403/736/698 109/183/171 419/740/702 
f 419/740/702 109/183/171 418/741/703 
f 418/734/696 407/714/677 419/735/697 
f 403/704/667 419/735/697 411/722/684 
f 257/711/674 140/228/216 405/712/675 
f 421/739/701 393/715/678 410/721/683 
f 420/738/700 421/739/701 414/728/690 
f 415/729/691 417/732/694 420/738/700 
f 413/727/689 421/739/701 410/721/683 
f 414/728/690 421/739/701 413/727/689 
f 415/729/691 262/730/692 417/732/694 
f 420/738/700 414/728/690 415/729/691 
f 228/395/374 264/439/415 238/396/375 
f 410/723/685 238/692/655 264/710/673 
f 422/742/704 423/743/705 424/744/706 
f 422/745/707 425/746/239 107/181/169 
f 128/747/708 426/748/709 427/749/710 
f 422/750/711 424/751/712 427/752/713 
f 127/214/202 107/179/167 425/753/714 
f 422/750/711 427/752/713 426/754/715 
f 428/755/716 422/742/704 108/187/175 
f 108/180/168 422/745/707 107/181/169 
f 426/748/709 128/747/708 110/756/717 
f 423/743/705 422/742/704 428/755/716 
f 127/214/202 425/753/714 429/757/228 
f 127/212/200 429/758/718 111/185/173 
f 105/201/189 128/747/708 427/749/710 
f 427/749/710 121/202/190 105/201/189 
f 424/744/706 423/743/705 116/191/179 
f 427/752/713 424/751/712 117/196/184 
f 112/186/174 428/755/716 108/187/175 
f 428/755/716 114/189/177 423/743/705 
f 427/752/713 117/196/184 121/198/186 
f 423/743/705 114/189/177 116/191/179 
f 424/744/706 116/191/179 117/192/180 
f 114/189/177 428/755/716 112/186/174 
f 3/3/3 254/425/401 1/1/1 
f 251/421/397 252/422/398 1/1/1 
f 252/443/419 408/725/687 2/759/719 
f 1/1/1 252/422/398 2/2/2 
f 1/1/1 254/425/401 251/421/397 
f 408/716/654 392/691/654 418/760/720 
f 2/761/721 430/762/722 3/763/723 
f 249/413/389 250/415/391 265/764/724 
f 2/761/721 431/765/725 430/762/722 
f 425/746/239 422/745/707 249/766/726 
f 422/750/711 426/754/715 249/417/393 
f 426/748/709 110/756/717 119/767/727 
f 111/185/173 429/758/718 109/183/171 
f 425/753/714 430/768/728 429/757/228 
f 430/762/722 425/746/239 249/766/726 
f 244/420/396 249/417/393 426/754/715 
f 119/767/727 244/406/244 426/748/709 
f 3/763/723 430/762/722 249/766/726 
f 431/769/729 418/770/730 430/768/728 
f 430/768/728 109/771/731 429/757/228 
f 244/406/244 119/767/727 242/407/383 
f 430/768/728 418/770/730 109/771/731 
f 3/772/732 249/413/389 265/764/724 
f 23/773/733 7/7/7 9/9/9 
f 265/441/417 254/425/401 3/3/3 
f 2/759/719 408/725/687 431/774/734 
f 418/760/720 431/775/735 408/716/654 
f 432/776/736 433/777/737 434/778/738 
f 435/779/739 436/780/740 437/781/741 
f 435/779/739 437/781/741 434/778/738 
f 438/782/742 433/783/743 432/784/744 
f 439/785/745 440/786/746 441/787/747 
f 441/787/747 442/788/748 439/785/745 
f 440/789/749 438/790/750 441/791/751 
f 443/792/752 432/776/736 444/793/753 
f 445/794/754 446/795/755 447/796/756 
f 448/797/757 446/795/755 441/787/747 
f 440/789/749 449/798/758 438/790/750 
f 441/787/747 446/795/755 442/788/748 
f 444/793/753 450/799/759 443/792/752 
f 434/778/738 451/800/760 435/779/739 
f 443/801/761 452/802/762 453/803/763 
f 337/570/541 342/575/546 433/783/743 
f 451/800/760 434/778/738 433/777/737 
f 454/804/764 441/791/751 453/805/765 
f 441/787/747 454/806/766 448/797/757 
f 447/796/756 446/795/755 448/797/757 
f 455/807/767 433/783/743 438/782/742 
f 342/808/768 451/800/760 433/777/737 
f 456/809/136 452/802/762 457/810/542 
f 433/783/743 455/807/767 337/570/541 
f 455/811/769 438/790/750 449/798/758 
f 455/811/769 449/798/758 337/812/770 
f 456/809/136 457/810/542 458/813/771 
f 453/803/763 452/802/762 456/809/136 
f 454/804/764 453/805/765 456/814/772 
f 459/815/773 444/793/753 436/780/740 
f 454/806/766 460/816/774 448/797/757 
f 432/776/736 434/778/738 437/781/741 
f 447/796/756 448/797/757 461/817/775 
f 454/804/764 456/814/772 460/818/776 
f 460/816/774 461/817/775 448/797/757 
f 437/781/741 444/793/753 432/776/736 
f 443/801/761 438/782/742 432/784/744 
f 304/523/497 458/819/777 457/820/778 
f 460/818/776 456/814/772 316/821/779 
f 456/809/136 458/813/771 316/538/512 
f 437/781/741 436/780/740 444/793/753 
f 439/785/745 449/822/780 440/786/746 
f 444/793/753 459/815/773 450/799/759 
f 460/818/776 316/821/779 462/823/781 
f 304/523/497 306/525/499 458/819/777 
f 316/538/512 458/813/771 306/539/513 
f 438/782/742 443/801/761 453/803/763 
f 453/805/765 441/791/751 438/790/750 
f 461/817/775 460/816/774 462/824/782 
f 462/824/782 463/825/783 461/817/775 
f 464/826/784 465/827/785 466/828/786 
f 467/829/787 465/830/788 468/831/789 
f 469/832/790 465/830/788 470/833/791 
f 466/834/792 471/835/793 464/836/794 
f 467/837/795 468/838/796 472/839/797 
f 473/840/798 471/835/793 466/834/792 
f 472/839/797 471/841/799 467/837/795 
f 470/842/800 471/841/799 473/843/801 
f 465/827/785 474/844/802 466/828/786 
f 470/833/791 465/830/788 467/829/787 
f 293/508/482 295/507/481 475/845/803 
f 294/846/804 475/847/805 295/848/806 
f 474/849/807 473/840/798 466/834/792 
f 465/827/785 469/850/808 474/844/802 
f 471/841/799 470/842/800 467/837/795 
f 476/851/809 474/844/802 469/850/808 
f 475/845/803 477/852/810 478/853/811 
f 475/847/805 479/854/812 477/855/813 
f 479/854/812 480/856/814 477/855/813 
f 294/846/804 479/854/812 475/847/805 
f 480/857/557 481/858/771 477/852/810 
f 479/859/815 482/860/816 480/861/817 
f 483/862/818 479/859/815 294/498/473 
f 274/457/433 483/863/819 275/458/434 
f 478/853/811 477/852/810 481/858/771 
f 482/860/816 479/859/815 483/862/818 
f 274/457/433 484/864/820 483/863/819 
f 485/865/281 274/866/821 478/867/822 
f 274/866/821 276/493/468 478/867/822 
f 293/508/482 475/845/803 478/853/811 
f 275/497/472 483/862/818 294/498/473 
f 478/867/822 276/493/468 293/495/470 
f 478/867/822 481/868/779 485/865/281 
f 482/869/823 483/863/819 484/864/820 
f 484/870/824 274/871/825 485/872/826 
f 481/858/771 480/857/557 464/826/784 
f 482/860/816 486/873/121 480/861/817 
f 472/839/797 482/869/823 484/864/820 
f 472/874/827 485/865/281 481/868/779 
f 472/875/828 484/870/824 485/872/826 
f 480/857/557 486/876/829 464/826/784 
f 464/836/794 472/874/827 481/868/779 
f 486/873/121 482/860/816 468/831/789 
f 472/874/827 464/836/794 471/835/793 
f 486/873/121 468/831/789 465/830/788 
f 465/827/785 464/826/784 486/876/829 
f 482/869/823 472/839/797 468/838/796 
f 487/877/830 488/878/831 489/879/832 
f 487/880/833 490/881/834 488/882/835 
f 491/883/836 489/884/837 492/885/838 
f 493/886/839 26/887/839 494/888/839 
f 495/889/840 490/890/841 496/891/842 
f 497/892/843 494/893/843 498/894/843 
f 499/895/844 500/896/845 498/897/846 
f 22/46/40 15/33/32 499/895/844 
f 487/880/833 496/898/847 490/881/834 
f 489/884/837 491/883/836 501/899/848 
f 501/900/849 487/877/830 489/879/832 
f 492/885/838 502/901/850 491/883/836 
f 492/902/851 489/879/832 488/878/831 
f 490/881/834 503/903/852 488/882/835 
f 488/878/831 503/904/853 492/902/851 
f 491/905/854 495/906/855 504/907/856 
f 496/891/842 504/908/857 495/889/840 
f 496/898/847 487/880/833 505/909/858 
f 491/883/836 4/4/4 501/899/848 
f 487/877/830 501/900/849 505/910/859 
f 4/15/15 491/905/854 504/907/856 
f 505/909/858 504/911/860 496/898/847 
f 4/15/15 504/907/856 14/21/21 
f 493/912/843 494/893/843 497/892/843 
f 499/895/844 15/33/32 500/896/845 
f 500/896/845 497/913/861 498/897/846 
f 506/914/862 14/17/17 504/908/857 
f 505/909/858 506/915/863 504/911/860 
f 4/4/4 8/13/13 501/899/848 
f 501/900/849 7/916/864 505/910/859 
f 23/42/36 26/49/42 507/917/865 
f 493/886/839 507/918/839 26/887/839 
f 498/919/866 215/352/333 499/920/867 
f 11/11/11 22/30/29 499/920/867 
f 501/921/868 8/8/8 7/7/7 
f 208/354/335 498/922/91 494/923/68 
f 26/340/321 208/339/320 494/924/321 
f 506/914/862 15/18/18 14/17/17 
f 497/925/134 506/915/863 505/909/858 
f 506/914/862 500/926/869 15/18/18 
f 497/927/870 500/926/869 506/914/862 
f 505/909/858 493/928/871 497/925/134 
f 507/929/872 505/910/859 7/916/864 
f 208/354/335 215/356/337 498/922/91 
f 507/929/872 493/930/872 505/910/859 
f 7/7/7 23/773/733 507/931/873 
f 11/11/11 499/920/867 215/352/333 
f 508/932/874 509/933/875 510/934/876 
f 511/935/877 512/936/878 296/937/879 
f 512/938/880 511/939/881 513/940/882 
f 510/941/883 514/942/884 508/943/885 
f 515/944/886 516/945/887 513/940/882 
f 517/946/888 518/947/889 519/948/890 
f 520/949/234 510/934/876 509/933/875 
f 296/500/475 519/950/891 518/951/492 
f 521/952/892 522/953/893 514/942/884 
f 514/942/884 510/941/883 521/952/892 
f 522/953/893 523/954/894 517/946/888 
f 509/955/895 524/956/896 520/957/897 
f 515/944/886 525/958/898 524/959/899 
f 511/939/881 526/960/900 513/940/882 
f 527/961/901 511/935/877 296/937/879 
f 515/944/886 513/940/882 528/962/902 
f 522/953/893 521/952/892 523/954/894 
f 528/962/902 513/940/882 526/960/900 
f 515/944/886 528/962/902 529/963/903 
f 521/964/495 510/934/876 520/949/234 
f 530/965/904 296/500/475 518/951/492 
f 517/946/888 523/954/894 518/947/889 
f 296/937/879 530/966/901 527/961/901 
f 524/956/896 525/967/905 520/957/897 
f 527/968/906 526/960/900 511/939/881 
f 515/944/886 529/963/903 525/958/898 
f 531/969/492 530/965/904 518/951/492 
f 531/970/907 518/947/889 523/954/894 
f 528/962/902 526/960/900 532/971/908 
f 530/966/901 533/972/578 527/961/901 
f 527/968/906 533/973/909 526/960/900 
f 525/967/905 534/974/896 520/957/897 
f 534/975/910 529/963/903 528/962/902 
f 525/958/898 529/963/903 534/975/910 
f 531/970/907 523/954/894 521/952/892 
f 531/969/492 535/976/911 530/965/904 
f 530/966/901 535/977/912 533/972/578 
f 528/962/902 532/971/908 534/975/910 
f 521/952/892 536/978/913 537/979/914 
f 521/964/495 520/949/234 536/980/915 
f 526/960/900 533/973/909 532/971/908 
f 535/976/911 531/969/492 538/981/916 
f 536/980/915 520/949/234 539/982/917 
f 535/977/912 538/983/918 533/972/578 
f 532/971/908 533/973/909 534/975/910 
f 540/984/919 520/957/897 534/974/896 
f 538/981/916 531/969/492 541/985/916 
f 540/984/919 542/986/258 520/957/897 
f 520/949/234 542/987/920 539/982/917 
f 543/988/921 512/938/880 513/940/882 
f 516/945/887 543/988/921 513/940/882 
f 516/989/922 524/956/896 509/955/895 
f 516/945/887 515/944/886 524/959/899 
f 289/990/923 508/943/885 517/946/888 
f 289/496/471 519/950/891 296/500/475 
f 289/990/923 517/946/888 519/948/890 
f 508/943/885 522/953/893 517/946/888 
f 508/943/885 514/942/884 522/953/893 
f 296/937/879 512/936/878 544/991/924 
f 544/992/925 512/938/880 543/988/921 
f 509/933/875 508/932/874 289/486/461 
f 292/492/467 516/989/922 509/955/895 
f 544/991/924 287/481/456 296/937/879 
f 292/490/465 543/988/921 516/945/887 
f 544/992/925 543/988/921 290/487/462 
f 288/485/460 509/933/875 289/486/461 
f 292/492/467 509/955/895 288/483/458 
f 544/991/924 291/491/466 287/481/456 
f 292/490/465 290/487/462 543/988/921 
f 291/489/464 544/992/925 290/487/462 
f 534/975/910 533/973/909 540/993/926 
f 540/994/927 533/972/578 538/983/918 
f 540/994/927 538/983/918 545/995/928 
f 546/996/929 538/981/916 541/985/916 
f 541/985/916 547/997/930 546/996/929 
f 546/996/929 547/997/930 548/998/931 
f 549/999/932 550/1000/933 551/1001/934 
f 549/999/932 552/1002/935 550/1000/933 
f 550/1000/933 553/1003/936 551/1001/934 
f 551/1004/937 553/1005/938 554/1006/939 
f 540/984/919 545/1007/940 555/1008/941 
f 540/984/919 555/1008/941 542/986/258 
f 546/1009/942 545/995/928 538/983/918 
f 549/999/932 545/1010/943 556/1011/944 
f 545/1010/943 549/999/932 551/1001/934 
f 554/1006/939 555/1008/941 551/1004/937 
f 555/1008/941 545/1007/940 551/1004/937 
f 545/995/928 546/1009/942 556/1012/945 
f 557/1013/946 558/1014/947 324/555/527 
f 559/1015/948 557/1016/949 560/1017/949 
f 557/1016/949 559/1015/948 558/1018/950 
f 561/1019/951 324/555/527 558/1014/947 
f 560/1020/952 562/1021/953 559/1022/954 
f 563/1023/955 562/1024/956 324/552/524 
f 561/1019/951 558/1014/947 564/1025/957 
f 558/1014/947 565/1026/958 564/1025/957 
f 565/1027/959 559/1015/948 566/1028/960 
f 559/1015/948 565/1027/959 558/1018/950 
f 561/1029/961 563/1023/955 324/552/524 
f 563/1030/962 559/1022/954 562/1021/953 
f 566/1031/963 559/1022/954 563/1030/962 
f 90/1032/964 89/1033/965 565/1027/959 
f 88/1034/966 565/1026/958 89/1035/967 
f 564/1025/957 565/1026/958 88/1034/966 
f 566/1028/960 90/1032/964 565/1027/959 
f 567/1036/968 90/1037/969 566/1031/963 
f 89/152/140 84/142/131 82/140/129 
f 568/1038/970 340/607/211 355/609/576 
f 350/603/572 568/1039/971 355/601/570 
f 87/1040/972 564/1041/973 88/1042/974 
f 567/1036/968 87/1043/975 90/1037/969 
f 340/607/211 568/1038/970 569/1044/976 
f 340/1045/977 569/1046/978 330/1047/979 
f 331/1048/971 568/1039/971 350/603/572 
f 570/1049/980 569/1044/976 568/1038/970 
f 331/1048/971 570/1050/981 568/1039/971 
f 564/1041/973 563/1023/955 561/1029/961 
f 325/1051/982 330/1047/979 569/1046/978 
f 325/1052/983 569/1044/976 570/1049/980 
f 570/1050/981 331/1048/971 327/1053/984 
f 567/1036/968 566/1031/963 563/1030/962 
f 564/1041/973 87/1040/972 567/1054/985 
f 564/1041/973 567/1054/985 563/1023/955 
f 557/1016/949 325/1052/983 570/1049/980 
f 570/1050/981 327/1053/984 560/1020/952 
f 557/1013/946 324/555/527 325/554/526 
f 322/559/531 562/1055/986 327/557/529 
f 560/1020/952 327/1053/984 562/1021/953 
f 570/1049/980 560/1017/949 557/1016/949 
f 324/552/524 562/1024/956 322/550/522 
f 491/905/854 571/1056/987 495/906/855 
f 572/1057/988 573/1058/989 574/1059/990 
f 575/1060/713 576/1061/991 577/1062/992 
f 572/1057/988 578/1063/993 575/1060/713 
f 579/1064/994 580/1065/995 577/1062/992 
f 581/1066/996 580/1065/995 582/1067/997 
f 490/881/834 583/1068/998 503/903/852 
f 584/1069/999 490/890/841 585/1070/1000 
f 490/890/841 584/1069/999 583/1071/1001 
f 571/1072/1002 586/1073/1003 585/1070/1000 
f 571/1072/1002 585/1070/1000 490/890/841 
f 587/1074/1004 580/1065/995 581/1066/996 
f 581/1066/996 588/1075/1005 583/1076/1006 
f 502/1077/1007 571/1056/987 491/905/854 
f 571/1072/1002 490/890/841 495/889/840 
f 573/1078/1008 589/1079/1009 590/1080/1008 
f 586/1081/1010 571/1056/987 502/1077/1007 
f 502/1077/1007 589/1079/1009 586/1081/1010 
f 580/1065/995 587/1074/1004 577/1062/992 
f 578/1063/993 572/1057/988 574/1059/990 
f 580/1065/995 579/1064/994 582/1067/997 
f 578/1063/993 576/1061/991 575/1060/713 
f 572/1057/988 575/1060/713 585/1070/1000 
f 582/1067/997 588/1075/1005 581/1066/996 
f 576/1061/991 579/1064/994 577/1062/992 
f 574/1082/1008 573/1078/1008 590/1080/1008 
f 591/1083/1011 592/1084/1012 593/1085/1013 
f 584/1069/999 594/1086/1014 587/1074/1004 
f 584/1069/999 587/1074/1004 583/1076/1006 
f 594/1086/1014 584/1069/999 585/1070/1000 
f 593/1087/1015 592/1088/1016 595/1089/1017 
f 595/1090/1018 576/1091/1019 596/1092/770 
f 597/1093/1020 593/1085/1013 598/1094/1021 
f 585/1070/1000 586/1073/1003 573/1058/989 
f 573/1078/1008 586/1081/1010 589/1079/1009 
f 598/1095/1022 593/1087/1015 599/1096/1023 
f 594/1086/1014 585/1070/1000 575/1060/713 
f 585/1070/1000 573/1058/989 572/1057/988 
f 599/1097/1024 595/1090/1018 600/1098/1025 
f 600/1098/1025 595/1090/1018 596/1092/770 
f 587/1074/1004 581/1066/996 583/1076/1006 
f 577/1062/992 587/1074/1004 594/1086/1014 
f 575/1060/713 577/1062/992 594/1086/1014 
f 576/1091/1019 590/1099/1026 596/1092/770 
f 576/1091/1019 574/1100/1027 590/1099/1026 
f 576/1101/1028 578/1102/1029 574/1103/1030 
f 595/1104/1031 582/1105/1032 579/1106/1033 
f 579/1106/1033 576/1101/1028 595/1104/1031 
f 592/1088/1016 582/1107/1034 595/1089/1017 
f 597/1093/1020 591/1083/1011 593/1085/1013 
f 599/1096/1023 593/1087/1015 595/1089/1017 
f 601/1108/1035 320/548/520 321/547/519 
f 602/1109/1036 603/1110/1037 320/548/520 
f 320/548/520 601/1108/1035 602/1109/1036 
f 321/1111/1038 604/1112/1039 601/1113/1040 
f 226/381/361 603/1114/1041 224/377/357 
f 224/1115/1042 603/1110/1037 602/1109/1036 
f 601/1108/1035 605/1116/1043 602/1109/1036 
f 206/336/317 601/1113/1040 604/1112/1039 
f 601/1108/1035 205/373/353 605/1116/1043 
f 606/1117/1044 604/1118/1045 607/1119/1046 
f 603/1114/1041 226/381/361 320/544/454 
f 608/1120/1047 609/1121/1048 610/1122/1049 
f 611/1123/1050 608/1120/1047 612/1124/1051 
f 223/371/351 604/1118/1045 606/1117/1044 
f 606/1125/1052 222/1126/1053 613/1127/1054 
f 222/1126/1053 221/379/359 613/1127/1054 
f 604/1118/1045 223/371/351 206/375/355 
f 223/372/352 606/1125/1052 614/1128/1055 
f 614/1128/1055 606/1125/1052 613/1127/1054 
f 612/1129/1056 615/1130/1057 616/1131/1058 
f 609/1132/1059 617/1133/1060 610/1134/1061 
f 611/1123/1050 618/1135/1062 609/1121/1048 
f 554/1136/1063 619/1137/1064 620/1138/1065 
f 554/1006/939 553/1005/938 619/1139/1066 
f 609/1132/1059 620/1138/1065 619/1137/1064 
f 553/1005/938 621/1140/1067 619/1139/1066 
f 553/1003/936 622/1141/1068 621/1142/1069 
f 616/1143/1070 623/1144/1071 624/1145/1072 
f 613/1127/1054 223/372/352 614/1128/1055 
f 613/1127/1054 221/379/359 225/378/358 
f 223/372/352 613/1127/1054 225/378/358 
f 625/1146/1073 624/1147/1074 623/1148/1075 
f 622/1141/1068 553/1003/936 550/1000/933 
f 624/1147/1074 625/1146/1073 552/1002/935 
f 622/1141/1068 550/1000/933 552/1002/935 
f 552/1002/935 625/1146/1073 622/1141/1068 
f 617/1133/1060 609/1132/1059 619/1137/1064 
f 617/1149/1076 619/1139/1066 621/1140/1067 
f 615/1150/1077 623/1144/1071 616/1143/1070 
f 605/1116/1043 224/1115/1042 602/1109/1036 
f 601/1113/1040 206/336/317 205/335/316 
f 608/1120/1047 610/1122/1049 626/1151/1078 
f 627/1152/1079 622/1141/1068 628/1153/1080 
f 622/1141/1068 629/1154/1081 628/1153/1080 
f 630/1155/1082 629/1154/1081 625/1146/1073 
f 626/1151/1078 612/1124/1051 608/1120/1047 
f 622/1141/1068 627/1152/1079 621/1142/1069 
f 625/1146/1073 629/1154/1081 622/1141/1068 
f 625/1146/1073 623/1148/1075 630/1155/1082 
f 621/1140/1067 627/1156/1083 617/1149/1076 
f 611/1157/1084 612/1129/1056 616/1131/1058 
f 609/1121/1048 608/1120/1047 611/1123/1050 
f 383/659/624 384/660/625 631/1158/1085 
f 382/657/622 383/667/189 631/1159/1086 
f 632/1160/1087 384/660/625 388/669/633 
f 384/660/625 633/1161/1088 631/1158/1085 
f 632/1160/1087 633/1161/1088 384/660/625 
f 382/657/622 631/1159/1086 391/1162/1089 
f 388/668/632 389/671/635 634/1163/1090 
f 634/1164/1091 632/1160/1087 388/669/633 
f 631/1158/1085 633/1161/1088 635/1165/1092 
f 633/1161/1088 632/1160/1087 636/1166/1093 
f 635/1167/1094 391/1162/1089 631/1159/1086 
f 632/1160/1087 634/1164/1091 637/1168/1095 
f 636/1166/1093 635/1165/1092 633/1161/1088 
f 389/671/635 638/1169/1096 634/1163/1090 
f 389/670/634 390/688/651 638/1170/1097 
f 637/1168/1095 636/1166/1093 632/1160/1087 
f 639/1171/1098 391/1162/1089 635/1167/1094 
f 390/690/653 391/689/652 639/1172/1099 
f 637/1168/1095 634/1164/1091 640/1173/1100 
f 640/1173/1100 636/1166/1093 637/1168/1095 
f 636/1166/1093 640/1173/1100 635/1165/1092 
f 634/1163/1090 638/1169/1096 640/1174/1101 
f 641/1175/1102 638/1170/1097 390/688/651 
f 390/690/653 639/1172/1099 641/1176/1103 
f 639/1171/1098 635/1167/1094 640/1177/1104 
f 642/1178/1105 640/1174/1101 638/1169/1096 
f 638/1170/1097 641/1175/1102 642/1179/290 
f 643/1180/1106 641/1176/1103 639/1172/1099 
f 639/1171/1098 640/1177/1104 643/1181/1107 
f 641/1175/1102 644/1182/1108 642/1179/290 
f 642/1178/1105 645/1183/1109 640/1174/1101 
f 646/1184/1110 647/1185/1111 648/1186/1112 
f 644/1187/1113 641/1188/1114 649/1189/1115 
f 650/1190/1116 646/1184/1110 648/1186/1112 
f 651/1191/1117 652/1192/1118 648/1193/1119 
f 641/1176/1103 643/1180/1106 653/1194/636 
f 653/1195/1120 649/1189/1115 641/1188/1114 
f 646/1196/1121 650/1197/1122 654/1198/1123 
f 654/1198/1123 655/1199/1124 646/1196/1121 
f 645/1200/1125 643/1181/1107 640/1177/1104 
f 656/1201/776 643/1181/1107 645/1200/1125 
f 652/1192/1118 651/1191/1117 657/1202/1126 
f 652/1203/1127 650/1190/1116 648/1186/1112 
f 645/1204/1128 658/1205/1129 656/1206/1130 
f 653/1195/1120 652/1192/1118 657/1202/1126 
f 659/1207/1131 644/1182/1108 660/1208/1132 
f 650/1197/1122 656/1201/776 654/1198/1123 
f 649/1189/1115 657/1202/1126 660/1209/1133 
f 660/1209/1133 644/1187/1113 649/1189/1115 
f 657/1202/1126 649/1189/1115 653/1195/1120 
f 652/1203/1127 653/1194/636 650/1190/1116 
f 642/1179/290 644/1182/1108 659/1207/1131 
f 661/1210/1134 645/1183/1109 659/1211/1135 
f 662/1212/1136 654/1213/1137 656/1206/1130 
f 658/1205/1129 661/1214/1138 663/1215/1139 
f 656/1206/1130 663/1215/1139 662/1212/1136 
f 663/1215/1139 656/1206/1130 658/1205/1129 
f 645/1204/1128 661/1214/1138 658/1205/1129 
f 650/1190/1116 653/1194/636 643/1180/1106 
f 650/1197/1122 643/1181/1107 656/1201/776 
f 659/1211/1135 645/1183/1109 642/1178/1105 
f 664/1216/1140 665/1217/1141 348/1218/1142 
f 348/1219/1143 337/812/770 664/1220/764 
f 666/1221/326 664/1216/1140 667/1222/1144 
f 343/576/547 668/1223/1145 336/577/548 
f 668/1223/1145 342/808/768 336/577/548 
f 669/1224/1146 670/1225/1147 671/1226/1148 
f 666/1227/1149 670/1228/1150 672/1229/1151 
f 449/798/758 673/1230/769 337/812/770 
f 666/1221/326 667/1222/1144 674/1231/1152 
f 342/808/768 435/779/739 451/800/760 
f 670/1228/1150 675/1232/1153 671/1233/1154 
f 675/1232/1153 670/1228/1150 666/1227/1149 
f 675/1234/1155 666/1221/326 674/1231/1152 
f 676/1235/1156 673/1236/1157 677/1237/1158 
f 673/1236/1157 449/822/780 677/1237/1158 
f 678/1238/1159 679/1239/1160 676/1235/1156 
f 668/1240/1161 666/1227/1149 672/1229/1151 
f 664/1220/764 337/812/770 673/1230/769 
f 435/779/739 342/808/768 680/1241/1162 
f 669/1224/1146 680/1241/1162 672/1242/1163 
f 679/1239/1160 667/1243/1164 681/1244/1165 
f 676/1235/1156 681/1244/1165 673/1236/1157 
f 680/1241/1162 669/1224/1146 435/779/739 
f 669/1224/1146 672/1242/1163 670/1225/1147 
f 674/1245/1166 667/1243/1164 679/1239/1160 
f 676/1235/1156 679/1239/1160 681/1244/1165 
f 668/1223/1145 672/1242/1163 680/1241/1162 
f 680/1241/1162 342/808/768 668/1223/1145 
f 681/1244/1165 667/1243/1164 664/1246/1167 
f 681/1244/1165 664/1246/1167 673/1236/1157 
f 678/1238/1159 676/1235/1156 677/1237/1158 
f 436/780/740 671/1226/1148 459/815/773 
f 344/591/500 352/593/500 665/1247/1168 
f 682/1248/1169 671/1233/1154 675/1232/1153 
f 344/591/500 665/1247/1168 343/1249/1168 
f 346/619/271 335/1250/1170 347/618/585 
f 682/1248/1169 459/1251/1171 671/1233/1154 
f 352/596/565 349/595/564 665/1252/119 
f 335/1250/1170 348/1253/1170 347/618/585 
f 683/1254/1172 684/1255/1173 685/1256/1174 
f 665/1252/119 349/595/564 348/1257/119 
f 684/1258/1175 682/1259/1176 675/1234/1155 
f 686/1260/1177 442/788/748 683/1254/1172 
f 683/1254/1172 685/1256/1174 686/1260/1177 
f 442/788/748 686/1260/1177 439/785/745 
f 343/1261/1178 666/1227/1149 668/1240/1161 
f 666/1227/1149 343/1261/1178 665/1262/1178 
f 665/1217/1141 664/1216/1140 666/1221/326 
f 348/1219/1143 335/1263/772 337/812/770 
f 677/1237/1158 449/822/780 678/1238/1159 
f 683/1254/1172 446/795/755 445/794/754 
f 687/1264/1179 674/1245/1166 679/1239/1160 
f 685/1256/1174 684/1255/1173 687/1264/1179 
f 684/1258/1175 675/1234/1155 687/1265/1180 
f 686/1260/1177 679/1239/1160 678/1238/1159 
f 439/785/745 678/1238/1159 449/822/780 
f 679/1239/1160 686/1260/1177 685/1256/1174 
f 687/1264/1179 679/1239/1160 685/1256/1174 
f 445/1266/1181 682/1259/1176 684/1258/1175 
f 678/1238/1159 439/785/745 686/1260/1177 
f 683/1254/1172 445/794/754 684/1255/1173 
f 446/795/755 683/1254/1172 442/788/748 
f 675/1234/1155 674/1231/1152 687/1265/1180 
f 671/1226/1148 436/780/740 669/1224/1146 
f 435/779/739 669/1224/1146 436/780/740 
f 688/1267/1182 689/1268/1183 690/1269/1184 
f 690/1269/1184 691/1270/1185 688/1267/1182 
f 691/1270/1185 690/1269/1184 692/1271/1186 
f 591/1272/1187 597/1273/1188 693/1274/1189 
f 692/1271/1186 694/1275/1190 691/1270/1185 
f 695/1276/1191 696/1277/1192 697/1278/1193 
f 698/1279/1194 699/1280/1195 700/1281/1196 
f 592/1084/1012 591/1083/1011 691/1282/1012 
f 688/1267/1182 591/1272/1187 693/1274/1189 
f 691/1270/1185 591/1272/1187 688/1267/1182 
f 700/1281/1196 696/1277/1192 698/1279/1194 
f 695/1276/1191 697/1278/1193 701/1283/1197 
f 592/1088/1016 588/1284/1198 582/1107/1034 
f 589/1285/1199 702/1286/1200 703/1287/1201 
f 704/1288/1202 592/1084/1012 691/1282/1012 
f 689/1289/1203 688/1290/1204 590/1291/1205 
f 705/1292/1206 692/1271/1186 690/1269/1184 
f 696/1277/1192 700/1281/1196 697/1278/1193 
f 702/1293/1207 700/1281/1196 699/1280/1195 
f 503/904/853 706/1294/1208 701/1295/1209 
f 492/1296/1210 700/1281/1196 702/1293/1207 
f 693/1297/1211 600/1298/1212 596/1299/1213 
f 600/1298/1212 693/1297/1211 597/1300/1214 
f 492/1296/1210 697/1278/1193 700/1281/1196 
f 492/1296/1210 701/1283/1197 697/1278/1193 
f 596/1299/1213 590/1291/1205 688/1290/1204 
f 703/1301/1215 702/1293/1207 699/1280/1195 
f 596/1299/1213 688/1290/1204 693/1297/1211 
f 690/1302/1216 689/1303/1217 699/1280/1195 
f 705/1304/1218 690/1302/1216 699/1280/1195 
f 695/1276/1191 691/1305/1219 694/1306/1220 
f 694/1306/1220 692/1307/1221 695/1276/1191 
f 706/1294/1208 503/904/853 592/1308/1222 
f 583/1068/998 588/1309/1223 503/903/852 
f 502/901/850 702/1286/1200 589/1285/1199 
f 702/1286/1200 502/901/850 492/885/838 
f 698/1279/1194 696/1277/1192 705/1304/1218 
f 691/1305/1219 701/1283/1197 706/1310/1224 
f 699/1280/1195 689/1303/1217 703/1301/1215 
f 701/1283/1197 691/1305/1219 695/1276/1191 
f 703/1287/1201 689/1311/1201 589/1285/1199 
f 696/1277/1192 695/1276/1191 692/1307/1221 
f 698/1279/1194 705/1304/1218 699/1280/1195 
f 704/1312/1208 706/1294/1208 592/1308/1222 
f 592/1313/1223 503/903/852 588/1309/1223 
f 692/1307/1221 705/1304/1218 696/1277/1192 
f 701/1295/1209 492/902/851 503/904/853 
f 691/1305/1219 706/1310/1224 704/1314/1225 
f 689/1311/1201 590/1315/1201 589/1285/1199 
f 476/1316/1226 707/1317/1227 708/1318/1228 
f 709/1319/1229 708/1320/1230 707/1321/1231 
f 710/1322/1232 711/1323/1143 712/1324/1233 
f 710/1325/1234 709/1326/1235 713/1327/1236 
f 473/840/798 474/849/807 711/1323/1143 
f 713/1327/1236 473/1328/1237 711/1329/1238 
f 713/1330/1239 707/1321/1231 473/843/801 
f 713/1327/1236 711/1329/1238 710/1325/1234 
f 714/1331/1240 715/1332/1241 716/1333/1242 
f 709/1319/1229 707/1321/1231 713/1330/1239 
f 717/1334/1243 646/1184/1110 718/1335/1244 
f 717/1336/1245 719/1337/1246 720/1338/1247 
f 716/1333/1242 721/1339/1248 714/1331/1240 
f 715/1332/1241 655/1340/1249 716/1333/1242 
f 722/1341/1250 723/1342/1251 717/1343/1252 
f 647/1344/1253 717/1336/1245 720/1338/1247 
f 724/1345/1254 719/1337/1246 717/1336/1245 
f 646/1196/1121 655/1199/1124 718/1346/1255 
f 715/1332/1241 714/1331/1240 725/1347/1256 
f 717/1336/1245 723/1348/1257 724/1345/1254 
f 647/1185/1111 646/1184/1110 717/1334/1243 
f 726/1349/1258 720/1338/1247 719/1337/1246 
f 718/1346/1255 655/1199/1124 715/1350/1259 
f 721/1351/1260 722/1352/1261 714/1353/1262 
f 707/1317/1227 476/1316/1226 470/833/791 
f 711/1323/1143 474/849/807 712/1324/1233 
f 712/1354/1263 474/844/802 476/851/809 
f 473/843/801 707/1321/1231 470/842/800 
f 469/832/790 470/833/791 476/1316/1226 
f 708/1320/1230 714/1353/1262 722/1352/1261 
f 722/1341/1250 717/1343/1252 708/1318/1228 
f 718/1346/1255 715/1350/1259 712/1324/1233 
f 725/1347/1256 710/1325/1234 715/1332/1241 
f 714/1331/1240 709/1326/1235 725/1347/1256 
f 714/1353/1262 708/1320/1230 709/1319/1229 
f 710/1322/1232 712/1324/1233 715/1350/1259 
f 709/1326/1235 710/1325/1234 725/1347/1256 
f 712/1354/1263 717/1334/1243 718/1335/1244 
f 476/1316/1226 708/1318/1228 717/1343/1252 
f 717/1334/1243 712/1354/1263 476/851/809 
f 727/1355/1264 724/1345/1254 723/1348/1257 
f 721/1339/1248 716/1333/1242 728/1356/1265 
f 729/1357/1266 716/1333/1242 655/1340/1249 
f 730/1358/1267 722/1352/1261 721/1351/1260 
f 722/1341/1250 731/1359/1268 723/1342/1251 
f 648/1193/1119 647/1344/1253 651/1191/1117 
f 724/1345/1254 727/1355/1264 726/1349/1258 
f 731/1360/1269 727/1355/1264 723/1348/1257 
f 722/1352/1261 730/1358/1267 732/1361/1270 
f 732/1362/1271 731/1359/1268 722/1341/1250 
f 726/1349/1258 651/1191/1117 720/1338/1247 
f 724/1345/1254 726/1349/1258 719/1337/1246 
f 720/1338/1247 651/1191/1117 647/1344/1253 
f 660/1209/1133 726/1349/1258 727/1355/1264 
f 660/1209/1133 727/1355/1264 731/1360/1269 
f 659/1207/1131 731/1359/1268 732/1362/1271 
f 732/1361/1270 730/1358/1267 659/1211/1135 
f 651/1191/1117 726/1349/1258 657/1202/1126 
f 733/1363/1272 655/1340/1249 654/1213/1137 
f 733/1363/1272 662/1212/1136 729/1357/1266 
f 728/1356/1265 661/1214/1138 730/1364/1273 
f 729/1357/1266 728/1356/1265 716/1333/1242 
f 729/1357/1266 655/1340/1249 733/1363/1272 
f 728/1356/1265 730/1364/1273 721/1339/1248 
f 731/1359/1268 659/1207/1131 660/1208/1132 
f 661/1210/1134 659/1211/1135 730/1358/1267 
f 733/1363/1272 654/1213/1137 662/1212/1136 
f 663/1215/1139 661/1214/1138 728/1356/1265 
f 729/1357/1266 662/1212/1136 663/1215/1139 
f 660/1209/1133 657/1202/1126 726/1349/1258 
f 728/1356/1265 729/1357/1266 663/1215/1139 
f 734/1365/1274 735/1366/1275 736/1367/1276 
f 548/1368/1277 736/1367/1276 618/1135/1062 
f 736/1367/1276 735/1366/1275 620/1369/1278 
f 734/1365/1274 737/1370/1279 735/1366/1275 
f 546/996/929 548/998/931 618/1371/1280 
f 616/1143/1070 556/1012/945 546/1009/942 
f 618/1371/1280 616/1131/1058 546/996/929 
f 554/1136/1063 735/1372/1281 737/1373/1282 
f 737/1373/1282 555/1374/1283 554/1136/1063 
f 736/1367/1276 738/1375/1284 734/1365/1274 
f 736/1367/1276 548/1368/1277 738/1375/1284 
f 735/1372/1281 554/1136/1063 620/1138/1065 
f 618/1371/1280 611/1157/1084 616/1131/1058 
f 618/1135/1062 736/1367/1276 620/1369/1278 
f 549/999/932 556/1011/944 552/1002/935 
f 222/1126/1053 606/1125/1052 607/1376/1285 
f 607/1376/1285 739/1377/1286 222/1126/1053 
f 552/1002/935 556/1011/944 624/1147/1074 
f 547/1378/1287 738/1375/1284 548/1368/1277 
f 542/987/920 555/1374/1283 737/1373/1282 
f 738/1375/1284 740/1379/1288 734/1365/1274 
f 547/1378/1287 740/1379/1288 738/1375/1284 
f 541/1380/1289 740/1379/1288 547/1378/1287 
f 539/982/917 542/987/920 737/1373/1282 
f 739/1377/1286 607/1376/1285 741/1381/1290 
f 734/1365/1274 539/1382/1291 737/1370/1279 
f 624/1145/1072 556/1012/945 616/1143/1070 
f 734/1365/1274 740/1379/1288 539/1382/1291 
f 742/1383/1292 739/1377/1286 741/1381/1290 
f 741/1384/1293 743/1385/1294 742/1386/1295 
f 743/1387/1296 318/1388/1297 742/1389/1298 
f 318/1388/1297 743/1387/1296 310/1390/1299 
f 541/1380/1289 539/1382/1291 740/1379/1288 
f 620/1369/1278 609/1121/1048 618/1135/1062 
f 539/1382/1291 541/1380/1289 537/979/914 
f 226/380/360 742/1391/1300 318/1392/1301 
f 742/1391/1300 226/380/360 739/1393/1302 
f 539/1382/1291 537/979/914 536/978/913 
f 537/979/914 541/1380/1289 531/970/907 
f 521/952/892 537/979/914 531/970/907 
f 222/370/350 739/1393/1302 226/380/360 
f 211/1394/1303 213/350/331 224/377/357 
f 31/58/50 744/1395/1304 27/59/51 
f 31/55/47 30/54/46 745/1396/1305 
f 746/1397/1306 747/1398/1307 28/52/44 
f 37/82/73 748/1399/1308 36/80/71 
f 748/1399/1308 37/82/73 34/1400/1309 
f 748/1401/1310 30/66/58 36/68/60 
f 749/1402/1311 34/62/54 28/64/56 
f 213/350/331 211/1394/1303 209/346/327 
f 34/1400/1309 750/1403/1312 748/1399/1308 
f 34/1400/1309 749/1404/1313 750/1403/1312 
f 751/1405/1314 748/1399/1308 750/1403/1312 
f 751/1406/1315 30/66/58 748/1401/1310 
f 746/1397/1306 28/52/44 27/51/43 
f 752/1407/1316 745/1408/1317 627/1152/1079 
f 626/1151/1078 753/1409/1318 749/1404/1313 
f 27/59/51 630/1155/1082 746/1410/1319 
f 30/54/46 617/1149/1076 745/1396/1305 
f 750/1403/1312 749/1404/1313 753/1409/1318 
f 750/1403/1312 754/1411/1320 751/1405/1314 
f 755/1412/1321 31/58/50 752/1407/1316 
f 755/1412/1321 744/1395/1304 31/58/50 
f 752/1407/1316 31/58/50 745/1408/1317 
f 749/1402/1311 28/64/56 747/1413/1322 
f 205/373/353 211/348/329 605/1116/1043 
f 211/348/329 224/1115/1042 605/1116/1043 
f 749/1402/1311 747/1413/1322 612/1129/1056 
f 626/1151/1078 749/1404/1313 612/1124/1051 
f 30/66/58 751/1406/1315 617/1133/1060 
f 610/1122/1049 750/1403/1312 753/1409/1318 
f 610/1122/1049 754/1411/1320 750/1403/1312 
f 629/1154/1081 744/1395/1304 755/1412/1321 
f 744/1395/1304 630/1155/1082 27/59/51 
f 623/1144/1071 747/1398/1307 746/1397/1306 
f 753/1409/1318 626/1151/1078 610/1122/1049 
f 615/1150/1077 747/1398/1307 623/1144/1071 
f 754/1411/1320 610/1122/1049 756/1414/1323 
f 617/1133/1060 751/1406/1315 756/1415/1324 
f 610/1134/1061 617/1133/1060 756/1415/1324 
f 756/1414/1323 751/1405/1314 754/1411/1320 
f 752/1407/1316 627/1152/1079 628/1153/1080 
f 744/1395/1304 629/1154/1081 630/1155/1082 
f 755/1412/1321 628/1153/1080 629/1154/1081 
f 747/1413/1322 615/1130/1057 612/1129/1056 
f 630/1155/1082 623/1148/1075 746/1410/1319 
f 617/1149/1076 627/1156/1083 745/1396/1305 
f 628/1153/1080 755/1412/1321 752/1407/1316 
f 604/1112/1039 321/1111/1038 319/1416/1325 
f 607/1119/1046 604/1118/1045 741/1417/1326 
f 308/1418/1327 757/1419/1328 302/1420/1329 
f 400/700/663 140/724/686 139/1421/1330 
f 401/701/664 400/700/663 139/1421/1330 
f 604/1112/1039 319/1416/1325 758/1422/1331 
f 139/1421/1330 416/731/693 401/701/664 
f 604/1118/1045 758/1423/1332 741/1417/1326 
f 319/1424/460 315/536/510 758/1425/1333 
f 308/1418/1327 759/1426/1334 757/1419/1328 
f 741/1427/1335 758/1428/228 315/1429/1336 
f 741/1427/1335 315/1429/1336 743/1430/1337 
f 315/536/510 319/1424/460 311/530/504 
f 760/1431/1338 759/1432/1339 462/824/782 
f 316/821/779 298/1433/1340 760/1434/1341 
f 310/1390/1299 743/1387/1296 301/1435/1342 
f 463/825/783 462/824/782 759/1432/1339 
f 462/823/781 316/821/779 760/1434/1341 
f 759/1426/1334 308/1418/1327 463/1436/1343 
f 743/1430/1337 315/1429/1336 302/1420/1329 
f 301/1435/1342 743/1387/1296 298/1433/1340 
f 139/1421/1330 154/1437/1344 416/731/693 
f 302/1420/1329 757/1419/1328 743/1430/1337 
f 757/1438/1345 298/1433/1340 743/1387/1296 
f 156/1439/1346 155/733/695 416/731/693 
f 154/1437/1344 156/1439/1346 416/731/693 
f 760/1434/1341 298/1433/1340 757/1438/1345 
f 757/1440/1347 759/1432/1339 760/1431/1338 
f 597/1300/1214 761/1441/1348 600/1298/1212 
f 597/1273/1188 762/1442/1349 761/1443/1350 
f 762/1444/1351 597/1093/1020 598/1094/1021 
f 763/1445/1352 761/1443/1350 762/1442/1349 
f 761/1441/1348 142/1446/1353 600/1298/1212 
f 600/1098/1025 764/1447/1354 599/1097/1024 
f 445/1266/1181 765/1448/1355 682/1259/1176 
f 459/1251/1171 682/1248/1169 765/1449/1356 
f 308/1418/1327 766/1450/1357 463/1436/1343 
f 308/527/501 307/526/500 766/1451/1358 
f 766/1450/1357 461/1452/1359 463/1436/1343 
f 767/1453/68 766/1451/1358 307/526/500 
f 767/1454/1360 307/533/507 305/524/498 
f 457/820/778 767/1454/1360 305/524/498 
f 457/820/778 305/524/498 304/523/497 
f 766/1450/1357 447/1455/1361 461/1452/1359 
f 447/1455/1361 766/1450/1357 765/1448/1355 
f 450/1456/1049 765/1449/1356 452/1457/1362 
f 452/1458/1363 767/1454/1360 457/820/778 
f 452/1457/1362 766/1451/1358 767/1453/68 
f 452/1457/1362 765/1449/1356 766/1451/1358 
f 447/1455/1361 765/1448/1355 445/1266/1181 
f 459/1251/1171 765/1449/1356 450/1456/1049 
f 443/792/752 450/799/759 452/1458/1363 
f 763/1445/1352 762/1442/1349 768/1459/1364 
f 142/1446/1353 764/1460/1365 600/1298/1212 
f 762/1444/1351 769/1461/1366 768/1462/1367 
f 598/1094/1021 769/1461/1366 762/1444/1351 
f 599/1096/1023 769/1463/1368 598/1095/1022 
f 763/1445/1352 142/231/219 761/1443/1350 
f 143/232/220 763/1445/1352 768/1459/1364 
f 763/1445/1352 143/232/220 142/231/219 
f 769/1463/1368 599/1096/1023 770/1464/1369 
f 764/1447/1354 771/1465/1370 599/1097/1024 
f 599/1466/1371 771/1467/1372 770/1468/1373 
f 141/246/234 768/1462/1367 769/1461/1366 
f 143/232/220 768/1459/1364 141/230/218 
f 764/1460/1365 142/1446/1353 141/244/232 
f 764/1447/1354 150/252/240 771/1465/1370 
f 770/1464/1369 148/241/229 769/1463/1368 
f 771/1467/1372 149/1469/1374 770/1468/1373 
f 769/1461/1366 148/247/235 141/246/234 
f 150/243/231 764/1460/1365 141/244/232 
f 770/1464/1369 149/242/230 148/241/229 
f 150/252/240 149/1470/1342 771/1465/1370 
f 150/252/240 153/254/242 149/1470/1342 
# 0 polygons - 1542 triangles

