ply
format ascii 1.0
element vertex 3000
property float x
property float y
property float z
end_header
-92.237990 0.000000 287.043300
-91.933470 0.002904 286.994900
-91.913970 0.005617 286.950100
-92.173170 0.008142 286.908600
-92.704830 0.010484 286.870500
-93.502690 0.012649 286.835700
-94.560460 0.014640 286.804000
-95.871870 0.016463 286.775200
-97.430690 0.018122 286.749500
-99.230610 0.019622 286.726600
-101.265400 0.020967 286.706500
-103.528700 0.022162 286.688900
-106.014400 0.023212 286.674000
-108.716100 0.024121 286.661400
-111.627600 0.024895 286.651200
-114.742600 0.025537 286.643300
-118.054900 0.026053 286.637600
-121.558100 0.026447 286.633900
-125.246000 0.026723 286.632100
-129.112300 0.026887 286.632300
-133.150900 0.026944 286.634200
-137.355300 0.026897 286.637800
-141.719400 0.026751 286.642900
-146.236800 0.026512 286.649500
-150.901300 0.026183 286.657500
-155.706700 0.025770 286.666700
-160.646600 0.025277 286.677300
-165.714800 0.024709 286.688800
-170.905100 0.024071 286.701400
-176.211100 0.023366 286.714800
-181.626600 0.022601 286.729000
-187.145300 0.021779 286.743900
-192.760900 0.020905 286.759400
-198.467300 0.019984 286.775500
-204.258100 0.019020 286.791800
-210.127000 0.018019 286.808600
-216.067800 0.016984 286.825500
-222.074200 0.015921 286.842600
-228.140000 0.014834 286.859600
-234.258900 0.013728 286.876600
-240.424500 0.012608 286.893400
-246.630700 0.011477 286.909900
-252.871200 0.010342 286.926000
-259.139600 0.009206 286.941700
-265.429900 0.008074 286.956800
-271.735600 0.006951 286.971200
-278.050500 0.005842 286.984900
-284.368300 0.004751 286.997600
-290.682900 0.003683 287.009500
-296.987800 0.002642 287.020200
-303.276800 0.001634 287.029800
-309.543700 0.000662 287.038100
-315.782300 -0.000268 287.045100
-321.988700 -0.001154 287.049900
-328.164000 -0.001995 287.050000
-334.309200 -0.002793 287.043100
-340.425500 -0.003548 287.026600
-346.514300 -0.004260 286.998100
-352.576800 -0.004930 286.955200
-358.614000 -0.005559 286.895400
-364.627300 -0.006146 286.816200
-370.617900 -0.006694 286.715200
-376.587000 -0.007201 286.589900
-382.535800 -0.007669 286.437900
-388.465600 -0.008098 286.256700
-394.377500 -0.008489 286.043700
-400.272800 -0.008843 285.796700
-406.152600 -0.009159 285.513100
-412.018300 -0.009438 285.190400
-417.871100 -0.009681 284.826200
-423.712100 -0.009889 284.418100
-429.542500 -0.010062 283.963500
-435.363700 -0.010200 283.460100
-441.176800 -0.010304 282.905200
-446.983000 -0.010374 282.296600
-452.783700 -0.010412 281.631700
-458.579800 -0.010417 280.908100
-464.372800 -0.010391 280.123300
-470.163800 -0.010333 279.274800
-475.953900 -0.010245 278.360200
-481.744600 -0.010126 277.377100
-487.537000 -0.009977 276.322900
-493.332200 -0.009800 275.195200
-499.131500 -0.009593 273.991500
-504.936200 -0.009359 272.709500
-510.747400 -0.009097 271.346600
-516.566400 -0.008808 269.900300
-522.394400 -0.008493 268.368300
-528.232700 -0.008151 266.747900
-534.082300 -0.007784 265.036900
-539.944600 -0.007393 263.232700
-545.820700 -0.006977 261.332900
-551.711900 -0.006537 259.334900
-557.619600 -0.006074 257.236400
-563.544600 -0.005588 255.034900
-569.488500 -0.005080 252.727900
-575.452300 -0.004550 250.313000
-581.437300 -0.003999 247.787600
-587.444700 -0.003428 245.149400
-593.475700 -0.002836 242.395900
-599.531600 -0.002226 239.524600
-605.613500 -0.001596 236.533100
-611.722800 -0.000947 233.418900
-617.860500 -0.000281 230.179400
-624.027800 0.000459 226.812500
-630.222200 0.002225 223.316700
-636.438600 0.006681 219.691800
-642.671900 0.015513 215.937500
-648.917000 0.030408 212.053500
-655.168600 0.053049 208.039400
-661.421400 0.085123 203.894900
-667.670500 0.128315 199.619800
-673.910700 0.184311 195.213800
-680.136800 0.254797 190.676400
-686.343700 0.341458 186.007500
-692.526100 0.445978 181.206600
-698.678800 0.570045 176.273600
-704.796800 0.715343 171.208100
-710.874900 0.883559 166.009800
-716.907800 1.076376 160.678300
-722.890600 1.295482 155.213400
-728.817800 1.542561 149.614800
-734.684600 1.819299 143.882200
-740.485400 2.127378 138.015200
-746.215300 2.468490 132.013600
-751.869300 2.844318 125.877000
-757.442000 3.256547 119.605200
-762.928100 3.706863 113.197800
-768.322800 4.196951 106.654400
-773.620700 4.728497 99.974960
-778.816700 5.303185 93.158990
-783.905600 5.922703 86.206210
-788.882300 6.588734 79.116330
-793.741600 7.302966 71.889050
-798.478300 8.067073 64.524140
-803.087200 8.882759 57.021110
-807.563200 9.751702 49.379750
-811.901200 10.675590 41.599750
-816.095900 11.656100 33.680810
-820.142300 12.694920 25.622620
-824.035200 13.793750 17.424860
-827.769300 14.954260 9.087246
-831.339500 16.178130 0.609455
-834.740600 17.467060 -8.008820
-837.967700 18.822730 -16.767870
-841.015100 20.246830 -25.668010
-843.878200 21.741030 -34.709460
-846.551500 23.307030 -43.892710
-849.029900 24.946520 -53.217970
-851.308200 26.661180 -62.685560
-853.381500 28.452680 -72.295760
-855.244300 30.322730 -82.048920
-856.891600 32.273010 -91.945300
-858.318200 34.305190 -101.985200
-859.518900 36.420970 -112.169000
-860.488600 38.622030 -122.497000
-861.222900 40.909980 -132.969600
-861.722700 43.286010 -143.588500
-861.990500 45.751120 -154.355700
-862.028500 48.306390 -165.273600
-861.839700 50.952840 -176.344000
-861.426300 53.691490 -187.569100
-860.790800 56.523370 -198.950900
-859.936100 59.449500 -210.491500
-858.864200 62.470940 -222.192900
-857.577900 65.588700 -234.057400
-856.079800 68.803830 -246.086900
-854.372200 72.117320 -258.283500
-852.457800 75.530240 -270.649300
-850.339100 79.043570 -283.186200
-848.018600 82.658420 -295.896700
-845.498600 86.375780 -308.782500
-842.782000 90.196690 -321.845900
-839.871000 94.122160 -335.088900
-836.768400 98.153260 -348.513500
-833.476600 102.291000 -362.121900
-829.998000 106.536400 -375.916200
-826.335100 110.890400 -389.898300
-822.490800 115.354300 -404.070500
-818.467200 119.928800 -418.434700
-814.267100 124.615200 -432.993000
-809.892800 129.414300 -447.747400
-805.347100 134.327400 -462.700300
-800.632200 139.355300 -477.853500
-795.750800 144.499100 -493.209200
-790.705400 149.759900 -508.769500
-785.498500 155.138700 -524.536400
-780.132600 160.636400 -540.512000
-774.610400 166.254200 -556.698200
-768.934100 171.993100 -573.097500
-763.106500 177.854100 -589.711500
-757.130000 183.838200 -606.542700
-751.007100 189.946500 -623.593000
-744.740500 196.179900 -640.864100
-738.332400 202.539600 -658.358800
-731.785600 209.026600 -676.078700
-725.102500 215.641800 -694.026100
-718.285600 222.386400 -712.203000
-711.337500 229.261300 -730.611500
-704.260700 236.267600 -749.253500
-697.057700 243.406300 -768.131300
-689.731100 250.678400 -787.246900
-682.283300 258.085100 -806.602400
-674.716900 265.627200 -826.199800
-667.034400 273.305800 -846.041100
-659.238200 281.122000 -866.128600
-651.331100 289.076800 -886.464400
-643.315200 297.171400 -907.050700
-635.193300 305.405500 -927.887300
-626.966500 313.777600 -948.971700
-618.636900 322.284800 -970.299400
-610.205700 330.925100 -991.866500
-601.674500 339.696300 -1013.670000
-593.045000 348.595600 -1035.705000
-584.318500 357.621200 -1057.968000
-575.496800 366.770100 -1080.455000
-566.581300 376.040600 -1103.163000
-557.573800 385.429900 -1126.087000
-548.475500 394.936000 -1149.223000
-539.288400 404.556200 -1172.568000
-530.013500 414.288500 -1196.118000
-520.653000 424.130200 -1219.868000
-511.208000 434.079000 -1243.815000
-501.680100 444.133000 -1267.956000
-492.071100 454.289400 -1292.285000
-482.382200 464.546100 -1316.801000
-472.615400 474.900500 -1341.497000
-462.771700 485.350600 -1366.371000
-452.853300 495.893700 -1391.418000
-442.861200 506.527900 -1416.635000
-432.797400 517.250200 -1442.018000
-422.663100 528.058900 -1467.563000
-412.460200 538.951100 -1493.266000
-402.190000 549.924700 -1519.123000
-391.854000 560.977800 -1545.131000
-381.454100 572.107300 -1571.284000
-370.991300 583.311500 -1597.581000
-360.467900 594.587300 -1624.016000
-349.884800 605.933300 -1650.586000
-339.244000 617.346300 -1677.287000
-328.546600 628.824600 -1704.115000
-317.794800 640.365200 -1731.066000
-306.989500 651.966600 -1758.136000
-296.132800 663.625500 -1785.321000
-285.225800 675.340300 -1812.619000
-274.270400 687.108200 -1840.023000
-263.268200 698.927000 -1867.531000
-252.220300 710.794700 -1895.139000
-241.128700 722.708400 -1922.843000
-229.994700 734.666200 -1950.639000
-218.820100 746.665300 -1978.523000
-207.606100 758.703900 -2006.492000
-196.354700 770.779100 -2034.540000
-185.067100 782.889100 -2062.666000
-173.745200 795.030900 -2090.864000
-162.390000 807.202900 -2119.130000
-151.003800 819.402000 -2147.462000
-139.587800 831.626300 -2175.854000
-128.143200 843.873700 -2204.303000
-116.672200 856.141200 -2232.806000
-105.177100 868.425700 -2261.355000
-93.662570 880.721800 -2289.939000
-82.132310 893.024800 -2318.549000
-70.591110 905.329400 -2347.173000
-59.042590 917.631000 -2375.802000
-47.491580 929.923800 -2404.424000
-35.941720 942.203600 -2433.030000
-24.397780 954.464700 -2461.608000
-12.863730 966.702300 -2490.148000
-1.343493 978.911700 -2518.641000
10.158130 991.087300 -2547.075000
21.637490 1003.225000 -2575.440000
33.089790 1015.318000 -2603.724000
44.511380 1027.363000 -2631.919000
55.897470 1039.354000 -2660.013000
67.244390 1051.287000 -2687.996000
78.547380 1063.155000 -2715.857000
89.802740 1074.955000 -2743.587000
101.005700 1086.681000 -2771.173000
112.152600 1098.329000 -2798.607000
123.238700 1109.892000 -2825.877000
134.260000 1121.366000 -2852.972000
145.212600 1132.746000 -2879.884000
156.091700 1144.028000 -2906.599000
166.893500 1155.205000 -2933.110000
177.613500 1166.273000 -2959.404000
188.247800 1177.227000 -2985.472000
198.791700 1188.062000 -3011.303000
209.241500 1198.773000 -3036.886000
219.592500 1209.354000 -3062.211000
229.840900 1219.801000 -3087.268000
239.982100 1230.109000 -3112.046000
250.012100 1240.272000 -3136.533000
259.926800 1250.286000 -3160.722000
269.721600 1260.145000 -3184.599000
279.392700 1269.845000 -3208.156000
288.935500 1279.381000 -3231.381000
298.346100 1288.747000 -3254.265000
307.619900 1297.938000 -3276.795000
316.753100 1306.950000 -3298.963000
325.741100 1315.777000 -3320.757000
334.580000 1324.414000 -3342.168000
343.265300 1332.857000 -3363.184000
351.792900 1341.100000 -3383.795000
360.158700 1349.138000 -3403.990000
368.358200 1356.966000 -3423.760000
376.387500 1364.579000 -3443.094000
384.242000 1371.972000 -3461.980000
391.917900 1379.141000 -3480.409000
399.410600 1386.079000 -3498.370000
406.716200 1392.782000 -3515.853000
413.830800 1399.246000 -3532.849000
420.757200 1405.472000 -3549.360000
427.500600 1411.465000 -3565.397000
434.066600 1417.229000 -3580.969000
440.460300 1422.769000 -3596.086000
446.687500 1428.089000 -3610.757000
452.753500 1433.195000 -3624.992000
458.663700 1438.089000 -3638.801000
464.423700 1442.778000 -3652.193000
470.038800 1447.266000 -3665.178000
475.514400 1451.557000 -3677.765000
480.856000 1455.655000 -3689.965000
486.069100 1459.566000 -3701.787000
491.159000 1463.294000 -3713.239000
496.131300 1466.844000 -3724.332000
500.991200 1470.219000 -3735.076000
505.744300 1473.425000 -3745.481000
510.396200 1476.466000 -3755.555000
514.952000 1479.346000 -3765.308000
519.417400 1482.072000 -3774.751000
523.797600 1484.646000 -3783.893000
528.098400 1487.073000 -3792.742000
532.324800 1489.358000 -3801.309000
536.482700 1491.506000 -3809.605000
540.577000 1493.521000 -3817.637000
544.613600 1495.407000 -3825.416000
548.597700 1497.170000 -3832.951000
552.534900 1498.814000 -3840.252000
556.430500 1500.343000 -3847.330000
560.289900 1501.761000 -3854.192000
564.118800 1503.074000 -3860.849000
567.922200 1504.287000 -3867.311000
571.706000 1505.403000 -3873.587000
575.475300 1506.427000 -3879.686000
579.235800 1507.364000 -3885.619000
582.992700 1508.217000 -3891.395000
586.751700 1508.993000 -3897.023000
590.517900 1509.695000 -3902.513000
594.297100 1510.329000 -3907.876000
598.094400 1510.897000 -3913.120000
601.915400 1511.406000 -3918.255000
605.765600 1511.860000 -3923.291000
609.650400 1512.262000 -3928.236000
613.575200 1512.619000 -3933.102000
617.545400 1512.933000 -3937.897000
621.566500 1513.211000 -3942.632000
625.644000 1513.456000 -3947.316000
629.783200 1513.673000 -3951.957000
633.989600 1513.867000 -3956.567000
638.268700 1514.042000 -3961.154000
642.625800 1514.202000 -3965.729000
647.066300 1514.353000 -3970.301000
651.594800 1514.498000 -3974.877000
656.210600 1514.637000 -3979.456000
660.912900 1514.772000 -3984.038000
665.700500 1514.901000 -3988.620000
670.572300 1515.025000 -3993.199000
675.527200 1515.145000 -3997.775000
680.564400 1515.259000 -4002.344000
685.682200 1515.369000 -4006.906000
690.880000 1515.474000 -4011.458000
696.156400 1515.575000 -4015.998000
701.510400 1515.672000 -4020.524000
706.941200 1515.764000 -4025.034000
712.447200 1515.852000 -4029.526000
718.027700 1515.936000 -4033.999000
723.681300 1516.016000 -4038.449000
729.407300 1516.093000 -4042.877000
735.204100 1516.165000 -4047.278000
741.071000 1516.234000 -4051.651000
747.006700 1516.299000 -4055.995000
753.010200 1516.361000 -4060.307000
759.080300 1516.420000 -4064.585000
765.216100 1516.475000 -4068.828000
771.416100 1516.528000 -4073.034000
777.679600 1516.577000 -4077.199000
784.005400 1516.623000 -4081.323000
790.392300 1516.667000 -4085.404000
796.839500 1516.707000 -4089.439000
803.345400 1516.746000 -4093.426000
809.909400 1516.781000 -4097.364000
816.530000 1516.815000 -4101.251000
823.206400 1516.846000 -4105.084000
829.937300 1516.875000 -4108.861000
836.721800 1516.901000 -4112.582000
843.558500 1516.926000 -4116.243000
850.446500 1516.949000 -4119.842000
857.384900 1516.970000 -4123.379000
864.372200 1516.990000 -4126.850000
871.407700 1517.008000 -4130.253000
878.489900 1517.024000 -4133.587000
885.618000 1517.039000 -4136.851000
892.790800 1517.053000 -4140.041000
900.007200 1517.066000 -4143.156000
907.266100 1517.077000 -4146.193000
914.566400 1517.088000 -4149.152000
921.907000 1517.098000 -4152.029000
929.286700 1517.107000 -4154.823000
936.704800 1517.116000 -4157.533000
944.159700 1517.124000 -4160.155000
951.650800 1517.131000 -4162.688000
959.176300 1517.138000 -4165.130000
966.735900 1517.145000 -4167.479000
974.328100 1517.152000 -4169.733000
981.951500 1517.159000 -4171.892000
989.604900 1517.166000 -4173.953000
997.286900 1517.172000 -4175.918000
1004.997000 1517.178000 -4177.787000
1012.732000 1517.184000 -4179.560000
1020.491000 1517.189000 -4181.236000
1028.274000 1517.193000 -4182.815000
1036.078000 1517.197000 -4184.298000
1043.903000 1517.200000 -4185.685000
1051.746000 1517.202000 -4186.975000
1059.607000 1517.203000 -4188.168000
1067.484000 1517.203000 -4189.264000
1075.376000 1517.202000 -4190.264000
1083.281000 1517.199000 -4191.167000
1091.197000 1517.195000 -4191.973000
1099.124000 1517.190000 -4192.683000
1107.060000 1517.183000 -4193.295000
1115.004000 1517.175000 -4193.811000
1122.954000 1517.164000 -4194.229000
1130.909000 1517.152000 -4194.552000
1138.867000 1517.138000 -4194.776000
1146.828000 1517.123000 -4194.904000
1154.789000 1517.104000 -4194.935000
1162.750000 1517.084000 -4194.868000
1170.708000 1517.062000 -4194.705000
1178.663000 1517.037000 -4194.444000
1186.613000 1517.010000 -4194.086000
1194.556000 1516.980000 -4193.630000
1202.492000 1516.948000 -4193.078000
1210.418000 1516.912000 -4192.428000
1218.335000 1516.874000 -4191.681000
1226.239000 1516.833000 -4190.836000
1234.130000 1516.789000 -4189.894000
1242.006000 1516.742000 -4188.854000
1249.866000 1516.692000 -4187.717000
1257.709000 1516.638000 -4186.482000
1265.532000 1516.581000 -4185.150000
1273.336000 1516.521000 -4183.720000
1281.118000 1516.457000 -4182.192000
1288.876000 1516.390000 -4180.567000
1296.610000 1516.318000 -4178.844000
1304.318000 1516.243000 -4177.023000
1311.999000 1516.164000 -4175.105000
1319.652000 1516.081000 -4173.088000
1327.274000 1515.994000 -4170.974000
1334.864000 1515.902000 -4168.762000
1342.422000 1515.807000 -4166.452000
1349.946000 1515.707000 -4164.043000
1357.433000 1515.602000 -4161.537000
1364.884000 1515.493000 -4158.933000
1372.296000 1515.379000 -4156.230000
1379.668000 1515.261000 -4153.430000
1387.000000 1515.138000 -4150.531000
1394.290000 1515.011000 -4147.536000
1401.539000 1514.879000 -4144.443000
1408.744000 1514.745000 -4141.255000
1415.906000 1514.607000 -4137.970000
1423.025000 1514.466000 -4134.591000
1430.099000 1514.322000 -4131.116000
1437.128000 1514.176000 -4127.548000
1444.111000 1514.028000 -4123.887000
1451.048000 1513.879000 -4120.131000
1457.938000 1513.728000 -4116.284000
1464.780000 1513.576000 -4112.345000
1471.574000 1513.424000 -4108.313000
1478.320000 1513.271000 -4104.191000
1485.016000 1513.119000 -4099.979000
1491.661000 1512.966000 -4095.677000
1498.257000 1512.815000 -4091.286000
1504.801000 1512.664000 -4086.805000
1511.293000 1512.514000 -4082.236000
1517.733000 1512.367000 -4077.580000
1524.119000 1512.221000 -4072.836000
1530.452000 1512.077000 -4068.005000
1536.731000 1511.937000 -4063.088000
1542.954000 1511.799000 -4058.086000
1549.122000 1511.664000 -4052.998000
1555.234000 1511.533000 -4047.826000
1561.289000 1511.406000 -4042.569000
1567.287000 1511.283000 -4037.229000
1573.226000 1511.165000 -4031.807000
1579.107000 1511.051000 -4026.301000
1584.929000 1510.943000 -4020.713000
1590.690000 1510.841000 -4015.045000
1596.392000 1510.744000 -4009.295000
1602.032000 1510.653000 -4003.465000
1607.610000 1510.569000 -3997.554000
1613.126000 1510.492000 -3991.564000
1618.579000 1510.423000 -3985.497000
1623.969000 1510.360000 -3979.350000
1629.294000 1510.306000 -3973.125000
1634.554000 1510.260000 -3966.824000
1639.749000 1510.222000 -3960.445000
1644.878000 1510.193000 -3953.991000
1649.940000 1510.173000 -3947.461000
1654.936000 1510.163000 -3940.855000
1659.863000 1510.162000 -3934.176000
1664.721000 1510.172000 -3927.422000
1669.511000 1510.192000 -3920.594000
1674.230000 1510.223000 -3913.694000
1678.880000 1510.265000 -3906.720000
1683.458000 1510.318000 -3899.676000
1687.965000 1510.384000 -3892.560000
1692.399000 1510.461000 -3885.372000
1696.762000 1510.550000 -3878.117000
1701.053000 1510.650000 -3870.796000
1705.272000 1510.761000 -3863.412000
1709.420000 1510.883000 -3855.968000
1713.497000 1511.014000 -3848.466000
1717.502000 1511.155000 -3840.910000
1721.437000 1511.305000 -3833.301000
1725.302000 1511.464000 -3825.643000
1729.096000 1511.630000 -3817.939000
1732.820000 1511.805000 -3810.189000
1736.474000 1511.987000 -3802.400000
1740.059000 1512.176000 -3794.571000
1743.574000 1512.371000 -3786.707000
1747.020000 1512.572000 -3778.809000
1750.397000 1512.779000 -3770.881000
1753.705000 1512.991000 -3762.926000
1756.945000 1513.207000 -3754.945000
1760.117000 1513.428000 -3746.942000
1763.220000 1513.653000 -3738.919000
1766.256000 1513.881000 -3730.879000
1769.224000 1514.111000 -3722.826000
1772.125000 1514.345000 -3714.760000
1774.958000 1514.580000 -3706.686000
1777.724000 1514.817000 -3698.606000
1780.424000 1515.055000 -3690.522000
1783.057000 1515.294000 -3682.438000
1785.624000 1515.533000 -3674.356000
1788.125000 1515.772000 -3666.278000
1790.560000 1516.011000 -3658.208000
1792.929000 1516.248000 -3650.148000
1795.233000 1516.484000 -3642.102000
1797.472000 1516.718000 -3634.070000
1799.646000 1516.950000 -3626.057000
1801.754000 1517.178000 -3618.065000
1803.799000 1517.404000 -3610.097000
1805.779000 1517.626000 -3602.154000
1807.695000 1517.843000 -3594.241000
1809.547000 1518.057000 -3586.360000
1811.335000 1518.265000 -3578.514000
1813.061000 1518.467000 -3570.704000
1814.722000 1518.664000 -3562.935000
1816.321000 1518.855000 -3555.208000
1817.857000 1519.039000 -3547.527000
1819.331000 1519.215000 -3539.894000
1820.742000 1519.384000 -3532.311000
1822.091000 1519.545000 -3524.781000
1823.378000 1519.697000 -3517.309000
1824.604000 1519.841000 -3509.895000
1825.768000 1519.974000 -3502.542000
1826.871000 1520.099000 -3495.254000
1827.913000 1520.212000 -3488.033000
1828.895000 1520.315000 -3480.879000
1829.823000 1520.407000 -3473.788000
1830.702000 1520.486000 -3466.752000
1831.536000 1520.552000 -3459.769000
1832.332000 1520.604000 -3452.831000
1833.093000 1520.642000 -3445.934000
1833.825000 1520.664000 -3439.070000
1834.533000 1520.670000 -3432.236000
1835.223000 1520.659000 -3425.425000
1835.899000 1520.631000 -3418.633000
1836.566000 1520.584000 -3411.853000
1837.230000 1520.517000 -3405.080000
1837.896000 1520.431000 -3398.309000
1838.569000 1520.324000 -3391.532000
1839.254000 1520.195000 -3384.747000
1839.956000 1520.045000 -3377.946000
1840.681000 1519.871000 -3371.124000
1841.432000 1519.673000 -3364.276000
1842.217000 1519.451000 -3357.396000
1843.038000 1519.203000 -3350.479000
1843.903000 1518.929000 -3343.519000
1844.816000 1518.629000 -3336.510000
1845.781000 1518.300000 -3329.447000
1846.805000 1517.944000 -3322.324000
1847.892000 1517.558000 -3315.137000
1849.047000 1517.142000 -3307.879000
1850.276000 1516.695000 -3300.544000
1851.583000 1516.217000 -3293.129000
1852.974000 1515.707000 -3285.625000
1854.454000 1515.164000 -3278.029000
1856.028000 1514.586000 -3270.334000
1857.701000 1513.975000 -3262.536000
1859.479000 1513.328000 -3254.628000
1861.365000 1512.645000 -3246.605000
1863.366000 1511.925000 -3238.461000
1865.487000 1511.167000 -3230.192000
1867.732000 1510.371000 -3221.791000
1870.107000 1509.536000 -3213.252000
1872.617000 1508.661000 -3204.571000
1875.267000 1507.745000 -3195.742000
1878.063000 1506.788000 -3186.759000
1881.008000 1505.789000 -3177.616000
1884.110000 1504.746000 -3168.309000
1887.371000 1503.660000 -3158.831000
1890.799000 1502.530000 -3149.178000
1894.397000 1501.354000 -3139.342000
1898.171000 1500.132000 -3129.320000
1902.126000 1498.863000 -3119.105000
1906.267000 1497.547000 -3108.693000
1910.600000 1496.182000 -3098.076000
1915.129000 1494.768000 -3087.250000
1919.859000 1493.304000 -3076.210000
1924.792000 1491.790000 -3064.956000
1929.925000 1490.225000 -3053.491000
1935.255000 1488.607000 -3041.823000
1940.779000 1486.937000 -3029.957000
1946.495000 1485.214000 -3017.897000
1952.400000 1483.436000 -3005.648000
1958.491000 1481.604000 -2993.217000
1964.765000 1479.716000 -2980.608000
1971.220000 1477.773000 -2967.827000
1977.853000 1475.772000 -2954.879000
1984.662000 1473.715000 -2941.770000
1991.643000 1471.599000 -2928.504000
1998.794000 1469.424000 -2915.088000
2006.111000 1467.190000 -2901.526000
2013.593000 1464.896000 -2887.823000
2021.238000 1462.542000 -2873.985000
2029.040000 1460.125000 -2860.018000
2036.999000 1457.647000 -2845.927000
2045.111000 1455.106000 -2831.716000
2053.374000 1452.501000 -2817.392000
2061.785000 1449.832000 -2802.958000
2070.341000 1447.098000 -2788.422000
2079.039000 1444.299000 -2773.787000
2087.877000 1441.433000 -2759.061000
2096.853000 1438.500000 -2744.247000
2105.962000 1435.500000 -2729.351000
2115.203000 1432.432000 -2714.378000
2124.573000 1429.295000 -2699.335000
2134.069000 1426.088000 -2684.224000
2143.688000 1422.810000 -2669.054000
2153.427000 1419.462000 -2653.828000
2163.285000 1416.042000 -2638.552000
2173.258000 1412.550000 -2623.232000
2183.343000 1408.985000 -2607.871000
2193.538000 1405.346000 -2592.477000
2203.840000 1401.633000 -2577.053000
2214.246000 1397.844000 -2561.607000
2224.753000 1393.980000 -2546.141000
2235.360000 1390.040000 -2530.664000
2246.062000 1386.022000 -2515.178000
2256.857000 1381.927000 -2499.690000
2267.744000 1377.753000 -2484.205000
2278.718000 1373.500000 -2468.729000
2289.776000 1369.167000 -2453.266000
2300.917000 1364.754000 -2437.822000
2312.138000 1360.260000 -2422.402000
2323.436000 1355.684000 -2407.011000
2334.808000 1351.025000 -2391.656000
2346.251000 1346.283000 -2376.341000
2357.763000 1341.457000 -2361.072000
2369.342000 1336.547000 -2345.852000
2380.983000 1331.551000 -2330.689000
2392.688000 1326.470000 -2315.581000
2404.456000 1321.303000 -2300.526000
2416.288000 1316.050000 -2285.523000
2428.186000 1310.711000 -2270.569000
2440.149000 1305.285000 -2255.662000
2452.177000 1299.772000 -2240.800000
2464.272000 1294.172000 -2225.980000
2476.435000 1288.484000 -2211.202000
2488.665000 1282.709000 -2196.463000
2500.963000 1276.846000 -2181.760000
2513.330000 1270.895000 -2167.092000
2525.766000 1264.855000 -2152.456000
2538.272000 1258.727000 -2137.851000
2550.848000 1252.510000 -2123.275000
2563.496000 1246.204000 -2108.725000
2576.215000 1239.808000 -2094.199000
2589.006000 1233.322000 -2079.694000
2601.870000 1226.747000 -2065.211000
2614.806000 1220.081000 -2050.745000
2627.817000 1213.325000 -2036.296000
2640.902000 1206.478000 -2021.859000
2654.062000 1199.540000 -2007.435000
2667.297000 1192.511000 -1993.021000
2680.608000 1185.391000 -1978.615000
2693.997000 1178.178000 -1964.213000
2707.462000 1170.874000 -1949.816000
2721.005000 1163.477000 -1935.419000
2734.625000 1155.988000 -1921.023000
2748.325000 1148.406000 -1906.623000
2762.105000 1140.730000 -1892.218000
2775.964000 1132.962000 -1877.807000
2789.903000 1125.100000 -1863.386000
2803.924000 1117.144000 -1848.955000
2818.027000 1109.093000 -1834.510000
2832.211000 1100.949000 -1820.050000
2846.478000 1092.710000 -1805.573000
2860.828000 1084.376000 -1791.077000
2875.262000 1075.948000 -1776.559000
2889.782000 1067.423000 -1762.017000
2904.385000 1058.803000 -1747.450000
2919.074000 1050.087000 -1732.856000
2933.849000 1041.275000 -1718.231000
2948.712000 1032.366000 -1703.575000
2963.661000 1023.361000 -1688.885000
2978.698000 1014.259000 -1674.159000
2993.823000 1005.060000 -1659.395000
3009.037000 995.762900 -1644.589000
3024.341000 986.368500 -1629.743000
3039.734000 976.876200 -1614.852000
3055.218000 967.285700 -1599.915000
3070.793000 957.596600 -1584.930000
3086.459000 947.809400 -1569.894000
3102.209000 937.928800 -1554.813000
3118.039000 927.958700 -1539.689000
3133.942000 917.903600 -1524.527000
3149.913000 907.767500 -1509.329000
3165.945000 897.555400 -1494.101000
3182.033000 887.271500 -1478.845000
3198.170000 876.920200 -1463.566000
3214.352000 866.505300 -1448.265000
3230.571000 856.032300 -1432.949000
3246.823000 845.505000 -1417.621000
3263.101000 834.927900 -1402.284000
3279.399000 824.305300 -1386.942000
3295.712000 813.641200 -1371.597000
3312.033000 802.941000 -1356.256000
3328.357000 792.208500 -1340.921000
3344.678000 781.448200 -1325.596000
3360.990000 770.663900 -1310.284000
3377.287000 759.861000 -1294.990000
3393.562000 749.043600 -1279.717000
3409.811000 738.215900 -1264.469000
3426.027000 727.382400 -1249.250000
3442.206000 716.547000 -1234.062000
3458.339000 705.715000 -1218.911000
3474.422000 694.890400 -1203.800000
3490.449000 684.077600 -1188.733000
3506.415000 673.280500 -1173.712000
3522.312000 662.504400 -1158.743000
3538.135000 651.753200 -1143.829000
3553.878000 641.031600 -1128.973000
3569.536000 630.343100 -1114.179000
3585.102000 619.693300 -1099.451000
3600.571000 609.086200 -1084.794000
3615.937000 598.525900 -1070.209000
3631.193000 588.017100 -1055.702000
3646.334000 577.563500 -1041.276000
3661.354000 567.170800 -1026.934000
3676.248000 556.842500 -1012.682000
3691.008000 546.583200 -998.521100
3705.631000 536.396800 -984.455700
3720.108000 526.288700 -970.490700
3734.436000 516.262800 -956.629200
3748.606000 506.323500 -942.874800
3762.616000 496.474700 -929.230700
3776.456000 486.721800 -915.701800
3790.123000 477.068700 -902.291400
3803.610000 467.519700 -889.003100
3816.911000 458.079400 -875.840600
3830.021000 448.751600 -862.807000
3842.933000 439.541700 -849.907500
3855.641000 430.453600 -837.145100
3868.140000 421.491600 -824.523300
3880.429000 412.657800 -812.042700
3892.509000 403.953300 -799.701500
3904.383000 395.377300 -787.496100
3916.055000 386.929700 -775.423500
3927.527000 378.610600 -763.480600
3938.804000 370.419300 -751.663900
3949.888000 362.356600 -739.971400
3960.782000 354.422000 -728.399600
3971.489000 346.615300 -716.945400
3982.012000 338.936000 -705.605300
3992.355000 331.384800 -694.377200
4002.520000 323.961300 -683.257600
4012.511000 316.665300 -672.243700
4022.331000 309.496300 -661.331500
4031.983000 302.455000 -650.519500
4041.469000 295.540900 -639.803700
4050.793000 288.753800 -629.181400
4059.959000 282.093700 -618.649300
4068.969000 275.560100 -608.204000
4077.826000 269.153500 -597.843600
4086.534000 262.873700 -587.564300
4095.095000 256.720300 -577.363300
4103.514000 250.693000 -567.236900
4111.791000 244.792400 -557.183200
4119.931000 239.017900 -547.198500
4127.938000 233.369600 -537.280000
4135.813000 227.847200 -527.424500
4143.561000 222.450400 -517.628500
4151.185000 217.179700 -507.890000
4158.686000 212.034600 -498.205400
4166.068000 207.015000 -488.571700
4173.336000 202.120700 -478.985400
4180.491000 197.351900 -469.444500
4187.537000 192.708300 -459.945400
4194.477000 188.189800 -450.485000
4201.314000 183.796100 -441.060000
4208.051000 179.527500 -431.668100
4214.690000 175.383700 -422.305900
4221.237000 171.364500 -412.970400
4227.693000 167.470000 -403.658500
4234.062000 163.699600 -394.366700
4240.345000 160.053800 -385.093000
4246.548000 156.532300 -375.833700
4252.672000 153.134900 -366.586000
4258.722000 149.861300 -357.346300
4264.699000 146.711800 -348.112400
4270.607000 143.686100 -338.881000
4276.451000 140.784000 -329.648900
4282.231000 138.005400 -320.412700
4287.951000 135.350400 -311.170300
4293.616000 132.818800 -301.918100
4299.226000 130.410200 -292.652700
4304.783000 128.123200 -283.373700
4310.287000 125.954800 -274.077700
4315.732000 123.902900 -264.765200
4321.123000 121.964400 -255.432900
4326.456000 120.137000 -246.080500
4331.727000 118.418200 -236.707400
4336.939000 116.805100 -227.310300
4342.089000 115.295200 -217.889000
4347.176000 113.886200 -208.442800
4352.198000 112.575100 -198.968600
4357.154000 111.359600 -189.466800
4362.045000 110.236900 -179.934200
4366.866000 109.204500 -170.370300
4371.619000 108.259800 -160.774700
4376.300000 107.400200 -151.144000
4380.910000 106.623100 -141.478900
4385.447000 105.925900 -131.776100
4389.911000 105.306000 -122.035000
4394.297000 104.760900 -112.255300
4398.608000 104.287800 -102.433700
4402.840000 103.884300 -92.569730
4406.994000 103.547800 -82.662980
4411.066000 103.275500 -72.710130
4415.057000 103.065100 -62.711760
4418.965000 102.913700 -52.664510
4422.790000 102.818900 -42.567990
4426.528000 102.778100 -32.421790
4430.180000 102.788600 -22.222550
4433.744000 102.847900 -11.970880
4437.219000 102.953400 -1.663383
4440.604000 103.102400 8.700329
4443.896000 103.292500 19.120590
4447.097000 103.520900 29.600860
4450.202000 103.785100 40.140430
4453.213000 104.082500 50.742790
4456.127000 104.410600 61.408290
4458.943000 104.766600 72.137250
4461.661000 105.148000 82.933140
4464.278000 105.552300 93.796340
4466.793000 105.976700 104.727100
4469.207000 106.418900 115.729000
4471.515000 106.876000 126.801300
4473.719000 107.345600 137.947400
4475.816000 107.825000 149.167800
4477.806000 108.311700 160.462600
4479.686000 108.803000 171.835600
4481.457000 109.296400 183.285800
4483.116000 109.789200 194.816800
4484.662000 110.279000 206.429000
4486.094000 110.762900 218.122500
4487.412000 111.238600 229.901100
4488.612000 111.703700 241.764100
4489.694000 112.157600 253.707100
4490.653000 112.599900 265.728400
4491.485000 113.030200 277.821500
4492.189000 113.448500 289.984500
4492.761000 113.854200 302.212100
4493.198000 114.247100 314.499000
4493.496000 114.626900 326.843400
4493.652000 114.993300 339.238700
4493.664000 115.346000 351.683300
4493.528000 115.684600 364.171800
4493.241000 116.008900 376.698700
4492.799000 116.318600 389.262500
4492.201000 116.613300 401.857700
4491.441000 116.892700 414.478800
4490.519000 117.156600 427.124400
4489.428000 117.404500 439.787600
4488.168000 117.636400 452.466900
4486.735000 117.851700 465.156800
4485.125000 118.050200 477.852000
4483.336000 118.231600 490.550800
4481.365000 118.395600 503.246500
4479.208000 118.541900 515.937600
4476.860000 118.670200 528.618500
4474.322000 118.780100 541.283900
4471.588000 118.871300 553.932300
4468.655000 118.943600 566.557900
4465.521000 118.996700 579.155800
4462.183000 119.030200 591.723900
4458.636000 119.043800 604.255800
4454.878000 119.037300 616.749800
4450.906000 119.010200 629.200400
4446.716000 118.962400 641.602400
4442.306000 118.893400 653.954000
4437.672000 118.803100 666.248700
4432.811000 118.691000 678.484500
4427.720000 118.556900 690.656300
4422.396000 118.400400 702.758700
4416.835000 118.221400 714.790000
4411.035000 118.019300 726.744600
4404.992000 117.794100 738.617500
4398.703000 117.545200 750.406600
4392.166000 117.272500 762.105700
4385.376000 116.975600 773.712800
4378.331000 116.654200 785.222600
4371.027000 116.308000 796.629900
4363.461000 115.936700 807.932600
4355.631000 115.540100 819.124600
4347.533000 115.117600 830.203700
4339.163000 114.669200 841.164900
4330.520000 114.194500 852.002700
4321.599000 113.693100 862.715300
4312.401000 113.166000 873.296600
4302.931000 112.616100 883.745400
4293.198000 112.046800 894.057200
4283.209000 111.461300 904.227700
4272.970000 110.862900 914.255800
4262.487000 110.254700 924.136800
4251.770000 109.640200 933.866700
4240.823000 109.022400 943.444000
4229.655000 108.404700 952.863300
4218.271000 107.790300 962.123400
4206.681000 107.182400 971.219800
4194.891000 106.584400 980.148700
4182.905000 105.999500 988.908000
4170.735000 105.430900 997.492900
4158.383000 104.881900 1005.902000
4145.860000 104.355700 1014.130000
4133.171000 103.855600 1022.175000
4120.324000 103.384900 1030.033000
4107.324000 102.946700 1037.701000
4094.181000 102.544400 1045.175000
4080.900000 102.181200 1052.452000
4067.490000 101.860400 1059.529000
4053.955000 101.585200 1066.403000
4040.303000 101.358800 1073.070000
4026.543000 101.184500 1079.526000
4012.680000 101.065700 1085.769000
3998.723000 101.005400 1091.795000
3984.676000 101.007000 1097.601000
3970.547000 101.073800 1103.184000
3956.346000 101.208900 1108.539000
3942.076000 101.415700 1113.665000
3927.746000 101.697300 1118.557000
3913.364000 102.057100 1123.212000
3898.935000 102.498400 1127.627000
3884.467000 103.024200 1131.798000
3869.966000 103.637900 1135.723000
3855.440000 104.342900 1139.397000
3840.897000 105.142200 1142.818000
3826.342000 106.039200 1145.982000
3811.784000 107.037000 1148.886000
3797.227000 108.139100 1151.526000
3782.681000 109.348600 1153.900000
3768.152000 110.668700 1156.004000
3753.646000 112.102900 1157.834000
3739.172000 113.654200 1159.387000
3724.736000 115.325900 1160.660000
3710.344000 117.121300 1161.650000
3696.006000 119.043600 1162.353000
3681.726000 121.096200 1162.765000
3667.511000 123.282300 1162.885000
3653.371000 125.604900 1162.707000
3639.310000 128.067400 1162.230000
3625.333000 130.669500 1161.452000
3611.442000 133.409100 1160.376000
3597.637000 136.283300 1159.004000
3583.922000 139.289200 1157.338000
3570.296000 142.424600 1155.379000
3556.762000 145.686800 1153.131000
3543.323000 149.072700 1150.595000
3529.977000 152.580300 1147.773000
3516.728000 156.206400 1144.667000
3503.577000 159.948900 1141.280000
3490.526000 163.805000 1137.613000
3477.576000 167.771600 1133.669000
3464.728000 171.846800 1129.449000
3451.985000 176.027200 1124.957000
3439.347000 180.310900 1120.193000
3426.816000 184.695100 1115.160000
3414.396000 189.176400 1109.860000
3402.085000 193.753300 1104.295000
3389.886000 198.422200 1098.467000
3377.800000 203.181300 1092.379000
3365.829000 208.027600 1086.031000
3353.977000 212.957900 1079.428000
3342.240000 217.970600 1072.569000
3330.624000 223.062500 1065.458000
3319.130000 228.230500 1058.098000
3307.758000 233.473100 1050.488000
3296.512000 238.786400 1042.633000
3285.390000 244.169000 1034.533000
3274.396000 249.617700 1026.191000
3263.532000 255.129300 1017.610000
3252.797000 260.702300 1008.791000
3242.196000 266.332800 999.736500
3231.728000 272.019500 990.447500
3221.394000 277.759000 980.927000
3211.199000 283.548200 971.177900
3201.141000 289.385700 961.200500
3191.223000 295.268100 950.997800
3181.447000 301.192400 940.572800
3171.813000 307.156900 929.925600
3162.325000 313.157900 919.060500
3152.982000 319.194000 907.977400
3143.787000 325.261900 896.679300
3134.742000 331.358400 885.169600
3125.848000 337.482000 873.448000
3117.105000 343.628900 861.518900
3108.517000 349.797800 849.382100
3100.083000 355.985200 837.040900
3091.808000 362.188100 824.498500
3083.690000 368.404900 811.754600
3075.732000 374.632500 798.812400
3067.938000 380.867600 785.675500
3060.304000 387.109100 772.343600
3052.829000 393.356000 758.824200
3045.506000 399.610400 745.120200
3038.329000 405.872800 731.239000
3031.292000 412.143300 717.187300
3024.388000 418.424400 702.968200
3017.612000 424.715700 688.590200
3010.957000 431.019400 674.056200
3004.416000 437.335900 659.373300
2997.986000 443.665500 644.548600
2991.657000 450.010600 629.585000
2985.426000 456.371300 614.489500
2979.285000 462.748100 599.269500
2973.229000 469.143200 583.927600
2967.251000 475.556400 568.472600
2961.345000 481.989800 552.907000
2955.505000 488.443800 537.238200
2949.726000 494.918800 521.473300
2943.999000 501.417000 505.615000
2938.321000 507.938100 489.672100
2932.684000 514.484400 473.647200
2927.082000 521.056200 457.547500
2921.510000 527.653700 441.380400
2915.960000 534.279500 425.148300
2910.428000 540.932900 408.860200
2904.906000 547.616500 392.518600
2899.388000 554.330500 376.130700
2893.870000 561.075100 359.703900
2888.343000 567.852800 343.240600
2882.802000 574.663800 326.748200
2877.242000 581.508400 310.234100
2871.656000 588.389000 293.700600
2866.038000 595.305200 277.156700
2860.380000 602.259300 260.604900
2854.679000 609.251500 244.052400
2848.927000 616.282300 227.506800
2843.118000 623.354000 210.970200
2837.246000 630.466100 194.451900
2831.305000 637.621000 177.954100
2825.288000 644.819000 161.484200
2819.191000 652.060400 145.049600
2813.006000 659.347600 128.652600
2806.727000 666.680800 112.300700
2800.348000 674.060300 96.001160
2793.864000 681.488500 79.756430
2787.268000 688.965000 63.575440
2780.552000 696.492100 47.460700
2773.713000 704.070100 31.419510
2766.744000 711.699300 15.459160
2759.637000 719.382200 -0.417820
2752.388000 727.118200 -16.202580
2744.990000 734.909700 -31.892530
2737.439000 742.755700 -47.480570
2729.737000 750.651500 -62.960080
2721.885000 758.594300 -78.329040
2713.887000 766.579100 -93.580930
2705.746000 774.600600 -108.709200
2697.462000 782.656000 -123.711700
2689.039000 790.739400 -138.580600
2680.479000 798.848000 -153.313700
2671.784000 806.976700 -167.904400
2662.958000 815.120100 -182.346400
2654.001000 823.275800 -196.637400
2644.918000 831.437600 -210.769500
2635.708000 839.602700 -224.740600
2626.377000 847.766100 -238.544200
2616.926000 855.922500 -252.173800
2607.356000 864.069100 -265.627100
2597.671000 872.200900 -278.897900
2587.875000 880.312600 -291.979600
2577.966000 888.401400 -304.869900
2567.950000 896.461500 -317.561100
2557.828000 904.490000 -330.050800
2547.602000 912.481800 -342.332600
2537.276000 920.431800 -354.400200
2526.851000 928.337000 -366.251200
2516.331000 936.191500 -377.877900
2505.715000 943.992700 -389.277900
2495.008000 951.735300 -400.444600
2484.214000 959.414200 -411.372300
2473.332000 967.026500 -422.057700
2462.365000 974.567200 -432.495000
2451.318000 982.031100 -442.678000
2440.191000 989.415300 -452.603800
2428.987000 996.714000 -462.265200
2417.708000 1003.924000 -471.659200
2406.357000 1011.041000 -480.779800
2394.937000 1018.059000 -489.621000
2383.449000 1024.976000 -498.179700
2371.896000 1031.785000 -506.448900
2360.281000 1038.484000 -514.425400
2348.604000 1045.068000 -522.103100
2336.872000 1051.531000 -529.476600
2325.083000 1057.871000 -536.541900
2313.241000 1064.082000 -543.292900
2301.349000 1070.161000 -549.725700
2289.408000 1076.102000 -555.834700
2277.422000 1081.901000 -561.614100
2265.392000 1087.555000 -567.060200
2253.321000 1093.059000 -572.167400
2241.212000 1098.408000 -576.930100
2229.066000 1103.598000 -581.344000
2216.887000 1108.624000 -585.403600
2204.677000 1113.483000 -589.104600
2192.435000 1118.173000 -592.450900
2180.163000 1122.697000 -595.456500
2167.858000 1127.059000 -598.137000
2155.522000 1131.262000 -600.506500
2143.151000 1135.309000 -602.580300
2130.745000 1139.202000 -604.373300
2118.306000 1142.945000 -605.900000
2105.830000 1146.542000 -607.175500
2093.317000 1149.995000 -608.214800
2080.768000 1153.307000 -609.032500
2068.179000 1156.482000 -609.643600
2055.553000 1159.522000 -610.062900
2042.885000 1162.432000 -610.305400
2030.177000 1165.213000 -610.385700
2017.429000 1167.870000 -610.319000
2004.638000 1170.404000 -610.119900
1991.805000 1172.820000 -609.803400
1978.927000 1175.121000 -609.384300
1966.005000 1177.309000 -608.877400
1953.038000 1179.387000 -608.297900
1940.025000 1181.360000 -607.660200
1926.964000 1183.230000 -606.979400
1913.857000 1185.000000 -606.270400
1900.701000 1186.673000 -605.548000
1887.497000 1188.253000 -604.827000
1874.241000 1189.742000 -604.122400
1860.935000 1191.144000 -603.448900
1847.579000 1192.461000 -602.821600
1834.169000 1193.698000 -602.255200
1820.708000 1194.856000 -601.764600
1807.191000 1195.940000 -601.364500
1793.620000 1196.952000 -601.070000
1779.995000 1197.896000 -600.895900
1766.312000 1198.774000 -600.857100
1752.572000 1199.590000 -600.968300
1738.776000 1200.347000 -601.244500
1724.920000 1201.048000 -601.700600
1711.007000 1201.696000 -602.351300
1697.031000 1202.294000 -603.211600
1682.995000 1202.846000 -604.296400
1668.899000 1203.354000 -605.620400
1654.739000 1203.822000 -607.198600
1640.517000 1204.252000 -609.045700
1626.230000 1204.649000 -611.176800
1611.878000 1205.014000 -613.606800
1597.462000 1205.352000 -616.350000
1582.979000 1205.665000 -619.422000
1568.428000 1205.956000 -622.837400
1553.811000 1206.230000 -626.610600
1539.124000 1206.487000 -630.757300
1524.369000 1206.733000 -635.291400
1509.542000 1206.969000 -640.227100
1494.647000 1207.198000 -645.560900
1479.690000 1207.418000 -651.281300
1464.669000 1207.630000 -657.378100
1449.592000 1207.834000 -663.838800
1434.458000 1208.031000 -670.653600
1419.272000 1208.219000 -677.810400
1404.040000 1208.401000 -685.297500
1388.761000 1208.574000 -693.104900
1373.441000 1208.740000 -701.219900
1358.082000 1208.898000 -709.632800
1342.687000 1209.049000 -718.331700
1327.261000 1209.193000 -727.304400
1311.805000 1209.330000 -736.541400
1296.323000 1209.459000 -746.030800
1280.821000 1209.582000 -755.759900
1265.297000 1209.697000 -765.719800
1249.760000 1209.806000 -775.897200
1234.208000 1209.907000 -786.282900
1218.647000 1210.002000 -796.864500
1203.081000 1210.091000 -807.629900
1187.511000 1210.173000 -818.569800
1171.943000 1210.248000 -829.671000
1156.377000 1210.317000 -840.924300
1140.818000 1210.379000 -852.317400
1125.271000 1210.436000 -863.837900
1109.736000 1210.486000 -875.476900
1094.217000 1210.530000 -887.222000
1078.720000 1210.568000 -899.060900
1063.245000 1210.600000 -910.984400
1047.797000 1210.626000 -922.979100
1032.378000 1210.646000 -935.036300
1016.992000 1210.661000 -947.143200
1001.643000 1210.670000 -959.287600
986.332600 1210.674000 -971.460600
971.066500 1210.672000 -983.648600
955.844700 1210.664000 -995.842800
940.672400 1210.652000 -1008.031000
925.554000 1210.634000 -1020.200000
910.489900 1210.611000 -1032.341000
895.484800 1210.583000 -1044.443000
880.543500 1210.549000 -1056.492000
865.666400 1210.511000 -1068.479000
850.859500 1210.469000 -1080.392000
836.123200 1210.421000 -1092.221000
821.462300 1210.369000 -1103.954000
806.881300 1210.312000 -1115.578000
792.380800 1210.250000 -1127.085000
777.966800 1210.184000 -1138.461000
763.639800 1210.114000 -1149.696000
749.404300 1210.039000 -1160.779000
735.265100 1209.961000 -1171.698000
721.222600 1209.878000 -1182.446000
707.280300 1209.791000 -1193.026000
693.442100 1209.701000 -1203.446000
679.707200 1209.608000 -1213.713000
666.080900 1209.512000 -1223.833000
652.562600 1209.413000 -1233.816000
639.155900 1209.313000 -1243.666000
625.864500 1209.210000 -1253.391000
612.687800 1209.106000 -1262.998000
599.630900 1209.001000 -1272.494000
586.693400 1208.895000 -1281.886000
573.878700 1208.788000 -1291.182000
561.190500 1208.681000 -1300.388000
548.628400 1208.574000 -1309.511000
536.195900 1208.468000 -1318.559000
523.896700 1208.363000 -1327.538000
511.730400 1208.258000 -1336.456000
499.701800 1208.156000 -1345.318000
487.810700 1208.055000 -1354.134000
476.060500 1207.956000 -1362.910000
464.454700 1207.859000 -1371.651000
452.993300 1207.765000 -1380.367000
441.680600 1207.674000 -1389.063000
430.516900 1207.587000 -1397.747000
419.505300 1207.503000 -1406.427000
408.649400 1207.423000 -1415.107000
397.949100 1207.348000 -1423.797000
387.408800 1207.278000 -1432.502000
377.028800 1207.212000 -1441.231000
366.812300 1207.152000 -1449.990000
356.762600 1207.097000 -1458.786000
346.879900 1207.049000 -1467.626000
337.167400 1207.007000 -1476.518000
327.628500 1206.971000 -1485.467000
318.263400 1206.943000 -1494.482000
309.076300 1206.922000 -1503.568000
300.067600 1206.908000 -1512.735000
291.240400 1206.903000 -1521.988000
282.597900 1206.905000 -1531.334000
274.140600 1206.917000 -1540.781000
265.872500 1206.937000 -1550.335000
257.794200 1206.967000 -1560.004000
249.908700 1207.006000 -1569.795000
242.219000 1207.055000 -1579.714000
234.726000 1207.115000 -1589.770000
227.432600 1207.185000 -1599.968000
220.341700 1207.265000 -1610.315000
213.454200 1207.358000 -1620.820000
206.773800 1207.461000 -1631.488000
200.301400 1207.577000 -1642.328000
194.039800 1207.705000 -1653.345000
187.992000 1207.845000 -1664.547000
182.157700 1207.998000 -1675.937000
176.537200 1208.163000 -1687.505000
171.128100 1208.340000 -1699.248000
165.930000 1208.527000 -1711.157000
160.942200 1208.725000 -1723.223000
156.162600 1208.933000 -1735.441000
151.590700 1209.151000 -1747.804000
147.225600 1209.377000 -1760.302000
143.065500 1209.612000 -1772.931000
139.110000 1209.854000 -1785.682000
135.357200 1210.104000 -1798.548000
131.806400 1210.361000 -1811.523000
128.456900 1210.624000 -1824.598000
125.306700 1210.892000 -1837.767000
122.355600 1211.166000 -1851.022000
119.601700 1211.445000 -1864.357000
117.044200 1211.727000 -1877.763000
114.682200 1212.014000 -1891.234000
112.514200 1212.303000 -1904.763000
110.539300 1212.595000 -1918.342000
108.756500 1212.889000 -1931.963000
107.164300 1213.184000 -1945.621000
105.762000 1213.481000 -1959.307000
104.548200 1213.777000 -1973.015000
103.521900 1214.074000 -1986.737000
102.682000 1214.370000 -2000.465000
102.027200 1214.665000 -2014.194000
101.556700 1214.959000 -2027.915000
101.269100 1215.250000 -2041.622000
101.163400 1215.539000 -2055.307000
101.238400 1215.824000 -2068.961000
101.493200 1216.105000 -2082.581000
101.926500 1216.382000 -2096.157000
102.537100 1216.655000 -2109.681000
103.324100 1216.922000 -2123.148000
104.286300 1217.183000 -2136.549000
105.422500 1217.437000 -2149.879000
106.731800 1217.685000 -2163.129000
108.212700 1217.925000 -2176.291000
109.864500 1218.157000 -2189.359000
111.685800 1218.381000 -2202.326000
113.675700 1218.596000 -2215.185000
115.832900 1218.801000 -2227.928000
118.156300 1218.996000 -2240.548000
120.644900 1219.180000 -2253.038000
123.297300 1219.353000 -2265.390000
126.112900 1219.514000 -2277.598000
129.090300 1219.664000 -2289.654000
132.228000 1219.800000 -2301.550000
135.525600 1219.923000 -2313.281000
138.981600 1220.032000 -2324.839000
142.594500 1220.127000 -2336.215000
146.361400 1220.208000 -2347.410000
150.276700 1220.276000 -2358.422000
154.336200 1220.330000 -2369.257000
158.534500 1220.373000 -2379.912000
162.866100 1220.404000 -2390.390000
167.326900 1220.424000 -2400.694000
171.911100 1220.434000 -2410.823000
176.614400 1220.434000 -2420.781000
181.431500 1220.425000 -2430.568000
186.356900 1220.408000 -2440.184000
191.386500 1220.384000 -2449.634000
196.514800 1220.352000 -2458.916000
201.736400 1220.315000 -2468.033000
207.047200 1220.271000 -2476.987000
212.441300 1220.223000 -2485.779000
217.914600 1220.170000 -2494.410000
223.461600 1220.114000 -2502.882000
229.076800 1220.054000 -2511.196000
234.756300 1219.992000 -2519.354000
240.494000 1219.929000 -2527.356000
246.285900 1219.864000 -2535.206000
252.126500 1219.799000 -2542.904000
258.010300 1219.734000 -2550.451000
263.933300 1219.670000 -2557.849000
269.890000 1219.608000 -2565.100000
275.874900 1219.548000 -2572.204000
281.884000 1219.490000 -2579.164000
287.911300 1219.436000 -2585.980000
293.952800 1219.387000 -2592.655000
300.003000 1219.342000 -2599.190000
306.056200 1219.302000 -2605.585000
312.108800 1219.269000 -2611.844000
318.154400 1219.242000 -2617.966000
324.189300 1219.223000 -2623.955000
330.207900 1219.212000 -2629.810000
336.204500 1219.210000 -2635.533000
342.175400 1219.217000 -2641.127000
348.114900 1219.233000 -2646.592000
354.017500 1219.261000 -2651.929000
359.879300 1219.300000 -2657.142000
365.694200 1219.351000 -2662.229000
371.458300 1219.415000 -2667.194000
377.166100 1219.492000 -2672.038000
382.811900 1219.583000 -2676.762000
388.391900 1219.688000 -2681.367000
393.900000 1219.809000 -2685.855000
399.332300 1219.945000 -2690.229000
404.683200 1220.099000 -2694.488000
409.947100 1220.269000 -2698.634000
415.120300 1220.457000 -2702.669000
420.197000 1220.664000 -2706.595000
425.172800 1220.889000 -2710.412000
430.049800 1221.132000 -2714.124000
434.829700 1221.388000 -2717.731000
439.516400 1221.655000 -2721.238000
444.111900 1221.932000 -2724.645000
448.618700 1222.214000 -2727.956000
453.040400 1222.498000 -2731.172000
457.378800 1222.784000 -2734.295000
461.637600 1223.067000 -2737.329000
465.819100 1223.345000 -2740.276000
469.925600 1223.615000 -2743.137000
473.960700 1223.875000 -2745.915000
477.926400 1224.122000 -2748.612000
481.826100 1224.353000 -2751.231000
485.662200 1224.565000 -2753.774000
489.437200 1224.755000 -2756.242000
493.154500 1224.922000 -2758.640000
496.816500 1225.061000 -2760.968000
500.425500 1225.172000 -2763.229000
503.985100 1225.249000 -2765.426000
507.497300 1225.292000 -2767.560000
510.965500 1225.297000 -2769.634000
514.392100 1225.262000 -2771.650000
517.779700 1225.183000 -2773.611000
521.131400 1225.059000 -2775.519000
524.449500 1224.886000 -2777.376000
527.737400 1224.662000 -2779.184000
530.997500 1224.383000 -2780.946000
534.232200 1224.048000 -2782.664000
537.444900 1223.654000 -2784.341000
540.638000 1223.197000 -2785.978000
543.814000 1222.675000 -2787.578000
546.976300 1222.085000 -2789.143000
550.126900 1221.425000 -2790.675000
553.269300 1220.692000 -2792.178000
556.405800 1219.883000 -2793.652000
559.538900 1218.996000 -2795.101000
562.672100 1218.027000 -2796.527000
565.807400 1216.974000 -2797.931000
568.948200 1215.835000 -2799.317000
572.096900 1214.606000 -2800.687000
575.256000 1213.285000 -2802.042000
578.428900 1211.869000 -2803.386000
581.617900 1210.355000 -2804.720000
584.825600 1208.741000 -2806.046000
588.055200 1207.024000 -2807.368000
591.309000 1205.201000 -2808.688000
594.590200 1203.269000 -2810.006000
597.901400 1201.227000 -2811.327000
601.245000 1199.070000 -2812.652000
604.624300 1196.797000 -2813.984000
608.041400 1194.404000 -2815.324000
611.499600 1191.891000 -2816.675000
615.000100 1189.264000 -2818.034000
618.544700 1186.527000 -2819.400000
622.135400 1183.685000 -2820.771000
625.773900 1180.744000 -2822.146000
629.461500 1177.710000 -2823.523000
633.200500 1174.588000 -2824.901000
636.992200 1171.383000 -2826.276000
640.838900 1168.100000 -2827.649000
644.742100 1164.745000 -2829.018000
648.702900 1161.323000 -2830.380000
652.724100 1157.840000 -2831.734000
656.806500 1154.302000 -2833.078000
660.952600 1150.712000 -2834.410000
665.163900 1147.077000 -2835.730000
669.441700 1143.403000 -2837.035000
673.788500 1139.694000 -2838.324000
678.205600 1135.956000 -2839.595000
682.694300 1132.194000 -2840.846000
687.257400 1128.414000 -2842.076000
691.895700 1124.620000 -2843.282000
696.611700 1120.820000 -2844.464000
701.406700 1117.016000 -2845.620000
706.282100 1113.217000 -2846.747000
711.240500 1109.425000 -2847.845000
716.282800 1105.648000 -2848.912000
721.411500 1101.889000 -2849.945000
726.628100 1098.156000 -2850.944000
731.933600 1094.452000 -2851.906000
737.330900 1090.784000 -2852.831000
742.820700 1087.157000 -2853.715000
748.405800 1083.575000 -2854.559000
754.087500 1080.045000 -2855.359000
759.866700 1076.572000 -2856.114000
765.746500 1073.161000 -2856.824000
771.728000 1069.818000 -2857.485000
777.812400 1066.548000 -2858.096000
784.002600 1063.357000 -2858.656000
790.299200 1060.249000 -2859.163000
796.705100 1057.230000 -2859.615000
803.221400 1054.305000 -2860.011000
809.849200 1051.481000 -2860.349000
816.591600 1048.761000 -2860.627000
823.449000 1046.153000 -2860.844000
830.424500 1043.660000 -2860.998000
837.519100 1041.289000 -2861.087000
844.734000 1039.044000 -2861.109000
852.072100 1036.932000 -2861.064000
859.534700 1034.957000 -2860.949000
867.122600 1033.125000 -2860.762000
874.839200 1031.441000 -2860.503000
882.684500 1029.910000 -2860.169000
890.658800 1028.532000 -2859.760000
898.757000 1027.299000 -2859.277000
906.974100 1026.205000 -2858.724000
915.307400 1025.242000 -2858.100000
923.751100 1024.402000 -2857.408000
932.302400 1023.679000 -2856.649000
940.956200 1023.065000 -2855.825000
949.707300 1022.553000 -2854.937000
958.553200 1022.136000 -2853.988000
967.488600 1021.807000 -2852.977000
976.508400 1021.558000 -2851.908000
985.610000 1021.383000 -2850.781000
994.787400 1021.273000 -2849.598000
1004.038000 1021.222000 -2848.362000
1013.357000 1021.223000 -2847.073000
1022.738000 1021.268000 -2845.733000
1032.180000 1021.350000 -2844.343000
1041.676000 1021.462000 -2842.906000
1051.224000 1021.596000 -2841.422000
1060.818000 1021.746000 -2839.894000
1070.454000 1021.904000 -2838.323000
1080.128000 1022.063000 -2836.710000
1089.836000 1022.216000 -2835.057000
1099.573000 1022.355000 -2833.366000
1109.335000 1022.473000 -2831.639000
1119.117000 1022.563000 -2829.876000
1128.916000 1022.619000 -2828.079000
1138.727000 1022.631000 -2826.251000
1148.546000 1022.594000 -2824.392000
1158.368000 1022.501000 -2822.504000
1168.189000 1022.343000 -2820.590000
1178.005000 1022.114000 -2818.649000
1187.813000 1021.806000 -2816.685000
1197.605000 1021.412000 -2814.698000
1207.380000 1020.926000 -2812.690000
1217.133000 1020.339000 -2810.663000
1226.858000 1019.645000 -2808.618000
1236.553000 1018.836000 -2806.557000
1246.212000 1017.905000 -2804.481000
1255.832000 1016.845000 -2802.393000
1265.409000 1015.649000 -2800.292000
1274.936000 1014.309000 -2798.183000
1284.411000 1012.818000 -2796.065000
1293.829000 1011.170000 -2793.941000
1303.187000 1009.356000 -2791.811000
1312.479000 1007.369000 -2789.678000
1321.700000 1005.203000 -2787.543000
1330.848000 1002.850000 -2785.408000
1339.917000 1000.302000 -2783.275000
1348.905000 997.553700 -2781.144000
1357.805000 994.596300 -2779.017000
1366.614000 991.424600 -2776.897000
1375.334000 988.041900 -2774.783000
1383.969000 984.457100 -2772.678000
1392.521000 980.678700 -2770.583000
1400.996000 976.714600 -2768.499000
1409.396000 972.574000 -2766.427000
1417.727000 968.264300 -2764.367000
1425.990000 963.794600 -2762.322000
1434.190000 959.173800 -2760.292000
1442.330000 954.409100 -2758.278000
1450.415000 949.510100 -2756.282000
1458.448000 944.484200 -2754.305000
1466.433000 939.340300 -2752.348000
1474.373000 934.087400 -2750.412000
1482.272000 928.732800 -2748.498000
1490.135000 923.285600 -2746.607000
1497.964000 917.754600 -2744.742000
1505.764000 912.147300 -2742.901000
1513.537000 906.473000 -2741.088000
1521.289000 900.739300 -2739.303000
1529.022000 894.955000 -2737.546000
1536.740000 889.129000 -2735.820000
1544.448000 883.268700 -2734.125000
1552.148000 877.383900 -2732.463000
1559.845000 871.481600 -2730.835000
1567.543000 865.570700 -2729.241000
1575.243000 859.660500 -2727.684000
1582.953000 853.758000 -2726.163000
1590.673000 847.872500 -2724.681000
1598.408000 842.012800 -2723.238000
1606.163000 836.186100 -2721.836000
1613.939000 830.402200 -2720.476000
1621.743000 824.668300 -2719.159000
1629.576000 818.993300 -2717.885000
1637.443000 813.386200 -2716.657000
1645.348000 807.854500 -2715.475000
1653.294000 802.407500 -2714.341000
1661.285000 797.052700 -2713.255000
1669.325000 791.799000 -2712.219000
1677.417000 786.655300 -2711.235000
1685.565000 781.629000 -2710.302000
1693.773000 776.729200 -2709.422000
1702.045000 771.964600 -2708.597000
1710.384000 767.342800 -2707.827000
1718.794000 762.873000 -2707.114000
1727.279000 758.563000 -2706.459000
1735.843000 754.421400 -2705.863000
1744.488000 750.457200 -2705.327000
1753.220000 746.678000 -2704.852000
1762.041000 743.092800 -2704.439000
1770.957000 739.709500 -2704.091000
1779.969000 736.536900 -2703.807000
1789.080000 733.581000 -2703.588000
1798.288000 730.838700 -2703.434000
1807.586000 728.306200 -2703.344000
1816.973000 725.979000 -2703.316000
1826.443000 723.853200 -2703.349000
1835.990000 721.924900 -2703.443000
1845.614000 720.189500 -2703.596000
1855.307000 718.643000 -2703.807000
1865.066000 717.281500 -2704.076000
1874.887000 716.100600 -2704.400000
1884.765000 715.096100 -2704.780000
1894.697000 714.264000 -2705.214000
1904.678000 713.600000 -2705.700000
1914.703000 713.100200 -2706.239000
1924.769000 712.760300 -2706.828000
1934.871000 712.576100 -2707.467000
1945.005000 712.543600 -2708.154000
1955.167000 712.658500 -2708.890000
1965.351000 712.916700 -2709.672000
1975.555000 713.314200 -2710.499000
1985.774000 713.846600 -2711.370000
1996.002000 714.509800 -2712.285000
2006.238000 715.299900 -2713.243000
2016.474000 716.212500 -2714.241000
2026.709000 717.243500 -2715.280000
2036.938000 718.388900 -2716.357000
2047.155000 719.644300 -2717.474000
2057.358000 721.005800 -2718.626000
2067.540000 722.469000 -2719.815000
2077.700000 724.030100 -2721.038000
2087.831000 725.684700 -2722.296000
2097.930000 727.428500 -2723.585000
2107.993000 729.257800 -2724.907000
2118.015000 731.168200 -2726.260000
2127.991000 733.155300 -2727.641000
2137.919000 735.215500 -2729.052000
2147.792000 737.344000 -2730.489000
2157.609000 739.537400 -2731.953000
2167.363000 741.791000 -2733.443000
2177.050000 744.100700 -2734.956000
2186.667000 746.462600 -2736.492000
2196.209000 748.872300 -2738.051000
2205.672000 751.326000 -2739.631000
2215.052000 753.819300 -2741.230000
2224.343000 756.347900 -2742.849000
2233.542000 758.908000 -2744.485000
2242.646000 761.495200 -2746.139000
2251.648000 764.105300 -2747.807000
2260.546000 766.734600 -2749.491000
2269.334000 769.378300 -2751.188000
2278.010000 772.032900 -2752.897000
2286.568000 774.693900 -2754.619000
2295.007000 777.358700 -2756.350000
2303.325000 780.025600 -2758.091000
2311.529000 782.695300 -2759.841000
2319.617000 785.366200 -2761.600000
2327.592000 788.037500 -2763.366000
2335.455000 790.708600 -2765.138000
2343.206000 793.378200 -2766.917000
2350.848000 796.046400 -2768.700000
2358.384000 798.712100 -2770.489000
2365.813000 801.374500 -2772.281000
2373.138000 804.032500 -2774.076000
2380.358000 806.685300 -2775.872000
2387.479000 809.332900 -2777.671000
2394.500000 811.974200 -2779.469000
2401.422000 814.608200 -2781.268000
2408.247000 817.234300 -2783.066000
2414.976000 819.851500 -2784.863000
2421.611000 822.458700 -2786.656000
2428.155000 825.056200 -2788.447000
2434.607000 827.642700 -2790.234000
2440.971000 830.217300 -2792.016000
2447.246000 832.779400 -2793.793000
2453.435000 835.327500 -2795.563000
2459.539000 837.862100 -2797.326000
2465.561000 840.381700 -2799.083000
2471.501000 842.885600 -2800.830000
2477.360000 845.373200 -2802.568000
2483.141000 847.843000 -2804.296000
2488.844000 850.295300 -2806.013000
2494.473000 852.728900 -2807.719000
2500.027000 855.142900 -2809.413000
2505.509000 857.536700 -2811.094000
2510.918000 859.909000 -2812.760000
2516.260000 862.259800 -2814.413000
2521.533000 864.588100 -2816.050000
2526.739000 866.893000 -2817.671000
2531.881000 869.173800 -2819.275000
2536.958000 871.429200 -2820.861000
2541.975000 873.659300 -2822.429000
2546.931000 875.863000 -2823.979000
2551.828000 878.039600 -2825.508000
2556.668000 880.188000 -2827.017000
2561.452000 882.307700 -2828.504000
2566.181000 884.397600 -2829.969000
2570.858000 886.457400 -2831.411000
2575.484000 888.486300 -2832.830000
2580.060000 890.483300 -2834.224000
2584.588000 892.447600 -2835.593000
2589.069000 894.378200 -2836.936000
2593.505000 896.275100 -2838.252000
2597.897000 898.137000 -2839.541000
2602.248000 899.963100 -2840.803000
2606.562000 901.751500 -2842.038000
2610.845000 903.499000 -2843.251000
2615.106000 905.203700 -2844.446000
2619.352000 906.862500 -2845.626000
2623.589000 908.472700 -2846.796000
2627.824000 910.031600 -2847.959000
2632.064000 911.536300 -2849.118000
2636.317000 912.984300 -2850.279000
2640.590000 914.373000 -2851.444000
2644.890000 915.699600 -2852.617000
2649.223000 916.961400 -2853.803000
2653.596000 918.155300 -2855.005000
2658.018000 919.279200 -2856.226000
2662.495000 920.330300 -2857.471000
2667.033000 921.305500 -2858.743000
2671.641000 922.202300 -2860.047000
2676.323000 923.017900 -2861.385000
2681.090000 923.749900 -2862.762000
2685.947000 924.395400 -2864.182000
2690.901000 924.951600 -2865.649000
2695.959000 925.415900 -2867.165000
2701.129000 925.785500 -2868.736000
2706.416000 926.057700 -2870.364000
2711.829000 926.230000 -2872.054000
2717.375000 926.299600 -2873.810000
2723.060000 926.263500 -2875.634000
2728.892000 926.119300 -2877.532000
2734.876000 925.864400 -2879.506000
2741.022000 925.495700 -2881.562000
2747.337000 925.010700 -2883.701000
2753.825000 924.406800 -2885.929000
2760.496000 923.681200 -2888.249000
2767.354000 922.831200 -2890.665000
2774.410000 921.853900 -2893.180000
2781.668000 920.746700 -2895.799000
2789.137000 919.507100 -2898.526000
2796.823000 918.132100 -2901.363000
2804.731000 916.619500 -2904.315000
2812.872000 914.965900 -2907.386000
2821.252000 913.168900 -2910.580000
2829.876000 911.226000 -2913.900000
2838.754000 909.134000 -2917.350000
2847.889000 906.891100 -2920.933000
2857.292000 904.493500 -2924.655000
2866.969000 901.938800 -2928.518000
2876.927000 899.224700 -2932.526000
2887.172000 896.348200 -2936.684000
2897.712000 893.306600 -2940.995000
2908.551000 890.097900 -2945.461000
2919.702000 886.718100 -2950.089000
2931.168000 883.165000 -2954.881000
2942.955000 879.437700 -2959.840000
2955.058000 875.541100 -2964.958000
2967.467000 871.483600 -2970.224000
2980.177000 867.270500 -2975.631000
2993.180000 862.910000 -2981.169000
3006.466000 858.409000 -2986.828000
3020.029000 853.774700 -2992.599000
3033.857000 849.015400 -2998.471000
3047.949000 844.136400 -3004.436000
3062.293000 839.145600 -3010.484000
3076.882000 834.050300 -3016.607000
3091.708000 828.857700 -3022.793000
3106.759000 823.575900 -3029.032000
3122.035000 818.210100 -3035.318000
3137.524000 812.768300 -3041.640000
3153.219000 807.258200 -3047.988000
3169.110000 801.686300 -3054.352000
3185.188000 796.061300 -3060.722000
3201.451000 790.388100 -3067.091000
3217.888000 784.674700 -3073.448000
3234.491000 778.928700 -3079.783000
3251.252000 773.157000 -3086.088000
3268.160000 767.367900 -3092.351000
3285.213000 761.566500 -3098.566000
3302.401000 755.761000 -3104.721000
3319.716000 749.958500 -3110.807000
3337.149000 744.166100 -3116.814000
3354.693000 738.391200 -3122.734000
3372.336000 732.642000 -3128.555000
3390.078000 726.923400 -3134.271000
3407.907000 721.243700 -3139.869000
3425.815000 715.610000 -3145.342000
3443.795000 710.029700 -3150.680000
3461.834000 704.510700 -3155.871000
3479.934000 699.058300 -3160.909000
3498.080000 693.680800 -3165.784000
3516.267000 688.385100 -3170.484000
3534.486000 683.178500 -3175.002000
3552.725000 678.069200 -3179.326000
3570.984000 673.062300 -3183.450000
3589.252000 668.166100 -3187.362000
3607.520000 663.387600 -3191.053000
3625.781000 658.734100 -3194.513000
3644.023000 654.213700 -3197.733000
3662.245000 649.831600 -3200.704000
3680.437000 645.595900 -3203.417000
3698.589000 641.514000 -3205.860000
3716.695000 637.592900 -3208.026000
3734.743000 633.840500 -3209.904000
3752.732000 630.262500 -3211.485000
3770.650000 626.866800 -3212.760000
3788.490000 623.660600 -3213.719000
3806.246000 620.647200 -3214.356000
3823.912000 617.822600 -3214.675000
3841.481000 615.182700 -3214.678000
3858.956000 612.721700 -3214.369000
3876.330000 610.435400 -3213.751000
3893.597000 608.318900 -3212.828000
3910.755000 606.367700 -3211.602000
3927.795000 604.577200 -3210.077000
3944.720000 602.942000 -3208.257000
3961.523000 601.458100 -3206.144000
3978.200000 600.120200 -3203.742000
3994.745000 598.923900 -3201.055000
4011.153000 597.864600 -3198.086000
4027.426000 596.937200 -3194.837000
4043.555000 596.137000 -3191.312000
4059.537000 595.459500 -3187.516000
4075.368000 594.899800 -3183.449000
4091.040000 594.453400 -3179.118000
4106.556000 594.115300 -3174.523000
4121.908000 593.880800 -3169.670000
4137.093000 593.745200 -3164.560000
4152.105000 593.703900 -3159.198000
4166.938000 593.751900 -3153.588000
4181.595000 593.884700 -3147.730000
4196.066000 594.097500 -3141.631000
4210.350000 594.385600 -3135.292000
4224.440000 594.744200 -3128.716000
4238.334000 595.168600 -3121.909000
4252.025000 595.654000 -3114.873000
4265.513000 596.195700 -3107.610000
4278.792000 596.789100 -3100.124000
4291.857000 597.429300 -3092.419000
4304.706000 598.111700 -3084.497000
4317.331000 598.831300 -3076.365000
4329.731000 599.583700 -3068.021000
4341.902000 600.364000 -3059.472000
4353.840000 601.167600 -3050.719000
4365.539000 601.989600 -3041.767000
4376.994000 602.825100 -3032.621000
4388.205000 603.669800 -3023.280000
4399.165000 604.518800 -3013.749000
4409.871000 605.367300 -3004.032000
4420.317000 606.210600 -2994.132000
4430.500000 607.043700 -2984.054000
4440.417000 607.862400 -2973.799000
4450.063000 608.661700 -2963.370000
4459.433000 609.436800 -2952.771000
4468.524000 610.183000 -2942.007000
4477.331000 610.895600 -2931.081000
4485.850000 611.569900 -2919.993000
4494.079000 612.201100 -2908.749000
4502.011000 612.784700 -2897.352000
4509.648000 613.319300 -2885.806000
4516.990000 613.806500 -2874.120000
4524.042000 614.247700 -2862.292000
4530.808000 614.644700 -2850.333000
4537.289000 614.998900 -2838.245000
4543.488000 615.312000 -2826.035000
4549.409000 615.585400 -2813.709000
4555.053000 615.820900 -2801.273000
4560.425000 616.020100 -2788.729000
4565.527000 616.184400 -2776.083000
4570.363000 616.315400 -2763.342000
4574.934000 616.414900 -2750.511000
4579.243000 616.484100 -2737.597000
4583.294000 616.524900 -2724.601000
4587.091000 616.538800 -2711.530000
4590.635000 616.527300 -2698.390000
4593.930000 616.492100 -2685.186000
4596.978000 616.434800 -2671.926000
4599.783000 616.356800 -2658.611000
4602.346000 616.259800 -2645.247000
4604.673000 616.145400 -2631.840000
4606.764000 616.015100 -2618.397000
4608.623000 615.870600 -2604.924000
4610.253000 615.713400 -2591.421000
4611.658000 615.545000 -2577.897000
4612.839000 615.367200 -2564.357000
4613.800000 615.181400 -2550.806000
4614.543000 614.989300 -2537.252000
4615.073000 614.792400 -2523.695000
4615.390000 614.592200 -2510.143000
4615.500000 614.390500 -2496.602000
4615.403000 614.188700 -2483.076000
4615.104000 613.988500 -2469.571000
4614.604000 613.791300 -2456.095000
4613.909000 613.598900 -2442.648000
4613.020000 613.412800 -2429.238000
4611.938000 613.234600 -2415.870000
4610.669000 613.065700 -2402.549000
4609.215000 612.908100 -2389.284000
4607.579000 612.762900 -2376.074000
4605.763000 612.631900 -2362.928000
4603.771000 612.516700 -2349.850000
4601.605000 612.418900 -2336.846000
4599.270000 612.340000 -2323.924000
4596.765000 612.281600 -2311.084000
4594.097000 612.245400 -2298.333000
4591.266000 612.232800 -2285.678000
4588.276000 612.245500 -2273.124000
4585.131000 612.285000 -2260.678000
4581.833000 612.353000 -2248.340000
4578.384000 612.450900 -2236.118000
4574.788000 612.580100 -2224.018000
4571.044000 612.739300 -2212.042000
4567.153000 612.926100 -2200.191000
4563.114000 613.138400 -2188.464000
4558.925000 613.374000 -2176.864000
4554.586000 613.630600 -2165.391000
4550.099000 613.906200 -2154.048000
4545.461000 614.198200 -2142.836000
4540.671000 614.504600 -2131.752000
4535.729000 614.823200 -2120.801000
4530.635000 615.151700 -2109.983000
4525.388000 615.488000 -2099.298000
4519.988000 615.829700 -2088.749000
4514.435000 616.174500 -2078.338000
4508.726000 616.520400 -2068.062000
4502.862000 616.865100 -2057.925000
4496.843000 617.206400 -2047.927000
4490.667000 617.542100 -2038.069000
4484.336000 617.869600 -2028.355000
4477.846000 618.187300 -2018.781000
4471.198000 618.492400 -2009.351000
4464.392000 618.783100 -2000.065000
4457.427000 619.056900 -1990.926000
4450.303000 619.311800 -1981.935000
4443.019000 619.545300 -1973.090000
4435.573000 619.755400 -1964.394000
4427.966000 619.939900 -1955.848000
4420.197000 620.096300 -1947.453000
4412.268000 620.222600 -1939.212000
4404.174000 620.316500 -1931.123000
4395.917000 620.375900 -1923.188000
4387.496000 620.398300 -1915.408000
4378.909000 620.381700 -1907.784000
4370.160000 620.323900 -1900.320000
4361.243000 620.222400 -1893.013000
4352.160000 620.075300 -1885.865000
4342.909000 619.880100 -1878.878000
4333.492000 619.634800 -1872.052000
4323.906000 619.337100 -1865.390000
4314.154000 618.984700 -1858.892000
4304.231000 618.575600 -1852.559000
4294.138000 618.107200 -1846.391000
4283.875000 617.577500 -1840.390000
4273.441000 616.984300 -1834.558000
4262.838000 616.325300 -1828.896000
4252.062000 615.598300 -1823.402000
4241.112000 614.801100 -1818.081000
4229.989000 613.931300 -1812.931000
4218.693000 612.986900 -1807.955000
4207.226000 611.965800 -1803.155000
4195.581000 610.865400 -1798.529000
4183.760000 609.683500 -1794.080000
4171.763000 608.419200 -1789.808000
4159.583000 607.074600 -1785.713000
4147.216000 605.652500 -1781.795000
4134.651000 604.154800 -1778.051000
4121.885000 602.584300 -1774.482000
4108.911000 600.943700 -1771.087000
4095.722000 599.235500 -1767.866000
4082.316000 597.462500 -1764.818000
4068.681000 595.626700 -1761.940000
4054.812000 593.731000 -1759.235000
4040.704000 591.777800 -1756.699000
4026.351000 589.769800 -1754.334000
4011.746000 587.709500 -1752.138000
3996.886000 585.599900 -1750.111000
3981.759000 583.442600 -1748.251000
3966.361000 581.240700 -1746.558000
3950.687000 578.996800 -1745.031000
3934.729000 576.713300 -1743.671000
3918.485000 574.393200 -1742.475000
3901.942000 572.038300 -1741.444000
3885.098000 569.651500 -1740.576000
3867.945000 567.235400 -1739.871000
3850.479000 564.792500 -1739.328000
3832.695000 562.325900 -1738.947000
3814.580000 559.837200 -1738.727000
3796.132000 557.329300 -1738.667000
3777.346000 554.804900 -1738.766000
3758.212000 552.266500 -1739.024000
3738.732000 549.717100 -1739.441000
3718.889000 547.158400 -1740.014000
3698.682000 544.593300 -1740.744000
3678.104000 542.024400 -1741.631000
3657.148000 539.454200 -1742.672000
3635.814000 536.885900 -1743.868000
3614.086000 534.320900 -1745.218000
3591.962000 531.762400 -1746.721000
3569.437000 529.212800 -1748.377000
3546.503000 526.674800 -1750.185000
3523.158000 524.151300 -1752.144000
3499.389000 521.644000 -1754.253000
3475.193000 519.155800 -1756.512000
3450.563000 516.689500 -1758.920000
3425.493000 514.247300 -1761.477000
3399.978000 511.832100 -1764.181000
3374.015000 509.446600 -1767.032000
3347.589000 507.092700 -1770.029000
3320.698000 504.773300 -1773.172000
3293.336000 502.490900 -1776.460000
3265.497000 500.248200 -1779.893000
3237.181000 498.048000 -1783.468000
3208.368000 495.892100 -1787.186000
3179.061000 493.783400 -1791.047000
3149.259000 491.722200 -1795.048000
3118.974000 489.706100 -1799.187000
3088.225000 487.732900 -1803.459000
3057.010000 485.799400 -1807.864000
3025.348000 483.903400 -1812.397000
2993.251000 482.042300 -1817.056000
2960.730000 480.213700 -1821.837000
2927.803000 478.415300 -1826.737000
2894.470000 476.644000 -1831.754000
2860.748000 474.897400 -1836.885000
2826.650000 473.173200 -1842.127000
2792.187000 471.468800 -1847.477000
2757.377000 469.781900 -1852.930000
2722.220000 468.109500 -1858.486000
2686.733000 466.449100 -1864.141000
2650.928000 464.798500 -1869.891000
2614.817000 463.154900 -1875.734000
2578.413000 461.515900 -1881.667000
2541.733000 459.879300 -1887.685000
2504.775000 458.241800 -1893.788000
2467.559000 456.601400 -1899.973000
2430.095000 454.955400 -1906.235000
2392.396000 453.301300 -1912.572000
2354.482000 451.636900 -1918.980000
2316.349000 449.959000 -1925.458000
2278.015000 448.265500 -1932.001000
2239.493000 446.553700 -1938.608000
2200.796000 444.821300 -1945.275000
2161.941000 443.065800 -1951.997000
2122.926000 441.284200 -1958.775000
2083.770000 439.474300 -1965.604000
2044.485000 437.633500 -1972.480000
2005.083000 435.759200 -1979.402000
1965.583000 433.849500 -1986.365000
1925.981000 431.900800 -1993.367000
1886.297000 429.911200 -2000.407000
1846.543000 427.878000 -2007.479000
1806.731000 425.798700 -2014.581000
1766.880000 423.671300 -2021.709000
1726.986000 421.492300 -2028.863000
1687.069000 419.259600 -2036.038000
1647.141000 416.970800 -2043.231000
1607.214000 414.623200 -2050.439000
1567.306000 412.214800 -2057.658000
1527.415000 409.742100 -2064.888000
1487.560000 407.203100 -2072.125000
1447.752000 404.595300 -2079.364000
1408.004000 401.916000 -2086.604000
1368.327000 399.162800 -2093.841000
1328.740000 396.333700 -2101.071000
1289.241000 393.425100 -2108.294000
1249.848000 390.435400 -2115.506000
1210.569000 387.366200 -2122.702000
1171.411000 384.221300 -2129.878000
1132.386000 381.005300 -2137.031000
1093.486000 377.720700 -2144.158000
1054.724000 374.371800 -2151.254000
1016.106000 370.962600 -2158.316000
977.638800 367.496900 -2165.339000
939.335300 363.979100 -2172.317000
901.186400 360.411800 -2179.252000
863.205800 356.799300 -2186.135000
825.399700 353.145600 -2192.965000
787.773700 349.454500 -2199.737000
750.341600 345.730500 -2206.444000
713.094400 341.975900 -2213.088000
676.045600 338.195300 -2219.662000
639.201200 334.392500 -2226.162000
602.567100 330.571500 -2232.585000
566.156700 326.736600 -2238.925000
529.961400 322.890300 -2245.181000
493.994700 319.037100 -2251.348000
458.262400 315.180800 -2257.421000
422.770500 311.325300 -2263.397000
387.525200 307.474300 -2269.273000
352.539200 303.632500 -2275.043000
317.804800 299.802200 -2280.705000
283.335000 295.987800 -2286.255000
249.135700 292.193400 -2291.688000
215.213000 288.422500 -2297.000000
181.579400 284.679900 -2302.188000
148.227700 280.967900 -2307.248000
115.170700 277.291000 -2312.177000
82.414180 273.653000 -2316.969000
49.964340 270.057800 -2321.621000
17.833440 266.509900 -2326.129000
-13.985180 263.011700 -2330.490000
-45.479130 259.567700 -2334.699000
-76.642430 256.181700 -2338.753000
-107.469000 252.857600 -2342.648000
-137.946900 249.599900 -2346.379000
-168.082200 246.410900 -2349.943000
-197.862700 243.295300 -2353.336000
-227.282500 240.256900 -2356.555000
-256.335500 237.299400 -2359.595000
-285.010100 234.427200 -2362.451000
-313.311700 231.643100 -2365.122000
-341.228400 228.951400 -2367.601000
-368.754400 226.355900 -2369.887000
-395.883500 223.860500 -2371.974000
-422.604600 221.469400 -2373.859000
-448.922100 219.185500 -2375.538000
-474.824800 217.013200 -2377.007000
-500.308300 214.955100 -2378.264000
-525.375800 213.009800 -2379.307000
-550.031300 211.175000 -2380.141000
-574.274700 209.448700 -2380.765000
-598.120100 207.827600 -2381.181000
-621.567000 206.310000 -2381.392000
-644.619800 204.893200 -2381.397000
-667.283100 203.575000 -2381.200000
-689.556900 202.353100 -2380.801000
-711.454400 201.224900 -2380.202000
-732.975700 200.188000 -2379.404000
-754.125200 199.240200 -2378.410000
-774.907300 198.379000 -2377.219000
-795.322500 197.602200 -2375.836000
-815.383400 196.907200 -2374.259000
-835.090100 196.291600 -2372.491000
-854.447300 195.753100 -2370.535000
-873.459400 195.289400 -2368.390000
-892.127000 194.898100 -2366.059000
-910.462200 194.576700 -2363.543000
-928.465600 194.322800 -2360.844000
-946.141700 194.134200 -2357.963000
-963.494800 194.008400 -2354.901000
-980.526100 193.943000 -2351.661000
-997.246800 193.935700 -2348.244000
-1013.658000 193.984000 -2344.651000
-1029.764000 194.085600 -2340.883000
-1045.569000 194.238200 -2336.943000
-1061.078000 194.439300 -2332.832000
-1076.292000 194.686400 -2328.552000
-1091.222000 194.977400 -2324.103000
-1105.869000 195.309800 -2319.487000
-1120.238000 195.681100 -2314.706000
-1134.333000 196.089100 -2309.762000
-1148.155000 196.531200 -2304.656000
-1161.715000 197.005200 -2299.390000
-1175.014000 197.508800 -2293.964000
-1188.057000 198.039400 -2288.380000
-1200.848000 198.594700 -2282.641000
-1213.389000 199.172200 -2276.748000
-1225.690000 199.769800 -2270.702000
-1237.753000 200.384900 -2264.503000
-1249.581000 201.015200 -2258.155000
-1261.180000 201.658300 -2251.659000
-1272.552000 202.311700 -2245.017000
-1283.705000 202.973200 -2238.229000
-1294.642000 203.640400 -2231.296000
-1305.367000 204.310900 -2224.222000
-1315.885000 204.982200 -2217.007000
-1326.197000 205.651900 -2209.654000
-1336.314000 206.317900 -2202.161000
-1346.236000 206.977600 -2194.533000
-1355.968000 207.629900 -2186.770000
-1365.509000 208.275800 -2178.876000
-1374.861000 208.916500 -2170.853000
-1384.022000 209.552900 -2162.706000
-1392.997000 210.186400 -2154.433000
-1401.784000 210.818100 -2146.040000
-1410.385000 211.449100 -2137.529000
-1418.799000 212.080500 -2128.903000
-1427.026000 212.713300 -2120.167000
-1435.071000 213.349000 -2111.319000
-1442.930000 213.988500 -2102.364000
-1450.606000 214.633000 -2093.305000
-1458.099000 215.283600 -2084.145000
-1465.408000 215.941300 -2074.888000
-1472.537000 216.607600 -2065.533000
-1479.485000 217.283400 -2056.086000
-1486.253000 217.970000 -2046.547000
-1492.841000 218.668300 -2036.921000
-1499.248000 219.379400 -2027.213000
-1505.479000 220.104900 -2017.420000
-1511.531000 220.845500 -2007.547000
-1517.407000 221.602500 -1997.598000
-1523.106000 222.377100 -1987.575000
-1528.628000 223.170100 -1977.483000
-1533.976000 223.983100 -1967.320000
-1539.149000 224.817100 -1957.092000
-1544.149000 225.673200 -1946.800000
-1548.975000 226.552400 -1936.449000
-1553.628000 227.455900 -1926.042000
-1558.110000 228.385000 -1915.578000
-1562.420000 229.340700 -1905.062000
-1566.560000 230.324300 -1894.497000
-1570.529000 231.336800 -1883.885000
-1574.330000 232.379300 -1873.230000
-1577.961000 233.452800 -1862.536000
-1581.424000 234.558900 -1851.802000
-1584.720000 235.698400 -1841.031000
-1587.850000 236.872600 -1830.229000
-1590.813000 238.082500 -1819.396000
-1593.610000 239.329100 -1808.537000
-1596.243000 240.614000 -1797.653000
-1598.712000 241.938000 -1786.746000
-1601.018000 243.302300 -1775.820000
-1603.160000 244.708200 -1764.878000
-1605.140000 246.156300 -1753.925000
-1606.958000 247.648400 -1742.958000
-1608.616000 249.185500 -1731.984000
-1610.113000 250.768500 -1721.004000
-1611.451000 252.398700 -1710.021000
-1612.629000 254.076900 -1699.041000
-1613.650000 255.804800 -1688.061000
-1614.512000 257.583200 -1677.087000
-1615.219000 259.411500 -1666.120000
-1615.771000 261.287600 -1655.157000
-1616.170000 263.209500 -1644.200000
-1616.418000 265.175700 -1633.244000
-1616.517000 267.184200 -1622.290000
-1616.469000 269.232900 -1611.337000
-1616.276000 271.319900 -1600.383000
-1615.939000 273.443300 -1589.429000
-1615.461000 275.600700 -1578.474000
-1614.842000 277.791100 -1567.514000
-1614.086000 280.012100 -1556.550000
-1613.193000 282.261800 -1545.581000
-1612.166000 284.538200 -1534.605000
-1611.006000 286.839000 -1523.623000
-1609.716000 289.163200 -1512.632000
-1608.296000 291.508400 -1501.630000
-1606.750000 293.872600 -1490.619000
-1605.078000 296.254000 -1479.595000
-1603.283000 298.650100 -1468.562000
-1601.366000 301.059900 -1457.512000
-1599.329000 303.481100 -1446.448000
-1597.174000 305.911700 -1435.368000
-1594.903000 308.349900 -1424.272000
-1592.519000 310.793100 -1413.159000
-1590.021000 313.240500 -1402.026000
-1587.413000 315.689500 -1390.873000
-1584.696000 318.138500 -1379.699000
-1581.871000 320.585200 -1368.504000
-1578.943000 323.027500 -1357.287000
-1575.910000 325.464200 -1346.044000
-1572.776000 327.893000 -1334.776000
-1569.542000 330.312100 -1323.483000
-1566.210000 332.719300 -1312.162000
-1562.782000 335.112400 -1300.815000
-1559.260000 337.490400 -1289.437000
-1555.646000 339.850900 -1278.028000
-1551.941000 342.191900 -1266.588000
-1548.147000 344.511500 -1255.116000
-1544.266000 346.807800 -1243.611000
-1540.301000 349.078400 -1232.073000
-1536.252000 351.322400 -1220.498000
-1532.121000 353.537200 -1208.887000
-1527.911000 355.721000 -1197.238000
-1523.623000 357.871900 -1185.550000
-1519.260000 359.987500 -1173.825000
-1514.822000 362.066800 -1162.058000
-1510.312000 364.107400 -1150.248000
-1505.731000 366.107300 -1138.396000
-1501.082000 368.064600 -1126.501000
-1496.366000 369.977100 -1114.563000
-1491.585000 371.843600 -1102.576000
-1486.740000 373.661900 -1090.544000
-1481.833000 375.432400 -1078.468000
-1476.862000 377.155400 -1066.352000
-1471.828000 378.831300 -1054.201000
-1466.731000 380.461400 -1042.015000
-1461.571000 382.046000 -1029.800000
-1456.347000 383.585600 -1017.559000
-1451.059000 385.080700 -1005.296000
-1445.709000 386.532000 -993.016500
-1440.295000 387.940300 -980.719600
-1434.817000 389.306200 -968.411300
-1429.275000 390.630100 -956.094800
-1423.669000 391.912700 -943.774300
-1417.999000 393.154600 -931.452900
-1412.266000 394.356200 -919.136700
-1406.469000 395.518500 -906.824600
-1400.607000 396.642000 -894.522500
-1394.681000 397.727100 -882.233900
-1388.691000 398.774700 -869.962500
-1382.637000 399.784900 -857.714400
-1376.519000 400.759000 -845.488000
-1370.335000 401.697100 -833.289600
-1364.087000 402.600100 -821.122600
-1357.775000 403.468400 -808.990700
-1351.399000 404.302600 -796.899800
-1344.957000 405.103500 -784.848800
-1338.450000 405.871600 -772.843500
-1331.879000 406.607500 -760.887600
-1325.242000 407.311800 -748.984700
-1318.542000 407.985000 -737.140600
-1311.775000 408.628000 -725.354400
-1304.943000 409.241200 -713.631800
-1298.046000 409.825300 -701.976600
-1291.084000 410.380800 -690.392200
-1284.058000 410.908300 -678.884400
-1276.965000 411.408500 -667.452500
-1269.806000 411.882000 -656.102100
-1262.582000 412.329400 -644.836900
-1255.292000 412.751300 -633.660500
-1247.936000 413.148300 -622.576400
-1240.516000 413.520900 -611.590400
-1233.029000 413.869900 -600.701800
-1225.476000 414.195900 -589.916100
-1217.857000 414.499300 -579.237200
-1210.172000 414.780900 -568.668600
-1202.422000 415.041200 -558.215800
-1194.604000 415.280900 -547.878400
-1186.720000 415.500600 -537.661900
-1178.770000 415.700800 -527.569900
-1170.753000 415.882300 -517.606200
-1162.672000 416.045400 -507.776100
-1154.522000 416.191000 -498.079300
-1146.305000 416.319500 -488.521000
-1138.022000 416.431500 -479.103200
-1129.672000 416.527300 -469.827800
-1121.256000 416.607500 -460.698600
-1112.771000 416.672400 -451.714000
-1104.219000 416.722600 -442.877600
-1095.600000 416.758400 -434.191400
-1086.913000 416.780400 -425.657400
-1078.159000 416.788900 -417.279000
-1069.336000 416.784500 -409.055000
-1060.445000 416.767500 -400.989000
-1051.485000 416.738500 -393.082900
-1042.457000 416.697900 -385.338700
-1033.362000 416.646100 -377.759600
-1024.197000 416.583600 -370.344800
-1014.962000 416.510800 -363.097700
-1005.659000 416.428200 -356.020000
-996.286300 416.336300 -349.114000
-986.844100 416.235400 -342.381400
-977.334400 416.126100 -335.825500
-967.753100 416.008800 -329.445600
-958.102000 415.883900 -323.245100
-948.380900 415.751900 -317.225700
-938.589700 415.613300 -311.389400
-928.730200 415.468500 -305.739400
-918.798200 415.317900 -300.275300
-908.795700 415.162000 -295.000200
-898.722400 415.001200 -289.915900
-888.578200 414.836100 -285.024500
-878.365100 414.667100 -280.328800
-868.078800 414.494500 -275.828900
-857.721100 414.318800 -271.527700
-847.291900 414.140600 -267.427000
-836.791000 413.960300 -263.528900
-826.220500 413.778300 -259.836000
-815.575900 413.595000 -256.348800
-804.859200 413.410900 -253.069900
-794.070300 413.226500 -250.001300
-783.209000 413.042200 -247.144900
-772.277300 412.858500 -244.503200
-761.270800 412.675800 -242.077100
-750.191300 412.494500 -239.869000
-739.038800 412.315200 -237.880900
-727.813200 412.138200 -236.114700
-716.514400 411.964100 -234.572400
-705.144300 411.793300 -233.256200
-693.698400 411.626100 -232.167400
-682.178600 411.463200 -231.308200
-670.585100 411.304800 -230.680700
-658.917400 411.151600 -230.286700
-647.177900 411.003800 -230.128300
-635.361600 410.862100 -230.207100
-623.473100 410.726600 -230.522300
-611.516400 410.597400 -231.070100
-599.495200 410.474500 -231.846500
-587.416600 410.358200 -232.847500
-575.279600 410.248400 -234.069400
-563.090800 410.145100 -235.508100
-550.854300 410.048700 -237.159700
-538.574200 409.958800 -239.020300
-526.257200 409.875800 -241.085500
-513.902500 409.799700 -243.352200
-501.516500 409.730600 -245.815900
-489.103600 409.668500 -248.473000
-476.667800 409.613500 -251.319200
-464.215600 409.565600 -254.350200
-451.746300 409.525100 -257.563100
-439.266500 409.491800 -260.953500
-426.780300 409.465900 -264.517500
-414.291900 409.447400 -268.250900
-401.807700 409.436500 -272.149200
-389.327200 409.433100 -276.210000
-376.856800 409.437500 -280.428500
-364.400500 409.449600 -284.800800
-351.962700 409.469500 -289.323100
-339.547300 409.497300 -293.991200
-327.161100 409.533000 -298.800400
-314.803200 409.576700 -303.748500
-302.480200 409.628600 -308.830800
-290.196200 409.688600 -314.043300
-277.955300 409.756800 -319.382000
-265.764200 409.833400 -324.842000
-253.622000 409.918300 -330.421300
-241.535400 410.011700 -336.115100
-229.508400 410.113600 -341.919400
-217.545300 410.224200 -347.830200
-205.652400 410.343300 -353.842400
-193.829200 410.471100 -359.954500
-182.082200 410.607900 -366.161300
-170.415500 410.753500 -372.458900
-158.833200 410.908000 -378.843400
-147.341800 411.071500 -385.309500
-135.940800 411.244100 -391.855800
-124.636600 411.426000 -398.477200
-113.433400 411.616900 -405.169600
-102.335300 411.817300 -411.929200
-91.348490 412.027000 -418.750700
-80.472890 412.246200 -425.632900
-69.714740 412.474800 -432.570300
-59.078200 412.713100 -439.559100
-48.567390 412.961000 -446.595500
-38.186440 413.218600 -453.675300
-27.941470 413.486000 -460.793300
-17.832000 413.763300 -467.948700
-7.858836 414.049600 -475.138400
1.981485 414.343800 -482.362000
11.692460 414.645000 -489.619000
21.275700 414.951900 -496.907500
30.738490 415.263600 -504.229800
40.082400 415.579000 -511.584000
49.310930 415.897100 -518.969800
58.427570 416.216600 -526.386400
67.434050 416.536500 -533.831900
76.337420 416.855900 -541.308900
85.139370 417.173500 -548.815400
93.843400 417.488400 -556.350900
102.453000 417.799400 -563.914800
110.970000 418.105400 -571.505200
119.401200 418.405500 -579.124600
127.748500 418.698500 -586.771000
136.015300 418.983400 -594.443900
144.205200 419.259000 -602.142900
152.320000 419.524200 -609.865800
160.366400 419.778100 -617.615200
168.346300 420.019600 -625.389300
176.263200 420.247500 -633.187300
184.120600 420.460800 -641.009000
191.922000 420.658400 -648.853600
199.669300 420.839300 -656.719400
207.369100 421.002300 -664.608700
215.023400 421.146400 -672.519600
222.635600 421.270500 -680.451700
230.209300 421.373600 -688.404300
237.746400 421.454500 -696.375500
245.253400 421.512100 -704.367800
252.732400 421.545500 -712.379300
260.186700 421.553600 -720.409500
267.620000 421.535200 -728.457800
275.034200 421.489200 -736.522100
282.435700 421.414700 -744.605200
289.826600 421.310500 -752.705000
297.210400 421.175500 -760.820900
304.590500 421.008800 -768.952500
311.969000 420.809100 -777.097700
319.352300 420.575500 -785.259200
326.742500 420.306800 -793.434900
334.143000 420.002000 -801.624400
341.557300 419.660000 -809.827000
348.987400 419.279800 -818.040800
356.439800 418.860200 -826.268400
363.916500 418.400100 -834.507800
371.421000 417.898500 -842.758400
378.956700 417.354300 -851.019800
386.525800 416.766700 -859.289900
394.134500 416.134200 -867.571400
401.783800 415.456000 -875.861900
409.471600 414.732400 -884.160000
417.195300 413.963300 -892.464100
424.952100 413.148800 -900.772600
432.737700 412.289400 -909.082300
440.552400 411.384800 -917.394800
448.392100 410.435300 -925.706900
456.253800 409.441100 -934.016900
464.135000 408.402300 -942.323400
472.031300 407.319200 -950.623000
479.943100 406.191600 -958.917400
487.866000 405.019800 -967.203400
495.797400 403.804000 -975.479200
503.734500 402.544200 -983.743500
511.672900 401.241000 -991.992900
519.613200 399.893900 -1000.229000
527.550800 398.503200 -1008.449000
535.483300 397.069300 -1016.650000
543.407700 395.592100 -1024.832000
551.319900 394.072200 -1032.991000
559.220200 392.509100 -1041.129000
567.104100 390.903200 -1049.243000
574.969100 389.254600 -1057.330000
582.812500 387.563600 -1065.389000
590.629800 385.830500 -1073.418000
598.421500 384.054800 -1081.418000
606.183200 382.237200 -1089.385000
613.912400 380.377400 -1097.317000
621.606100 378.476000 -1105.214000
629.261600 376.532900 -1113.074000
636.874800 374.548600 -1120.893000
644.445900 372.522600 -1128.674000
651.970500 370.455300 -1136.412000
659.446100 368.347000 -1144.106000
666.869800 366.197600 -1151.755000
674.237400 364.007900 -1159.356000
681.549300 361.777100 -1166.910000
688.801000 359.505700 -1174.413000
695.990000 357.193900 -1181.865000
703.113300 354.841900 -1189.263000
710.167000 352.450200 -1196.605000
717.151000 350.018000 -1203.892000
724.061400 347.546100 -1211.121000
730.895100 345.034400 -1218.290000
737.649700 342.483100 -1225.397000
744.320900 339.892900 -1232.440000
750.908700 337.263000 -1239.420000
757.409100 334.593900 -1246.334000
763.819200 331.885900 -1253.180000
770.136400 329.138900 -1259.956000
776.356600 326.353800 -1266.660000
782.479700 323.529500 -1273.293000
788.504900 320.667600 -1279.854000
794.436700 317.769700 -1286.342000
800.280400 314.838000 -1292.762000
806.039900 311.874700 -1299.112000
811.722400 308.880700 -1305.398000
817.332000 305.858600 -1311.620000
822.873900 302.810200 -1317.779000
828.352800 299.737300 -1323.878000
833.774200 296.642100 -1329.917000
839.142000 293.526900 -1335.899000
844.463100 290.392600 -1341.827000
849.741900 287.241500 -1347.700000
854.983300 284.075700 -1353.522000
860.192600 280.897000 -1359.295000
865.373500 277.708100 -1365.017000
870.533300 274.509500 -1370.695000
875.676100 271.303800 -1376.328000
880.807100 268.093000 -1381.918000
885.931100 264.878800 -1387.466000
891.052300 261.664000 -1392.975000
896.177900 258.449200 -1398.446000
901.311800 255.236800 -1403.882000
906.459200 252.028900 -1409.284000
911.625200 248.827300 -1414.654000
916.813600 245.634700 -1419.992000
922.031900 242.451500 -1425.302000
927.284000 239.280500 -1430.586000
932.575000 236.123500 -1435.844000
937.909900 232.982500 -1441.078000
943.292800 229.859900 -1446.290000
948.730800 226.756500 -1451.483000
954.228100 223.674800 -1456.658000
959.789700 220.616700 -1461.817000
965.420700 217.584100 -1466.961000
971.126000 214.579000 -1472.092000
976.909700 211.603900 -1477.211000
982.779300 208.659500 -1482.322000
988.738500 205.748300 -1487.425000
994.792500 202.872200 -1492.523000
1000.946000 200.033200 -1497.616000
1007.204000 197.233700 -1502.706000
1013.573000 194.474500 -1507.797000
1020.057000 191.758200 -1512.890000
1026.661000 189.086600 -1517.985000
1033.390000 186.461700 -1523.085000
1040.249000 183.885800 -1528.191000
1047.244000 181.359900 -1533.306000
1054.380000 178.886400 -1538.431000
1061.661000 176.467200 -1543.569000
1069.093000 174.104300 -1548.720000
1076.679000 171.800000 -1553.885000
1084.427000 169.555200 -1559.069000
1092.338000 167.370600 -1564.267000
1100.412000 165.245200 -1569.474000
1108.648000 163.178200 -1574.686000
1117.045000 161.169100 -1579.897000
1125.606000 159.216200 -1585.103000
1134.330000 157.319000 -1590.299000
1143.217000 155.476700 -1595.479000
1152.266000 153.688200 -1600.639000
1161.476000 151.953200 -1605.772000
1170.851000 150.270000 -1610.876000
1180.388000 148.638000 -1615.944000
1190.088000 147.056400 -1620.971000
1199.950000 145.524400 -1625.953000
1209.976000 144.040900 -1630.885000
1220.161000 142.605300 -1635.760000
1230.512000 141.216400 -1640.575000
1241.025000 139.873300 -1645.325000
1251.701000 138.575300 -1650.004000
1262.540000 137.321400 -1654.607000
1273.539000 136.111000 -1659.129000
1284.703000 134.942700 -1663.566000
1296.029000 133.815900 -1667.913000
1307.519000 132.729800 -1672.164000
1319.171000 131.683200 -1676.314000
1330.984000 130.675700 -1680.358000
1342.961000 129.705900 -1684.291000
1355.101000 128.773200 -1688.109000
1367.404000 127.876500 -1691.807000
1379.870000 127.015200 -1695.378000
1392.496000 126.188300 -1698.818000
1405.287000 125.394700 -1702.124000
1418.241000 124.633700 -1705.288000
1431.358000 123.904400 -1708.306000
1444.637000 123.205900 -1711.174000
1458.077000 122.537400 -1713.885000
1471.682000 121.897900 -1716.436000
1485.450000 121.286400 -1718.822000
1499.380000 120.702200 -1721.036000
1513.474000 120.144300 -1723.075000
1527.730000 119.611800 -1724.932000
1542.146000 119.104100 -1726.604000
1556.728000 118.619900 -1728.085000
1571.472000 118.158500 -1729.370000
1586.380000 117.719000 -1730.454000
1601.450000 117.300500 -1731.332000
1616.680000 116.902100 -1731.999000
1632.076000 116.523000 -1732.450000
1647.635000 116.162100 -1732.681000
1663.356000 115.818800 -1732.685000
1679.240000 115.491900 -1732.458000
1695.284000 115.180800 -1731.996000
1711.493000 114.884600 -1731.294000
1727.858000 114.603000 -1730.354000
1744.372000 114.336000 -1729.182000
1761.026000 114.083500 -1727.780000
1777.812000 113.845600 -1726.155000
1794.727000 113.622100 -1724.308000
1811.762000 113.412900 -1722.246000
1828.909000 113.218100 -1719.972000
1846.161000 113.037400 -1717.490000
1863.507000 112.871000 -1714.805000
1880.946000 112.718700 -1711.921000
1898.468000 112.580400 -1708.842000
1916.066000 112.456200 -1705.572000
1933.732000 112.345800 -1702.115000
1951.459000 112.249400 -1698.477000
1969.236000 112.166800 -1694.661000
1987.063000 112.097900 -1690.670000
2004.929000 112.042700 -1686.510000
2022.827000 112.001100 -1682.185000
2040.748000 111.973100 -1677.699000
2058.684000 111.958600 -1673.056000
2076.633000 111.957600 -1668.260000
2094.584000 111.969900 -1663.316000
2112.531000 111.995500 -1658.228000
2130.465000 112.034500 -1653.000000
2148.376000 112.086600 -1647.637000
2166.264000 112.151800 -1642.141000
2184.118000 112.230100 -1636.519000
2201.931000 112.321500 -1630.773000
2219.695000 112.425800 -1624.908000
2237.399000 112.543000 -1618.931000
2255.044000 112.673000 -1612.841000
2272.618000 112.815800 -1606.646000
2290.115000 112.971300 -1600.349000
2307.525000 113.139500 -1593.954000
2324.840000 113.320200 -1587.468000
2342.059000 113.513400 -1580.890000
2359.170000 113.719200 -1574.228000
2376.167000 113.937300 -1567.485000
2393.043000 114.167800 -1560.666000
2409.786000 114.410500 -1553.776000
2426.396000 114.665500 -1546.816000
2442.862000 114.932600 -1539.793000
2459.177000 115.211900 -1532.710000
2475.334000 115.503100 -1525.572000
2491.325000 115.806400 -1518.383000
2507.141000 116.121500 -1511.149000
2522.779000 116.448500 -1503.870000
2538.230000 116.787300 -1496.553000
2553.486000 117.137800 -1489.203000
2568.539000 117.500000 -1481.822000
2583.381000 117.873800 -1474.417000
2598.011000 118.258600 -1466.985000
2612.426000 118.653000 -1459.525000
2626.625000 119.055300 -1452.030000
2640.610000 119.463900 -1444.494000
2654.376000 119.877000 -1436.913000
2667.930000 120.293300 -1429.279000
2681.269000 120.710900 -1421.587000
2694.392000 121.128300 -1413.833000
2707.299000 121.543800 -1406.010000
2719.988000 121.955700 -1398.115000
2732.464000 122.362600 -1390.138000
2744.725000 122.762700 -1382.076000
2756.770000 123.154400 -1373.923000
2768.598000 123.536100 -1365.673000
2780.208000 123.906100 -1357.323000
2791.605000 124.262900 -1348.864000
2802.785000 124.604700 -1340.291000
2813.750000 124.930000 -1331.599000
2824.498000 125.237200 -1322.783000
2835.030000 125.524500 -1313.837000
2845.343000 125.790400 -1304.757000
2855.442000 126.033200 -1295.534000
2865.324000 126.251400 -1286.164000
2874.990000 126.443200 -1276.641000
2884.439000 126.607100 -1266.960000
2893.670000 126.741400 -1257.118000
2902.685000 126.844500 -1247.104000
2911.484000 126.914700 -1236.916000
2920.066000 126.950500 -1226.547000
2928.430000 126.950200 -1215.992000
2936.577000 126.912100 -1205.248000
2944.507000 126.834700 -1194.304000
2952.220000 126.716300 -1183.158000
2959.716000 126.555300 -1171.802000
2966.995000 126.350000 -1160.234000
2974.055000 126.098900 -1148.447000
2980.898000 125.800200 -1136.434000
2987.525000 125.452400 -1124.189000
2993.933000 125.053800 -1111.708000
3000.124000 124.602900 -1098.985000
3006.096000 124.098000 -1086.017000
3011.851000 123.537300 -1072.793000
3017.388000 122.919400 -1059.311000
3022.708000 122.242500 -1045.564000
3027.809000 121.505100 -1031.547000
3032.691000 120.705600 -1017.258000
3037.356000 119.842200 -1002.684000
3041.802000 118.913300 -987.823900
3046.031000 117.917400 -972.671300
3050.041000 116.852800 -957.220800
3053.832000 115.717800 -941.466700
3057.404000 114.511300 -925.407200
3060.758000 113.233300 -909.040800
3063.895000 111.886600 -892.383900
3066.812000 110.474000 -875.450600
3069.512000 108.998200 -858.255000
3071.993000 107.462000 -840.814500
3074.257000 105.867500 -823.136000
3076.304000 104.217800 -805.237000
3078.133000 102.515500 -787.131500
3079.744000 100.763300 -768.833400
3081.138000 98.964080 -750.360400
3082.315000 97.119960 -731.718900
3083.276000 95.233920 -712.926900
3084.020000 93.308610 -693.998000
3084.547000 91.346690 -674.946400
3084.857000 89.351280 -655.789800
3084.951000 87.324210 -636.534500
3084.830000 85.268550 -617.198300
3084.491000 83.186980 -597.795200
3083.937000 81.082160 -578.339100
3083.167000 78.957210 -558.847800
3082.183000 76.813910 -539.327500
3080.982000 74.655380 -519.796200
3079.565000 72.484290 -500.267800
3077.935000 70.303300 -480.756100
3076.088000 68.115070 -461.275300
3074.027000 65.922730 -441.843000
3071.751000 63.728060 -422.465500
3069.261000 61.534170 -403.160700
3066.556000 59.343730 -383.942600
3063.637000 57.159410 -364.825000
3060.504000 54.984310 -345.825700
3057.156000 52.820230 -326.951100
3053.595000 50.670280 -308.219000
3049.820000 48.537120 -289.643200
3045.832000 46.423440 -271.237900
3041.630000 44.332300 -253.020500
3037.215000 42.265540 -234.997800
3032.586000 40.226260 -217.187300
3027.745000 38.217120 -199.603100
3022.690000 36.240800 -182.259100
3017.424000 34.300340 -165.172500
3011.945000 32.397640 -148.350600
3006.252000 30.535770 -131.810800
3000.348000 28.717380 -115.567100
2994.231000 26.945150 -99.633260
2987.904000 25.222100 -84.026450
2981.364000 23.550190 -68.754440
2974.612000 21.932450 -53.834280
2967.648000 20.371540 -39.279950
2960.473000 18.870140 -25.105410
2953.086000 17.430930 -11.324610
2945.491000 16.056430 2.047823
2937.689000 14.745800 15.018220
2929.687000 13.497920 27.590420
2921.494000 12.311370 39.770920
2913.114000 11.184770 51.566230
2904.558000 10.116900 62.980680
2895.827000 9.105960 74.025250
2886.931000 8.150749 84.704170
2877.876000 7.249871 95.023990
2868.669000 6.401920 104.991200
2859.318000 5.605649 114.610400
2849.827000 4.859342 123.892000
2840.203000 4.161756 132.840500
2830.454000 3.511491 141.462400
2820.585000 2.907146 149.764400
2810.606000 2.347422 157.751200
2800.520000 1.830698 165.432600
2790.335000 1.355687 172.813600
2780.058000 0.920987 179.900500
2769.695000 0.525194 186.700000
2759.255000 0.166974 193.217200
2748.741000 -0.155216 199.461300
2738.162000 -0.442704 205.437500
2727.523000 -0.696892 211.152300
2716.833000 -0.919183 216.612100
2706.098000 -1.110942 221.822600
2695.323000 -1.273649 226.792200
2684.516000 -1.408665 231.526500
2673.683000 -1.517391 236.032000
2662.831000 -1.601229 240.315000
2651.967000 -1.661583 244.382300
2641.100000 -1.699848 248.239500
2630.231000 -1.717442 251.894800
2619.370000 -1.715756 255.353700
2608.524000 -1.696194 258.622900
2597.699000 -1.660157 261.708800
2586.904000 -1.609059 264.617400
2576.141000 -1.544281 267.356400
2565.419000 -1.467235 269.931700
2554.745000 -1.379323 272.349800
2544.125000 -1.281946 274.617200
2533.569000 -1.176528 276.740000
2523.078000 -1.064431 278.725600
2512.662000 -0.947075 280.580000
2502.327000 -0.825863 282.309900
2492.080000 -0.702197 283.921600
2481.929000 -0.577504 285.421400
2471.877000 -0.453137 286.816500
2461.933000 -0.330522 288.113000
2452.104000 -0.211061 289.317400
2442.396000 -0.096157 290.436300
2432.817000 0.012768 291.476000
2423.365000 0.114724 292.442200
2414.027000 0.209689 293.337200
2404.785000 0.297840 294.162800
2395.620000 0.379357 294.920700
2386.515000 0.454418 295.612900
2377.453000 0.523189 296.241100
2368.414000 0.585875 296.807200
2359.380000 0.642640 297.313000
2350.334000 0.693664 297.760300
2341.259000 0.739124 298.151000
2332.137000 0.779192 298.486700
2322.948000 0.814061 298.769600
2313.675000 0.843903 299.001300
2304.301000 0.868896 299.183700
2294.806000 0.889218 299.318500
2285.176000 0.905044 299.407600
2275.388000 0.916561 299.452800
2265.427000 0.923942 299.456000
2255.275000 0.927366 299.419000
2244.914000 0.927012 299.343600
2234.326000 0.923060 299.231600
2223.493000 0.915686 299.084900
2212.395000 0.905069 298.905300
2201.017000 0.891388 298.694500
2189.339000 0.874821 298.454500
2177.347000 0.855551 298.187200
2165.018000 0.833749 297.894100
2152.336000 0.809596 297.577200
2139.283000 0.783272 297.238400
2125.841000 0.754955 296.879500
2111.995000 0.724830 296.502300
2097.722000 0.693062 296.108500
2083.007000 0.659837 295.700100
2067.831000 0.625333 295.278800
2052.176000 0.589729 294.846600
2036.026000 0.553202 294.405100
2019.364000 0.515940 293.956400
2002.166000 0.478105 293.502000
1984.419000 0.439883 293.043900
1966.103000 0.401454 292.584000
1947.201000 0.362995 292.124000
1927.699000 0.324693 291.665800
1907.572000 0.286711 291.211200
1886.804000 0.249234 290.761900
1865.379000 0.212443 290.319900
1843.278000 0.176515 289.887000
1820.488000 0.141635 289.465000
1796.981000 0.107968 289.055700
1772.745000 0.075700 288.660900
1747.762000 0.045009 288.282600
1722.013000 0.016074 287.922300
1695.486000 -0.010925 287.582200
1668.178000 -0.035922 287.262800
1640.126000 -0.058962 286.963800
1611.367000 -0.080104 286.684700
1581.936000 -0.099405 286.425000
1551.877000 -0.116920 286.184200
1521.213000 -0.132715 285.961800
1489.985000 -0.146843 285.757300
1458.229000 -0.159362 285.570200
1425.983000 -0.170332 285.400100
1393.281000 -0.179809 285.246300
1360.167000 -0.187850 285.108600
1326.662000 -0.194517 284.986200
1292.810000 -0.199867 284.878800
1258.646000 -0.203956 284.785900
1224.207000 -0.206844 284.706800
1189.535000 -0.208587 284.641300
1154.653000 -0.209246 284.588700
1119.603000 -0.208876 284.548600
1084.421000 -0.207538 284.520400
1049.143000 -0.205287 284.503700
1013.813000 -0.202184 284.498000
978.451900 -0.198286 284.502700
943.103000 -0.193650 284.517500
907.802100 -0.188335 284.541700
872.585400 -0.182399 284.575000
837.495700 -0.175901 284.616700
802.554800 -0.168897 284.666400
767.806000 -0.161446 284.723700
733.285300 -0.153606 284.788000
699.028300 -0.145436 284.858800
665.077900 -0.136995 284.935500
631.456700 -0.128337 285.017900
598.207200 -0.119523 285.105300
565.365400 -0.110611 285.197100
532.967300 -0.101658 285.293100
501.049000 -0.092723 285.392600
469.652400 -0.083866 285.495100
438.801200 -0.075141 285.600200
408.537500 -0.066607 285.707300
378.897400 -0.058324 285.816100
349.916800 -0.050349 285.925800
321.637200 -0.042741 286.036200
294.083300 -0.035557 286.146600
267.296900 -0.028854 286.256700
241.313800 -0.022692 286.365800
216.170000 -0.017129 286.473400
191.906200 -0.012223 286.579300
168.548800 -0.008030 286.682600
146.138600 -0.004610 286.783100
124.711500 -0.002022 286.880300
104.303600 -0.000321 286.973500
84.950930 0.000438 287.062300
66.641150 0.000273 287.146700
49.352360 -0.000765 287.226700
33.058360 -0.002621 287.302300
17.732970 -0.005242 287.373700
3.352776 -0.008573 287.440800
-10.114080 -0.012561 287.503700
-22.690850 -0.017153 287.562500
-34.403690 -0.022294 287.617300
-45.278790 -0.027931 287.668100
-55.340420 -0.034008 287.715000
-64.618730 -0.040475 287.758100
-73.137830 -0.047276 287.797300
-80.923870 -0.054358 287.832800
-88.003070 -0.061666 287.864700
-94.401570 -0.069148 287.893000
-100.144500 -0.076747 287.917700
-105.260300 -0.084413 287.938900
-109.773900 -0.092091 287.956800
-113.711500 -0.099726 287.971300
-117.099400 -0.107266 287.982500
-119.963100 -0.114655 287.990400
-122.329900 -0.121841 287.995200
-124.225500 -0.128770 287.997000
-125.675900 -0.135389 287.995700
-126.707400 -0.141642 287.991400
-127.346100 -0.147476 287.984200
-127.618400 -0.152838 287.974200
-127.550200 -0.157674 287.961300
-127.167900 -0.161931 287.945800
-126.497400 -0.165553 287.927600
-125.565400 -0.168488 287.906800
-124.397400 -0.170682 287.883500
-123.019900 -0.172081 287.857700
-121.459100 -0.172631 287.829500
-119.741100 -0.172278 287.799000
-117.892500 -0.170969 287.766200
-115.938700 -0.168650 287.731100
-113.906300 -0.165267 287.694000
-111.821300 -0.160766 287.654700
-109.710100 -0.155094 287.613400
-107.598800 -0.148196 287.570100
-105.513900 -0.140021 287.525000
-103.480900 -0.130511 287.478000
-101.526200 -0.119615 287.429200
-99.676150 -0.107278 287.378700
-97.956840 -0.093447 287.326500
-96.394760 -0.078071 287.272800
-95.015460 -0.061090 287.217500
-93.845450 -0.042454 287.160800
-92.910900 -0.022109 287.102700
-92.237990 0.000000 287.043300
