timestamp,tx,ty,tz,qx,qy,qz,qw
0.000000,0.000000,0.000000,0.000000,0.014402,0.012873,0.666309,0.745426
0.016667,-0.016550,0.001861,0.000644,0.014402,0.012873,0.666309,0.745426
0.033333,-0.033100,0.003722,0.001288,0.014270,0.012770,0.666711,0.745070
0.050000,-0.049650,0.005583,0.001931,0.014141,0.012667,0.667107,0.744720
0.066667,-0.066200,0.007443,0.002575,0.014040,0.012587,0.667416,0.744447
0.083333,-0.082750,0.009304,0.003219,0.013960,0.012524,0.667662,0.744228
0.100000,-0.099300,0.011165,0.003863,0.013843,0.012431,0.668019,0.743912
0.116667,-0.115864,0.012902,0.004467,0.013727,0.012338,0.668376,0.743595
0.133333,-0.132433,0.014605,0.005062,0.013545,0.012193,0.668932,0.743100
0.150000,-0.149002,0.016308,0.005656,0.013315,0.012009,0.669633,0.742475
0.166667,-0.165571,0.018011,0.006250,0.013086,0.011825,0.670334,0.741850
0.183333,-0.182140,0.019714,0.006844,0.012858,0.011640,0.671033,0.741224
0.200000,-0.198708,0.021417,0.007439,0.012720,0.011529,0.671453,0.740849
0.216667,-0.215287,0.023031,0.008005,0.012607,0.011437,0.671797,0.740540
0.233333,-0.231872,0.024581,0.008551,0.012454,0.011312,0.672265,0.740119
0.250000,-0.248458,0.026131,0.009097,0.012232,0.011130,0.672940,0.739512
0.266667,-0.265043,0.027681,0.009643,0.012010,0.010949,0.673615,0.738904
0.283333,-0.281629,0.029231,0.010189,0.011788,0.010766,0.674289,0.738295
0.300000,-0.298214,0.030781,0.010735,0.011632,0.010637,0.674764,0.737865
0.316667,-0.314805,0.032276,0.011263,0.011523,0.010547,0.675095,0.737565
0.333333,-0.331405,0.033678,0.011762,0.011396,0.010441,0.675482,0.737215
0.350000,-0.348005,0.035080,0.012261,0.011181,0.010263,0.676131,0.736625
0.366667,-0.364605,0.036482,0.012760,0.010966,0.010084,0.676780,0.736034
0.383333,-0.381205,0.037884,0.013259,0.010752,0.009904,0.677429,0.735443
0.400000,-0.397805,0.039286,0.013757,0.010579,0.009758,0.677953,0.734964
0.416667,-0.414408,0.040662,0.014248,0.010474,0.009670,0.678271,0.734673
0.433333,-0.431021,0.041921,0.014701,0.010368,0.009581,0.678589,0.734382
0.450000,-0.447634,0.043180,0.015154,0.010163,0.009407,0.679206,0.733817
0.466667,-0.464246,0.044439,0.015607,0.009956,0.009231,0.679830,0.733244
0.483333,-0.480859,0.045698,0.016060,0.009749,0.009054,0.680453,0.732671
0.500000,-0.497472,0.046957,0.016513,0.009561,0.008893,0.681020,0.732148
0.516667,-0.514085,0.048216,0.016966,0.009459,0.008806,0.681325,0.731867
0.533333,-0.530709,0.049340,0.017375,0.009357,0.008718,0.681631,0.731585
0.550000,-0.547333,0.050461,0.017784,0.009179,0.008564,0.682165,0.731091
0.566667,-0.563957,0.051582,0.018192,0.008979,0.008392,0.682763,0.730536
0.583333,-0.580580,0.052703,0.018600,0.008779,0.008218,0.683361,0.729981
0.600000,-0.597204,0.053823,0.019009,0.008579,0.008045,0.683958,0.729426
0.616667,-0.613828,0.054944,0.019417,0.008479,0.007957,0.684258,0.729147
0.633333,-0.630460,0.055961,0.019791,0.008381,0.007871,0.684551,0.728874
0.650000,-0.647093,0.056949,0.020156,0.008227,0.007736,0.685008,0.728448
0.666667,-0.663726,0.057937,0.020521,0.008034,0.007567,0.685581,0.727912
0.683333,-0.680360,0.058925,0.020886,0.007842,0.007397,0.686154,0.727376
0.700000,-0.696993,0.059913,0.021251,0.007649,0.007227,0.686726,0.726840
0.716667,-0.713626,0.060901,0.021616,0.007533,0.007124,0.687071,0.726517
0.733333,-0.730264,0.061814,0.021956,0.007438,0.007040,0.687351,0.726253
0.750000,-0.746906,0.062674,0.022279,0.007308,0.006924,0.687736,0.725891
0.766667,-0.763547,0.063534,0.022602,0.007122,0.006758,0.688284,0.725375
0.783333,-0.780188,0.064394,0.022924,0.006937,0.006592,0.688832,0.724858
0.800000,-0.796830,0.065254,0.023247,0.006751,0.006425,0.689379,0.724341
0.816667,-0.813471,0.066114,0.023570,0.006621,0.006308,0.689763,0.723978
0.833333,-0.830115,0.066926,0.023877,0.006530,0.006226,0.690030,0.723724
0.850000,-0.846763,0.067663,0.024159,0.006422,0.006128,0.690349,0.723422
0.866667,-0.863411,0.068400,0.024440,0.006243,0.005966,0.690872,0.722925
0.883333,-0.880059,0.069137,0.024722,0.006064,0.005804,0.691395,0.722428
0.900000,-0.896707,0.069875,0.025004,0.005886,0.005641,0.691918,0.721930
0.916667,-0.913355,0.070612,0.025286,0.005743,0.005510,0.692336,0.721532
0.933333,-0.930004,0.071326,0.025560,0.005655,0.005430,0.692591,0.721288
0.950000,-0.946657,0.071946,0.025803,0.005567,0.005350,0.692848,0.721043
0.966667,-0.963311,0.072566,0.026045,0.005395,0.005191,0.693346,0.720565
0.983333,-0.979964,0.073185,0.026287,0.005223,0.005033,0.693845,0.720088
1.000000,-0.996617,0.073805,0.026530,0.005052,0.004874,0.694343,0.719610
1.016667,-1.013271,0.074425,0.026772,0.004898,0.004732,0.694790,0.719180
1.033333,-1.029924,0.075044,0.027014,0.004814,0.004653,0.695033,0.718946
1.050000,-1.046582,0.075551,0.027218,0.004729,0.004575,0.695276,0.718712
1.066667,-1.063240,0.076059,0.027422,0.004579,0.004435,0.695707,0.718297
1.083333,-1.079897,0.076566,0.027626,0.004414,0.004281,0.696182,0.717839
1.100000,-1.096555,0.077074,0.027830,0.004250,0.004127,0.696655,0.717382
1.116667,-1.113213,0.077581,0.028034,0.004085,0.003973,0.697127,0.716925
1.133333,-1.129870,0.078088,0.028238,0.004005,0.003897,0.697358,0.716701
1.150000,-1.146531,0.078509,0.028412,0.003924,0.003820,0.697589,0.716477
1.166667,-1.163192,0.078909,0.028579,0.003795,0.003699,0.697956,0.716121
1.183333,-1.179853,0.079309,0.028746,0.003637,0.003549,0.698406,0.715684
1.200000,-1.196514,0.079709,0.028913,0.003478,0.003399,0.698855,0.715246
1.216667,-1.213175,0.080110,0.029081,0.003320,0.003248,0.699305,0.714809
1.233333,-1.229836,0.080510,0.029248,0.003228,0.003160,0.699566,0.714553
1.250000,-1.246498,0.080847,0.029392,0.003151,0.003086,0.699785,0.714340
1.266667,-1.263162,0.081145,0.029524,0.003041,0.002982,0.700093,0.714039
1.283333,-1.279825,0.081444,0.029655,0.002889,0.002836,0.700519,0.713623
1.300000,-1.296489,0.081742,0.029787,0.002738,0.002691,0.700944,0.713206
1.316667,-1.313152,0.082041,0.029918,0.002586,0.002545,0.701370,0.712789
1.333333,-1.329816,0.082339,0.030049,0.002483,0.002445,0.701659,0.712504
1.350000,-1.346480,0.082596,0.030166,0.002409,0.002374,0.701866,0.712301
1.366667,-1.363145,0.082798,0.030263,0.002318,0.002286,0.702119,0.712052
1.383333,-1.379810,0.083000,0.030360,0.002173,0.002145,0.702521,0.711657
1.400000,-1.396475,0.083201,0.030457,0.002028,0.002004,0.702923,0.711260
1.416667,-1.413141,0.083403,0.030554,0.001883,0.001863,0.703324,0.710864
1.433333,-1.429806,0.083605,0.030651,0.001770,0.001752,0.703637,0.710555
1.450000,-1.446471,0.083785,0.030740,0.001699,0.001683,0.703832,0.710362
1.466667,-1.463137,0.083896,0.030804,0.001625,0.001611,0.704035,0.710162
1.483333,-1.479804,0.084006,0.030868,0.001486,0.001475,0.704413,0.709787
1.500000,-1.496470,0.084116,0.030932,0.001347,0.001339,0.704792,0.709412
1.516667,-1.513136,0.084227,0.030996,0.001209,0.001202,0.705170,0.709037
1.533333,-1.529802,0.084337,0.031060,0.001087,0.001082,0.705502,0.708707
1.550000,-1.546468,0.084444,0.031123,0.001019,0.001015,0.705685,0.708524
1.566667,-1.563135,0.084468,0.031155,0.000951,0.000948,0.705868,0.708342
1.583333,-1.579802,0.084492,0.031187,0.000829,0.000827,0.706197,0.708014
1.600000,-1.596468,0.084516,0.031219,0.000696,0.000695,0.706552,0.707660
1.616667,-1.613135,0.084541,0.031252,0.000564,0.000564,0.706907,0.707306
1.633333,-1.629801,0.084565,0.031284,0.000435,0.000435,0.707253,0.706960
1.650000,-1.646468,0.084589,0.031316,0.000370,0.000370,0.707425,0.706788
1.666667,-1.663135,0.084545,0.031322,0.000305,0.000306,0.707596,0.706617
1.683333,-1.679801,0.084488,0.031324,0.000200,0.000201,0.707873,0.706340
1.700000,-1.696468,0.084431,0.031326,0.000074,0.000074,0.708204,0.706007
1.716667,-1.713134,0.084375,0.031328,-0.000052,-0.000052,0.708536,0.705675
1.733333,-1.729801,0.084318,0.031329,-0.000178,-0.000179,0.708867,0.705342
1.750000,-1.746467,0.084261,0.031331,-0.000249,-0.000251,0.709053,0.705155
1.766667,-1.763134,0.084155,0.031314,-0.000311,-0.000313,0.709213,0.704994
1.783333,-1.779800,0.084023,0.031287,-0.000399,-0.000402,0.709441,0.704764
1.800000,-1.796466,0.083890,0.031259,-0.000519,-0.000523,0.709750,0.704453
1.816667,-1.813132,0.083758,0.031232,-0.000639,-0.000645,0.710059,0.704142
1.833333,-1.829798,0.083626,0.031205,-0.000759,-0.000766,0.710367,0.703831
1.850000,-1.846464,0.083493,0.031177,-0.000839,-0.000847,0.710571,0.703625
1.866667,-1.863130,0.083329,0.031137,-0.000898,-0.000907,0.710719,0.703475
1.883333,-1.879795,0.083126,0.031082,-0.000971,-0.000981,0.710904,0.703288
1.900000,-1.896461,0.082923,0.031027,-0.001085,-0.001098,0.711190,0.702999
1.916667,-1.913126,0.082721,0.030972,-0.001199,-0.001214,0.711475,0.702709
1.933333,-1.929791,0.082518,0.030916,-0.001313,-0.001330,0.711761,0.702419
1.950000,-1.946457,0.082315,0.030861,-0.001400,-0.001420,0.711978,0.702199
1.966667,-1.963122,0.082095,0.030799,-0.001456,-0.001476,0.712115,0.702060
1.983333,-1.979786,0.081827,0.030718,-0.001515,-0.001537,0.712261,0.701912
2.000000,-1.996450,0.081560,0.030636,-0.001623,-0.001648,0.712524,0.701644
2.016667,-2.013115,0.081292,0.030554,-0.001731,-0.001759,0.712787,0.701376
2.033333,-2.029779,0.081024,0.030473,-0.001839,-0.001870,0.713050,0.701109
2.050000,-2.046443,0.080756,0.030391,-0.001932,-0.001967,0.713276,0.700877
2.066667,-2.063108,0.080484,0.030308,-0.001985,-0.002021,0.713402,0.700749
2.083333,-2.079771,0.080156,0.030201,-0.002038,-0.002075,0.713528,0.700621
2.100000,-2.096434,0.079829,0.030094,-0.002134,-0.002174,0.713754,0.700390
2.116667,-2.113097,0.079501,0.029987,-0.002236,-0.002280,0.713994,0.700144
2.133333,-2.129760,0.079173,0.029880,-0.002338,-0.002386,0.714235,0.699899
2.150000,-2.146423,0.078845,0.029773,-0.002437,-0.002488,0.714466,0.699661
2.166667,-2.163086,0.078517,0.029666,-0.002486,-0.002540,0.714581,0.699544
2.183333,-2.179748,0.078142,0.029539,-0.002536,-0.002592,0.714695,0.699426
2.200000,-2.196410,0.077760,0.029408,-0.002618,-0.002676,0.714880,0.699237
2.216667,-2.213072,0.077377,0.029277,-0.002714,-0.002777,0.715098,0.699014
2.233333,-2.229734,0.076995,0.029147,-0.002811,-0.002877,0.715316,0.698790
2.250000,-2.246395,0.076612,0.029016,-0.002907,-0.002978,0.715534,0.698566
2.266667,-2.263057,0.076230,0.028885,-0.002960,-0.003033,0.715652,0.698444
2.283333,-2.279718,0.075814,0.028739,-0.003007,-0.003082,0.715755,0.698338
2.300000,-2.296378,0.075382,0.028586,-0.003075,-0.003153,0.715903,0.698186
2.316667,-2.313039,0.074950,0.028433,-0.003166,-0.003248,0.716099,0.697984
2.333333,-2.329699,0.074518,0.028279,-0.003257,-0.003343,0.716294,0.697783
2.350000,-2.346359,0.074087,0.028126,-0.003348,-0.003438,0.716490,0.697581
2.366667,-2.363020,0.073655,0.027973,-0.003407,-0.003501,0.716616,0.697451
2.383333,-2.379679,0.073202,0.027809,-0.003451,-0.003547,0.716708,0.697356
2.400000,-2.396338,0.072726,0.027635,-0.003507,-0.003605,0.716823,0.697237
2.416667,-2.412997,0.072250,0.027460,-0.003592,-0.003695,0.716997,0.697057
2.433333,-2.429656,0.071774,0.027286,-0.003677,-0.003784,0.717171,0.696878
2.450000,-2.446315,0.071297,0.027111,-0.003763,-0.003874,0.717344,0.696698
2.466667,-2.462974,0.070821,0.026936,-0.003827,-0.003942,0.717473,0.696564
2.483333,-2.479633,0.070334,0.026756,-0.003868,-0.003985,0.717555,0.696480
2.500000,-2.496290,0.069819,0.026562,-0.003912,-0.004032,0.717642,0.696390
2.516667,-2.512948,0.069304,0.026367,-0.003992,-0.004116,0.717794,0.696232
2.533333,-2.529605,0.068789,0.026173,-0.004072,-0.004200,0.717945,0.696075
2.550000,-2.546263,0.068274,0.025978,-0.004152,-0.004284,0.718097,0.695918
2.566667,-2.562921,0.067759,0.025784,-0.004220,-0.004356,0.718225,0.695784
2.583333,-2.579578,0.067241,0.025587,-0.004258,-0.004397,0.718296,0.695711
2.600000,-2.596234,0.066692,0.025374,-0.004297,-0.004437,0.718366,0.695638
2.616667,-2.612891,0.066144,0.025161,-0.004367,-0.004512,0.718489,0.695510
2.633333,-2.629547,0.065595,0.024948,-0.004442,-0.004590,0.718618,0.695375
2.650000,-2.646203,0.065046,0.024735,-0.004516,-0.004669,0.718748,0.695240
2.666667,-2.662859,0.064497,0.024521,-0.004587,-0.004744,0.718872,0.695111
2.683333,-2.679516,0.063948,0.024308,-0.004623,-0.004782,0.718931,0.695050
2.700000,-2.696171,0.063374,0.024080,-0.004659,-0.004819,0.718990,0.694988
2.716667,-2.712826,0.062797,0.023849,-0.004717,-0.004882,0.719083,0.694891
2.733333,-2.729481,0.062219,0.023618,-0.004786,-0.004954,0.719191,0.694778
2.750000,-2.746136,0.061642,0.023388,-0.004855,-0.005027,0.719299,0.694666
2.766667,-2.762791,0.061065,0.023157,-0.004924,-0.005100,0.719406,0.694553
2.783333,-2.779446,0.060487,0.022927,-0.004961,-0.005139,0.719461,0.694496
2.800000,-2.796100,0.059894,0.022685,-0.004994,-0.005174,0.719510,0.694445
2.816667,-2.812754,0.059293,0.022438,-0.005042,-0.005225,0.719577,0.694375
2.833333,-2.829408,0.058692,0.022192,-0.005106,-0.005293,0.719663,0.694285
2.850000,-2.846062,0.058092,0.021945,-0.005170,-0.005360,0.719749,0.694195
2.866667,-2.862717,0.057491,0.021699,-0.005233,-0.005427,0.719835,0.694105
2.883333,-2.879371,0.056890,0.021452,-0.005274,-0.005470,0.719887,0.694050
2.900000,-2.896024,0.056281,0.021198,-0.005304,-0.005502,0.719925,0.694010
2.916667,-2.912677,0.055662,0.020937,-0.005343,-0.005543,0.719970,0.693962
2.933333,-2.929330,0.055043,0.020675,-0.005402,-0.005605,0.720035,0.693894
2.950000,-2.945983,0.054424,0.020414,-0.005460,-0.005667,0.720100,0.693826
2.966667,-2.962637,0.053805,0.020152,-0.005519,-0.005729,0.720164,0.693758
2.983333,-2.979290,0.053187,0.019891,-0.005562,-0.005774,0.720209,0.693710
3.000000,-2.995943,0.052564,0.019626,-0.005590,-0.005804,0.720236,0.693682
3.016667,-3.012965,0.051918,0.019345,-0.005623,-0.005839,0.720266,0.693650
3.033333,-3.029987,0.051272,0.019064,-0.005677,-0.005895,0.720309,0.693605
3.050000,-3.047009,0.050627,0.018783,-0.005730,-0.005951,0.720352,0.693560
3.066667,-3.064031,0.049981,0.018502,-0.005782,-0.006006,0.720394,0.693515
3.083333,-3.081053,0.049335,0.018221,-0.005826,-0.006053,0.720428,0.693479
3.100000,-3.098075,0.048688,0.017937,-0.005851,-0.006079,0.720443,0.693462
3.116667,-3.115528,0.048018,0.017636,-0.005884,-0.006113,0.720461,0.693444
3.133333,-3.132981,0.047347,0.017336,-0.005932,-0.006163,0.720481,0.693421
3.150000,-3.150434,0.046677,0.017035,-0.005980,-0.006213,0.720502,0.693399
3.166667,-3.167888,0.046007,0.016734,-0.006027,-0.006263,0.720522,0.693377
3.183333,-3.185341,0.045337,0.016433,-0.006068,-0.006306,0.720539,0.693359
3.200000,-3.202794,0.044666,0.016129,-0.006090,-0.006329,0.720544,0.693354
3.216667,-3.220669,0.043977,0.015809,-0.006124,-0.006364,0.720546,0.693351
3.233333,-3.238545,0.043288,0.015490,-0.006166,-0.006408,0.720544,0.693352
3.250000,-3.256421,0.042599,0.015170,-0.006209,-0.006452,0.720543,0.693352
3.266667,-3.274296,0.041910,0.014850,-0.006251,-0.006496,0.720542,0.693353
3.283333,-3.292172,0.041221,0.014531,-0.006285,-0.006532,0.720539,0.693355
3.300000,-3.310048,0.040534,0.014205,-0.006305,-0.006552,0.720533,0.693361
3.316667,-3.328337,0.039832,0.013868,-0.006340,-0.006589,0.720513,0.693382
3.333333,-3.346627,0.039130,0.013530,-0.006378,-0.006627,0.720489,0.693405
3.350000,-3.364916,0.038428,0.013193,-0.006415,-0.006665,0.720467,0.693428
3.366667,-3.383206,0.037726,0.012855,-0.006452,-0.006703,0.720444,0.693451
3.383333,-3.401496,0.037024,0.012518,-0.006478,-0.006730,0.720425,0.693470
3.400000,-3.419785,0.036330,0.012172,-0.006500,-0.006752,0.720398,0.693498
3.416667,-3.438480,0.035621,0.011818,-0.006532,-0.006785,0.720353,0.693544
3.433333,-3.457175,0.034913,0.011464,-0.006564,-0.006817,0.720308,0.693590
3.450000,-3.475870,0.034204,0.011110,-0.006596,-0.006849,0.720263,0.693635
3.466667,-3.494565,0.033496,0.010755,-0.006628,-0.006881,0.720219,0.693681
3.483333,-3.513260,0.032793,0.010399,-0.006644,-0.006898,0.720190,0.693711
3.500000,-3.532352,0.032084,0.010029,-0.006670,-0.006923,0.720126,0.693777
3.516667,-3.551444,0.031376,0.009659,-0.006697,-0.006950,0.720059,0.693846
3.533333,-3.570535,0.030668,0.009290,-0.006723,-0.006976,0.719993,0.693914
3.550000,-3.589627,0.029959,0.008920,-0.006750,-0.007002,0.719927,0.693982
3.566667,-3.608719,0.029251,0.008550,-0.006771,-0.007023,0.719871,0.694039
3.583333,-3.627811,0.028562,0.008175,-0.006789,-0.007040,0.719801,0.694111
3.600000,-3.647291,0.027861,0.007791,-0.006811,-0.007061,0.719712,0.694203
3.616667,-3.666771,0.027160,0.007407,-0.006832,-0.007081,0.719624,0.694295
3.633333,-3.686251,0.026459,0.007024,-0.006853,-0.007102,0.719536,0.694385
3.650000,-3.705731,0.025758,0.006640,-0.006875,-0.007122,0.719449,0.694475
3.666667,-3.725212,0.025074,0.006253,-0.006888,-0.007134,0.719372,0.694554
3.683333,-3.745072,0.024387,0.005857,-0.006904,-0.007148,0.719261,0.694669
3.700000,-3.764931,0.023700,0.005461,-0.006920,-0.007163,0.719150,0.694783
3.716667,-3.784791,0.023014,0.005065,-0.006936,-0.007177,0.719041,0.694896
3.733333,-3.804651,0.022327,0.004669,-0.006952,-0.007192,0.718932,0.695008
3.750000,-3.824511,0.021655,0.004271,-0.006964,-0.007201,0.718832,0.695112
3.766667,-3.844742,0.020991,0.003864,-0.006975,-0.007210,0.718698,0.695250
3.783333,-3.864973,0.020326,0.003456,-0.006986,-0.007219,0.718566,0.695386
3.800000,-3.885203,0.019662,0.003049,-0.006997,-0.007227,0.718435,0.695522
3.816667,-3.905434,0.018998,0.002642,-0.007008,-0.007236,0.718304,0.695656
3.833333,-3.925665,0.018346,0.002234,-0.007016,-0.007242,0.718174,0.695790
3.850000,-3.946259,0.017712,0.001818,-0.007022,-0.007244,0.718019,0.695951
3.866667,-3.966852,0.017078,0.001401,-0.007028,-0.007247,0.717864,0.696110
3.883333,-3.987445,0.016444,0.000985,-0.007033,-0.007250,0.717711,0.696268
3.900000,-4.008039,0.015810,0.000568,-0.007039,-0.007253,0.717558,0.696425
3.916667,-4.028633,0.015191,0.000152,-0.007043,-0.007253,0.717393,0.696595
3.933333,-4.049580,0.014595,-0.000272,-0.007043,-0.007250,0.717214,0.696780
3.950000,-4.070527,0.014000,-0.000696,-0.007044,-0.007247,0.717036,0.696963
3.966667,-4.091474,0.013405,-0.001120,-0.007044,-0.007244,0.716858,0.697146
3.983333,-4.112422,0.012809,-0.001544,-0.007045,-0.007240,0.716682,0.697327
4.000000,-4.133369,0.012235,-0.001968,-0.007043,-0.007234,0.716476,0.697539
4.016667,-4.154662,0.011688,-0.002398,-0.007038,-0.007225,0.716271,0.697750
4.033333,-4.175954,0.011140,-0.002827,-0.007033,-0.007216,0.716067,0.697959
4.050000,-4.197247,0.010593,-0.003257,-0.007029,-0.007207,0.715864,0.698167
4.066667,-4.218539,0.010046,-0.003687,-0.007024,-0.007198,0.715663,0.698373
4.083333,-4.239833,0.009533,-0.004115,-0.007015,-0.007184,0.715407,0.698635
4.100000,-4.261462,0.009044,-0.004549,-0.007005,-0.007169,0.715176,0.698872
4.116667,-4.283091,0.008555,-0.004982,-0.006995,-0.007154,0.714947,0.699108
4.133333,-4.304720,0.008066,-0.005416,-0.006985,-0.007139,0.714718,0.699341
4.150000,-4.326348,0.007577,-0.005849,-0.006975,-0.007124,0.714488,0.699577
4.166667,-4.347979,0.007143,-0.006279,-0.006958,-0.007100,0.714179,0.699892
4.183333,-4.369935,0.006723,-0.006715,-0.006943,-0.007079,0.713922,0.700155
4.200000,-4.391892,0.006302,-0.007150,-0.006928,-0.007059,0.713667,0.700416
4.216667,-4.413849,0.005882,-0.007586,-0.006912,-0.007038,0.713413,0.700675
4.233333,-4.435805,0.005463,-0.008021,-0.006893,-0.007012,0.713102,0.700991
4.250000,-4.458081,0.005122,-0.008456,-0.006871,-0.006983,0.712788,0.701311
4.266667,-4.480356,0.004781,-0.008891,-0.006850,-0.006957,0.712505,0.701599
4.283333,-4.502632,0.004440,-0.009326,-0.006830,-0.006930,0.712224,0.701885
4.300000,-4.524907,0.004099,-0.009761,-0.006809,-0.006904,0.711944,0.702169
4.316667,-4.547183,0.003794,-0.010193,-0.006777,-0.006864,0.711538,0.702582
4.333333,-4.569769,0.003543,-0.010626,-0.006751,-0.006831,0.711227,0.702897
4.350000,-4.592354,0.003292,-0.011059,-0.006725,-0.006799,0.710918,0.703210
4.366667,-4.614939,0.003041,-0.011492,-0.006700,-0.006767,0.710611,0.703521
4.383333,-4.637524,0.002790,-0.011924,-0.006669,-0.006729,0.710254,0.703882
4.400000,-4.660110,0.002622,-0.012349,-0.006630,-0.006682,0.709828,0.704312
4.416667,-4.682996,0.002472,-0.012777,-0.006599,-0.006644,0.709492,0.704652
4.433333,-4.705882,0.002322,-0.013206,-0.006568,-0.006606,0.709157,0.704990
4.450000,-4.728768,0.002173,-0.013634,-0.006536,-0.006569,0.708823,0.705325
4.466667,-4.751654,0.002055,-0.014059,-0.006489,-0.006512,0.708334,0.705817
4.483333,-4.774831,0.002018,-0.014480,-0.006449,-0.006465,0.707942,0.706212
4.500000,-4.798009,0.001981,-0.014901,-0.006412,-0.006421,0.707579,0.706576
4.516667,-4.821186,0.001943,-0.015323,-0.006376,-0.006378,0.707218,0.706938
4.533333,-4.844363,0.001906,-0.015744,-0.006329,-0.006324,0.706773,0.707383
4.550000,-4.867540,0.001971,-0.016154,-0.006275,-0.006260,0.706261,0.707896
4.566667,-4.891000,0.002057,-0.016566,-0.006232,-0.006211,0.705870,0.708287
4.583333,-4.914459,0.002144,-0.016979,-0.006190,-0.006162,0.705481,0.708675
4.600000,-4.937918,0.002230,-0.017391,-0.006146,-0.006111,0.705080,0.709075
4.616667,-4.961377,0.002373,-0.017797,-0.006078,-0.006034,0.704475,0.709677
4.633333,-4.985108,0.002595,-0.018198,-0.006027,-0.005975,0.704027,0.710122
4.650000,-5.008840,0.002818,-0.018598,-0.005979,-0.005920,0.703611,0.710536
4.666667,-5.032571,0.003040,-0.018999,-0.005931,-0.005866,0.703196,0.710947
4.683333,-5.056303,0.003272,-0.019399,-0.005861,-0.005788,0.702608,0.711529
4.700000,-5.080297,0.003642,-0.019786,-0.005795,-0.005713,0.702048,0.712083
4.716667,-5.104291,0.004011,-0.020173,-0.005741,-0.005653,0.701603,0.712522
4.733333,-5.128285,0.004381,-0.020560,-0.005687,-0.005593,0.701160,0.712959
4.750000,-5.152279,0.004751,-0.020947,-0.005618,-0.005516,0.700598,0.713513
4.766667,-5.176271,0.005238,-0.021319,-0.005535,-0.005424,0.699926,0.714173
4.783333,-5.200518,0.005767,-0.021689,-0.005475,-0.005359,0.699453,0.714638
4.800000,-5.224765,0.006296,-0.022060,-0.005415,-0.005293,0.698982,0.715100
4.816667,-5.249011,0.006826,-0.022431,-0.005347,-0.005218,0.698441,0.715629
4.833333,-5.273256,0.007437,-0.022790,-0.005253,-0.005116,0.697712,0.716341
4.850000,-5.297745,0.008137,-0.023142,-0.005181,-0.005038,0.697159,0.716880
4.866667,-5.322234,0.008838,-0.023494,-0.005115,-0.004967,0.696659,0.717367
4.883333,-5.346724,0.009539,-0.023846,-0.005046,-0.004893,0.696135,0.717877
4.900000,-5.371211,0.010288,-0.024191,-0.004943,-0.004783,0.695364,0.718625
4.916667,-5.395932,0.011172,-0.024522,-0.004856,-0.004691,0.694716,0.719252
4.933333,-5.420654,0.012056,-0.024852,-0.004785,-0.004615,0.694189,0.719762
4.950000,-5.445375,0.012940,-0.025183,-0.004713,-0.004539,0.693663,0.720270
4.966667,-5.470095,0.013843,-0.025511,-0.004604,-0.004424,0.692867,0.721037
4.983333,-5.495038,0.014922,-0.025818,-0.004502,-0.004317,0.692128,0.721748
5.000000,-5.519981,0.016002,-0.026124,-0.004424,-0.004236,0.691573,0.722281
5.016667,-5.544923,0.017081,-0.026431,-0.004347,-0.004156,0.691019,0.722811
5.033333,-5.569866,0.018161,-0.026738,-0.004233,-0.004038,0.690214,0.723581
5.050000,-5.594800,0.019428,-0.027017,-0.004116,-0.003917,0.689390,0.724368
5.066667,-5.619953,0.020714,-0.027297,-0.004032,-0.003831,0.688807,0.724923
5.083333,-5.645106,0.022001,-0.027577,-0.003948,-0.003746,0.688226,0.725476
5.100000,-5.670259,0.023287,-0.027858,-0.003829,-0.003624,0.687404,0.726256
5.116667,-5.695403,0.024749,-0.028111,-0.003699,-0.003492,0.686511,0.727102
5.133333,-5.720756,0.026254,-0.028363,-0.003607,-0.003400,0.685891,0.727687
5.150000,-5.746108,0.027759,-0.028614,-0.003517,-0.003310,0.685282,0.728262
5.166667,-5.771461,0.029264,-0.028865,-0.003391,-0.003184,0.684435,0.729059
5.183333,-5.796803,0.030937,-0.029091,-0.003252,-0.003045,0.683500,0.729937
5.200000,-5.822344,0.032672,-0.029311,-0.003149,-0.002943,0.682819,0.730575
5.216667,-5.847884,0.034407,-0.029530,-0.003053,-0.002848,0.682182,0.731171
5.233333,-5.873425,0.036143,-0.029750,-0.002919,-0.002716,0.681300,0.731993
5.250000,-5.898953,0.038044,-0.029944,-0.002769,-0.002571,0.680323,0.732903
5.266667,-5.924670,0.040022,-0.030129,-0.002656,-0.002461,0.679588,0.733585
5.283333,-5.950387,0.041999,-0.030315,-0.002553,-0.002361,0.678922,0.734202
5.300000,-5.976104,0.043977,-0.030500,-0.002409,-0.002222,0.677995,0.735059
5.316667,-6.001807,0.046125,-0.030658,-0.002250,-0.002070,0.676974,0.736000
5.333333,-6.027688,0.048356,-0.030807,-0.002127,-0.001953,0.676194,0.736718
5.350000,-6.053569,0.050587,-0.030956,-0.002018,-0.001849,0.675499,0.737356
5.366667,-6.079450,0.052818,-0.031104,-0.001862,-0.001701,0.674516,0.738256
5.383333,-6.105314,0.055233,-0.031223,-0.001693,-0.001542,0.673451,0.739228
5.400000,-6.131347,0.057729,-0.031333,-0.001562,-0.001420,0.672634,0.739973
5.416667,-6.157380,0.060226,-0.031442,-0.001446,-0.001312,0.671910,0.740631
5.433333,-6.183413,0.062722,-0.031551,-0.001276,-0.001154,0.670859,0.741583
5.450000,-6.209426,0.065421,-0.031627,-0.001097,-0.000989,0.669750,0.742585
5.466667,-6.235598,0.068194,-0.031694,-0.000959,-0.000863,0.668905,0.743347
5.483333,-6.261770,0.070967,-0.031761,-0.000836,-0.000751,0.668151,0.744025
5.500000,-6.287942,0.073740,-0.031828,-0.000650,-0.000582,0.667020,0.745039
5.516667,-6.314089,0.076743,-0.031857,-0.000460,-0.000411,0.665867,0.746070
5.533333,-6.340387,0.079804,-0.031879,-0.000317,-0.000283,0.665004,0.746839
5.550000,-6.366686,0.082865,-0.031902,-0.000183,-0.000163,0.664195,0.747559
5.566667,-6.392984,0.085925,-0.031924,0.000018,0.000016,0.662994,0.748624
5.583333,-6.419251,0.089252,-0.031902,0.000218,0.000193,0.661796,0.749684
5.600000,-6.445662,0.092612,-0.031877,0.000364,0.000321,0.660927,0.750450
5.616667,-6.472074,0.095972,-0.031852,0.000516,0.000454,0.660027,0.751242
5.633333,-6.498483,0.099349,-0.031823,0.000728,0.000637,0.658781,0.752334
5.650000,-6.524993,0.103019,-0.031748,0.000939,0.000819,0.657537,0.753421
5.666667,-6.551504,0.106689,-0.031674,0.001086,0.000946,0.656673,0.754174
5.683333,-6.578015,0.110360,-0.031599,0.001258,0.001093,0.655669,0.755046
5.700000,-6.604517,0.114090,-0.031513,0.001480,0.001281,0.654378,0.756165
5.716667,-6.631113,0.118081,-0.031386,0.001698,0.001465,0.653113,0.757257
5.733333,-6.657709,0.122072,-0.031258,0.001850,0.001592,0.652236,0.758012
5.750000,-6.684305,0.126063,-0.031131,0.002045,0.001754,0.651114,0.758975
5.766667,-6.710884,0.130165,-0.030984,0.002278,0.001947,0.649772,0.760124
5.783333,-6.737551,0.134487,-0.030801,0.002497,0.002127,0.648517,0.761193
5.800000,-6.764218,0.138809,-0.030618,0.002656,0.002257,0.647604,0.761969
5.816667,-6.790885,0.143131,-0.030436,0.002876,0.002436,0.646344,0.763037
5.833333,-6.817523,0.147626,-0.030223,0.003121,0.002634,0.644943,0.764220
5.850000,-6.844246,0.152292,-0.029983,0.003338,0.002807,0.643703,0.765263
5.866667,-6.870969,0.156958,-0.029743,0.003505,0.002941,0.642749,0.766063
5.883333,-6.897691,0.161625,-0.029503,0.003753,0.003137,0.641328,0.767252
5.900000,-6.924370,0.166534,-0.029220,0.004010,0.003339,0.639862,0.768472
5.916667,-6.951132,0.171559,-0.028920,0.004223,0.003505,0.638644,0.769483
5.933333,-6.977895,0.176583,-0.028620,0.004410,0.003650,0.637574,0.770368
5.950000,-7.004658,0.181608,-0.028319,0.004678,0.003856,0.636039,0.771633
5.966667,-7.031356,0.186957,-0.027963,0.004947,0.004061,0.634505,0.772892
5.983333,-7.058142,0.192354,-0.027600,0.005154,0.004218,0.633322,0.773860
6.000000,-7.084928,0.197751,-0.027237,0.005372,0.004382,0.632075,0.774876
6.016667,-7.111703,0.203197,-0.026866,0.005652,0.004591,0.630470,0.776179
6.033333,-7.138495,0.208980,-0.026438,0.005933,0.004799,0.628865,0.777477
6.050000,-7.165287,0.214763,-0.026010,0.006131,0.004944,0.627731,0.778390
6.066667,-7.192078,0.220546,-0.025582,0.006383,0.005128,0.626291,0.779546
6.083333,-7.218839,0.226467,-0.025131,0.006676,0.005340,0.624614,0.780887
6.100000,-7.245619,0.232650,-0.024636,0.006957,0.005541,0.623008,0.782165
6.116667,-7.272399,0.238833,-0.024141,0.007157,0.005683,0.621866,0.783071
6.133333,-7.299178,0.245015,-0.023645,0.007445,0.005887,0.620212,0.784377
6.150000,-7.325901,0.251435,-0.023109,0.007751,0.006101,0.618462,0.785753
6.166667,-7.352650,0.258031,-0.022545,0.008022,0.006289,0.616912,0.786966
6.183333,-7.379400,0.264626,-0.021980,0.008241,0.006439,0.615659,0.787944
6.200000,-7.406149,0.271222,-0.021415,0.008560,0.006656,0.613834,0.789360
6.216667,-7.432809,0.278164,-0.020790,0.008879,0.006872,0.612009,0.790771
6.233333,-7.459509,0.285184,-0.020154,0.009137,0.007044,0.610533,0.791907
6.250000,-7.486209,0.292205,-0.019517,0.009395,0.007215,0.609055,0.793040
6.266667,-7.512898,0.299268,-0.018873,0.009727,0.007433,0.607155,0.794489
6.283333,-7.539529,0.306726,-0.018162,0.010059,0.007649,0.605253,0.795933
6.300000,-7.566160,0.314184,-0.017451,0.010301,0.007805,0.603866,0.796981
6.316667,-7.592791,0.321642,-0.016740,0.010601,0.007997,0.602146,0.798276
6.333333,-7.619376,0.329257,-0.016003,0.010946,0.008215,0.600169,0.799756
6.350000,-7.645917,0.337164,-0.015216,0.011281,0.008424,0.598252,0.801185
6.366667,-7.672459,0.345071,-0.014429,0.011516,0.008569,0.596907,0.802182
6.383333,-7.699000,0.352977,-0.013642,0.011861,0.008780,0.594928,0.803644
6.400000,-7.725454,0.361166,-0.012806,0.012219,0.008998,0.592872,0.805154
6.416667,-7.751885,0.369532,-0.011941,0.012537,0.009188,0.591052,0.806484
6.433333,-7.778316,0.377898,-0.011076,0.012802,0.009345,0.589532,0.807589
6.450000,-7.804747,0.386264,-0.010211,0.013173,0.009563,0.587400,0.809133
6.466667,-7.831041,0.395043,-0.009275,0.013545,0.009779,0.585263,0.810671
6.483333,-7.857340,0.403878,-0.008330,0.013843,0.009950,0.583557,0.811893
6.500000,-7.883639,0.412713,-0.007385,0.014153,0.010126,0.581774,0.813164
6.516667,-7.909910,0.421627,-0.006426,0.014538,0.010341,0.579561,0.814733
6.533333,-7.936056,0.430940,-0.005399,0.014924,0.010555,0.577344,0.816296
6.550000,-7.962201,0.440253,-0.004372,0.015198,0.010705,0.575767,0.817403
6.566667,-7.988346,0.449566,-0.003346,0.015555,0.010898,0.573707,0.818841
6.583333,-8.014412,0.459091,-0.002283,0.015952,0.011110,0.571410,0.820434
6.600000,-8.040380,0.468890,-0.001173,0.016329,0.011308,0.569234,0.821936
6.616667,-8.066348,0.478689,-0.000063,0.016598,0.011448,0.567675,0.823006
6.633333,-8.092317,0.488488,0.001047,0.017000,0.011655,0.565318,0.824616
6.650000,-8.118147,0.498636,0.002216,0.017408,0.011860,0.562932,0.826235
6.666667,-8.143919,0.508930,0.003410,0.017757,0.012034,0.560879,0.827620
6.683333,-8.169691,0.519225,0.004604,0.018064,0.012184,0.559059,0.828842
6.700000,-8.195463,0.529519,0.005798,0.018478,0.012383,0.556581,0.830496
6.716667,-8.221029,0.540306,0.007074,0.018893,0.012580,0.554098,0.832142
6.733333,-8.246588,0.551109,0.008352,0.019211,0.012728,0.552175,0.833410
6.750000,-8.272147,0.561912,0.009630,0.019559,0.012887,0.550046,0.834806
6.766667,-8.297653,0.572836,0.010928,0.019979,0.013076,0.547464,0.836489
6.783333,-8.322981,0.584159,0.012290,0.020399,0.013261,0.544876,0.838164
6.800000,-8.348309,0.595483,0.013652,0.020685,0.013385,0.543093,0.839311
6.816667,-8.373638,0.606807,0.015014,0.021076,0.013550,0.540631,0.840886
6.833333,-8.398842,0.618395,0.016418,0.021501,0.013727,0.537940,0.842597
6.850000,-8.423920,0.630253,0.017864,0.021895,0.013887,0.535445,0.844172
6.866667,-8.448998,0.642111,0.019310,0.022183,0.014002,0.533593,0.845335
6.883333,-8.474076,0.653969,0.020756,0.022614,0.014170,0.530793,0.847081
6.900000,-8.498948,0.666242,0.022265,0.023046,0.014335,0.527986,0.848819
6.916667,-8.523755,0.678646,0.023795,0.023407,0.014470,0.525623,0.850272
6.933333,-8.548562,0.691051,0.025325,0.023739,0.014590,0.523427,0.851615
6.950000,-8.573363,0.703468,0.026857,0.024176,0.014745,0.520507,0.853388
6.966667,-8.597877,0.716432,0.028470,0.024613,0.014897,0.517582,0.855150
6.983333,-8.622391,0.729396,0.030084,0.024941,0.015008,0.515366,0.856476
7.000000,-8.646905,0.742360,0.031697,0.025317,0.015131,0.512797,0.858003
7.016667,-8.671328,0.755488,0.033335,0.025760,0.015272,0.509754,0.859799
7.033333,-8.695525,0.769024,0.035032,0.026199,0.015409,0.506725,0.861572
7.050000,-8.719723,0.782559,0.036730,0.026496,0.015498,0.504653,0.862776
7.066667,-8.743920,0.796095,0.038427,0.026917,0.015621,0.501683,0.864492
7.083333,-8.767929,0.809953,0.040170,0.027365,0.015747,0.498511,0.866308
7.100000,-8.791784,0.824072,0.041951,0.027771,0.015858,0.495626,0.867947
7.116667,-8.815640,0.838190,0.043732,0.028086,0.015941,0.493362,0.869224
7.133333,-8.839496,0.852309,0.045512,0.028539,0.016056,0.490065,0.871071
7.150000,-8.863049,0.866916,0.047361,0.028991,0.016167,0.486760,0.872905
7.166667,-8.886537,0.881628,0.049225,0.029361,0.016253,0.484039,0.874403
7.183333,-8.910024,0.896341,0.051089,0.029721,0.016334,0.481359,0.875867
7.200000,-8.933475,0.911109,0.052961,0.030179,0.016432,0.477925,0.877728
7.216667,-8.956567,0.926426,0.054907,0.030635,0.016526,0.474484,0.879576
7.233333,-8.979659,0.941742,0.056854,0.030968,0.016591,0.471949,0.880925
7.250000,-9.002751,0.957058,0.058800,0.031374,0.016666,0.468823,0.882578
7.266667,-9.025687,0.972599,0.060777,0.031834,0.016746,0.465248,0.884449
7.283333,-9.048353,0.988527,0.062806,0.032280,0.016819,0.461774,0.886251
7.300000,-9.071020,1.004456,0.064834,0.032588,0.016867,0.459343,0.887501
7.316667,-9.093686,1.020385,0.066863,0.033039,0.016931,0.455740,0.889338
7.333333,-9.116060,1.036711,0.068944,0.033502,0.016992,0.452023,0.891215
7.350000,-9.138270,1.053259,0.071054,0.033908,0.017041,0.448739,0.892857
7.366667,-9.160481,1.069808,0.073164,0.034247,0.017079,0.445962,0.894233
7.383333,-9.182691,1.086356,0.075274,0.034712,0.017126,0.442130,0.896116
7.400000,-9.204454,1.103478,0.077458,0.035175,0.017168,0.438289,0.897981
7.416667,-9.226176,1.120652,0.079649,0.035539,0.017197,0.435243,0.899447
7.433333,-9.247899,1.137826,0.081839,0.035921,0.017225,0.432040,0.900974
7.450000,-9.269522,1.155120,0.084045,0.036385,0.017255,0.428143,0.902813
7.466667,-9.290732,1.172913,0.086315,0.036847,0.017280,0.424238,0.904636
7.483333,-9.311942,1.190706,0.088585,0.037168,0.017294,0.421518,0.905893
7.500000,-9.333151,1.208499,0.090855,0.037591,0.017312,0.417959,0.907523
7.516667,-9.354117,1.226570,0.093162,0.038052,0.017328,0.414061,0.909288
7.533333,-9.374805,1.244958,0.095511,0.038483,0.017338,0.410411,0.910923
7.550000,-9.395493,1.263345,0.097859,0.038791,0.017344,0.407812,0.912077
7.566667,-9.416181,1.281733,0.100208,0.039252,0.017353,0.403964,0.913768
7.583333,-9.436477,1.300541,0.102614,0.039710,0.017356,0.400108,0.915443
7.600000,-9.456637,1.319497,0.105041,0.040097,0.017356,0.396858,0.916840
7.616667,-9.476796,1.338453,0.107467,0.040445,0.017355,0.393956,0.918075
7.633333,-9.496949,1.357414,0.109895,0.040903,0.017352,0.390153,0.919678
7.650000,-9.516574,1.376913,0.112398,0.041359,0.017344,0.386342,0.921264
7.666667,-9.536199,1.396412,0.114902,0.041703,0.017337,0.383485,0.922442
7.683333,-9.555823,1.415911,0.117406,0.042090,0.017328,0.380290,0.923746
7.700000,-9.575297,1.435555,0.119931,0.042546,0.017314,0.376532,0.925264
7.716667,-9.594383,1.455572,0.122512,0.042998,0.017295,0.372781,0.926761
7.733333,-9.613468,1.475589,0.125093,0.043301,0.017283,0.370290,0.927746
7.750000,-9.632554,1.495606,0.127673,0.043728,0.017264,0.366812,0.929107
7.766667,-9.651342,1.515894,0.130295,0.044181,0.017239,0.363097,0.930544
7.783333,-9.669884,1.536406,0.132952,0.044591,0.017214,0.359729,0.931832
7.800000,-9.688426,1.556918,0.135609,0.044904,0.017194,0.357180,0.932797
7.816667,-9.706968,1.577430,0.138266,0.045358,0.017165,0.353514,0.934171
7.833333,-9.725067,1.598324,0.140984,0.045810,0.017131,0.349842,0.935531
7.850000,-9.743062,1.619308,0.143717,0.046179,0.017101,0.346845,0.936629
7.866667,-9.761057,1.640292,0.146450,0.046532,0.017072,0.344015,0.937655
7.883333,-9.779012,1.661308,0.149188,0.046984,0.017033,0.340389,0.938956
7.900000,-9.796457,1.682742,0.151997,0.047435,0.016989,0.336757,0.940243
7.916667,-9.813901,1.704175,0.154806,0.047764,0.016956,0.334119,0.941167
7.933333,-9.831346,1.725609,0.157614,0.048156,0.016917,0.331014,0.942244
7.950000,-9.848607,1.747185,0.160448,0.048607,0.016869,0.327426,0.943475
7.966667,-9.865499,1.769047,0.163332,0.049046,0.016818,0.323921,0.944662
7.983333,-9.882391,1.790909,0.166216,0.049347,0.016782,0.321541,0.945460
8.000000,-9.899282,1.812771,0.169101,0.049778,0.016732,0.318166,0.946580
8.016667,-9.915845,1.834875,0.172030,0.050230,0.016674,0.314613,0.947743
8.033333,-9.932182,1.857145,0.174990,0.050630,0.016621,0.311457,0.948765
8.050000,-9.948518,1.879416,0.177949,0.050948,0.016578,0.308972,0.949561
8.066667,-9.964855,1.901686,0.180909,0.051402,0.016516,0.305457,0.950674
8.083333,-9.980716,1.924287,0.183934,0.051854,0.016450,0.301937,0.951774
8.100000,-9.996495,1.946946,0.186969,0.052216,0.016395,0.299120,0.952645
8.116667,-10.012274,1.969604,0.190005,0.052575,0.016341,0.296358,0.953489
8.133333,-10.027991,1.992304,0.193049,0.053030,0.016271,0.292873,0.954541
8.150000,-10.043210,2.015332,0.196160,0.053482,0.016196,0.289383,0.955581
8.166667,-10.058429,2.038361,0.199272,0.053806,0.016142,0.286895,0.956313
8.183333,-10.073648,2.061389,0.202384,0.054207,0.016075,0.283855,0.957199
8.200000,-10.088658,2.084548,0.205524,0.054662,0.015996,0.280395,0.958194
8.216667,-10.103315,2.107928,0.208712,0.055098,0.015916,0.277061,0.959139
8.233333,-10.117972,2.131307,0.211899,0.055402,0.015860,0.274762,0.959784
8.250000,-10.132629,2.154687,0.215087,0.055843,0.015778,0.271437,0.960705
8.266667,-10.146928,2.178279,0.218324,0.056297,0.015689,0.267993,0.961647
8.283333,-10.161019,2.201994,0.221588,0.056693,0.015608,0.264977,0.962460
8.300000,-10.175111,2.225708,0.224852,0.057021,0.015541,0.262497,0.963121
8.316667,-10.189203,2.249422,0.228117,0.057475,0.015446,0.259066,0.964024
8.333333,-10.202782,2.273424,0.231449,0.057926,0.015346,0.255632,0.964915
8.350000,-10.216303,2.297457,0.234789,0.058281,0.015266,0.252925,0.965608
8.366667,-10.229825,2.321491,0.238130,0.058646,0.015181,0.250143,0.966312
8.383333,-10.243251,2.345575,0.241482,0.059096,0.015075,0.246716,0.967167
8.400000,-10.256198,2.369913,0.244897,0.059542,0.014964,0.243285,0.968010
8.416667,-10.269144,2.394251,0.248312,0.059854,0.014886,0.240886,0.968592
8.433333,-10.282091,2.418589,0.251728,0.060256,0.014782,0.237801,0.969330
8.450000,-10.294786,2.443052,0.255175,0.060701,0.014665,0.234377,0.970138
8.466667,-10.307153,2.467679,0.258664,0.061117,0.014550,0.231141,0.970890
8.483333,-10.319520,2.492306,0.262154,0.061412,0.014468,0.228860,0.971413
8.500000,-10.331887,2.516933,0.265643,0.061850,0.014344,0.225471,0.972179
8.516667,-10.343843,2.541753,0.269184,0.062289,0.014216,0.222051,0.972940
8.533333,-10.355626,2.566654,0.272747,0.062662,0.014104,0.219125,0.973580
8.550000,-10.367410,2.591555,0.276310,0.062990,0.014004,0.216569,0.974133
8.566667,-10.379193,2.616456,0.279873,0.063426,0.013868,0.213154,0.974859
8.583333,-10.390404,2.641610,0.283507,0.063859,0.013729,0.209736,0.975574
8.600000,-10.401599,2.666770,0.287143,0.064190,0.013621,0.207122,0.976112
8.616667,-10.412795,2.691930,0.290779,0.064553,0.013500,0.204261,0.976692
8.633333,-10.423845,2.717151,0.294432,0.064984,0.013354,0.200849,0.977373
8.650000,-10.434449,2.742556,0.298140,0.065412,0.013204,0.197434,0.978042
8.666667,-10.445053,2.767961,0.301847,0.065700,0.013102,0.195131,0.978486
8.683333,-10.455658,2.793366,0.305555,0.066098,0.012960,0.191966,0.979087
8.700000,-10.465955,2.818889,0.309299,0.066523,0.012803,0.188557,0.979723
8.716667,-10.475964,2.844524,0.313078,0.066911,0.012656,0.185424,0.980296
8.733333,-10.485973,2.870159,0.316857,0.067200,0.012545,0.183088,0.980717
8.750000,-10.495982,2.895794,0.320636,0.067623,0.012382,0.179683,0.981319
8.766667,-10.505520,2.921598,0.324471,0.068042,0.012215,0.176275,0.981910
8.783333,-10.514931,2.947448,0.328320,0.068387,0.012075,0.173454,0.982391
8.800000,-10.524342,2.973298,0.332170,0.068711,0.011942,0.170814,0.982832
8.816667,-10.533719,2.999159,0.336023,0.069128,0.011768,0.167411,0.983390
8.833333,-10.542528,3.025210,0.339942,0.069541,0.011591,0.164004,0.983937
8.850000,-10.551337,3.051261,0.343861,0.069845,0.011459,0.161492,0.984333
8.866667,-10.560146,3.077311,0.347781,0.070201,0.011302,0.158551,0.984787
8.883333,-10.568759,3.103423,0.351722,0.070611,0.011119,0.155148,0.985302
8.900000,-10.576964,3.129660,0.355710,0.071010,0.010935,0.151807,0.985795
8.916667,-10.585169,3.155897,0.359699,0.071282,0.010809,0.149538,0.986124
8.933333,-10.593373,3.182134,0.363687,0.071670,0.010628,0.146295,0.986584
8.950000,-10.601218,3.208473,0.367716,0.072073,0.010434,0.142893,0.987055
8.966667,-10.608815,3.234882,0.371772,0.072431,0.010259,0.139858,0.987466
8.983333,-10.616413,3.261290,0.375829,0.072715,0.010118,0.137448,0.987785
9.000000,-10.624010,3.287699,0.379885,0.073116,0.009918,0.134046,0.988224
9.016667,-10.631083,3.314244,0.384000,0.073513,0.009714,0.130642,0.988653
9.033333,-10.638071,3.340810,0.388124,0.073831,0.009549,0.127912,0.988988
9.050000,-10.645059,3.367376,0.392248,0.074146,0.009383,0.125200,0.989312
9.066667,-10.651970,3.393961,0.396380,0.074542,0.009173,0.121793,0.989710
9.083333,-10.658344,3.420670,0.400571,0.074934,0.008960,0.118383,0.990096
9.100000,-10.664719,3.447380,0.404762,0.075214,0.008806,0.115950,0.990364
9.116667,-10.671094,3.474089,0.408953,0.075563,0.008613,0.112929,0.990688
9.133333,-10.677229,3.500849,0.413170,0.075955,0.008393,0.109508,0.991044
9.150000,-10.682986,3.527688,0.417427,0.076327,0.008179,0.106227,0.991374
9.166667,-10.688744,3.554527,0.421685,0.076588,0.008028,0.103940,0.991598
9.183333,-10.694501,3.581366,0.425943,0.076971,0.007806,0.100600,0.991914
9.200000,-10.699852,3.608280,0.430244,0.077361,0.007575,0.097157,0.992229
9.216667,-10.704986,3.635235,0.434569,0.077699,0.007371,0.094157,0.992493
9.233333,-10.710119,3.662189,0.438894,0.077982,0.007200,0.091652,0.992707
9.250000,-10.715253,3.689144,0.443219,0.078375,0.006960,0.088185,0.992992
9.266667,-10.719812,3.716191,0.447606,0.078764,0.006718,0.084716,0.993264
9.283333,-10.724315,3.743247,0.451998,0.079068,0.006526,0.081995,0.993470
9.300000,-10.728819,3.770303,0.456390,0.079386,0.006324,0.079162,0.993676
9.316667,-10.733212,3.797374,0.460794,0.079776,0.006073,0.075666,0.993918
9.333333,-10.737079,3.824518,0.465254,0.080163,0.005819,0.072169,0.994149
9.350000,-10.740946,3.851661,0.469714,0.080433,0.005640,0.069726,0.994302
9.366667,-10.744813,3.878804,0.474174,0.080785,0.005407,0.066557,0.994492
9.383333,-10.748400,3.905979,0.478663,0.081173,0.005144,0.063029,0.994692
9.400000,-10.751623,3.933195,0.483191,0.081535,0.004893,0.059702,0.994869
9.416667,-10.754846,3.960411,0.487719,0.081793,0.004714,0.057339,0.994987
9.433333,-10.758069,3.987628,0.492247,0.082178,0.004445,0.053822,0.995153
9.450000,-10.760838,4.014884,0.496822,0.082564,0.004169,0.050258,0.995309
9.466667,-10.763410,4.042158,0.501418,0.082891,0.003931,0.047207,0.995432
9.483333,-10.765983,4.069432,0.506014,0.083178,0.003722,0.044542,0.995532
9.500000,-10.768555,4.096706,0.510609,0.083565,0.003436,0.040942,0.995655
9.516667,-10.770493,4.124021,0.515271,0.083947,0.003148,0.037341,0.995765
9.533333,-10.772407,4.151337,0.519935,0.084240,0.002924,0.034569,0.995841
9.550000,-10.774320,4.178654,0.524599,0.084560,0.002678,0.031545,0.995915
9.566667,-10.776081,4.205976,0.529278,0.084943,0.002380,0.027904,0.995992
9.583333,-10.777328,4.233320,0.534011,0.085320,0.002078,0.024262,0.996056
9.600000,-10.778576,4.260663,0.538743,0.085578,0.001871,0.021776,0.996092
9.616667,-10.779823,4.288006,0.543475,0.085931,0.001586,0.018380,0.996130
9.633333,-10.780734,4.315355,0.548241,0.086309,0.001273,0.014696,0.996159
9.650000,-10.781307,4.342709,0.553042,0.086654,0.000982,0.011289,0.996174
9.666667,-10.781880,4.370062,0.557842,0.086910,0.000765,0.008764,0.996177
9.683333,-10.782452,4.397416,0.562643,0.087289,0.000441,0.005034,0.996170
9.700000,-10.782500,4.424765,0.567495,0.087661,0.000115,0.001303,0.996149
9.716667,-10.782390,4.452113,0.572364,0.087970,-0.000160,-0.001816,0.996121
9.733333,-10.782280,4.479460,0.577233,0.088258,-0.000419,-0.004726,0.996086
9.750000,-10.782141,4.506807,0.582104,0.088630,-0.000757,-0.008504,0.996028
9.766667,-10.781340,4.534131,0.587041,0.088995,-0.001098,-0.012283,0.995956
9.783333,-10.780538,4.561455,0.591978,0.089267,-0.001354,-0.015107,0.995892
9.800000,-10.779737,4.588778,0.596914,0.089586,-0.001657,-0.018415,0.995807
9.816667,-10.778713,4.616089,0.601873,0.089950,-0.002009,-0.022241,0.995696
9.833333,-10.777212,4.643371,0.606877,0.090303,-0.002360,-0.026013,0.995572
9.850000,-10.775712,4.670653,0.611882,0.090542,-0.002599,-0.028580,0.995479
9.866667,-10.774211,4.697935,0.616886,0.090887,-0.002945,-0.032254,0.995334
9.883333,-10.772288,4.725181,0.621931,0.091240,-0.003308,-0.036078,0.995170
9.900000,-10.770081,4.752402,0.627003,0.091551,-0.003634,-0.039494,0.995010
9.916667,-10.767874,4.779624,0.632074,0.091802,-0.003897,-0.042237,0.994874
9.933333,-10.765667,4.806845,0.637146,0.092145,-0.004259,-0.045970,0.994675
9.950000,-10.762856,4.833999,0.642276,0.092482,-0.004622,-0.049703,0.994462
9.966667,-10.759963,4.861144,0.647413,0.092749,-0.004913,-0.052663,0.994284
9.983333,-10.757070,4.888289,0.652550,0.093019,-0.005203,-0.055605,0.994097
10.000000,-10.754071,4.915420,0.657697,0.093345,-0.005556,-0.059160,0.993859
10.016667,-10.750533,4.942476,0.662898,0.093665,-0.005912,-0.062715,0.993609
10.033333,-10.746994,4.969532,0.668098,0.093889,-0.006158,-0.065163,0.993429
10.050000,-10.743456,4.996588,0.673298,0.094175,-0.006469,-0.068222,0.993194
10.066667,-10.739646,5.023601,0.678525,0.094485,-0.006809,-0.071559,0.992928
10.083333,-10.735504,5.050560,0.683786,0.094773,-0.007132,-0.074700,0.992667
10.100000,-10.731362,5.077518,0.689047,0.094976,-0.007356,-0.076865,0.992480
10.116667,-10.727220,5.104477,0.694308,0.095278,-0.007681,-0.079983,0.992203
10.133333,-10.722666,5.131359,0.699612,0.095575,-0.008007,-0.083100,0.991915
10.150000,-10.717961,5.158214,0.704932,0.095825,-0.008283,-0.085717,0.991666
10.166667,-10.713257,5.185069,0.710252,0.096050,-0.008524,-0.087983,0.991444
10.183333,-10.708545,5.211922,0.715572,0.096341,-0.008834,-0.090881,0.991151
10.200000,-10.703320,5.238668,0.720950,0.096629,-0.009145,-0.093778,0.990851
10.216667,-10.698094,5.265415,0.726328,0.096846,-0.009377,-0.095915,0.990623
10.233333,-10.692869,5.292162,0.731705,0.097092,-0.009631,-0.098239,0.990368
10.250000,-10.687504,5.318876,0.737100,0.097377,-0.009926,-0.100918,0.990068
10.266667,-10.681799,5.345513,0.742535,0.097657,-0.010220,-0.103583,0.989762
10.283333,-10.676094,5.372150,0.747969,0.097845,-0.010411,-0.105295,0.989561
10.300000,-10.670389,5.398787,0.753404,0.098115,-0.010675,-0.107637,0.989279
10.316667,-10.664435,5.425362,0.758871,0.098396,-0.010954,-0.110098,0.988978
10.333333,-10.658292,5.451889,0.764362,0.098648,-0.011204,-0.112297,0.988702
10.350000,-10.652148,5.478416,0.769854,0.098847,-0.011394,-0.113941,0.988492
10.366667,-10.646004,5.504944,0.775345,0.099130,-0.011655,-0.116185,0.988200
10.383333,-10.639525,5.531381,0.780884,0.099411,-0.011917,-0.118429,0.987902
10.400000,-10.632983,5.557801,0.786432,0.099639,-0.012127,-0.120207,0.987662
10.416667,-10.626440,5.584221,0.791980,0.099864,-0.012325,-0.121862,0.987433
10.433333,-10.619857,5.610630,0.797534,0.100149,-0.012569,-0.123892,0.987149
10.450000,-10.612956,5.636946,0.803139,0.100432,-0.012815,-0.125922,0.986860
10.466667,-10.606054,5.663263,0.808744,0.100637,-0.012987,-0.127322,0.986657
10.483333,-10.599153,5.689579,0.814349,0.100893,-0.013189,-0.128952,0.986417
10.500000,-10.592129,5.715858,0.819976,0.101182,-0.013417,-0.130769,0.986145
10.516667,-10.584907,5.742076,0.825638,0.101459,-0.013637,-0.132510,0.985881
10.533333,-10.577686,5.768294,0.831301,0.101654,-0.013783,-0.133651,0.985705
10.550000,-10.570464,5.794513,0.836963,0.101942,-0.013988,-0.135219,0.985458
10.566667,-10.563059,5.820671,0.842664,0.102238,-0.014199,-0.136826,0.985203
10.583333,-10.555555,5.846797,0.848385,0.102496,-0.014381,-0.138201,0.984981
10.600000,-10.548052,5.872923,0.854106,0.102716,-0.014527,-0.139277,0.984805
10.616667,-10.540548,5.899049,0.859827,0.103022,-0.014720,-0.140675,0.984571
10.633333,-10.532820,5.925097,0.865603,0.103326,-0.014913,-0.142073,0.984336
10.650000,-10.525073,5.951139,0.871384,0.103566,-0.015061,-0.143123,0.984156
10.666667,-10.517325,5.977180,0.877165,0.103822,-0.015209,-0.144145,0.983978
10.683333,-10.509538,6.003207,0.882958,0.104136,-0.015386,-0.145354,0.983764
10.700000,-10.501584,6.029173,0.888801,0.104448,-0.015564,-0.146562,0.983549
10.716667,-10.493629,6.055138,0.894643,0.104668,-0.015682,-0.147343,0.983407
10.733333,-10.485674,6.081103,0.900486,0.104958,-0.015833,-0.148318,0.983227
10.750000,-10.477637,6.107036,0.906357,0.105275,-0.015997,-0.149378,0.983030
10.766667,-10.469503,6.132932,0.912261,0.105572,-0.016151,-0.150364,0.982845
10.783333,-10.461369,6.158827,0.918166,0.105785,-0.016258,-0.151030,0.982718
10.800000,-10.453235,6.184723,0.924070,0.106102,-0.016412,-0.151984,0.982534
10.816667,-10.444981,6.210570,0.930020,0.106418,-0.016568,-0.152937,0.982350
10.833333,-10.436683,6.236399,0.935985,0.106684,-0.016698,-0.153732,0.982194
10.850000,-10.428385,6.262228,0.941951,0.106924,-0.016812,-0.154417,0.982059
10.866667,-10.420085,6.288057,0.947918,0.107236,-0.016960,-0.155289,0.981885
10.883333,-10.411637,6.313824,0.953944,0.107548,-0.017108,-0.156160,0.981710
10.900000,-10.403190,6.339591,0.959970,0.107782,-0.017217,-0.156799,0.981581
10.916667,-10.394742,6.365358,0.965996,0.108047,-0.017338,-0.157489,0.981439
10.933333,-10.386255,6.391107,0.972039,0.108355,-0.017478,-0.158280,0.981275
10.950000,-10.377672,6.416816,0.978124,0.108661,-0.017617,-0.159068,0.981112
10.966667,-10.369089,6.442524,0.984210,0.108865,-0.017708,-0.159569,0.981006
10.983333,-10.360506,6.468232,0.990295,0.109155,-0.017833,-0.160248,0.980861
11.000000,-10.351854,6.493909,0.996414,0.109459,-0.017965,-0.160959,0.980708
11.016667,-10.343151,6.519562,1.002557,0.109733,-0.018083,-0.161592,0.980571
11.033333,-10.334447,6.545216,1.008701,0.109948,-0.018174,-0.162064,0.980467
11.050000,-10.325744,6.570870,1.014845,0.110249,-0.018297,-0.162693,0.980327
11.066667,-10.316949,6.596480,1.021038,0.110550,-0.018420,-0.163323,0.980186
11.083333,-10.308139,6.622084,1.027239,0.110792,-0.018519,-0.163816,0.980075
11.100000,-10.299329,6.647687,1.033440,0.111033,-0.018613,-0.164274,0.979969
11.116667,-10.290506,6.673284,1.039649,0.111331,-0.018727,-0.164822,0.979841
11.133333,-10.281604,6.698842,1.045907,0.111628,-0.018842,-0.165370,0.979713
11.150000,-10.272701,6.724399,1.052165,0.111840,-0.018922,-0.165739,0.979625
11.166667,-10.263799,6.749957,1.058423,0.112106,-0.019018,-0.166168,0.979520
11.183333,-10.254864,6.775497,1.064705,0.112400,-0.019124,-0.166634,0.979405
11.200000,-10.245884,6.801014,1.071019,0.112681,-0.019224,-0.167075,0.979295
11.216667,-10.236904,6.826530,1.077333,0.112876,-0.019292,-0.167358,0.979223
11.233333,-10.227924,6.852047,1.083647,0.113168,-0.019388,-0.167742,0.979122
11.250000,-10.218899,6.877538,1.090000,0.113459,-0.019484,-0.168127,0.979020
11.266667,-10.209856,6.903019,1.096369,0.113709,-0.019566,-0.168446,0.978935
11.283333,-10.200812,6.928499,1.102738,0.113930,-0.019634,-0.168696,0.978865
11.300000,-10.191769,6.953979,1.109107,0.114219,-0.019721,-0.168998,0.978777
11.316667,-10.182676,6.979429,1.115530,0.114508,-0.019808,-0.169301,0.978689
11.333333,-10.173583,7.004878,1.121953,0.114728,-0.019873,-0.169513,0.978625
11.350000,-10.164491,7.030328,1.128377,0.114974,-0.019940,-0.169714,0.978560
11.366667,-10.155388,7.055769,1.134815,0.115261,-0.020017,-0.169935,0.978487
11.383333,-10.146260,7.081193,1.141292,0.115547,-0.020095,-0.170155,0.978413
11.400000,-10.137133,7.106616,1.147770,0.115738,-0.020143,-0.170276,0.978369
11.416667,-10.128005,7.132039,1.154247,0.116009,-0.020207,-0.170412,0.978312
11.433333,-10.118865,7.157450,1.160754,0.116293,-0.020275,-0.170550,0.978252
11.450000,-10.109717,7.182852,1.167284,0.116550,-0.020335,-0.170669,0.978200
11.466667,-10.100569,7.208255,1.173814,0.116752,-0.020378,-0.170733,0.978164
11.483333,-10.091420,7.233657,1.180343,0.117034,-0.020436,-0.170794,0.978118
11.500000,-10.082266,7.259045,1.186918,0.117316,-0.020493,-0.170854,0.978072
11.516667,-10.073111,7.284432,1.193500,0.117545,-0.020538,-0.170889,0.978038
11.533333,-10.063956,7.309818,1.200082,0.117771,-0.020580,-0.170900,0.978008
11.550000,-10.054802,7.335203,1.206671,0.118051,-0.020630,-0.170908,0.977972
11.566667,-10.045652,7.360578,1.213305,0.118331,-0.020681,-0.170916,0.977936
11.583333,-10.036503,7.385953,1.219938,0.118531,-0.020715,-0.170907,0.977912
11.600000,-10.027354,7.411328,1.226572,0.118782,-0.020758,-0.170894,0.977883
11.616667,-10.018207,7.436698,1.233227,0.119060,-0.020806,-0.170881,0.977850
11.633333,-10.009064,7.462062,1.239912,0.119325,-0.020851,-0.170868,0.977819
11.650000,-9.999922,7.487426,1.246596,0.119510,-0.020883,-0.170859,0.977798
11.666667,-9.990779,7.512790,1.253281,0.119785,-0.020931,-0.170853,0.977764
11.683333,-9.981640,7.538146,1.260001,0.120062,-0.020979,-0.170847,0.977730
11.700000,-9.972501,7.563498,1.266737,0.120298,-0.021021,-0.170844,0.977701
11.716667,-9.963363,7.588850,1.273472,0.120507,-0.021058,-0.170846,0.977674
11.733333,-9.954225,7.614202,1.280207,0.120781,-0.021108,-0.170854,0.977638
11.750000,-9.945088,7.639542,1.286993,0.121055,-0.021158,-0.170862,0.977601
11.766667,-9.935952,7.664881,1.293779,0.121265,-0.021196,-0.170872,0.977573
11.783333,-9.926815,7.690221,1.300564,0.121497,-0.021239,-0.170888,0.977540
11.800000,-9.917679,7.715556,1.307364,0.121770,-0.021291,-0.170910,0.977501
11.816667,-9.908542,7.740882,1.314200,0.122042,-0.021342,-0.170933,0.977462
11.833333,-9.899405,7.766208,1.321036,0.122224,-0.021377,-0.170952,0.977435
11.850000,-9.890268,7.791533,1.327872,0.122480,-0.021427,-0.170986,0.977396
11.866667,-9.881129,7.816851,1.334735,0.122751,-0.021479,-0.171022,0.977355
11.883333,-9.871989,7.842162,1.341621,0.122996,-0.021528,-0.171056,0.977317
11.900000,-9.862849,7.867473,1.348507,0.123187,-0.021566,-0.171088,0.977286
11.916667,-9.853710,7.892784,1.355393,0.123456,-0.021620,-0.171138,0.977243
11.933333,-9.844565,7.918082,1.362320,0.123724,-0.021674,-0.171189,0.977198
11.950000,-9.835420,7.943378,1.369256,0.123943,-0.021719,-0.171233,0.977162
11.966667,-9.826274,7.968674,1.376191,0.124157,-0.021764,-0.171282,0.977125
11.983333,-9.817128,7.993967,1.383132,0.124424,-0.021820,-0.171346,0.977079
12.000000,-9.807975,8.019246,1.390117,0.124691,-0.021876,-0.171411,0.977032
12.016667,-9.798822,8.044526,1.397101,0.124882,-0.021917,-0.171462,0.976998
12.033333,-9.789668,8.069805,1.404086,0.125120,-0.021968,-0.171531,0.976954
12.050000,-9.780511,8.095077,1.411090,0.125385,-0.022026,-0.171610,0.976905
12.066667,-9.771347,8.120339,1.418124,0.125639,-0.022081,-0.171686,0.976858
12.083333,-9.762184,8.145601,1.425157,0.125815,-0.022121,-0.171743,0.976824
12.100000,-9.753020,8.170863,1.432191,0.126076,-0.022179,-0.171836,0.976773
12.116667,-9.743848,8.196112,1.439258,0.126339,-0.022239,-0.171929,0.976721
12.133333,-9.734672,8.221356,1.446340,0.126566,-0.022291,-0.172011,0.976676
12.150000,-9.725495,8.246599,1.453422,0.126763,-0.022336,-0.172088,0.976636
12.166667,-9.716319,8.271843,1.460505,0.127024,-0.022397,-0.172196,0.976582
12.183333,-9.707128,8.297068,1.467634,0.127285,-0.022459,-0.172303,0.976527
12.200000,-9.697937,8.322293,1.474764,0.127486,-0.022506,-0.172389,0.976485
12.216667,-9.688745,8.347517,1.481895,0.127706,-0.022559,-0.172490,0.976437
12.233333,-9.679550,8.372737,1.489038,0.127965,-0.022623,-0.172612,0.976380
12.250000,-9.670340,8.397941,1.496216,0.128224,-0.022686,-0.172733,0.976323
12.266667,-9.661131,8.423146,1.503395,0.128399,-0.022729,-0.172820,0.976284
12.283333,-9.651922,8.448350,1.510573,0.128641,-0.022790,-0.172947,0.976228
12.300000,-9.642703,8.473544,1.517778,0.128899,-0.022855,-0.173083,0.976169
12.316667,-9.633474,8.498727,1.525004,0.129134,-0.022915,-0.173209,0.976114
12.333333,-9.624245,8.523910,1.532231,0.129314,-0.022961,-0.173309,0.976071
12.350000,-9.615015,8.549094,1.539457,0.129570,-0.023027,-0.173457,0.976009
12.366667,-9.605768,8.574260,1.546722,0.129825,-0.023094,-0.173604,0.975948
12.383333,-9.596517,8.599421,1.553996,0.130035,-0.023149,-0.173727,0.975897
12.400000,-9.587265,8.624583,1.561270,0.130237,-0.023202,-0.173848,0.975847
12.416667,-9.578011,8.649742,1.568549,0.130490,-0.023269,-0.174001,0.975784
12.433333,-9.568736,8.674881,1.575870,0.130744,-0.023336,-0.174153,0.975721
12.450000,-9.559461,8.700021,1.583191,0.130928,-0.023385,-0.174264,0.975676
12.466667,-9.550186,8.725160,1.590512,0.131152,-0.023444,-0.174399,0.975620
12.483333,-9.540903,8.750291,1.597851,0.131404,-0.023511,-0.174549,0.975558
12.500000,-9.531605,8.775408,1.605219,0.131647,-0.023576,-0.174695,0.975497
12.516667,-9.522308,8.800525,1.612587,0.131814,-0.023620,-0.174793,0.975456
12.533333,-9.513010,8.825642,1.619955,0.132060,-0.023685,-0.174935,0.975396
12.550000,-9.503699,8.850745,1.627353,0.132309,-0.023751,-0.175080,0.975334
12.566667,-9.494380,8.875841,1.634768,0.132527,-0.023808,-0.175205,0.975281
12.583333,-9.485061,8.900937,1.642182,0.132712,-0.023856,-0.175310,0.975236
12.600000,-9.475742,8.926032,1.649596,0.132959,-0.023921,-0.175449,0.975176
12.616667,-9.466404,8.951108,1.657054,0.133207,-0.023986,-0.175587,0.975115
12.633333,-9.457065,8.976182,1.664514,0.133399,-0.024037,-0.175693,0.975069
12.650000,-9.447726,9.001257,1.671974,0.133606,-0.024090,-0.175805,0.975019
12.666667,-9.438382,9.026326,1.679445,0.133851,-0.024154,-0.175938,0.974960
12.683333,-9.429023,9.051380,1.686951,0.134097,-0.024218,-0.176070,0.974900
12.700000,-9.419665,9.076434,1.694457,0.134265,-0.024262,-0.176159,0.974860
12.716667,-9.410306,9.101487,1.701963,0.134492,-0.024321,-0.176277,0.974806
12.733333,-9.400938,9.126531,1.709492,0.134736,-0.024384,-0.176403,0.974748
12.750000,-9.391562,9.151564,1.717043,0.134961,-0.024442,-0.176519,0.974695
12.766667,-9.382185,9.176597,1.724594,0.135129,-0.024485,-0.176604,0.974655
12.783333,-9.372808,9.201630,1.732145,0.135371,-0.024547,-0.176724,0.974598
12.800000,-9.363418,9.226648,1.739731,0.135613,-0.024609,-0.176844,0.974541
12.816667,-9.354024,9.251661,1.747327,0.135813,-0.024660,-0.176942,0.974494
12.833333,-9.344630,9.276674,1.754923,0.136002,-0.024708,-0.177033,0.974450
12.850000,-9.335235,9.301686,1.762522,0.136242,-0.024769,-0.177147,0.974394
12.866667,-9.325825,9.326680,1.770162,0.136482,-0.024830,-0.177261,0.974338
12.883333,-9.316415,9.351674,1.777802,0.136657,-0.024874,-0.177343,0.974298
12.900000,-9.307005,9.376667,1.785443,0.136867,-0.024927,-0.177438,0.974249
12.916667,-9.297590,9.401654,1.793099,0.137105,-0.024987,-0.177546,0.974195
12.933333,-9.288165,9.426629,1.800783,0.137337,-0.025046,-0.177650,0.974142
12.950000,-9.278740,9.451603,1.808467,0.137495,-0.025085,-0.177720,0.974106
12.966667,-9.269315,9.476578,1.816151,0.137725,-0.025143,-0.177819,0.974053
12.983333,-9.259881,9.501540,1.823864,0.137961,-0.025201,-0.177921,0.974000
13.000000,-9.250442,9.526496,1.831591,0.138168,-0.025253,-0.178009,0.973953
13.016667,-9.241003,9.551452,1.839319,0.138341,-0.025296,-0.178081,0.973914
13.033333,-9.231565,9.576408,1.847047,0.138575,-0.025354,-0.178176,0.973862
13.050000,-9.222114,9.601347,1.854815,0.138809,-0.025411,-0.178271,0.973810
13.066667,-9.212662,9.626284,1.862586,0.138992,-0.025456,-0.178345,0.973769
13.083333,-9.203210,9.651222,1.870357,0.139186,-0.025504,-0.178420,0.973726
13.100000,-9.193756,9.676155,1.878137,0.139418,-0.025560,-0.178509,0.973675
13.116667,-9.184293,9.701075,1.885951,0.139650,-0.025617,-0.178598,0.973624
13.133333,-9.174829,9.725995,1.893764,0.139810,-0.025656,-0.178657,0.973590
13.150000,-9.165365,9.750915,1.901578,0.140023,-0.025707,-0.178735,0.973543
13.166667,-9.155897,9.775826,1.909413,0.140253,-0.025763,-0.178818,0.973494
13.183333,-9.146422,9.800728,1.917269,0.140467,-0.025814,-0.178894,0.973447
13.200000,-9.136948,9.825630,1.925126,0.140624,-0.025852,-0.178949,0.973413
13.216667,-9.127474,9.850532,1.932982,0.140853,-0.025906,-0.179027,0.973365
13.233333,-9.117992,9.875421,1.940871,0.141081,-0.025961,-0.179105,0.973316
13.250000,-9.108508,9.900307,1.948769,0.141271,-0.026007,-0.179170,0.973275
13.266667,-9.099024,9.925192,1.956667,0.141448,-0.026049,-0.179229,0.973237
13.283333,-9.089539,9.950076,1.964568,0.141675,-0.026103,-0.179304,0.973189
13.300000,-9.080046,9.974944,1.972508,0.141901,-0.026157,-0.179379,0.973141
13.316667,-9.070553,9.999813,1.980448,0.142068,-0.026197,-0.179435,0.973105
13.333333,-9.061059,10.024681,1.988388,0.142265,-0.026243,-0.179500,0.973063
13.350000,-9.051563,10.049544,1.996342,0.142490,-0.026297,-0.179574,0.973015
13.366667,-9.042060,10.074396,2.004324,0.142710,-0.026349,-0.179646,0.972968
13.383333,-9.032557,10.099247,2.012305,0.142859,-0.026385,-0.179695,0.972936
13.400000,-9.023055,10.124099,2.020286,0.143075,-0.026437,-0.179766,0.972890
13.416667,-9.013546,10.148940,2.028293,0.143298,-0.026490,-0.179840,0.972842
13.433333,-9.004035,10.173775,2.036316,0.143495,-0.026537,-0.179904,0.972800
13.450000,-8.994523,10.198610,2.044338,0.143657,-0.026576,-0.179958,0.972765
13.466667,-8.985011,10.223445,2.052360,0.143878,-0.026629,-0.180030,0.972717
13.483333,-8.975491,10.248265,2.060420,0.144099,-0.026682,-0.180103,0.972670
13.500000,-8.965971,10.273083,2.068483,0.144273,-0.026724,-0.180160,0.972632
13.516667,-8.956450,10.297901,2.076545,0.144454,-0.026767,-0.180220,0.972593
13.533333,-8.946927,10.322716,2.084616,0.144673,-0.026820,-0.180292,0.972546
13.550000,-8.937398,10.347518,2.092720,0.144892,-0.026872,-0.180363,0.972498
13.566667,-8.927868,10.372320,2.100823,0.145044,-0.026909,-0.180413,0.972465
13.583333,-8.918339,10.397122,2.108926,0.145244,-0.026957,-0.180479,0.972422
13.600000,-8.908805,10.421916,2.117048,0.145462,-0.027009,-0.180550,0.972375
13.616667,-8.899267,10.446701,2.125192,0.145665,-0.027058,-0.180617,0.972331
13.633333,-8.889728,10.471486,2.133335,0.145812,-0.027094,-0.180665,0.972299
13.650000,-8.880190,10.496272,2.141478,0.146028,-0.027146,-0.180736,0.972252
13.666667,-8.870645,10.521045,2.149651,0.146243,-0.027198,-0.180806,0.972205
13.683333,-8.861098,10.545814,2.157834,0.146424,-0.027241,-0.180865,0.972165
13.700000,-8.851551,10.570583,2.166017,0.146590,-0.027281,-0.180920,0.972129
13.716667,-8.842004,10.595351,2.174202,0.146804,-0.027333,-0.180989,0.972082
13.733333,-8.832448,10.620103,2.182424,0.147018,-0.027385,-0.181059,0.972036
13.750000,-8.822893,10.644856,2.190646,0.147176,-0.027423,-0.181111,0.972001
13.766667,-8.813337,10.669609,2.198868,0.147361,-0.027468,-0.181171,0.971960
13.783333,-8.803779,10.694356,2.207103,0.147573,-0.027519,-0.181241,0.971914
13.800000,-8.794215,10.719093,2.215364,0.147782,-0.027570,-0.181309,0.971868
13.816667,-8.784651,10.743829,2.223625,0.147922,-0.027604,-0.181354,0.971837
13.833333,-8.775087,10.768565,2.231886,0.148125,-0.027653,-0.181421,0.971793
13.850000,-8.765518,10.793292,2.240171,0.148335,-0.027704,-0.181489,0.971746
13.866667,-8.755946,10.818012,2.248470,0.148522,-0.027749,-0.181550,0.971705
13.883333,-8.746374,10.842733,2.256770,0.148674,-0.027786,-0.181599,0.971672
13.900000,-8.736802,10.867453,2.265069,0.148882,-0.027837,-0.181667,0.971626
13.916667,-8.727222,10.892159,2.273403,0.149090,-0.027887,-0.181735,0.971580
13.933333,-8.717642,10.916863,2.281741,0.149256,-0.027928,-0.181789,0.971543
13.950000,-8.708061,10.941568,2.290079,0.149425,-0.027969,-0.181844,0.971505
13.966667,-8.698480,10.966269,2.298424,0.149632,-0.028019,-0.181911,0.971460
13.983333,-8.688891,10.990957,2.306800,0.149838,-0.028070,-0.181978,0.971414
14.000000,-8.679303,11.015646,2.315175,0.149983,-0.028105,-0.182025,0.971382
14.016667,-8.669714,11.040334,2.323551,0.150170,-0.028151,-0.182085,0.971340
14.033333,-8.660122,11.065015,2.331944,0.150375,-0.028200,-0.182152,0.971295
14.050000,-8.650526,11.089687,2.340358,0.150567,-0.028247,-0.182214,0.971252
14.066667,-8.640930,11.114360,2.348771,0.150705,-0.028281,-0.182258,0.971221
14.083333,-8.631333,11.139032,2.357184,0.150908,-0.028331,-0.182323,0.971176
14.100000,-8.621731,11.163693,2.365625,0.151110,-0.028380,-0.182388,0.971131
14.116667,-8.612127,11.188350,2.374076,0.151282,-0.028422,-0.182443,0.971092
14.133333,-8.602523,11.213006,2.382527,0.151437,-0.028460,-0.182492,0.971058
14.150000,-8.592918,11.237663,2.390978,0.151638,-0.028509,-0.182556,0.971013
14.166667,-8.583307,11.262304,2.399466,0.151840,-0.028558,-0.182619,0.970968
14.183333,-8.573695,11.286945,2.407953,0.151990,-0.028595,-0.182666,0.970935
14.200000,-8.564084,11.311586,2.416441,0.152163,-0.028637,-0.182719,0.970896
14.216667,-8.554470,11.336222,2.424940,0.152362,-0.028685,-0.182781,0.970852
14.233333,-8.544851,11.360848,2.433464,0.152560,-0.028733,-0.182841,0.970808
14.250000,-8.535233,11.385474,2.441988,0.152692,-0.028765,-0.182882,0.970779
14.266667,-8.525614,11.410100,2.450512,0.152882,-0.028811,-0.182938,0.970737
14.283333,-8.515991,11.434716,2.459058,0.153080,-0.028859,-0.182997,0.970693
14.300000,-8.506366,11.459327,2.467618,0.153257,-0.028902,-0.183050,0.970654
14.316667,-8.496740,11.483937,2.476178,0.153398,-0.028936,-0.183092,0.970623
14.333333,-8.487115,11.508548,2.484739,0.153594,-0.028983,-0.183149,0.970580
14.350000,-8.477484,11.533145,2.493331,0.153790,-0.029031,-0.183206,0.970537
14.366667,-8.467852,11.557741,2.501927,0.153947,-0.029068,-0.183251,0.970502
14.383333,-8.458220,11.582336,2.510523,0.154106,-0.029107,-0.183296,0.970467
14.400000,-8.448588,11.606929,2.519125,0.154300,-0.029153,-0.183351,0.970425
14.416667,-8.438950,11.631510,2.527757,0.154494,-0.029200,-0.183406,0.970382
14.433333,-8.429312,11.656091,2.536389,0.154631,-0.029233,-0.183444,0.970352
14.450000,-8.419674,11.680671,2.545020,0.154807,-0.029275,-0.183492,0.970314
14.466667,-8.410034,11.705245,2.553668,0.154999,-0.029321,-0.183545,0.970271
14.483333,-8.400390,11.729811,2.562335,0.155181,-0.029365,-0.183595,0.970232
14.500000,-8.390747,11.754377,2.571002,0.155310,-0.029395,-0.183630,0.970204
14.516667,-8.381103,11.778943,2.579669,0.155501,-0.029441,-0.183680,0.970162
14.533333,-8.371456,11.803499,2.588362,0.155691,-0.029486,-0.183731,0.970120
14.550000,-8.361807,11.828051,2.597064,0.155854,-0.029525,-0.183774,0.970085
14.566667,-8.352158,11.852602,2.605765,0.155999,-0.029560,-0.183811,0.970054
14.583333,-8.342510,11.877154,2.614468,0.156188,-0.029604,-0.183860,0.970013
14.600000,-8.332856,11.901691,2.623204,0.156377,-0.029649,-0.183908,0.969972
14.616667,-8.323202,11.926228,2.631941,0.156520,-0.029683,-0.183944,0.969941
14.633333,-8.313548,11.950766,2.640678,0.156681,-0.029721,-0.183985,0.969906
14.650000,-8.303893,11.975299,2.649424,0.156869,-0.029766,-0.184031,0.969865
14.666667,-8.294235,11.999822,2.658195,0.157055,-0.029810,-0.184077,0.969825
14.683333,-8.284576,12.024346,2.666966,0.157180,-0.029839,-0.184107,0.969798
14.700000,-8.274918,12.048869,2.675737,0.157357,-0.029881,-0.184150,0.969760
14.716667,-8.265257,12.073384,2.684527,0.157543,-0.029924,-0.184194,0.969720
14.733333,-8.255594,12.097894,2.693332,0.157710,-0.029964,-0.184233,0.969684
14.750000,-8.245931,12.122403,2.702136,0.157842,-0.029995,-0.184264,0.969656
14.766667,-8.236269,12.146913,2.710941,0.158026,-0.030038,-0.184306,0.969617
14.783333,-8.226603,12.171410,2.719775,0.158210,-0.030081,-0.184348,0.969577
14.800000,-8.216936,12.195906,2.728613,0.158358,-0.030116,-0.184382,0.969546
14.816667,-8.207269,12.220402,2.737451,0.158506,-0.030150,-0.184415,0.969514
14.833333,-8.197602,12.244896,2.746295,0.158688,-0.030192,-0.184455,0.969476
14.850000,-8.187932,12.269378,2.755166,0.158871,-0.030235,-0.184494,0.969437
14.866667,-8.178262,12.293860,2.764038,0.159001,-0.030265,-0.184522,0.969409
14.883333,-8.168592,12.318343,2.772909,0.159164,-0.030303,-0.184557,0.969375
14.900000,-8.158920,12.342820,2.781795,0.159344,-0.030345,-0.184595,0.969337
14.916667,-8.149247,12.367289,2.790700,0.159516,-0.030384,-0.184631,0.969300
14.933333,-8.139573,12.391758,2.799604,0.159636,-0.030412,-0.184655,0.969275
14.950000,-8.129900,12.416227,2.808509,0.159815,-0.030453,-0.184691,0.969237
14.966667,-8.120224,12.440687,2.817436,0.159994,-0.030494,-0.184727,0.969200
14.983333,-8.110548,12.465143,2.826374,0.160147,-0.030530,-0.184758,0.969167
15.000000,-8.100871,12.489599,2.835311,0.160282,-0.030561,-0.184784,0.969139
15.016667,-8.091195,12.514055,2.844248,0.160459,-0.030601,-0.184818,0.969102
15.033333,-8.081516,12.538498,2.853217,0.160637,-0.030642,-0.184852,0.969065
15.050000,-8.071837,12.562942,2.862187,0.160772,-0.030673,-0.184878,0.969036
15.066667,-8.062158,12.587385,2.871156,0.160922,-0.030707,-0.184906,0.969005
15.083333,-8.052478,12.611824,2.880134,0.161098,-0.030747,-0.184939,0.968968
15.100000,-8.042797,12.636255,2.889136,0.161273,-0.030787,-0.184971,0.968932
15.116667,-8.033115,12.660685,2.898137,0.161391,-0.030814,-0.184993,0.968907
15.133333,-8.023434,12.685116,2.907139,0.161555,-0.030852,-0.185022,0.968873
15.150000,-8.013751,12.709539,2.916158,0.161730,-0.030891,-0.185053,0.968837
15.166667,-8.004068,12.733957,2.925191,0.161888,-0.030927,-0.185081,0.968804
15.183333,-7.994384,12.758375,2.934224,0.162010,-0.030955,-0.185102,0.968778
15.200000,-7.984701,12.782793,2.943258,0.162183,-0.030994,-0.185131,0.968743
15.216667,-7.975016,12.807201,2.952317,0.162355,-0.031033,-0.185160,0.968707
15.233333,-7.965330,12.831606,2.961382,0.162495,-0.031065,-0.185184,0.968678
15.250000,-7.955645,12.856012,2.970446,0.162633,-0.031095,-0.185206,0.968650
15.266667,-7.945959,12.880416,2.979515,0.162804,-0.031134,-0.185234,0.968614
15.283333,-7.936272,12.904809,2.988610,0.162974,-0.031172,-0.185262,0.968579
15.300000,-7.926585,12.929203,2.997706,0.163097,-0.031200,-0.185281,0.968554
15.316667,-7.916898,12.953596,3.006801,0.163249,-0.031234,-0.185304,0.968523
15.333333,-7.907211,12.977985,3.015910,0.163418,-0.031272,-0.185330,0.968488
15.350000,-7.897522,13.002366,3.025036,0.163580,-0.031308,-0.185355,0.968455
15.366667,-7.887834,13.026747,3.034162,0.163693,-0.031333,-0.185372,0.968432
15.383333,-7.878146,13.051129,3.043289,0.163859,-0.031370,-0.185396,0.968398
15.400000,-7.868457,13.075502,3.052436,0.164026,-0.031407,-0.185420,0.968364
15.416667,-7.858767,13.099871,3.061593,0.164171,-0.031440,-0.185441,0.968334
15.433333,-7.849078,13.124241,3.070750,0.164296,-0.031467,-0.185458,0.968309
15.450000,-7.839388,13.148610,3.079907,0.164462,-0.031504,-0.185481,0.968275
15.466667,-7.829698,13.172968,3.089093,0.164629,-0.031541,-0.185504,0.968241
15.483333,-7.820008,13.197326,3.098280,0.164756,-0.031569,-0.185521,0.968215
15.500000,-7.810318,13.221684,3.107467,0.164895,-0.031600,-0.185539,0.968187
15.516667,-7.800627,13.246039,3.116661,0.165060,-0.031636,-0.185560,0.968154
15.533333,-7.790937,13.270385,3.125878,0.165224,-0.031672,-0.185581,0.968121
15.550000,-7.781246,13.294732,3.135095,0.165335,-0.031696,-0.185594,0.968098
15.566667,-7.771555,13.319078,3.144312,0.165488,-0.031730,-0.185612,0.968068
15.583333,-7.761864,13.343418,3.153544,0.165651,-0.031765,-0.185632,0.968035
15.600000,-7.752173,13.367753,3.162791,0.165800,-0.031798,-0.185649,0.968005
15.616667,-7.742482,13.392088,3.172037,0.165913,-0.031823,-0.185662,0.967982
15.633333,-7.732791,13.416423,3.181283,0.166075,-0.031858,-0.185680,0.967950
15.650000,-7.723100,13.440749,3.190554,0.166236,-0.031893,-0.185697,0.967918
15.666667,-7.713409,13.465073,3.199829,0.166368,-0.031921,-0.185711,0.967892
15.683333,-7.703718,13.489397,3.209105,0.166495,-0.031949,-0.185724,0.967866
15.700000,-7.694027,13.513720,3.218383,0.166655,-0.031983,-0.185740,0.967835
15.716667,-7.684336,13.538033,3.227688,0.166814,-0.032018,-0.185756,0.967803
15.733333,-7.674645,13.562346,3.236992,0.166930,-0.032043,-0.185768,0.967780
15.750000,-7.664954,13.586659,3.246297,0.167071,-0.032073,-0.185780,0.967752
15.766667,-7.655264,13.610968,3.255612,0.167229,-0.032107,-0.185795,0.967721
15.783333,-7.645573,13.635270,3.264945,0.167381,-0.032139,-0.185808,0.967691
15.800000,-7.635883,13.659572,3.274278,0.167486,-0.032162,-0.185817,0.967670
15.816667,-7.626193,13.683874,3.283611,0.167640,-0.032194,-0.185830,0.967640
15.833333,-7.616503,13.708169,3.292963,0.167797,-0.032228,-0.185842,0.967610
15.850000,-7.606813,13.732461,3.302325,0.167933,-0.032256,-0.185853,0.967583
15.866667,-7.597124,13.756752,3.311686,0.168048,-0.032281,-0.185861,0.967561
15.883333,-7.587434,13.781044,3.321047,0.168203,-0.032313,-0.185872,0.967530
15.900000,-7.577746,13.805326,3.330435,0.168358,-0.032346,-0.185882,0.967500
15.916667,-7.568057,13.829607,3.339825,0.168478,-0.032371,-0.185890,0.967477
15.933333,-7.558369,13.853888,3.349214,0.168607,-0.032398,-0.185898,0.967452
15.950000,-7.548680,13.878167,3.358610,0.168761,-0.032430,-0.185907,0.967423
15.966667,-7.538993,13.902438,3.368027,0.168914,-0.032462,-0.185915,0.967393
15.983333,-7.529306,13.926709,3.377444,0.169018,-0.032484,-0.185921,0.967373
16.000000,-7.519619,13.950980,3.386861,0.169160,-0.032513,-0.185927,0.967346
16.016667,-7.509933,13.975246,3.396292,0.169312,-0.032545,-0.185934,0.967317
16.033333,-7.500247,13.999507,3.405737,0.169452,-0.032573,-0.185940,0.967291
16.050000,-7.490562,14.023768,3.415181,0.169557,-0.032595,-0.185944,0.967271
16.066667,-7.480877,14.048029,3.424626,0.169707,-0.032626,-0.185949,0.967242
16.083333,-7.471193,14.072282,3.434092,0.169858,-0.032656,-0.185954,0.967214
16.100000,-7.461509,14.096534,3.443564,0.169982,-0.032682,-0.185958,0.967191
16.116667,-7.451826,14.120785,3.453035,0.170099,-0.032706,-0.185961,0.967169
16.133333,-7.442142,14.145035,3.462509,0.170248,-0.032736,-0.185964,0.967141
16.150000,-7.432461,14.169277,3.472008,0.170397,-0.032766,-0.185967,0.967113
16.166667,-7.422780,14.193519,3.481506,0.170506,-0.032788,-0.185969,0.967093
16.183333,-7.413099,14.217760,3.491005,0.170636,-0.032814,-0.185971,0.967069
16.200000,-7.403418,14.241999,3.500513,0.170783,-0.032843,-0.185972,0.967041
16.216667,-7.393740,14.266231,3.510038,0.170926,-0.032872,-0.185973,0.967015
16.233333,-7.384061,14.290463,3.519563,0.171024,-0.032891,-0.185973,0.966997
16.250000,-7.374382,14.314695,3.529088,0.171167,-0.032920,-0.185973,0.966971
16.266667,-7.364705,14.338922,3.538630,0.171313,-0.032949,-0.185972,0.966944
16.283333,-7.355029,14.363145,3.548181,0.171440,-0.032974,-0.185971,0.966921
16.300000,-7.345353,14.387368,3.557733,0.171547,-0.032995,-0.185970,0.966901
16.316667,-7.335678,14.411591,3.567284,0.171692,-0.033023,-0.185968,0.966875
16.333333,-7.326005,14.435805,3.576859,0.171836,-0.033051,-0.185965,0.966849
16.350000,-7.316332,14.460019,3.586436,0.171948,-0.033073,-0.185963,0.966829
16.366667,-7.306659,14.484233,3.596014,0.172068,-0.033096,-0.185959,0.966807
16.383333,-7.296987,14.508445,3.605596,0.172210,-0.033124,-0.185955,0.966782
16.400000,-7.287318,14.532651,3.615199,0.172353,-0.033151,-0.185951,0.966756
16.416667,-7.277648,14.556856,3.624802,0.172451,-0.033170,-0.185947,0.966739
16.433333,-7.267979,14.581061,3.634405,0.172582,-0.033195,-0.185941,0.966716
16.450000,-7.258312,14.605262,3.644021,0.172723,-0.033222,-0.185935,0.966691
16.466667,-7.248646,14.629459,3.653649,0.172854,-0.033247,-0.185929,0.966668
16.483333,-7.238980,14.653655,3.663277,0.172951,-0.033265,-0.185924,0.966651
16.500000,-7.229315,14.677852,3.672905,0.173091,-0.033291,-0.185916,0.966626
16.516667,-7.219652,14.702042,3.682553,0.173230,-0.033318,-0.185908,0.966602
16.533333,-7.209991,14.726230,3.692207,0.173347,-0.033339,-0.185901,0.966582
16.550000,-7.200329,14.750419,3.701860,0.173455,-0.033360,-0.185893,0.966563
16.566667,-7.190668,14.774606,3.711515,0.173593,-0.033385,-0.185883,0.966539
16.583333,-7.181010,14.798786,3.721193,0.173732,-0.033411,-0.185873,0.966515
16.600000,-7.171353,14.822966,3.730871,0.173833,-0.033430,-0.185866,0.966498
16.616667,-7.161695,14.847146,3.740549,0.173953,-0.033452,-0.185856,0.966478
16.633333,-7.152040,14.871324,3.750236,0.174090,-0.033477,-0.185844,0.966454
16.650000,-7.142387,14.895496,3.759938,0.174224,-0.033501,-0.185833,0.966431
16.666667,-7.132734,14.919668,3.769641,0.174314,-0.033518,-0.185825,0.966416
16.683333,-7.123081,14.943840,3.779344,0.174446,-0.033542,-0.185813,0.966394
16.700000,-7.113431,14.968007,3.789062,0.174581,-0.033566,-0.185801,0.966371
16.716667,-7.103783,14.992171,3.798789,0.174700,-0.033588,-0.185790,0.966351
16.733333,-7.094135,15.016335,3.808515,0.174799,-0.033606,-0.185781,0.966334
16.750000,-7.084487,15.040499,3.818242,0.174932,-0.033630,-0.185768,0.966311
16.766667,-7.074843,15.064656,3.827991,0.175066,-0.033654,-0.185756,0.966289
16.783333,-7.065200,15.088813,3.837742,0.175171,-0.033673,-0.185746,0.966271
16.800000,-7.055556,15.112969,3.847492,0.175281,-0.033693,-0.185735,0.966252
16.816667,-7.045914,15.137124,3.857248,0.175413,-0.033717,-0.185723,0.966230
16.833333,-7.036275,15.161273,3.867022,0.175545,-0.033741,-0.185710,0.966208
16.850000,-7.026636,15.185421,3.876797,0.175636,-0.033757,-0.185701,0.966192
16.866667,-7.016997,15.209570,3.886571,0.175757,-0.033779,-0.185690,0.966172
16.883333,-7.007360,15.233715,3.896357,0.175888,-0.033802,-0.185677,0.966150
16.900000,-6.997726,15.257856,3.906155,0.176009,-0.033824,-0.185665,0.966129
16.916667,-6.988092,15.281997,3.915953,0.176098,-0.033840,-0.185656,0.966114
16.933333,-6.978458,15.306138,3.925750,0.176227,-0.033864,-0.185643,0.966092
16.950000,-6.968827,15.330273,3.935566,0.176356,-0.033887,-0.185631,0.966070
16.966667,-6.959197,15.354407,3.945387,0.176465,-0.033906,-0.185620,0.966052
16.983333,-6.949568,15.378540,3.955208,0.176564,-0.033924,-0.185610,0.966035
17.000000,-6.939938,15.402673,3.965030,0.176692,-0.033947,-0.185597,0.966013
17.016667,-6.930313,15.426799,3.974874,0.176819,-0.033970,-0.185584,0.965991
17.033333,-6.920688,15.450925,3.984717,0.176914,-0.033987,-0.185575,0.965975
17.050000,-6.911063,15.475051,3.994561,0.177024,-0.034007,-0.185563,0.965957
17.066667,-6.901440,15.499175,4.004413,0.177150,-0.034030,-0.185551,0.965935
17.083333,-6.891819,15.523293,4.014279,0.177274,-0.034052,-0.185538,0.965914
17.100000,-6.882199,15.547412,4.024145,0.177358,-0.034067,-0.185529,0.965900
17.116667,-6.872578,15.571531,4.034011,0.177479,-0.034088,-0.185517,0.965879
17.133333,-6.862960,15.595645,4.043892,0.177603,-0.034111,-0.185504,0.965858
17.150000,-6.853345,15.619756,4.053780,0.177714,-0.034130,-0.185492,0.965839
17.166667,-6.843729,15.643867,4.063669,0.177804,-0.034146,-0.185483,0.965824
17.183333,-6.834113,15.667979,4.073557,0.177927,-0.034168,-0.185470,0.965803
17.200000,-6.824501,15.692083,4.083466,0.178050,-0.034190,-0.185456,0.965782
17.216667,-6.814890,15.716188,4.093376,0.178148,-0.034208,-0.185446,0.965766
17.233333,-6.805278,15.740292,4.103287,0.178248,-0.034226,-0.185435,0.965748
17.250000,-6.795668,15.764394,4.113201,0.178369,-0.034247,-0.185422,0.965728
17.266667,-6.786061,15.788491,4.123134,0.178491,-0.034269,-0.185409,0.965707
17.283333,-6.776454,15.812588,4.133066,0.178576,-0.034284,-0.185400,0.965693
17.300000,-6.766848,15.836685,4.142998,0.178686,-0.034304,-0.185388,0.965674
17.316667,-6.757243,15.860779,4.152941,0.178806,-0.034325,-0.185374,0.965653
17.333333,-6.747641,15.884869,4.162894,0.178919,-0.034345,-0.185362,0.965634
17.350000,-6.738038,15.908959,4.172848,0.179000,-0.034359,-0.185353,0.965620
17.366667,-6.728436,15.933049,4.182802,0.179118,-0.034380,-0.185340,0.965600
17.383333,-6.718837,15.957133,4.192772,0.179237,-0.034401,-0.185327,0.965580
17.400000,-6.709240,15.981216,4.202747,0.179337,-0.034419,-0.185315,0.965563
17.416667,-6.699642,16.005299,4.212722,0.179427,-0.034435,-0.185305,0.965548
17.433333,-6.690044,16.029382,4.222697,0.179545,-0.034456,-0.185292,0.965528
17.450000,-6.680451,16.053458,4.232693,0.179662,-0.034477,-0.185278,0.965508
17.466667,-6.670858,16.077534,4.242689,0.179749,-0.034492,-0.185268,0.965493
17.483333,-6.661265,16.101610,4.252685,0.179849,-0.034510,-0.185257,0.965476
17.500000,-6.651673,16.125684,4.262687,0.179965,-0.034530,-0.185243,0.965456
17.516667,-6.642084,16.149754,4.272704,0.180079,-0.034550,-0.185230,0.965436
17.533333,-6.632495,16.173823,4.282720,0.180156,-0.034564,-0.185221,0.965423
17.550000,-6.622907,16.197892,4.292737,0.180266,-0.034583,-0.185208,0.965405
17.566667,-6.613321,16.221958,4.302765,0.180380,-0.034603,-0.185195,0.965385
17.583333,-6.603736,16.246020,4.312802,0.180482,-0.034621,-0.185183,0.965368
17.600000,-6.594152,16.270083,4.322839,0.180564,-0.034636,-0.185174,0.965354
17.616667,-6.584568,16.294145,4.332876,0.180676,-0.034655,-0.185161,0.965334
17.633333,-6.574987,16.318202,4.342930,0.180789,-0.034675,-0.185147,0.965315
17.650000,-6.565407,16.342258,4.352987,0.180879,-0.034691,-0.185137,0.965300
17.666667,-6.555828,16.366314,4.363044,0.180970,-0.034707,-0.185126,0.965284
17.683333,-6.546248,16.390369,4.373104,0.181081,-0.034727,-0.185113,0.965265
17.700000,-6.536673,16.414418,4.383181,0.181192,-0.034746,-0.185100,0.965246
17.716667,-6.527097,16.438468,4.393258,0.181270,-0.034760,-0.185091,0.965233
17.733333,-6.517522,16.462517,4.403335,0.181371,-0.034778,-0.185079,0.965215
17.750000,-6.507948,16.486564,4.413420,0.181480,-0.034797,-0.185067,0.965197
17.766667,-6.498377,16.510606,4.423516,0.181584,-0.034815,-0.185054,0.965179
17.783333,-6.488806,16.534649,4.433613,0.181657,-0.034828,-0.185046,0.965166
17.800000,-6.479235,16.558692,4.443709,0.181766,-0.034847,-0.185033,0.965147
17.816667,-6.469666,16.582730,4.453820,0.181874,-0.034866,-0.185021,0.965129
17.833333,-6.460099,16.606767,4.463935,0.181966,-0.034882,-0.185010,0.965113
17.850000,-6.450532,16.630803,4.474051,0.182048,-0.034897,-0.185000,0.965099
17.866667,-6.440965,16.654840,4.484167,0.182155,-0.034916,-0.184988,0.965080
17.883333,-6.431403,16.678870,4.494301,0.182262,-0.034934,-0.184975,0.965062
17.900000,-6.421840,16.702900,4.504436,0.182342,-0.034949,-0.184966,0.965048
17.916667,-6.412277,16.726930,4.514571,0.182433,-0.034965,-0.184955,0.965032
17.933333,-6.402716,16.750958,4.524711,0.182538,-0.034983,-0.184943,0.965014
17.950000,-6.393157,16.774982,4.534864,0.182643,-0.035001,-0.184930,0.964996
17.966667,-6.383598,16.799006,4.545018,0.182713,-0.035014,-0.184922,0.964984
17.983333,-6.374040,16.823030,4.555171,0.182812,-0.035031,-0.184911,0.964967
18.000000,-6.364483,16.847050,4.565335,0.182916,-0.035049,-0.184898,0.964949
18.016667,-6.354929,16.871068,4.575507,0.183010,-0.035066,-0.184887,0.964932
18.033333,-6.345374,16.895085,4.585679,0.183084,-0.035079,-0.184879,0.964920
18.050000,-6.335820,16.919103,4.595851,0.183186,-0.035097,-0.184867,0.964902
18.066667,-6.326269,16.943115,4.606039,0.183289,-0.035115,-0.184855,0.964884
18.083333,-6.316718,16.967127,4.616229,0.183371,-0.035129,-0.184845,0.964870
18.100000,-6.307168,16.991138,4.626420,0.183453,-0.035144,-0.184835,0.964855
18.116667,-6.297618,17.015149,4.636612,0.183554,-0.035161,-0.184823,0.964838
18.133333,-6.288071,17.039154,4.646821,0.183655,-0.035179,-0.184811,0.964820
18.150000,-6.278525,17.063160,4.657029,0.183727,-0.035192,-0.184803,0.964808
18.166667,-6.268978,17.087165,4.667237,0.183817,-0.035208,-0.184792,0.964792
18.183333,-6.259433,17.111168,4.677453,0.183917,-0.035225,-0.184781,0.964775
18.200000,-6.249891,17.135168,4.687679,0.184011,-0.035242,-0.184770,0.964758
18.216667,-6.240348,17.159167,4.697905,0.184077,-0.035253,-0.184762,0.964746
18.233333,-6.230805,17.183167,4.708131,0.184175,-0.035270,-0.184750,0.964729
18.250000,-6.221266,17.207162,4.718369,0.184273,-0.035288,-0.184739,0.964712
18.266667,-6.211727,17.231155,4.728612,0.184357,-0.035302,-0.184729,0.964698
18.283333,-6.202188,17.255149,4.738856,0.184431,-0.035315,-0.184720,0.964685
18.300000,-6.192649,17.279142,4.749099,0.184528,-0.035332,-0.184709,0.964668
18.316667,-6.183115,17.303130,4.759360,0.184625,-0.035349,-0.184697,0.964651
18.333333,-6.173580,17.327118,4.769620,0.184698,-0.035362,-0.184689,0.964638
18.350000,-6.164045,17.351106,4.779881,0.184780,-0.035376,-0.184679,0.964624
18.366667,-6.154511,17.375092,4.790146,0.184875,-0.035393,-0.184668,0.964607
18.383333,-6.144980,17.399074,4.800424,0.184970,-0.035410,-0.184657,0.964590
18.400000,-6.135449,17.423056,4.810701,0.185033,-0.035421,-0.184649,0.964579
18.416667,-6.125918,17.447038,4.820979,0.185122,-0.035436,-0.184639,0.964563
18.433333,-6.116389,17.471016,4.831266,0.185216,-0.035453,-0.184628,0.964547
18.450000,-6.106861,17.494993,4.841560,0.185301,-0.035468,-0.184617,0.964532
18.466667,-6.097334,17.518969,4.851854,0.185367,-0.035479,-0.184610,0.964520
18.483333,-6.087806,17.542945,4.862148,0.185460,-0.035496,-0.184599,0.964504
18.500000,-6.078282,17.566917,4.872456,0.185552,-0.035512,-0.184588,0.964488
18.516667,-6.068758,17.590888,4.882767,0.185627,-0.035525,-0.184579,0.964475
18.533333,-6.059235,17.614858,4.893078,0.185700,-0.035538,-0.184570,0.964462
18.550000,-6.049712,17.638828,4.903390,0.185791,-0.035554,-0.184559,0.964446
18.566667,-6.040191,17.662794,4.913717,0.185882,-0.035569,-0.184548,0.964430
18.583333,-6.030671,17.686759,4.924044,0.185947,-0.035581,-0.184540,0.964418
18.600000,-6.021151,17.710724,4.934371,0.186028,-0.035595,-0.184530,0.964404
18.616667,-6.011633,17.734687,4.944704,0.186118,-0.035611,-0.184520,0.964388
18.633333,-6.002116,17.758647,4.955047,0.186203,-0.035625,-0.184509,0.964373
18.650000,-5.992600,17.782606,4.965390,0.186263,-0.035636,-0.184502,0.964363
18.666667,-5.983083,17.806566,4.975733,0.186350,-0.035651,-0.184491,0.964347
18.683333,-5.973569,17.830522,4.986086,0.186439,-0.035667,-0.184481,0.964332
18.700000,-5.964057,17.854476,4.996445,0.186515,-0.035680,-0.184472,0.964318
18.716667,-5.954544,17.878431,5.006803,0.186580,-0.035691,-0.184463,0.964307
18.733333,-5.945031,17.902385,5.017162,0.186667,-0.035706,-0.184453,0.964291
18.750000,-5.935521,17.926334,5.027535,0.186754,-0.035721,-0.184442,0.964276
18.766667,-5.926012,17.950284,5.037909,0.186820,-0.035733,-0.184434,0.964264
18.783333,-5.916503,17.974233,5.048283,0.186893,-0.035746,-0.184425,0.964251
18.800000,-5.906994,17.998180,5.058661,0.186979,-0.035761,-0.184415,0.964236
18.816667,-5.897488,18.022124,5.069050,0.187064,-0.035775,-0.184404,0.964221
18.833333,-5.887982,18.046068,5.079439,0.187121,-0.035785,-0.184397,0.964211
18.850000,-5.878476,18.070012,5.089828,0.187200,-0.035799,-0.184387,0.964197
18.866667,-5.868972,18.093953,5.100225,0.187285,-0.035814,-0.184377,0.964182
18.883333,-5.859470,18.117892,5.110629,0.187361,-0.035827,-0.184367,0.964169
18.900000,-5.849967,18.141831,5.121033,0.187420,-0.035837,-0.184360,0.964158
18.916667,-5.840465,18.165770,5.131437,0.187502,-0.035852,-0.184350,0.964144
18.933333,-5.830965,18.189704,5.141853,0.187585,-0.035866,-0.184339,0.964129
18.950000,-5.821466,18.213638,5.152271,0.187652,-0.035878,-0.184331,0.964117
18.966667,-5.811967,18.237572,5.162690,0.187717,-0.035889,-0.184323,0.964105
18.983333,-5.802468,18.261505,5.173110,0.187799,-0.035903,-0.184313,0.964091
19.000000,-5.792973,18.285434,5.183543,0.187880,-0.035917,-0.184302,0.964077
19.016667,-5.783477,18.309363,5.193976,0.187938,-0.035927,-0.184295,0.964066
19.033333,-5.773981,18.333291,5.204409,0.188010,-0.035939,-0.184286,0.964054
19.050000,-5.764487,18.357218,5.214848,0.188090,-0.035953,-0.184276,0.964039
19.066667,-5.754994,18.381142,5.225295,0.188167,-0.035967,-0.184266,0.964026
19.083333,-5.745502,18.405066,5.235742,0.188219,-0.035976,-0.184259,0.964016
19.100000,-5.736009,18.428990,5.246190,0.188297,-0.035989,-0.184249,0.964003
19.116667,-5.726519,18.452911,5.256646,0.188375,-0.036003,-0.184239,0.963989
19.133333,-5.717030,18.476830,5.267107,0.188443,-0.036014,-0.184231,0.963977
19.150000,-5.707541,18.500749,5.277569,0.188501,-0.036024,-0.184223,0.963966
19.166667,-5.698052,18.524668,5.288030,0.188578,-0.036038,-0.184213,0.963953
19.183333,-5.688566,18.548583,5.298504,0.188655,-0.036051,-0.184203,0.963939
19.200000,-5.679080,18.572497,5.308979,0.188715,-0.036061,-0.184196,0.963929
19.216667,-5.669594,18.596412,5.319453,0.188779,-0.036072,-0.184188,0.963917
19.233333,-5.660109,18.620325,5.329932,0.188854,-0.036085,-0.184178,0.963904
19.250000,-5.650626,18.644235,5.340420,0.188930,-0.036098,-0.184168,0.963890
19.266667,-5.641143,18.668145,5.350908,0.188981,-0.036107,-0.184161,0.963881
19.283333,-5.631660,18.692054,5.361396,0.189051,-0.036119,-0.184152,0.963869
19.300000,-5.622179,18.715962,5.371891,0.189125,-0.036132,-0.184142,0.963856
19.316667,-5.612699,18.739867,5.382393,0.189193,-0.036144,-0.184134,0.963844
19.333333,-5.603220,18.763772,5.392894,0.189244,-0.036152,-0.184127,0.963834
19.350000,-5.593740,18.787678,5.403395,0.189317,-0.036165,-0.184117,0.963822
19.366667,-5.584263,18.811579,5.413907,0.189390,-0.036177,-0.184108,0.963809
19.383333,-5.574786,18.835480,5.424421,0.189450,-0.036188,-0.184100,0.963798
19.400000,-5.565310,18.859381,5.434936,0.189507,-0.036198,-0.184092,0.963788
19.416667,-5.555833,18.883281,5.445451,0.189579,-0.036210,-0.184083,0.963775
19.433333,-5.546360,18.907178,5.455978,0.189650,-0.036222,-0.184073,0.963762
19.450000,-5.536886,18.931074,5.466505,0.189702,-0.036231,-0.184066,0.963753
19.466667,-5.527413,18.954971,5.477032,0.189764,-0.036242,-0.184058,0.963742
19.483333,-5.517940,18.978866,5.487564,0.189835,-0.036254,-0.184049,0.963729
19.500000,-5.508470,19.002758,5.498103,0.189903,-0.036265,-0.184040,0.963717
19.516667,-5.498999,19.026650,5.508643,0.189949,-0.036273,-0.184033,0.963709
19.533333,-5.489529,19.050542,5.519182,0.190017,-0.036285,-0.184024,0.963697
19.550000,-5.480060,19.074431,5.529730,0.190085,-0.036297,-0.184015,0.963685
19.566667,-5.470593,19.098319,5.540281,0.190146,-0.036307,-0.184007,0.963674
19.583333,-5.461125,19.122207,5.550833,0.190196,-0.036316,-0.184000,0.963665
19.600000,-5.451657,19.146095,5.561384,0.190263,-0.036327,-0.183991,0.963653
19.616667,-5.442192,19.169979,5.571947,0.190331,-0.036339,-0.183982,0.963641
19.633333,-5.432728,19.193863,5.582511,0.190383,-0.036348,-0.183975,0.963632
19.650000,-5.423263,19.217747,5.593074,0.190439,-0.036357,-0.183967,0.963622
19.666667,-5.413799,19.241630,5.603641,0.190505,-0.036368,-0.183958,0.963610
19.683333,-5.404337,19.265509,5.614216,0.190571,-0.036380,-0.183949,0.963598
19.700000,-5.394875,19.289389,5.624791,0.190616,-0.036387,-0.183943,0.963590
19.716667,-5.385413,19.313269,5.635367,0.190676,-0.036398,-0.183935,0.963580
19.733333,-5.375953,19.337147,5.645948,0.190741,-0.036409,-0.183926,0.963568
19.750000,-5.366494,19.361022,5.656534,0.190801,-0.036419,-0.183918,0.963557
19.766667,-5.357035,19.384898,5.667121,0.190845,-0.036426,-0.183912,0.963550
19.783333,-5.347576,19.408774,5.677708,0.190909,-0.036437,-0.183903,0.963538
19.800000,-5.338119,19.432646,5.688304,0.190972,-0.036448,-0.183894,0.963527
19.816667,-5.328663,19.456518,5.698901,0.191025,-0.036457,-0.183887,0.963518
19.833333,-5.319207,19.480390,5.709499,0.191074,-0.036465,-0.183880,0.963509
19.850000,-5.309750,19.504262,5.720098,0.191136,-0.036476,-0.183871,0.963498
19.866667,-5.300297,19.528130,5.730707,0.191198,-0.036486,-0.183863,0.963487
19.883333,-5.290843,19.551998,5.741316,0.191243,-0.036494,-0.183856,0.963479
19.900000,-5.281390,19.575866,5.751925,0.191297,-0.036503,-0.183849,0.963469
19.916667,-5.271937,19.599733,5.762538,0.191358,-0.036513,-0.183840,0.963458
19.933333,-5.262486,19.623597,5.773158,0.191417,-0.036523,-0.183832,0.963448
19.950000,-5.253035,19.647462,5.783777,0.191457,-0.036530,-0.183826,0.963441
19.966667,-5.243584,19.671326,5.794397,0.191515,-0.036540,-0.183818,0.963430
19.983333,-5.234135,19.695188,5.805023,0.191574,-0.036550,-0.183809,0.963420
20.000000,-5.224687,19.719049,5.815654,0.191626,-0.036559,-0.183802,0.963410
20.016667,-5.215239,19.742909,5.826284,0.191669,-0.036566,-0.183796,0.963403
20.033333,-5.205790,19.766770,5.836914,0.191727,-0.036576,-0.183788,0.963392
20.050000,-5.196345,19.790627,5.847554,0.191785,-0.036586,-0.183779,0.963382
20.066667,-5.186899,19.814485,5.858194,0.191830,-0.036593,-0.183773,0.963374
20.083333,-5.177453,19.838342,5.868835,0.191878,-0.036601,-0.183766,0.963366
20.100000,-5.168008,19.862198,5.879477,0.191934,-0.036611,-0.183758,0.963356
20.116667,-5.158565,19.886052,5.890128,0.191991,-0.036621,-0.183750,0.963345
20.133333,-5.149122,19.909906,5.900778,0.192030,-0.036627,-0.183744,0.963339
20.150000,-5.139678,19.933759,5.911429,0.192081,-0.036636,-0.183736,0.963329
20.166667,-5.130237,19.957611,5.922084,0.192136,-0.036645,-0.183728,0.963320
20.183333,-5.120796,19.981462,5.932744,0.192188,-0.036654,-0.183721,0.963310
20.200000,-5.111355,20.005312,5.943404,0.192225,-0.036660,-0.183715,0.963304
20.216667,-5.101914,20.029162,5.954065,0.192279,-0.036669,-0.183707,0.963294
20.233333,-5.092476,20.053010,5.964732,0.192333,-0.036678,-0.183699,0.963285
20.250000,-5.083037,20.076857,5.975402,0.192378,-0.036686,-0.183693,0.963277
20.266667,-5.073599,20.100704,5.986072,0.192419,-0.036693,-0.183687,0.963269
20.283333,-5.064161,20.124551,5.996742,0.192472,-0.036701,-0.183679,0.963260
20.300000,-5.054725,20.148395,6.007421,0.192525,-0.036710,-0.183671,0.963251
20.316667,-5.045289,20.172239,6.018101,0.192563,-0.036717,-0.183665,0.963244
20.333333,-5.035854,20.196082,6.028780,0.192609,-0.036724,-0.183658,0.963236
20.350000,-5.026419,20.219925,6.039462,0.192660,-0.036733,-0.183650,0.963227
20.366667,-5.016985,20.243766,6.050150,0.192710,-0.036741,-0.183643,0.963218
20.383333,-5.007552,20.267606,6.060838,0.192744,-0.036747,-0.183638,0.963212
20.400000,-4.998118,20.291447,6.071526,0.192792,-0.036755,-0.183630,0.963203
20.416667,-4.988686,20.315286,6.082220,0.192842,-0.036763,-0.183623,0.963194
20.433333,-4.979255,20.339123,6.092917,0.192887,-0.036771,-0.183616,0.963186
20.450000,-4.969824,20.362961,6.103614,0.192923,-0.036777,-0.183610,0.963180
20.466667,-4.960392,20.386799,6.114311,0.192971,-0.036785,-0.183603,0.963171
20.483333,-4.950963,20.410634,6.125016,0.193020,-0.036793,-0.183595,0.963163
20.500000,-4.941534,20.434468,6.135721,0.193058,-0.036799,-0.183589,0.963156
20.516667,-4.932105,20.458303,6.146427,0.193097,-0.036806,-0.183583,0.963149
20.533333,-4.922677,20.482137,6.157134,0.193145,-0.036814,-0.183576,0.963141
20.550000,-4.913250,20.505969,6.167848,0.193192,-0.036821,-0.183568,0.963132
20.566667,-4.903823,20.529800,6.178562,0.193225,-0.036827,-0.183563,0.963126
20.583333,-4.894397,20.553632,6.189276,0.193267,-0.036834,-0.183556,0.963119
20.600000,-4.884971,20.577463,6.199994,0.193313,-0.036842,-0.183549,0.963111
20.616667,-4.875546,20.601292,6.210716,0.193356,-0.036849,-0.183542,0.963103
20.633333,-4.866122,20.625121,6.221438,0.193387,-0.036854,-0.183537,0.963098
20.650000,-4.856697,20.648949,6.232160,0.193432,-0.036861,-0.183530,0.963090
20.666667,-4.847274,20.672776,6.242888,0.193476,-0.036868,-0.183523,0.963082
20.683333,-4.837852,20.696603,6.253618,0.193514,-0.036875,-0.183517,0.963075
20.700000,-4.828429,20.720429,6.264348,0.193548,-0.036880,-0.183511,0.963069
20.716667,-4.819007,20.744255,6.275079,0.193591,-0.036887,-0.183504,0.963062
20.733333,-4.809587,20.768079,6.285816,0.193634,-0.036894,-0.183497,0.963054
20.750000,-4.800166,20.791902,6.296554,0.193667,-0.036900,-0.183492,0.963048
20.766667,-4.790746,20.815726,6.307291,0.193703,-0.036906,-0.183486,0.963042
20.783333,-4.781326,20.839549,6.318032,0.193745,-0.036913,-0.183479,0.963035
20.800000,-4.771908,20.863370,6.328777,0.193787,-0.036919,-0.183472,0.963027
20.816667,-4.762490,20.887191,6.339522,0.193814,-0.036924,-0.183467,0.963022
20.833333,-4.753071,20.911012,6.350267,0.193854,-0.036930,-0.183461,0.963016
20.850000,-4.743654,20.934832,6.361016,0.193894,-0.036937,-0.183454,0.963008
20.866667,-4.734238,20.958650,6.371768,0.193931,-0.036943,-0.183448,0.963002
20.883333,-4.724822,20.982469,6.382521,0.193959,-0.036948,-0.183443,0.962997
20.900000,-4.715405,21.006287,6.393273,0.193999,-0.036954,-0.183436,0.962990
20.916667,-4.705991,21.030104,6.404031,0.194038,-0.036960,-0.183429,0.962983
20.933333,-4.696576,21.053920,6.414790,0.194069,-0.036966,-0.183424,0.962978
20.950000,-4.687162,21.077736,6.425550,0.194101,-0.036971,-0.183418,0.962972
20.966667,-4.677748,21.101552,6.436310,0.194139,-0.036977,-0.183412,0.962966
20.983333,-4.668335,21.125366,6.447076,0.194177,-0.036983,-0.183405,0.962959
21.000000,-4.658923,21.149180,6.457842,0.194203,-0.036987,-0.183401,0.962954
21.016667,-4.649510,21.172994,6.468608,0.194237,-0.036993,-0.183395,0.962949
21.033333,-4.640099,21.196807,6.479377,0.194274,-0.036999,-0.183388,0.962942
21.050000,-4.630688,21.220619,6.490149,0.194308,-0.037004,-0.183382,0.962936
21.066667,-4.621277,21.244431,6.500921,0.194333,-0.037008,-0.183377,0.962932
21.083333,-4.611867,21.268242,6.511694,0.194368,-0.037014,-0.183371,0.962926
21.100000,-4.602457,21.292053,6.522471,0.194404,-0.037019,-0.183365,0.962920
21.116667,-4.593048,21.315862,6.533249,0.194434,-0.037024,-0.183359,0.962914
21.133333,-4.583640,21.339672,6.544028,0.194460,-0.037028,-0.183354,0.962910
21.150000,-4.574231,21.363481,6.554807,0.194494,-0.037034,-0.183348,0.962904
21.166667,-4.564824,21.387289,6.565592,0.194528,-0.037039,-0.183342,0.962898
21.183333,-4.555417,21.411097,6.576376,0.194554,-0.037043,-0.183337,0.962894
21.200000,-4.546009,21.434904,6.587161,0.194582,-0.037048,-0.183332,0.962889
21.216667,-4.536603,21.458711,6.597947,0.194615,-0.037053,-0.183325,0.962883
21.233333,-4.527197,21.482517,6.608738,0.194648,-0.037058,-0.183319,0.962877
21.250000,-4.517792,21.506323,6.619528,0.194669,-0.037062,-0.183315,0.962874
21.266667,-4.508387,21.530128,6.630319,0.194699,-0.037067,-0.183309,0.962869
21.283333,-4.498982,21.553933,6.641112,0.194731,-0.037072,-0.183303,0.962863
21.300000,-4.489579,21.577737,6.651908,0.194759,-0.037076,-0.183298,0.962858
21.316667,-4.480175,21.601541,6.662704,0.194781,-0.037079,-0.183293,0.962855
21.333333,-4.470771,21.625344,6.673500,0.194811,-0.037084,-0.183287,0.962849
21.350000,-4.461369,21.649147,6.684301,0.194842,-0.037089,-0.183282,0.962844
21.366667,-4.451967,21.672949,6.695102,0.194866,-0.037093,-0.183277,0.962840
21.383333,-4.442565,21.696751,6.705904,0.194890,-0.037096,-0.183272,0.962836
21.400000,-4.433163,21.720552,6.716706,0.194918,-0.037101,-0.183266,0.962831
21.416667,-4.423762,21.744353,6.727512,0.194947,-0.037105,-0.183260,0.962826
21.433333,-4.414362,21.768153,6.738319,0.194968,-0.037109,-0.183256,0.962823
21.450000,-4.404961,21.791953,6.749125,0.194993,-0.037112,-0.183251,0.962819
21.466667,-4.395561,21.815753,6.759934,0.195020,-0.037117,-0.183245,0.962814
21.483333,-4.386162,21.839552,6.770745,0.195046,-0.037121,-0.183240,0.962810
21.500000,-4.376763,21.863351,6.781556,0.195064,-0.037124,-0.183236,0.962806
21.516667,-4.367364,21.887149,6.792367,0.195091,-0.037128,-0.183230,0.962802
21.533333,-4.357966,21.910947,6.803182,0.195117,-0.037132,-0.183225,0.962798
21.550000,-4.348569,21.934744,6.813998,0.195139,-0.037135,-0.183220,0.962794
21.566667,-4.339171,21.958541,6.824814,0.195159,-0.037138,-0.183215,0.962791
21.583333,-4.329774,21.982339,6.835630,0.195184,-0.037142,-0.183210,0.962787
21.600000,-4.320378,22.006134,6.846450,0.195209,-0.037146,-0.183204,0.962782
21.616667,-4.310982,22.029930,6.857270,0.195228,-0.037148,-0.183200,0.962779
21.633333,-4.301586,22.053726,6.868091,0.195248,-0.037152,-0.183196,0.962776
21.650000,-4.292190,22.077521,6.878912,0.195272,-0.037155,-0.183190,0.962772
21.666667,-4.282795,22.101316,6.889737,0.195295,-0.037159,-0.183185,0.962768
21.683333,-4.273400,22.125110,6.900561,0.195311,-0.037161,-0.183181,0.962765
21.700000,-4.264006,22.148905,6.911386,0.195332,-0.037164,-0.183176,0.962762
21.716667,-4.254612,22.172698,6.922212,0.195355,-0.037167,-0.183171,0.962758
21.733333,-4.245218,22.196492,6.933041,0.195375,-0.037170,-0.183166,0.962755
21.750000,-4.235825,22.220285,6.943869,0.195390,-0.037173,-0.183162,0.962753
21.766667,-4.226432,22.244078,6.954698,0.195411,-0.037176,-0.183157,0.962749
21.783333,-4.217040,22.267870,6.965529,0.195432,-0.037179,-0.183152,0.962746
21.800000,-4.207647,22.291662,6.976361,0.195449,-0.037181,-0.183148,0.962743
21.816667,-4.198255,22.315454,6.987194,0.195465,-0.037184,-0.183144,0.962740
21.833333,-4.188864,22.339246,6.998026,0.195485,-0.037187,-0.183139,0.962737
21.850000,-4.179473,22.363037,7.008862,0.195505,-0.037189,-0.183133,0.962734
21.866667,-4.170082,22.386828,7.019697,0.195519,-0.037191,-0.183130,0.962732
21.883333,-4.160691,22.410619,7.030533,0.195536,-0.037194,-0.183125,0.962729
21.900000,-4.151301,22.434409,7.041370,0.195554,-0.037196,-0.183120,0.962726
21.916667,-4.141911,22.458199,7.052209,0.195572,-0.037199,-0.183116,0.962724
21.933333,-4.132522,22.481989,7.063048,0.195584,-0.037201,-0.183112,0.962722
21.950000,-4.123132,22.505779,7.073887,0.195601,-0.037203,-0.183108,0.962719
21.966667,-4.113743,22.529568,7.084727,0.195618,-0.037205,-0.183103,0.962716
21.983333,-4.104355,22.553357,7.095569,0.195633,-0.037207,-0.183098,0.962714
22.000000,-4.094967,22.577146,7.106411,0.195645,-0.037209,-0.183095,0.962712
22.016667,-4.085578,22.600935,7.117253,0.195661,-0.037211,-0.183090,0.962710
22.033333,-4.076191,22.624723,7.128098,0.195677,-0.037213,-0.183085,0.962707
22.050000,-4.066803,22.648511,7.138942,0.195689,-0.037215,-0.183082,0.962706
22.066667,-4.057416,22.672300,7.149787,0.195701,-0.037217,-0.183078,0.962704
22.083333,-4.048029,22.696088,7.160632,0.195716,-0.037219,-0.183073,0.962702
22.100000,-4.038643,22.719875,7.171480,0.195730,-0.037220,-0.183069,0.962699
22.116667,-4.029257,22.743662,7.182327,0.195740,-0.037222,-0.183065,0.962698
22.133333,-4.019870,22.767450,7.193174,0.195753,-0.037223,-0.183061,0.962696
22.150000,-4.010485,22.791237,7.204023,0.195766,-0.037225,-0.183057,0.962694
22.166667,-4.001100,22.815024,7.214872,0.195778,-0.037226,-0.183053,0.962693
22.183333,-3.991714,22.838810,7.225722,0.195787,-0.037228,-0.183049,0.962691
22.200000,-3.982329,22.862597,7.236571,0.195799,-0.037229,-0.183045,0.962690
22.216667,-3.972945,22.886383,7.247423,0.195811,-0.037230,-0.183041,0.962688
22.233333,-3.963560,22.910170,7.258274,0.195820,-0.037232,-0.183037,0.962687
22.250000,-3.954176,22.933956,7.269126,0.195829,-0.037233,-0.183033,0.962686
22.266667,-3.944792,22.957742,7.279978,0.195840,-0.037234,-0.183029,0.962684
22.283333,-3.935409,22.981528,7.290831,0.195851,-0.037235,-0.183025,0.962683
22.300000,-3.926026,23.005313,7.301685,0.195858,-0.037236,-0.183022,0.962682
22.316667,-3.916642,23.029099,7.312538,0.195867,-0.037237,-0.183018,0.962681
22.333333,-3.907259,23.052885,7.323393,0.195876,-0.037238,-0.183014,0.962680
22.350000,-3.897877,23.076670,7.334248,0.195885,-0.037239,-0.183010,0.962678
22.366667,-3.888494,23.100455,7.345103,0.195891,-0.037239,-0.183007,0.962678
22.383333,-3.879112,23.124240,7.355958,0.195899,-0.037240,-0.183003,0.962677
22.400000,-3.869730,23.148026,7.366814,0.195907,-0.037241,-0.182999,0.962676
22.416667,-3.860349,23.171811,7.377671,0.195914,-0.037241,-0.182995,0.962675
22.433333,-3.850967,23.195596,7.388527,0.195920,-0.037242,-0.182992,0.962675
22.450000,-3.841586,23.219380,7.399384,0.195926,-0.037242,-0.182988,0.962674
22.466667,-3.832205,23.243165,7.410242,0.195933,-0.037243,-0.182984,0.962673
22.483333,-3.822824,23.266950,7.421100,0.195938,-0.037243,-0.182981,0.962673
22.500000,-3.813443,23.290735,7.431957,0.195943,-0.037244,-0.182978,0.962672
22.516667,-3.804063,23.314519,7.442815,0.195949,-0.037244,-0.182974,0.962672
22.533333,-3.794683,23.338304,7.453674,0.195954,-0.037244,-0.182970,0.962672
22.550000,-3.785303,23.362089,7.464533,0.195958,-0.037244,-0.182968,0.962671
22.566667,-3.775923,23.385873,7.475392,0.195962,-0.037244,-0.182964,0.962671
22.583333,-3.766543,23.409658,7.486251,0.195966,-0.037244,-0.182961,0.962671
22.600000,-3.757164,23.433442,7.497110,0.195970,-0.037244,-0.182957,0.962671
22.616667,-3.747784,23.457227,7.507970,0.195972,-0.037244,-0.182955,0.962671
22.633333,-3.738405,23.481012,7.518829,0.195975,-0.037244,-0.182951,0.962671
22.650000,-3.729026,23.504796,7.529689,0.195978,-0.037244,-0.182947,0.962671
22.666667,-3.719647,23.528581,7.540549,0.195980,-0.037244,-0.182944,0.962671
22.683333,-3.710269,23.552365,7.551409,0.195982,-0.037243,-0.182941,0.962671
22.700000,-3.700890,23.576150,7.562269,0.195984,-0.037243,-0.182938,0.962672
22.716667,-3.691512,23.599935,7.573129,0.195985,-0.037243,-0.182934,0.962672
22.733333,-3.682134,23.623719,7.583990,0.195986,-0.037242,-0.182932,0.962673
22.750000,-3.672756,23.647504,7.594850,0.195987,-0.037242,-0.182929,0.962673
22.766667,-3.663378,23.671289,7.605710,0.195987,-0.037241,-0.182925,0.962674
22.783333,-3.654001,23.695074,7.616570,0.195987,-0.037240,-0.182922,0.962674
22.800000,-3.644623,23.718859,7.627431,0.195987,-0.037240,-0.182920,0.962675
22.816667,-3.635246,23.742644,7.638291,0.195986,-0.037239,-0.182917,0.962676
22.833333,-3.625869,23.766429,7.649151,0.195985,-0.037238,-0.182913,0.962676
22.850000,-3.616492,23.790214,7.660011,0.195984,-0.037237,-0.182910,0.962677
22.866667,-3.607115,23.813999,7.670871,0.195983,-0.037237,-0.182908,0.962678
22.883333,-3.597738,23.837784,7.681731,0.195981,-0.037236,-0.182905,0.962679
22.900000,-3.588361,23.861570,7.692591,0.195979,-0.037234,-0.182902,0.962680
22.916667,-3.578985,23.885355,7.703451,0.195977,-0.037234,-0.182899,0.962681
22.933333,-3.569608,23.909141,7.714311,0.195974,-0.037232,-0.182897,0.962682
22.950000,-3.560232,23.932927,7.725170,0.195971,-0.037231,-0.182893,0.962683
22.966667,-3.550856,23.956713,7.736029,0.195967,-0.037230,-0.182890,0.962685
22.983333,-3.541480,23.980499,7.746888,0.195964,-0.037229,-0.182888,0.962686
23.000000,-3.532104,24.004285,7.757747,0.195960,-0.037227,-0.182886,0.962687
23.016667,-3.522728,24.028071,7.768606,0.195955,-0.037226,-0.182883,0.962689
23.033333,-3.513352,24.051858,7.779464,0.195951,-0.037224,-0.182880,0.962690
23.050000,-3.503977,24.075644,7.790322,0.195947,-0.037223,-0.182878,0.962692
23.066667,-3.494601,24.099431,7.801180,0.195941,-0.037221,-0.182875,0.962693
23.083333,-3.485226,24.123218,7.812038,0.195935,-0.037219,-0.182872,0.962695
23.100000,-3.475850,24.147005,7.822895,0.195929,-0.037218,-0.182870,0.962697
23.116667,-3.466475,24.170792,7.833752,0.195924,-0.037216,-0.182868,0.962698
23.133333,-3.457100,24.194580,7.844609,0.195916,-0.037214,-0.182865,0.962701
23.150000,-3.447725,24.218368,7.855465,0.195909,-0.037212,-0.182862,0.962703
23.166667,-3.438350,24.242156,7.866320,0.195903,-0.037211,-0.182860,0.962704
23.183333,-3.428975,24.265944,7.877176,0.195896,-0.037209,-0.182858,0.962706
23.200000,-3.419600,24.289732,7.888031,0.195887,-0.037206,-0.182855,0.962709
23.216667,-3.410225,24.313521,7.898885,0.195879,-0.037204,-0.182852,0.962711
23.233333,-3.400850,24.337309,7.909740,0.195872,-0.037203,-0.182851,0.962713
23.250000,-3.391475,24.361098,7.920594,0.195863,-0.037200,-0.182848,0.962715
23.266667,-3.382101,24.384887,7.931447,0.195853,-0.037198,-0.182846,0.962718
23.283333,-3.372726,24.408677,7.942299,0.195844,-0.037195,-0.182844,0.962720
23.300000,-3.363352,24.432467,7.953152,0.195836,-0.037193,-0.182842,0.962722
23.316667,-3.353977,24.456256,7.964004,0.195825,-0.037191,-0.182839,0.962725
23.333333,-3.344603,24.480047,7.974855,0.195813,-0.037188,-0.182837,0.962728
23.350000,-3.335228,24.503838,7.985705,0.195804,-0.037186,-0.182835,0.962730
23.366667,-3.325854,24.527628,7.996556,0.195794,-0.037183,-0.182833,0.962733
23.383333,-3.316479,24.551419,8.007405,0.195781,-0.037180,-0.182831,0.962736
23.400000,-3.307105,24.575211,8.018254,0.195769,-0.037177,-0.182828,0.962739
23.416667,-3.297731,24.599002,8.029102,0.195760,-0.037175,-0.182827,0.962741
23.433333,-3.288357,24.622794,8.039950,0.195747,-0.037172,-0.182825,0.962744
23.450000,-3.278982,24.646586,8.050797,0.195733,-0.037169,-0.182823,0.962748
23.466667,-3.269608,24.670379,8.061643,0.195720,-0.037166,-0.182821,0.962751
23.483333,-3.260234,24.694172,8.072488,0.195710,-0.037164,-0.182819,0.962753
23.500000,-3.250860,24.717965,8.083334,0.195695,-0.037160,-0.182817,0.962757
23.516667,-3.241485,24.741759,8.094178,0.195680,-0.037157,-0.182815,0.962760
23.533333,-3.232111,24.765553,8.105021,0.195667,-0.037154,-0.182813,0.962763
23.550000,-3.222737,24.789347,8.115864,0.195654,-0.037151,-0.182812,0.962766
23.566667,-3.213363,24.813141,8.126706,0.195638,-0.037148,-0.182810,0.962770
23.583333,-3.203989,24.836937,8.137546,0.195622,-0.037144,-0.182808,0.962774
23.600000,-3.194614,24.860732,8.148386,0.195609,-0.037141,-0.182806,0.962777
23.616667,-3.185240,24.884527,8.159227,0.195594,-0.037138,-0.182805,0.962781
23.633333,-3.175866,24.908323,8.170065,0.195576,-0.037134,-0.182803,0.962785
23.650000,-3.166491,24.932120,8.180902,0.195559,-0.037130,-0.182801,0.962789
23.666667,-3.157117,24.955917,8.191739,0.195546,-0.037127,-0.182800,0.962791
23.683333,-3.147743,24.979714,8.202576,0.195528,-0.037123,-0.182798,0.962796
23.700000,-3.138368,25.003511,8.213411,0.195509,-0.037119,-0.182796,0.962800
23.716667,-3.128994,25.027310,8.224244,0.195492,-0.037115,-0.182795,0.962804
23.733333,-3.119620,25.051108,8.235078,0.195477,-0.037112,-0.182793,0.962807
23.750000,-3.110245,25.074906,8.245912,0.195457,-0.037108,-0.182792,0.962812
23.766667,-3.100871,25.098706,8.256742,0.195437,-0.037104,-0.182790,0.962816
23.783333,-3.091496,25.122506,8.267572,0.195420,-0.037100,-0.182789,0.962820
23.800000,-3.082121,25.146306,8.278402,0.195403,-0.037096,-0.182788,0.962824
23.816667,-3.072747,25.170106,8.289231,0.195381,-0.037092,-0.182786,0.962829
23.833333,-3.063372,25.193908,8.300057,0.195359,-0.037087,-0.182785,0.962834
23.850000,-3.053997,25.217709,8.310883,0.195344,-0.037084,-0.182784,0.962837
23.866667,-3.044623,25.241511,8.321709,0.195323,-0.037079,-0.182782,0.962842
23.883333,-3.035248,25.265313,8.332533,0.195300,-0.037075,-0.182781,0.962847
23.900000,-3.025873,25.289117,8.343355,0.195278,-0.037070,-0.182779,0.962852
23.916667,-3.016498,25.312920,8.354177,0.195262,-0.037067,-0.182779,0.962855
23.933333,-3.007122,25.336723,8.364999,0.195238,-0.037062,-0.182777,0.962861
23.950000,-2.997747,25.360528,8.375818,0.195214,-0.037056,-0.182776,0.962866
23.966667,-2.988372,25.384333,8.386635,0.195193,-0.037052,-0.182775,0.962871
23.983333,-2.978997,25.408138,8.397453,0.195174,-0.037048,-0.182774,0.962875
24.000000,-2.969621,25.431944,8.408270,0.195148,-0.037043,-0.182773,0.962881
24.016667,-2.960246,25.455751,8.419083,0.195123,-0.037037,-0.182771,0.962886
24.033333,-2.950870,25.479558,8.429897,0.195103,-0.037033,-0.182771,0.962891
24.050000,-2.941494,25.503365,8.440710,0.195080,-0.037029,-0.182770,0.962896
24.066667,-2.932118,25.527173,8.451521,0.195053,-0.037023,-0.182769,0.962901
24.083333,-2.922742,25.550982,8.462330,0.195027,-0.037018,-0.182767,0.962907
24.100000,-2.913366,25.574791,8.473138,0.195008,-0.037014,-0.182767,0.962911
24.116667,-2.903990,25.598600,8.483946,0.194981,-0.037008,-0.182766,0.962917
24.133333,-2.894614,25.622411,8.494752,0.194953,-0.037002,-0.182765,0.962923
24.150000,-2.885237,25.646222,8.505555,0.194928,-0.036997,-0.182764,0.962929
24.166667,-2.875861,25.670033,8.516358,0.194907,-0.036993,-0.182763,0.962933
24.183333,-2.866484,25.693844,8.527162,0.194877,-0.036987,-0.182762,0.962940
24.200000,-2.857107,25.717657,8.537960,0.194848,-0.036981,-0.182762,0.962946
24.216667,-2.847730,25.741471,8.548758,0.194824,-0.036976,-0.182761,0.962951
24.233333,-2.838353,25.765284,8.559556,0.194799,-0.036971,-0.182760,0.962956
24.250000,-2.828976,25.789098,8.570354,0.194768,-0.036965,-0.182759,0.962963
24.266667,-2.819599,25.812914,8.581146,0.194738,-0.036959,-0.182759,0.962970
24.283333,-2.810221,25.836729,8.591939,0.194716,-0.036954,-0.182758,0.962974
24.300000,-2.800844,25.860545,8.602731,0.194686,-0.036948,-0.182758,0.962981
24.316667,-2.791466,25.884362,8.613521,0.194654,-0.036942,-0.182757,0.962987
24.333333,-2.782088,25.908180,8.624308,0.194624,-0.036936,-0.182756,0.962994
24.350000,-2.772710,25.931998,8.635095,0.194602,-0.036931,-0.182756,0.962999
24.366667,-2.763332,25.955816,8.645882,0.194569,-0.036924,-0.182755,0.963006
24.383333,-2.753953,25.979636,8.656665,0.194535,-0.036918,-0.182755,0.963013
24.400000,-2.744575,26.003456,8.667446,0.194507,-0.036912,-0.182754,0.963019
24.416667,-2.735196,26.027277,8.678227,0.194480,-0.036907,-0.182754,0.963025
24.433333,-2.725817,26.051097,8.689008,0.194446,-0.036900,-0.182754,0.963032
24.450000,-2.716438,26.074920,8.699783,0.194411,-0.036893,-0.182753,0.963039
24.466667,-2.707059,26.098743,8.710557,0.194385,-0.036888,-0.182753,0.963045
24.483333,-2.697679,26.122566,8.721332,0.194354,-0.036881,-0.182753,0.963051
24.500000,-2.688300,26.146390,8.732105,0.194318,-0.036874,-0.182752,0.963059
24.516667,-2.678920,26.170216,8.742874,0.194282,-0.036867,-0.182752,0.963067
24.533333,-2.669540,26.194041,8.753642,0.194258,-0.036862,-0.182752,0.963072
24.550000,-2.660160,26.217867,8.764411,0.194222,-0.036855,-0.182752,0.963079
24.566667,-2.650779,26.241694,8.775175,0.194184,-0.036848,-0.182751,0.963087
24.583333,-2.641398,26.265522,8.785937,0.194151,-0.036841,-0.182751,0.963094
24.600000,-2.632018,26.289351,8.796699,0.194123,-0.036835,-0.182751,0.963100
24.616667,-2.622637,26.313179,8.807461,0.194085,-0.036828,-0.182751,0.963108
24.633333,-2.613255,26.337010,8.818216,0.194046,-0.036820,-0.182751,0.963116
24.650000,-2.603874,26.360841,8.828971,0.194015,-0.036814,-0.182751,0.963123
24.666667,-2.594492,26.384672,8.839726,0.193983,-0.036808,-0.182751,0.963129
24.683333,-2.585110,26.408503,8.850480,0.193943,-0.036800,-0.182751,0.963138
24.700000,-2.575728,26.432337,8.861228,0.193903,-0.036792,-0.182751,0.963146
24.716667,-2.566345,26.456171,8.871976,0.193874,-0.036786,-0.182751,0.963152
24.733333,-2.556963,26.480005,8.882724,0.193837,-0.036779,-0.182751,0.963160
24.750000,-2.547580,26.503841,8.893469,0.193795,-0.036771,-0.182751,0.963168
24.766667,-2.538197,26.527678,8.904209,0.193756,-0.036763,-0.182751,0.963177
24.783333,-2.528814,26.551514,8.914950,0.193728,-0.036757,-0.182751,0.963182
24.800000,-2.519430,26.575351,8.925690,0.193686,-0.036749,-0.182751,0.963191
24.816667,-2.510046,26.599190,8.936425,0.193643,-0.036741,-0.182752,0.963200
24.833333,-2.500662,26.623030,8.947158,0.193606,-0.036733,-0.182752,0.963208
24.850000,-2.491278,26.646870,8.957891,0.193573,-0.036727,-0.182752,0.963215
24.866667,-2.481894,26.670710,8.968624,0.193529,-0.036718,-0.182753,0.963224
24.883333,-2.472508,26.694553,8.979350,0.193485,-0.036710,-0.182753,0.963233
24.900000,-2.463123,26.718397,8.990075,0.193452,-0.036703,-0.182753,0.963240
24.916667,-2.453738,26.742240,9.000800,0.193413,-0.036696,-0.182754,0.963248
24.933333,-2.444352,26.766084,9.011523,0.193368,-0.036687,-0.182754,0.963257
24.950000,-2.434966,26.789930,9.022240,0.193323,-0.036678,-0.182754,0.963266
24.966667,-2.425580,26.813776,9.032957,0.193292,-0.036672,-0.182755,0.963273
24.983333,-2.416194,26.837623,9.043674,0.193248,-0.036663,-0.182755,0.963282
25.000000,-2.406807,26.861471,9.054387,0.193201,-0.036654,-0.182756,0.963291
25.016667,-2.397419,26.885320,9.065096,0.193159,-0.036646,-0.182756,0.963300
25.033333,-2.388032,26.909170,9.075804,0.193125,-0.036639,-0.182757,0.963307
25.050000,-2.378645,26.933020,9.086513,0.193077,-0.036630,-0.182757,0.963317
25.066667,-2.369257,26.956872,9.097215,0.193029,-0.036621,-0.182758,0.963327
25.083333,-2.359868,26.980725,9.107915,0.192990,-0.036613,-0.182759,0.963335
25.100000,-2.350480,27.004578,9.118616,0.192951,-0.036605,-0.182759,0.963343
25.116667,-2.341091,27.028431,9.129315,0.192902,-0.036596,-0.182760,0.963353
25.133333,-2.331702,27.052288,9.140006,0.192852,-0.036586,-0.182761,0.963363
25.150000,-2.322312,27.076144,9.150698,0.192817,-0.036579,-0.182761,0.963370
25.166667,-2.312922,27.100001,9.161390,0.192771,-0.036571,-0.182762,0.963379
25.183333,-2.303532,27.123859,9.172078,0.192721,-0.036561,-0.182763,0.963390
25.200000,-2.294142,27.147719,9.182760,0.192673,-0.036551,-0.182764,0.963400
25.216667,-2.284751,27.171579,9.193443,0.192638,-0.036545,-0.182765,0.963406
25.233333,-2.275360,27.195439,9.204126,0.192587,-0.036535,-0.182766,0.963417
25.250000,-2.265968,27.219301,9.214802,0.192535,-0.036525,-0.182767,0.963428
25.266667,-2.256576,27.243165,9.225475,0.192490,-0.036516,-0.182768,0.963437
25.283333,-2.247184,27.267028,9.236149,0.192450,-0.036508,-0.182768,0.963445
25.300000,-2.237792,27.290892,9.246822,0.192397,-0.036498,-0.182769,0.963456
25.316667,-2.228399,27.314759,9.257486,0.192344,-0.036488,-0.182771,0.963466
25.333333,-2.219006,27.338627,9.268150,0.192303,-0.036480,-0.182771,0.963475
25.350000,-2.209612,27.362494,9.278814,0.192256,-0.036471,-0.182772,0.963484
25.366667,-2.200219,27.386362,9.289476,0.192202,-0.036460,-0.182774,0.963495
25.383333,-2.190824,27.410234,9.300130,0.192147,-0.036450,-0.182775,0.963506
25.400000,-2.181429,27.434105,9.310784,0.192110,-0.036443,-0.182776,0.963514
25.416667,-2.172035,27.457976,9.321439,0.192057,-0.036433,-0.182777,0.963524
25.433333,-2.162639,27.481849,9.332087,0.192002,-0.036422,-0.182778,0.963536
25.450000,-2.153243,27.505724,9.342732,0.191951,-0.036412,-0.182780,0.963546
25.466667,-2.143847,27.529599,9.353376,0.191911,-0.036404,-0.182781,0.963554
25.483333,-2.134451,27.553474,9.364021,0.191853,-0.036393,-0.182782,0.963566
25.500000,-2.125054,27.577352,9.374656,0.191796,-0.036382,-0.182783,0.963577
25.516667,-2.115657,27.601231,9.385291,0.191749,-0.036373,-0.182785,0.963587
25.533333,-2.106259,27.625110,9.395925,0.191703,-0.036364,-0.182786,0.963596
25.550000,-2.096862,27.648990,9.406558,0.191644,-0.036353,-0.182787,0.963608
25.566667,-2.087463,27.672873,9.417182,0.191585,-0.036342,-0.182789,0.963619
25.583333,-2.078064,27.696756,9.427805,0.191543,-0.036334,-0.182790,0.963628
25.600000,-2.068665,27.720639,9.438429,0.191489,-0.036323,-0.182792,0.963639
25.616667,-2.059265,27.744524,9.449049,0.191429,-0.036312,-0.182793,0.963651
25.633333,-2.049865,27.768411,9.459662,0.191372,-0.036301,-0.182795,0.963662
25.650000,-2.040464,27.792298,9.470275,0.191331,-0.036293,-0.182796,0.963670
25.666667,-2.031064,27.816185,9.480888,0.191271,-0.036281,-0.182798,0.963683
25.683333,-2.021662,27.840075,9.491494,0.191209,-0.036270,-0.182799,0.963695
25.700000,-2.012260,27.863967,9.502096,0.191156,-0.036260,-0.182801,0.963706
25.716667,-2.002858,27.887858,9.512699,0.191109,-0.036251,-0.182802,0.963715
25.733333,-1.993456,27.911750,9.523301,0.191047,-0.036239,-0.182804,0.963727
25.750000,-1.984053,27.935645,9.533892,0.190984,-0.036227,-0.182806,0.963740
25.766667,-1.974649,27.959541,9.544483,0.190935,-0.036217,-0.182808,0.963750
25.783333,-1.965246,27.983437,9.555075,0.190881,-0.036207,-0.182809,0.963760
25.800000,-1.955842,28.007333,9.565663,0.190817,-0.036195,-0.182811,0.963773
25.816667,-1.946436,28.031234,9.576243,0.190753,-0.036183,-0.182813,0.963786
25.833333,-1.937031,28.055134,9.586822,0.190710,-0.036174,-0.182815,0.963795
25.850000,-1.927626,28.079034,9.597402,0.190648,-0.036163,-0.182817,0.963807
25.866667,-1.918220,28.102936,9.607976,0.190583,-0.036150,-0.182819,0.963820
25.883333,-1.908813,28.126841,9.618544,0.190523,-0.036139,-0.182821,0.963832
25.900000,-1.899406,28.150745,9.629112,0.190477,-0.036130,-0.182822,0.963841
25.916667,-1.889999,28.174650,9.639680,0.190410,-0.036117,-0.182824,0.963854
25.933333,-1.880591,28.198558,9.650239,0.190343,-0.036104,-0.182827,0.963867
25.950000,-1.871182,28.222467,9.660795,0.190288,-0.036094,-0.182828,0.963878
25.966667,-1.861773,28.246377,9.671351,0.190234,-0.036084,-0.182830,0.963889
25.983333,-1.852364,28.270286,9.681906,0.190166,-0.036071,-0.182833,0.963902
26.000000,-1.842954,28.294200,9.692450,0.190098,-0.036058,-0.182835,0.963916
26.016667,-1.833544,28.318114,9.702995,0.190048,-0.036048,-0.182837,0.963926
26.033333,-1.824133,28.342027,9.713539,0.189987,-0.036036,-0.182839,0.963938
26.050000,-1.814722,28.365943,9.724078,0.189917,-0.036023,-0.182841,0.963952
26.066667,-1.805310,28.389862,9.734610,0.189850,-0.036010,-0.182843,0.963965
26.083333,-1.795897,28.413780,9.745142,0.189803,-0.036002,-0.182845,0.963974
26.100000,-1.786485,28.437698,9.755674,0.189734,-0.035988,-0.182848,0.963988
26.116667,-1.777072,28.461620,9.766197,0.189663,-0.035975,-0.182850,0.964002
26.133333,-1.767657,28.485544,9.776716,0.189601,-0.035963,-0.182852,0.964014
26.150000,-1.758243,28.509467,9.787236,0.189548,-0.035953,-0.182854,0.964025
26.166667,-1.748829,28.533390,9.797755,0.189475,-0.035939,-0.182857,0.964039
26.183333,-1.739413,28.557318,9.808262,0.189403,-0.035926,-0.182860,0.964053
26.200000,-1.729997,28.581246,9.818768,0.189347,-0.035915,-0.182862,0.964064
26.216667,-1.720581,28.605174,9.829275,0.189285,-0.035903,-0.182864,0.964076
26.233333,-1.711165,28.629104,9.839778,0.189212,-0.035889,-0.182867,0.964091
26.250000,-1.701747,28.653037,9.850272,0.189138,-0.035875,-0.182869,0.964105
26.266667,-1.692329,28.676970,9.860765,0.189088,-0.035866,-0.182871,0.964115
26.283333,-1.682911,28.700903,9.871258,0.189018,-0.035853,-0.182874,0.964129
26.300000,-1.673491,28.724839,9.881745,0.188943,-0.035838,-0.182877,0.964143
26.316667,-1.664071,28.748777,9.892225,0.188874,-0.035825,-0.182879,0.964157
26.333333,-1.654651,28.772715,9.902705,0.188821,-0.035815,-0.182881,0.964167
26.350000,-1.645231,28.796654,9.913185,0.188745,-0.035801,-0.182884,0.964182
26.366667,-1.635810,28.820596,9.923654,0.188669,-0.035786,-0.182887,0.964197
26.383333,-1.626388,28.844539,9.934121,0.188605,-0.035774,-0.182890,0.964209
26.400000,-1.616966,28.868482,9.944587,0.188544,-0.035763,-0.182892,0.964221
26.416667,-1.607543,28.892426,9.955052,0.188467,-0.035748,-0.182895,0.964236
26.433333,-1.598119,28.916375,9.965505,0.188389,-0.035733,-0.182898,0.964251
26.450000,-1.588695,28.940323,9.975958,0.188332,-0.035723,-0.182901,0.964263
26.466667,-1.579271,28.964272,9.986410,0.188262,-0.035709,-0.182904,0.964276
26.483333,-1.569846,28.988222,9.996858,0.188183,-0.035695,-0.182907,0.964292
26.500000,-1.560420,29.012176,10.007296,0.188106,-0.035680,-0.182910,0.964306
26.516667,-1.550994,29.036130,10.017735,0.188053,-0.035670,-0.182912,0.964317
26.533333,-1.541567,29.060084,10.028173,0.187974,-0.035655,-0.182915,0.964332
26.550000,-1.532140,29.084041,10.038603,0.187894,-0.035640,-0.182919,0.964348
26.566667,-1.522711,29.108000,10.049027,0.187823,-0.035627,-0.182921,0.964361
26.583333,-1.513283,29.131960,10.059451,0.187763,-0.035615,-0.182924,0.964373
26.600000,-1.503854,29.155919,10.069875,0.187681,-0.035600,-0.182927,0.964389
26.616667,-1.494424,29.179883,10.080286,0.187599,-0.035584,-0.182931,0.964405
26.633333,-1.484993,29.203848,10.090696,0.187535,-0.035572,-0.182934,0.964417
26.650000,-1.475562,29.227812,10.101106,0.187465,-0.035559,-0.182936,0.964431
26.666667,-1.466131,29.251778,10.111512,0.187382,-0.035543,-0.182940,0.964447
26.683333,-1.456698,29.275749,10.121907,0.187299,-0.035528,-0.182944,0.964463
26.700000,-1.447265,29.299719,10.132302,0.187241,-0.035517,-0.182946,0.964474
26.716667,-1.437832,29.323689,10.142697,0.187163,-0.035502,-0.182949,0.964489
26.733333,-1.428398,29.347662,10.153084,0.187078,-0.035486,-0.182953,0.964505
26.750000,-1.418963,29.371638,10.163464,0.186999,-0.035471,-0.182956,0.964521
26.766667,-1.409528,29.395614,10.173843,0.186940,-0.035460,-0.182959,0.964532
26.783333,-1.400092,29.419589,10.184223,0.186854,-0.035444,-0.182963,0.964548
26.800000,-1.390655,29.443570,10.194591,0.186768,-0.035428,-0.182967,0.964565
26.816667,-1.381217,29.467551,10.204955,0.186696,-0.035414,-0.182970,0.964579
26.833333,-1.371780,29.491533,10.215320,0.186628,-0.035401,-0.182973,0.964592
26.850000,-1.362342,29.515515,10.225683,0.186541,-0.035385,-0.182977,0.964609
26.866667,-1.352902,29.539502,10.236032,0.186453,-0.035368,-0.182980,0.964626
26.883333,-1.343462,29.563489,10.246381,0.186388,-0.035356,-0.182983,0.964638
26.900000,-1.334022,29.587477,10.256730,0.186310,-0.035342,-0.182987,0.964653
26.916667,-1.324581,29.611466,10.267073,0.186222,-0.035325,-0.182991,0.964670
26.933333,-1.315139,29.635459,10.277406,0.186135,-0.035309,-0.182995,0.964687
26.950000,-1.305696,29.659452,10.287739,0.186075,-0.035297,-0.182997,0.964698
26.966667,-1.296254,29.683446,10.298073,0.185987,-0.035281,-0.183001,0.964715
26.983333,-1.286810,29.707443,10.308395,0.185897,-0.035264,-0.183006,0.964732
27.000000,-1.277365,29.731442,10.318712,0.185817,-0.035249,-0.183009,0.964747
27.016667,-1.267920,29.755441,10.329029,0.185750,-0.035236,-0.183012,0.964760
27.033333,-1.258475,29.779440,10.339346,0.185658,-0.035219,-0.183016,0.964777
27.050000,-1.249027,29.803445,10.349648,0.185567,-0.035202,-0.183021,0.964795
27.066667,-1.239580,29.827450,10.359949,0.185494,-0.035188,-0.183024,0.964809
27.083333,-1.230132,29.851455,10.370250,0.185417,-0.035174,-0.183028,0.964823
27.100000,-1.220684,29.875461,10.380547,0.185324,-0.035156,-0.183032,0.964841
27.116667,-1.211234,29.899472,10.390831,0.185231,-0.035139,-0.183036,0.964859
27.133333,-1.201784,29.923484,10.401115,0.185166,-0.035127,-0.183039,0.964871
27.150000,-1.192334,29.947495,10.411399,0.185079,-0.035110,-0.183043,0.964888
27.166667,-1.182883,29.971509,10.421675,0.184985,-0.035093,-0.183048,0.964906
27.183333,-1.173430,29.995526,10.431942,0.184896,-0.035076,-0.183052,0.964922
27.200000,-1.163977,30.019544,10.442210,0.184831,-0.035064,-0.183055,0.964935
27.216667,-1.154525,30.043561,10.452477,0.184735,-0.035046,-0.183060,0.964953
27.233333,-1.145070,30.067583,10.462731,0.184639,-0.035028,-0.183064,0.964971
27.250000,-1.135614,30.091607,10.472981,0.184559,-0.035013,-0.183068,0.964986
27.266667,-1.126159,30.115631,10.483231,0.184483,-0.034999,-0.183071,0.965000
27.283333,-1.116704,30.139655,10.493480,0.184386,-0.034980,-0.183076,0.965019
27.300000,-1.107245,30.163685,10.503713,0.184289,-0.034962,-0.183081,0.965037
27.316667,-1.097787,30.187715,10.513946,0.184216,-0.034948,-0.183084,0.965051
27.333333,-1.088329,30.211745,10.524179,0.184130,-0.034932,-0.183088,0.965067
27.350000,-1.078870,30.235777,10.534405,0.184031,-0.034914,-0.183093,0.965086
27.366667,-1.069409,30.259813,10.544621,0.183934,-0.034896,-0.183098,0.965104
27.383333,-1.059949,30.283850,10.554836,0.183867,-0.034883,-0.183101,0.965117
27.400000,-1.050488,30.307886,10.565051,0.183770,-0.034865,-0.183105,0.965135
27.416667,-1.041025,30.331926,10.575255,0.183670,-0.034846,-0.183110,0.965154
27.433333,-1.031562,30.355969,10.585452,0.183581,-0.034829,-0.183115,0.965170
27.450000,-1.022098,30.380012,10.595649,0.183507,-0.034816,-0.183118,0.965184
27.466667,-1.012634,30.404055,10.605847,0.183406,-0.034797,-0.183123,0.965203
27.483333,-1.003168,30.428104,10.616028,0.183304,-0.034778,-0.183128,0.965222
27.500000,-0.993702,30.452153,10.626207,0.183223,-0.034762,-0.183132,0.965238
27.516667,-0.984235,30.476203,10.636386,0.183138,-0.034746,-0.183136,0.965254
27.533333,-0.974769,30.500254,10.646562,0.183035,-0.034727,-0.183141,0.965273
27.550000,-0.965299,30.524310,10.656722,0.182932,-0.034708,-0.183146,0.965292
27.566667,-0.955830,30.548366,10.666883,0.182859,-0.034694,-0.183149,0.965306
27.583333,-0.946361,30.572422,10.677044,0.182763,-0.034676,-0.183154,0.965324
27.600000,-0.936890,30.596481,10.687196,0.182659,-0.034657,-0.183159,0.965343
27.616667,-0.927418,30.620544,10.697338,0.182560,-0.034638,-0.183164,0.965361
27.633333,-0.917946,30.644607,10.707480,0.182489,-0.034625,-0.183167,0.965375
27.650000,-0.908473,30.668670,10.717622,0.182383,-0.034605,-0.183173,0.965395
27.666667,-0.898999,30.692738,10.727749,0.182277,-0.034585,-0.183178,0.965414
27.683333,-0.889524,30.716808,10.737873,0.182187,-0.034568,-0.183182,0.965431
27.700000,-0.880049,30.740877,10.747996,0.182104,-0.034553,-0.183186,0.965446
27.716667,-0.870573,30.764947,10.758118,0.181997,-0.034533,-0.183192,0.965466
27.733333,-0.861095,30.789024,10.768222,0.181889,-0.034513,-0.183197,0.965486
27.750000,-0.851617,30.813100,10.778326,0.181808,-0.034498,-0.183201,0.965501
27.766667,-0.842139,30.837177,10.788430,0.181714,-0.034480,-0.183205,0.965519
27.783333,-0.832660,30.861256,10.798527,0.181605,-0.034460,-0.183211,0.965539
27.800000,-0.823179,30.885339,10.808612,0.181497,-0.034439,-0.183216,0.965559
27.816667,-0.813697,30.909423,10.818696,0.181424,-0.034426,-0.183220,0.965573
27.833333,-0.804216,30.933506,10.828781,0.181318,-0.034406,-0.183225,0.965592
27.850000,-0.794733,30.957594,10.838853,0.181208,-0.034385,-0.183230,0.965613
27.866667,-0.785249,30.981685,10.848918,0.181109,-0.034367,-0.183235,0.965631
27.883333,-0.775765,31.005775,10.858983,0.181028,-0.034352,-0.183239,0.965646
27.900000,-0.766281,31.029866,10.869047,0.180917,-0.034331,-0.183245,0.965667
27.916667,-0.756794,31.053963,10.879094,0.180805,-0.034310,-0.183250,0.965687
27.933333,-0.747306,31.078060,10.889139,0.180715,-0.034293,-0.183255,0.965704
27.950000,-0.737819,31.102158,10.899184,0.180623,-0.034276,-0.183260,0.965721
27.966667,-0.728331,31.126257,10.909225,0.180509,-0.034255,-0.183265,0.965742
27.983333,-0.718841,31.150362,10.919250,0.180396,-0.034233,-0.183271,0.965762
28.000000,-0.709350,31.174467,10.929274,0.180316,-0.034218,-0.183275,0.965777
28.016667,-0.699860,31.198572,10.939298,0.180211,-0.034199,-0.183280,0.965796
28.033333,-0.690368,31.222680,10.949314,0.180096,-0.034177,-0.183286,0.965818
28.050000,-0.680874,31.246792,10.959318,0.179988,-0.034157,-0.183291,0.965838
28.066667,-0.671380,31.270904,10.969322,0.179910,-0.034142,-0.183295,0.965852
28.083333,-0.661887,31.295016,10.979325,0.179794,-0.034121,-0.183301,0.965873
28.100000,-0.652391,31.319134,10.989314,0.179678,-0.034099,-0.183306,0.965894
28.116667,-0.642894,31.343253,10.999297,0.179578,-0.034080,-0.183311,0.965913
28.133333,-0.633397,31.367373,11.009280,0.179488,-0.034064,-0.183315,0.965929
28.150000,-0.623900,31.391493,11.019263,0.179371,-0.034042,-0.183321,0.965951
28.166667,-0.614400,31.415620,11.029225,0.179253,-0.034019,-0.183327,0.965972
28.183333,-0.604900,31.439746,11.039187,0.179163,-0.034003,-0.183331,0.965989
28.200000,-0.595400,31.463873,11.049149,0.179061,-0.033983,-0.183336,0.966007
28.216667,-0.585899,31.488003,11.059105,0.178942,-0.033961,-0.183341,0.966029
28.233333,-0.576395,31.512137,11.069046,0.178823,-0.033939,-0.183347,0.966051
28.250000,-0.566892,31.536272,11.078987,0.178743,-0.033924,-0.183351,0.966066
28.266667,-0.557389,31.560406,11.088927,0.178628,-0.033902,-0.183356,0.966087
28.283333,-0.547883,31.584545,11.098855,0.178507,-0.033880,-0.183362,0.966109
28.300000,-0.538377,31.608687,11.108774,0.178398,-0.033859,-0.183367,0.966129
28.316667,-0.528870,31.632829,11.118694,0.178311,-0.033843,-0.183371,0.966144
28.333333,-0.519364,31.656971,11.128613,0.178188,-0.033820,-0.183376,0.966167
28.350000,-0.509854,31.681120,11.138513,0.178066,-0.033797,-0.183382,0.966189
28.366667,-0.500344,31.705270,11.148410,0.177967,-0.033778,-0.183386,0.966207
28.383333,-0.490834,31.729420,11.158307,0.177867,-0.033759,-0.183391,0.966225
28.400000,-0.481324,31.753571,11.168201,0.177743,-0.033736,-0.183397,0.966248
28.416667,-0.471811,31.777728,11.178076,0.177619,-0.033713,-0.183402,0.966270
28.433333,-0.462298,31.801886,11.187951,0.177531,-0.033696,-0.183406,0.966286
28.450000,-0.452785,31.826043,11.197826,0.177418,-0.033675,-0.183411,0.966307
28.466667,-0.443270,31.850204,11.207692,0.177292,-0.033651,-0.183417,0.966330
28.483333,-0.433754,31.874370,11.217544,0.177173,-0.033629,-0.183422,0.966352
28.500000,-0.424237,31.898535,11.227397,0.177089,-0.033613,-0.183426,0.966367
28.516667,-0.414721,31.922701,11.237249,0.176962,-0.033589,-0.183431,0.966390
28.533333,-0.405202,31.946872,11.247086,0.176835,-0.033565,-0.183437,0.966413
28.550000,-0.395682,31.971045,11.256916,0.176727,-0.033545,-0.183441,0.966432
28.566667,-0.386162,31.995218,11.266745,0.176629,-0.033527,-0.183445,0.966450
28.583333,-0.376642,32.019392,11.276575,0.176501,-0.033502,-0.183451,0.966473
28.600000,-0.367119,32.043573,11.286382,0.176373,-0.033478,-0.183456,0.966497
28.616667,-0.357596,32.067755,11.296189,0.176274,-0.033460,-0.183461,0.966514
28.633333,-0.348073,32.091936,11.305996,0.176164,-0.033439,-0.183465,0.966534
28.650000,-0.338548,32.116120,11.315796,0.176034,-0.033414,-0.183471,0.966558
28.666667,-0.329022,32.140309,11.325580,0.175904,-0.033390,-0.183476,0.966581
28.683333,-0.319495,32.164499,11.335363,0.175817,-0.033374,-0.183480,0.966597
28.700000,-0.309969,32.188688,11.345147,0.175692,-0.033350,-0.183485,0.966620
28.716667,-0.300440,32.212882,11.354917,0.175561,-0.033325,-0.183490,0.966643
28.733333,-0.290910,32.237080,11.364677,0.175442,-0.033303,-0.183495,0.966665
28.750000,-0.281380,32.261278,11.374437,0.175348,-0.033285,-0.183499,0.966682
28.766667,-0.271850,32.285475,11.384197,0.175215,-0.033260,-0.183505,0.966706
28.783333,-0.262318,32.309680,11.393937,0.175082,-0.033235,-0.183510,0.966729
28.800000,-0.252784,32.333886,11.403673,0.174974,-0.033215,-0.183514,0.966749
28.816667,-0.243251,32.358092,11.413410,0.174866,-0.033194,-0.183519,0.966768
28.833333,-0.233717,32.382299,11.423143,0.174731,-0.033169,-0.183524,0.966792
28.850000,-0.224180,32.406513,11.432855,0.174597,-0.033143,-0.183529,0.966817
28.866667,-0.214643,32.430727,11.442567,0.174500,-0.033125,-0.183533,0.966834
28.883333,-0.205107,32.454941,11.452279,0.174378,-0.033102,-0.183538,0.966856
28.900000,-0.195568,32.479159,11.461981,0.174242,-0.033076,-0.183543,0.966880
28.916667,-0.186028,32.503382,11.471668,0.174112,-0.033052,-0.183549,0.966904
28.933333,-0.176488,32.527604,11.481356,0.174021,-0.033035,-0.183552,0.966920
28.950000,-0.166948,32.551827,11.491044,0.173884,-0.033009,-0.183557,0.966944
28.966667,-0.157405,32.576056,11.500714,0.173747,-0.032983,-0.183563,0.966969
28.983333,-0.147861,32.600287,11.510377,0.173628,-0.032960,-0.183567,0.966990
29.000000,-0.138318,32.624518,11.520040,0.173523,-0.032941,-0.183571,0.967009
29.016667,-0.128774,32.648749,11.529703,0.173384,-0.032914,-0.183576,0.967034
29.033333,-0.119227,32.672989,11.539342,0.173245,-0.032888,-0.183581,0.967059
29.050000,-0.109680,32.697228,11.548980,0.173138,-0.032868,-0.183585,0.967078
29.066667,-0.100132,32.721468,11.558618,0.173019,-0.032845,-0.183590,0.967099
29.083333,-0.090584,32.745710,11.568249,0.172878,-0.032818,-0.183595,0.967124
29.100000,-0.081034,32.769959,11.577862,0.172738,-0.032792,-0.183600,0.967149
29.116667,-0.071483,32.794207,11.587475,0.172643,-0.032774,-0.183603,0.967166
29.133333,-0.061933,32.818455,11.597088,0.172508,-0.032748,-0.183608,0.967190
29.150000,-0.052380,32.842709,11.606686,0.172366,-0.032721,-0.183613,0.967215
29.166667,-0.042826,32.866966,11.616274,0.172236,-0.032697,-0.183617,0.967238
29.183333,-0.033272,32.891223,11.625861,0.172136,-0.032678,-0.183621,0.967256
29.200000,-0.023718,32.915480,11.635448,0.171992,-0.032650,-0.183626,0.967282
29.216667,-0.014161,32.939745,11.645014,0.171848,-0.032623,-0.183631,0.967307
29.233333,-0.004603,32.964010,11.654575,0.171730,-0.032601,-0.183635,0.967328
29.250000,0.004955,32.988276,11.664137,0.171614,-0.032579,-0.183639,0.967349
29.266667,0.014513,33.012543,11.673695,0.171469,-0.032551,-0.183643,0.967375
29.283333,0.024074,33.036818,11.683230,0.171324,-0.032524,-0.183648,0.967401
29.300000,0.033635,33.061093,11.692766,0.171218,-0.032503,-0.183652,0.967419
29.316667,0.043196,33.085368,11.702301,0.171087,-0.032479,-0.183656,0.967442
29.333333,0.052758,33.109646,11.711826,0.170940,-0.032451,-0.183661,0.967468
29.350000,0.062323,33.133930,11.721335,0.170798,-0.032424,-0.183665,0.967494
29.366667,0.071888,33.158214,11.730843,0.170700,-0.032405,-0.183668,0.967511
29.383333,0.081452,33.182498,11.740352,0.170553,-0.032377,-0.183673,0.967537
29.400000,0.091019,33.206788,11.749843,0.170405,-0.032349,-0.183678,0.967563
29.416667,0.100587,33.231081,11.759325,0.170276,-0.032324,-0.183682,0.967586
29.433333,0.110155,33.255374,11.768807,0.170164,-0.032303,-0.183685,0.967606
29.450000,0.119723,33.279667,11.778289,0.170014,-0.032274,-0.183690,0.967632
29.466667,0.129295,33.303969,11.787745,0.169864,-0.032246,-0.183694,0.967659
29.483333,0.138867,33.328271,11.797200,0.169747,-0.032224,-0.183698,0.967679
29.500000,0.148438,33.352573,11.806656,0.169619,-0.032199,-0.183702,0.967701
29.516667,0.158011,33.376877,11.816104,0.169468,-0.032170,-0.183706,0.967728
29.533333,0.167586,33.401188,11.825532,0.169316,-0.032142,-0.183710,0.967755
29.550000,0.177161,33.425500,11.834960,0.169213,-0.032122,-0.183713,0.967773
29.566667,0.186736,33.449811,11.844387,0.169069,-0.032094,-0.183718,0.967798
29.583333,0.196313,33.474127,11.853801,0.168916,-0.032065,-0.183722,0.967825
29.600000,0.205892,33.498448,11.863201,0.168775,-0.032038,-0.183726,0.967850
29.616667,0.215470,33.522768,11.872601,0.168667,-0.032018,-0.183729,0.967869
29.633333,0.225049,33.547089,11.882001,0.168513,-0.031988,-0.183733,0.967896
29.650000,0.234631,33.571417,11.891379,0.168358,-0.031959,-0.183738,0.967923
29.666667,0.244213,33.595747,11.900751,0.168230,-0.031934,-0.183741,0.967945
29.683333,0.253795,33.620077,11.910123,0.168106,-0.031911,-0.183745,0.967967
29.700000,0.263378,33.644408,11.919493,0.167950,-0.031881,-0.183749,0.967994
29.716667,0.272963,33.668747,11.928837,0.167793,-0.031851,-0.183753,0.968022
29.733333,0.282549,33.693086,11.938181,0.167679,-0.031829,-0.183756,0.968042
29.750000,0.292135,33.717426,11.947525,0.167539,-0.031803,-0.183760,0.968066
29.766667,0.301722,33.741769,11.956859,0.167381,-0.031772,-0.183764,0.968093
29.783333,0.311311,33.766118,11.966175,0.167228,-0.031743,-0.183768,0.968120
29.800000,0.320900,33.790466,11.975490,0.167122,-0.031723,-0.183771,0.968138
29.816667,0.330490,33.814815,11.984806,0.166965,-0.031693,-0.183776,0.968166
29.833333,0.340081,33.839171,11.994103,0.166805,-0.031663,-0.183780,0.968193
29.850000,0.349674,33.863529,12.003389,0.166666,-0.031636,-0.183784,0.968218
29.866667,0.359267,33.887888,12.012676,0.166546,-0.031613,-0.183787,0.968238
29.883333,0.368860,33.912246,12.021963,0.166385,-0.031582,-0.183792,0.968266
29.900000,0.378457,33.936614,12.031223,0.166223,-0.031552,-0.183796,0.968294
29.916667,0.388053,33.960982,12.040480,0.166097,-0.031528,-0.183800,0.968316
29.933333,0.397650,33.985350,12.049738,0.165961,-0.031502,-0.183804,0.968339
29.950000,0.407247,34.009720,12.058989,0.165798,-0.031471,-0.183809,0.968367
29.966667,0.416847,34.034098,12.068218,0.165635,-0.031440,-0.183813,0.968395
29.983333,0.426448,34.058476,12.077446,0.165523,-0.031418,-0.183817,0.968414
30.000000,0.436048,34.082853,12.086674,0.165370,-0.031389,-0.183821,0.968441
30.016667,0.445650,34.107236,12.095888,0.165205,-0.031358,-0.183826,0.968469
30.033333,0.455254,34.131624,12.105086,0.165053,-0.031329,-0.183831,0.968495
30.050000,0.464858,34.156011,12.114285,0.164938,-0.031307,-0.183834,0.968515
30.066667,0.474462,34.180399,12.123484,0.164772,-0.031275,-0.183839,0.968543
30.083333,0.484069,34.204794,12.132658,0.164605,-0.031244,-0.183844,0.968571
30.100000,0.493677,34.229191,12.141827,0.164467,-0.031217,-0.183848,0.968595
30.116667,0.503285,34.253589,12.150996,0.164335,-0.031192,-0.183852,0.968617
30.133333,0.512893,34.277987,12.160162,0.164167,-0.031160,-0.183857,0.968646
30.150000,0.522505,34.302394,12.169300,0.163999,-0.031128,-0.183863,0.968674
30.166667,0.532116,34.326801,12.178439,0.163875,-0.031105,-0.183866,0.968695
30.183333,0.541728,34.351209,12.187577,0.163726,-0.031076,-0.183871,0.968721
30.200000,0.551341,34.375619,12.196704,0.163556,-0.031044,-0.183877,0.968749
30.216667,0.560957,34.400036,12.205812,0.163390,-0.031013,-0.183882,0.968777
30.233333,0.570572,34.424454,12.214920,0.163277,-0.030991,-0.183885,0.968796
30.250000,0.580188,34.448871,12.224027,0.163110,-0.030960,-0.183891,0.968825
30.266667,0.589806,34.473294,12.233115,0.162938,-0.030927,-0.183896,0.968853
30.283333,0.599425,34.497721,12.242192,0.162787,-0.030898,-0.183901,0.968879
30.300000,0.609045,34.522149,12.251268,0.162660,-0.030874,-0.183905,0.968900
30.316667,0.618664,34.546576,12.260345,0.162487,-0.030841,-0.183911,0.968929
30.333333,0.628287,34.571012,12.269393,0.162314,-0.030809,-0.183916,0.968958
30.350000,0.637911,34.595449,12.278438,0.162178,-0.030783,-0.183921,0.968981
30.366667,0.647534,34.619886,12.287484,0.162033,-0.030755,-0.183926,0.969005
30.383333,0.657159,34.644326,12.296523,0.161858,-0.030722,-0.183931,0.969034
30.400000,0.666786,34.668773,12.305536,0.161683,-0.030689,-0.183937,0.969063
30.416667,0.676414,34.693220,12.314550,0.161562,-0.030666,-0.183941,0.969084
30.433333,0.686041,34.717667,12.323564,0.161399,-0.030635,-0.183947,0.969111
30.450000,0.695671,34.742119,12.332562,0.161223,-0.030602,-0.183953,0.969140
30.466667,0.705302,34.766577,12.341544,0.161058,-0.030571,-0.183958,0.969167
30.483333,0.714934,34.791034,12.350526,0.160937,-0.030548,-0.183962,0.969187
30.500000,0.724565,34.815492,12.359508,0.160759,-0.030514,-0.183968,0.969217
30.516667,0.734200,34.839957,12.368465,0.160581,-0.030480,-0.183974,0.969246
30.533333,0.743835,34.864424,12.377415,0.160431,-0.030452,-0.183980,0.969271
30.550000,0.753471,34.888892,12.386365,0.160291,-0.030425,-0.183984,0.969294
30.566667,0.763107,34.913360,12.395313,0.160112,-0.030391,-0.183990,0.969324
30.583333,0.772747,34.937838,12.404230,0.159932,-0.030357,-0.183996,0.969353
30.600000,0.782387,34.962316,12.413147,0.159798,-0.030332,-0.184001,0.969375
30.616667,0.792026,34.986793,12.422065,0.159640,-0.030302,-0.184006,0.969401
30.633333,0.801668,35.011275,12.430971,0.159458,-0.030267,-0.184011,0.969431
30.650000,0.811311,35.035763,12.439855,0.159280,-0.030234,-0.184017,0.969460
30.666667,0.820955,35.060251,12.448739,0.159159,-0.030211,-0.184021,0.969480
30.683333,0.830599,35.084739,12.457624,0.158981,-0.030177,-0.184025,0.969510
30.700000,0.840245,35.109234,12.466488,0.158798,-0.030142,-0.184030,0.969540
30.716667,0.849893,35.133732,12.475339,0.158636,-0.030111,-0.184035,0.969567
30.733333,0.859541,35.158231,12.484190,0.158501,-0.030085,-0.184038,0.969589
30.750000,0.869189,35.182729,12.493042,0.158316,-0.030050,-0.184042,0.969619
30.766667,0.878840,35.207237,12.501862,0.158132,-0.030015,-0.184046,0.969650
30.783333,0.888492,35.231747,12.510680,0.157985,-0.029986,-0.184050,0.969674
30.800000,0.898144,35.256256,12.519498,0.157831,-0.029957,-0.184052,0.969699
30.816667,0.907796,35.280767,12.528309,0.157645,-0.029921,-0.184056,0.969730
30.833333,0.917452,35.305287,12.537093,0.157458,-0.029885,-0.184059,0.969761
30.850000,0.927107,35.329806,12.545877,0.157328,-0.029860,-0.184061,0.969782
30.866667,0.936762,35.354326,12.554661,0.157155,-0.029827,-0.184064,0.969811
30.883333,0.946420,35.378851,12.563429,0.156967,-0.029791,-0.184067,0.969842
30.900000,0.956079,35.403381,12.572179,0.156790,-0.029757,-0.184069,0.969871
30.916667,0.965738,35.427912,12.580929,0.156662,-0.029732,-0.184071,0.969892
30.933333,0.975397,35.452443,12.589679,0.156472,-0.029695,-0.184072,0.969924
30.950000,0.985059,35.476981,12.598403,0.156282,-0.029659,-0.184074,0.969955
30.966667,0.994721,35.501523,12.607118,0.156122,-0.029628,-0.184076,0.969982
30.983333,1.004384,35.526064,12.615834,0.155974,-0.029599,-0.184077,0.970006
31.000000,1.014046,35.550606,12.624548,0.155782,-0.029562,-0.184078,0.970038
31.016667,1.023712,35.575158,12.633228,0.155591,-0.029525,-0.184079,0.970069
31.033333,1.033378,35.599711,12.641909,0.155447,-0.029497,-0.184080,0.970093
31.050000,1.043044,35.624263,12.650590,0.155279,-0.029464,-0.184080,0.970121
31.066667,1.052711,35.648819,12.659259,0.155086,-0.029427,-0.184080,0.970153
31.083333,1.062381,35.673382,12.667905,0.154895,-0.029389,-0.184081,0.970185
31.100000,1.072050,35.697946,12.676550,0.154766,-0.029364,-0.184080,0.970206
31.116667,1.081719,35.722509,12.685196,0.154578,-0.029328,-0.184080,0.970237
31.133333,1.091390,35.747080,12.693820,0.154383,-0.029290,-0.184080,0.970269
31.150000,1.101063,35.771654,12.702430,0.154209,-0.029256,-0.184079,0.970298
31.166667,1.110735,35.796229,12.711041,0.154067,-0.029228,-0.184078,0.970322
31.183333,1.120408,35.820804,12.719651,0.153870,-0.029189,-0.184077,0.970354
31.200000,1.130083,35.845388,12.728229,0.153674,-0.029151,-0.184076,0.970387
31.216667,1.139758,35.869974,12.736804,0.153516,-0.029120,-0.184075,0.970413
31.233333,1.149434,35.894560,12.745378,0.153354,-0.029088,-0.184073,0.970440
31.250000,1.159110,35.919148,12.753946,0.153156,-0.029049,-0.184071,0.970473
31.266667,1.168788,35.943745,12.762485,0.152957,-0.029010,-0.184069,0.970505
31.283333,1.178466,35.968343,12.771023,0.152817,-0.028983,-0.184068,0.970529
31.300000,1.188145,35.992940,12.779562,0.152635,-0.028947,-0.184065,0.970559
31.316667,1.197824,36.017543,12.788083,0.152435,-0.028908,-0.184062,0.970592
31.333333,1.207506,36.042152,12.796585,0.152246,-0.028870,-0.184060,0.970623
31.350000,1.217187,36.066760,12.805087,0.152111,-0.028844,-0.184058,0.970646
31.366667,1.226868,36.091369,12.813589,0.151909,-0.028804,-0.184054,0.970679
31.383333,1.236551,36.115987,12.822064,0.151707,-0.028764,-0.184051,0.970713
31.400000,1.246235,36.140607,12.830530,0.151536,-0.028730,-0.184048,0.970741
31.416667,1.255919,36.165228,12.838995,0.151380,-0.028700,-0.184045,0.970767
31.433333,1.265603,36.189848,12.847459,0.151176,-0.028660,-0.184042,0.970800
31.450000,1.275290,36.214480,12.855888,0.150972,-0.028620,-0.184039,0.970834
31.466667,1.284976,36.239112,12.864316,0.150818,-0.028589,-0.184037,0.970859
31.483333,1.294663,36.263745,12.872744,0.150642,-0.028555,-0.184035,0.970888
31.500000,1.304350,36.288380,12.881161,0.150436,-0.028514,-0.184033,0.970921
31.516667,1.314036,36.313013,12.889548,0.150232,-0.028475,-0.184032,0.970954
31.533333,1.323721,36.337647,12.897936,0.150094,-0.028448,-0.184031,0.970976
31.550000,1.333406,36.362280,12.906323,0.149896,-0.028409,-0.184032,0.971008
31.566667,1.343094,36.386920,12.914688,0.149689,-0.028369,-0.184033,0.971041
31.583333,1.352771,36.411533,12.923027,0.149503,-0.028333,-0.184034,0.971070
31.600000,1.362447,36.436147,12.931366,0.149354,-0.028305,-0.184036,0.971094
31.616667,1.372124,36.460760,12.939705,0.149145,-0.028265,-0.184039,0.971126
31.633333,1.381804,36.485384,12.948011,0.148936,-0.028225,-0.184043,0.971159
31.650000,1.391465,36.509958,12.956295,0.148767,-0.028192,-0.184046,0.971185
31.666667,1.401126,36.534532,12.964579,0.148598,-0.028160,-0.184050,0.971211
31.683333,1.410787,36.559108,12.972858,0.148387,-0.028120,-0.184057,0.971243
31.700000,1.420425,36.583623,12.981080,0.148175,-0.028080,-0.184063,0.971276
31.716667,1.430062,36.608138,12.989302,0.148024,-0.028052,-0.184068,0.971299
31.733333,1.439700,36.632654,12.997524,0.147837,-0.028016,-0.184075,0.971327
31.750000,1.449339,36.657173,13.005730,0.147623,-0.027976,-0.184084,0.971359
31.766667,1.458947,36.681611,13.013884,0.147419,-0.027938,-0.184093,0.971389
31.783333,1.468555,36.706049,13.022038,0.147276,-0.027912,-0.184100,0.971410
31.800000,1.478163,36.730487,13.030192,0.147070,-0.027873,-0.184111,0.971441
31.816667,1.487774,36.754932,13.038321,0.146855,-0.027833,-0.184122,0.971472
31.833333,1.497345,36.779275,13.046401,0.146667,-0.027798,-0.184133,0.971499
31.850000,1.506916,36.803618,13.054481,0.146517,-0.027771,-0.184142,0.971521
31.866667,1.516488,36.827961,13.062561,0.146300,-0.027731,-0.184156,0.971552
31.883333,1.526064,36.852313,13.070607,0.146082,-0.027691,-0.184170,0.971584
31.900000,1.535593,36.876543,13.078608,0.145911,-0.027659,-0.184182,0.971608
31.916667,1.545121,36.900773,13.086608,0.145745,-0.027629,-0.184194,0.971631
31.933333,1.554651,36.925005,13.094605,0.145526,-0.027589,-0.184211,0.971662
31.950000,1.564131,36.949106,13.102520,0.145306,-0.027549,-0.184228,0.971693
31.966667,1.573611,36.973208,13.110436,0.145150,-0.027521,-0.184240,0.971715
31.983333,1.583091,36.997309,13.118351,0.144970,-0.027488,-0.184256,0.971740
32.000000,1.592572,37.021414,13.126256,0.144749,-0.027449,-0.184275,0.971770
32.016667,1.601998,37.045370,13.134081,0.144534,-0.027410,-0.184294,0.971800
32.033333,1.611424,37.069327,13.141906,0.144385,-0.027383,-0.184308,0.971820
32.050000,1.620849,37.093284,13.149732,0.144194,-0.027349,-0.184327,0.971846
32.066667,1.630278,37.117245,13.157540,0.143971,-0.027309,-0.184349,0.971876
32.083333,1.639644,37.141042,13.165271,0.143767,-0.027273,-0.184370,0.971903
32.100000,1.649010,37.164840,13.173002,0.143617,-0.027246,-0.184385,0.971923
32.116667,1.658376,37.188637,13.180733,0.143416,-0.027210,-0.184407,0.971949
32.133333,1.667746,37.212439,13.188441,0.143191,-0.027170,-0.184432,0.971979
32.150000,1.677046,37.236062,13.196073,0.142998,-0.027136,-0.184454,0.972004
32.166667,1.686347,37.259685,13.203705,0.142847,-0.027110,-0.184471,0.972024
32.183333,1.695648,37.283308,13.211337,0.142637,-0.027073,-0.184496,0.972051
32.200000,1.704954,37.306938,13.218942,0.142410,-0.027033,-0.184524,0.972080
32.216667,1.714185,37.330373,13.226471,0.142226,-0.027000,-0.184546,0.972104
32.233333,1.723416,37.353809,13.234000,0.142074,-0.026974,-0.184566,0.972123
32.250000,1.732646,37.377244,13.241529,0.141859,-0.026936,-0.184593,0.972150
32.266667,1.741883,37.400686,13.249028,0.141630,-0.026896,-0.184621,0.972179
32.283333,1.751040,37.423921,13.256450,0.141452,-0.026865,-0.184644,0.972202
32.300000,1.760196,37.447155,13.263873,0.141299,-0.026838,-0.184663,0.972221
32.316667,1.769352,37.470390,13.271295,0.141082,-0.026800,-0.184688,0.972249
32.333333,1.778514,37.493632,13.278685,0.140851,-0.026759,-0.184714,0.972279
32.350000,1.787590,37.516654,13.285998,0.140679,-0.026728,-0.184733,0.972301
32.366667,1.796667,37.539676,13.293310,0.140524,-0.026701,-0.184749,0.972321
32.383333,1.805743,37.562697,13.300622,0.140309,-0.026662,-0.184767,0.972350
32.400000,1.814825,37.585727,13.307902,0.140076,-0.026619,-0.184786,0.972381
32.416667,1.823815,37.608525,13.315102,0.139906,-0.026588,-0.184797,0.972404
32.433333,1.832806,37.631324,13.322301,0.139751,-0.026559,-0.184807,0.972425
32.450000,1.841796,37.654122,13.329500,0.139540,-0.026520,-0.184816,0.972455
32.466667,1.850790,37.676928,13.336668,0.139306,-0.026476,-0.184825,0.972488
32.483333,1.859689,37.699493,13.343752,0.139136,-0.026443,-0.184829,0.972512
32.500000,1.868588,37.722058,13.350835,0.138980,-0.026413,-0.184831,0.972535
32.516667,1.877487,37.744622,13.357918,0.138777,-0.026374,-0.184832,0.972565
32.533333,1.886388,37.767195,13.364974,0.138543,-0.026328,-0.184830,0.972600
32.550000,1.895189,37.789516,13.371938,0.138368,-0.026294,-0.184827,0.972626
32.566667,1.903991,37.811838,13.378903,0.138211,-0.026263,-0.184823,0.972650
32.583333,1.912793,37.834160,13.385868,0.138022,-0.026225,-0.184815,0.972680
32.600000,1.921595,37.856488,13.392810,0.137786,-0.026178,-0.184804,0.972716
32.616667,1.930295,37.878558,13.399654,0.137604,-0.026141,-0.184793,0.972745
32.633333,1.938994,37.900628,13.406499,0.137446,-0.026108,-0.184782,0.972771
32.650000,1.947693,37.922698,13.413343,0.137274,-0.026073,-0.184769,0.972798
32.666667,1.956392,37.944773,13.420171,0.137037,-0.026024,-0.184747,0.972837
32.683333,1.964985,37.966583,13.426893,0.136844,-0.025984,-0.184728,0.972869
32.700000,1.973577,37.988393,13.433615,0.136686,-0.025951,-0.184710,0.972896
32.716667,1.982169,38.010203,13.440336,0.136526,-0.025917,-0.184692,0.972922
32.733333,1.990760,38.032016,13.447051,0.136295,-0.025868,-0.184661,0.972962
32.750000,1.999241,38.053559,13.453649,0.136088,-0.025823,-0.184632,0.972998
32.766667,2.007721,38.075102,13.460246,0.135929,-0.025789,-0.184607,0.973025
32.783333,2.016202,38.096646,13.466843,0.135768,-0.025754,-0.184583,0.973053
32.800000,2.024682,38.118189,13.473441,0.135563,-0.025710,-0.184548,0.973090
32.816667,2.033159,38.139744,13.480004,0.135337,-0.025660,-0.184508,0.973130
32.833333,2.041524,38.161013,13.486476,0.135177,-0.025625,-0.184477,0.973159
32.850000,2.049888,38.182283,13.492948,0.135016,-0.025589,-0.184445,0.973188
32.866667,2.058253,38.203553,13.499420,0.134842,-0.025551,-0.184410,0.973220
32.883333,2.066615,38.224830,13.505871,0.134601,-0.025496,-0.184358,0.973265
32.900000,2.074859,38.245820,13.512216,0.134430,-0.025458,-0.184318,0.973297
32.916667,2.083104,38.266810,13.518561,0.134269,-0.025421,-0.184280,0.973328
32.933333,2.091349,38.287800,13.524906,0.134107,-0.025384,-0.184241,0.973358
32.950000,2.099593,38.308792,13.531245,0.133888,-0.025334,-0.184186,0.973400
32.966667,2.107714,38.329498,13.537463,0.133689,-0.025288,-0.184133,0.973439
32.983333,2.115836,38.350203,13.543681,0.133527,-0.025251,-0.184088,0.973470
33.000000,2.123957,38.370908,13.549898,0.133364,-0.025213,-0.184043,0.973502
33.016667,2.132079,38.391614,13.556116,0.133188,-0.025172,-0.183993,0.973537
33.033333,2.140196,38.412329,13.562308,0.132956,-0.025117,-0.183924,0.973583
33.050000,2.148191,38.432745,13.568397,0.132793,-0.025079,-0.183872,0.973616
33.066667,2.156186,38.453161,13.574487,0.132630,-0.025040,-0.183820,0.973649
33.083333,2.164181,38.473577,13.580576,0.132466,-0.025001,-0.183768,0.973682
33.100000,2.172175,38.493995,13.586660,0.132255,-0.024951,-0.183698,0.973725
33.116667,2.180042,38.514118,13.592621,0.132065,-0.024905,-0.183632,0.973765
33.133333,2.187908,38.534241,13.598582,0.131901,-0.024865,-0.183574,0.973799
33.150000,2.195774,38.554364,13.604543,0.131736,-0.024825,-0.183515,0.973833
33.166667,2.203641,38.574487,13.610504,0.131571,-0.024785,-0.183456,0.973868
33.183333,2.211501,38.594618,13.616444,0.131344,-0.024730,-0.183371,0.973916
33.200000,2.219236,38.614444,13.622277,0.131180,-0.024689,-0.183307,0.973951
33.216667,2.226971,38.634271,13.628109,0.131015,-0.024649,-0.183242,0.973987
33.233333,2.234706,38.654097,13.633942,0.130849,-0.024608,-0.183177,0.974022
33.250000,2.242441,38.673924,13.639774,0.130670,-0.024564,-0.183108,0.974060
33.266667,2.250166,38.693764,13.645574,0.130467,-0.024515,-0.183036,0.974102
33.283333,2.257767,38.713291,13.651278,0.130301,-0.024475,-0.182978,0.974136
33.300000,2.265369,38.732819,13.656982,0.130134,-0.024435,-0.182919,0.974171
33.316667,2.272971,38.752346,13.662686,0.129966,-0.024395,-0.182860,0.974205
33.333333,2.280571,38.771876,13.668385,0.129770,-0.024349,-0.182798,0.974244
33.350000,2.288043,38.791101,13.673961,0.129591,-0.024310,-0.182762,0.974276
33.366667,2.295515,38.810326,13.679537,0.129423,-0.024273,-0.182729,0.974305
33.383333,2.302986,38.829551,13.685113,0.129253,-0.024236,-0.182697,0.974335
33.400000,2.310458,38.848776,13.690689,0.129082,-0.024199,-0.182664,0.974365
33.416667,2.317929,38.868005,13.696253,0.128886,-0.024158,-0.182639,0.974396
33.433333,2.325277,38.886923,13.701701,0.128716,-0.024126,-0.182641,0.974419
33.450000,2.332626,38.905842,13.707149,0.128544,-0.024093,-0.182643,0.974442
33.466667,2.339974,38.924760,13.712597,0.128371,-0.024061,-0.182646,0.974465
33.483333,2.347322,38.943679,13.718046,0.128197,-0.024028,-0.182648,0.974489
33.500000,2.354673,38.962600,13.723479,0.128012,-0.023995,-0.182665,0.974510
33.516667,2.361904,38.981209,13.728800,0.127839,-0.023967,-0.182702,0.974527
33.533333,2.369135,38.999817,13.734121,0.127664,-0.023939,-0.182739,0.974544
33.550000,2.376366,39.018426,13.739442,0.127488,-0.023910,-0.182777,0.974560
33.566667,2.383597,39.037034,13.744763,0.127311,-0.023881,-0.182815,0.974577
33.583333,2.390834,39.055645,13.750069,0.127139,-0.023855,-0.182864,0.974591
33.600000,2.397955,39.073941,13.755264,0.126962,-0.023831,-0.182936,0.974601
33.616667,2.405076,39.092237,13.760459,0.126785,-0.023807,-0.183008,0.974611
33.633333,2.412197,39.110534,13.765654,0.126606,-0.023783,-0.183081,0.974621
33.650000,2.419318,39.128830,13.770849,0.126426,-0.023758,-0.183154,0.974631
33.666667,2.426445,39.147127,13.776031,0.126266,-0.023738,-0.183227,0.974639
33.683333,2.433462,39.165109,13.781101,0.126087,-0.023718,-0.183334,0.974643
33.700000,2.440479,39.183091,13.786171,0.125907,-0.023697,-0.183441,0.974646
33.716667,2.447496,39.201073,13.791240,0.125726,-0.023677,-0.183549,0.974650
33.733333,2.454513,39.219056,13.796310,0.125543,-0.023656,-0.183658,0.974653
33.750000,2.461535,39.237038,13.801374,0.125391,-0.023640,-0.183751,0.974656
33.766667,2.468455,39.254705,13.806320,0.125214,-0.023624,-0.183887,0.974653
33.783333,2.475374,39.272373,13.811266,0.125031,-0.023608,-0.184029,0.974650
33.800000,2.482293,39.290040,13.816212,0.124847,-0.023591,-0.184171,0.974647
33.816667,2.489213,39.307708,13.821158,0.124662,-0.023575,-0.184315,0.974644
33.833333,2.496132,39.325376,13.826104,0.124493,-0.023560,-0.184448,0.974641
33.850000,2.503081,39.343041,13.831017,0.124345,-0.023550,-0.184584,0.974634
33.866667,2.509909,39.360394,13.835841,0.124160,-0.023537,-0.184760,0.974625
33.883333,2.516738,39.377746,13.840665,0.123974,-0.023525,-0.184937,0.974615
33.900000,2.523566,39.395099,13.845489,0.123786,-0.023512,-0.185115,0.974606
33.916667,2.530394,39.412452,13.850313,0.123597,-0.023499,-0.185294,0.974596
33.933333,2.537244,39.429802,13.855116,0.123482,-0.023492,-0.185415,0.974588
33.950000,2.543988,39.446841,13.859820,0.123295,-0.023484,-0.185624,0.974572
33.966667,2.550731,39.463880,13.864523,0.123106,-0.023475,-0.185836,0.974556
33.983333,2.557475,39.480919,13.869227,0.122915,-0.023466,-0.186049,0.974539
34.000000,2.564218,39.497959,13.873930,0.122724,-0.023456,-0.186263,0.974523
34.016667,2.570967,39.514997,13.878629,0.122587,-0.023450,-0.186421,0.974510
34.033333,2.577632,39.531724,13.883214,0.122435,-0.023446,-0.186612,0.974493
34.050000,2.584297,39.548451,13.887799,0.122244,-0.023441,-0.186857,0.974470
34.066667,2.590961,39.565178,13.892384,0.122051,-0.023435,-0.187104,0.974447
34.083333,2.597626,39.581905,13.896968,0.121857,-0.023430,-0.187353,0.974423
34.100000,2.604291,39.598632,13.901553,0.121675,-0.023424,-0.187587,0.974401
34.116667,2.610984,39.615353,13.906118,0.121578,-0.023422,-0.187719,0.974388
34.133333,2.617576,39.631771,13.910587,0.121389,-0.023421,-0.187991,0.974359
34.150000,2.624168,39.648189,13.915055,0.121195,-0.023419,-0.188270,0.974329
34.166667,2.630761,39.664606,13.919524,0.120999,-0.023416,-0.188552,0.974299
34.183333,2.637353,39.681024,13.923992,0.120802,-0.023414,-0.188836,0.974269
34.200000,2.643945,39.697441,13.928461,0.120661,-0.023413,-0.189043,0.974246
34.216667,2.650587,39.713848,13.932897,0.120544,-0.023413,-0.189223,0.974226
34.233333,2.657113,39.729959,13.937251,0.120347,-0.023414,-0.189536,0.974189
34.250000,2.663639,39.746070,13.941606,0.120149,-0.023416,-0.189851,0.974152
34.266667,2.670165,39.762181,13.945960,0.119950,-0.023417,-0.190168,0.974115
34.283333,2.676691,39.778293,13.950314,0.119749,-0.023418,-0.190487,0.974077
34.300000,2.683228,39.794402,13.954663,0.119641,-0.023419,-0.190666,0.974055
34.316667,2.689694,39.810211,13.958905,0.119509,-0.023421,-0.190891,0.974028
34.333333,2.696160,39.826020,13.963148,0.119309,-0.023426,-0.191238,0.973984
34.350000,2.702626,39.841829,13.967391,0.119107,-0.023430,-0.191588,0.973940
34.366667,2.709092,39.857638,13.971633,0.118904,-0.023434,-0.191941,0.973895
34.383333,2.715558,39.873448,13.975876,0.118719,-0.023438,-0.192265,0.973854
34.400000,2.722044,39.889252,13.980108,0.118617,-0.023441,-0.192448,0.973830
34.416667,2.728456,39.904764,13.984242,0.118480,-0.023446,-0.192703,0.973796
34.433333,2.734868,39.920276,13.988376,0.118277,-0.023454,-0.193090,0.973744
34.450000,2.741280,39.935788,13.992509,0.118073,-0.023462,-0.193480,0.973691
34.466667,2.747692,39.951300,13.996643,0.117867,-0.023470,-0.193873,0.973637
34.483333,2.754104,39.966812,14.000777,0.117692,-0.023477,-0.194209,0.973591
34.500000,2.760540,39.982317,14.004899,0.117589,-0.023482,-0.194416,0.973562
34.516667,2.766906,39.997537,14.008927,0.117460,-0.023490,-0.194688,0.973524
34.533333,2.773273,40.012757,14.012954,0.117255,-0.023505,-0.195142,0.973457
34.550000,2.779639,40.027976,14.016982,0.117050,-0.023521,-0.195600,0.973389
34.566667,2.786005,40.043196,14.021010,0.116842,-0.023536,-0.196061,0.973321
34.583333,2.792372,40.058416,14.025037,0.116669,-0.023550,-0.196454,0.973262
34.600000,2.798759,40.073629,14.029057,0.116566,-0.023560,-0.196706,0.973224
34.616667,2.805095,40.088559,14.032982,0.116456,-0.023571,-0.196978,0.973181
34.633333,2.811430,40.103489,14.036907,0.116250,-0.023598,-0.197534,0.973093
34.650000,2.817766,40.118419,14.040832,0.116042,-0.023625,-0.198092,0.973003
34.666667,2.824101,40.133349,14.044758,0.115834,-0.023651,-0.198652,0.972913
34.683333,2.830437,40.148279,14.048683,0.115652,-0.023675,-0.199147,0.972833
34.700000,2.836779,40.163208,14.052606,0.115549,-0.023691,-0.199451,0.972783
34.716667,2.843202,40.178087,14.056494,0.115445,-0.023707,-0.199755,0.972732
34.733333,2.849625,40.192967,14.060383,0.115253,-0.023742,-0.200363,0.972629
34.750000,2.856048,40.207846,14.064271,0.115046,-0.023780,-0.201022,0.972517
34.766667,2.862472,40.222726,14.068160,0.114838,-0.023818,-0.201681,0.972404
34.783333,2.868895,40.237605,14.072048,0.114637,-0.023854,-0.202321,0.972294
34.800000,2.875318,40.252485,14.075937,0.114533,-0.023876,-0.202676,0.972232
34.816667,2.881836,40.267330,14.079798,0.114429,-0.023898,-0.203031,0.972169
34.833333,2.888370,40.282169,14.083655,0.114258,-0.023937,-0.203651,0.972059
34.850000,2.894904,40.297009,14.087511,0.114049,-0.023987,-0.204412,0.971922
34.866667,2.901439,40.311848,14.091368,0.113841,-0.024035,-0.205173,0.971785
34.883333,2.907973,40.326688,14.095225,0.113632,-0.024084,-0.205934,0.971647
34.900000,2.914507,40.341527,14.099082,0.113512,-0.024114,-0.206391,0.971564
34.916667,2.921123,40.356335,14.102918,0.113408,-0.024141,-0.206797,0.971489
34.933333,2.927783,40.371127,14.106743,0.113256,-0.024182,-0.207408,0.971375
34.950000,2.934443,40.385918,14.110568,0.113046,-0.024242,-0.208272,0.971214
34.966667,2.941104,40.400710,14.114393,0.112836,-0.024302,-0.209135,0.971051
34.983333,2.947764,40.415501,14.118218,0.112625,-0.024360,-0.209999,0.970888
35.000000,2.954424,40.430292,14.122043,0.112483,-0.024402,-0.210598,0.970773
35.016667,2.961148,40.445059,14.125854,0.112377,-0.024434,-0.211055,0.970685
35.033333,2.967950,40.459794,14.129648,0.112246,-0.024475,-0.211636,0.970573
35.050000,2.974751,40.474529,14.133442,0.112033,-0.024545,-0.212603,0.970385
35.066667,2.981553,40.489264,14.137235,0.111820,-0.024615,-0.213569,0.970195
35.083333,2.988355,40.503999,14.141029,0.111607,-0.024684,-0.214535,0.970005
35.100000,2.995157,40.518734,14.144822,0.111441,-0.024739,-0.215296,0.969854
35.116667,3.001996,40.533453,14.148608,0.111334,-0.024776,-0.215805,0.969752
35.133333,3.008955,40.548123,14.152370,0.111222,-0.024815,-0.216337,0.969646
35.150000,3.015913,40.562793,14.156132,0.111006,-0.024894,-0.217405,0.969429
35.166667,3.022872,40.577463,14.159894,0.110790,-0.024974,-0.218474,0.969212
35.183333,3.029830,40.592133,14.163656,0.110573,-0.025052,-0.219542,0.968993
35.200000,3.036788,40.606803,14.167418,0.110382,-0.025122,-0.220486,0.968798
35.216667,3.043754,40.621470,14.171179,0.110273,-0.025164,-0.221046,0.968682
35.233333,3.050884,40.636065,14.174909,0.110164,-0.025205,-0.221606,0.968566
35.250000,3.058013,40.650661,14.178640,0.109962,-0.025287,-0.222680,0.968340
35.266667,3.065143,40.665256,14.182370,0.109742,-0.025375,-0.223851,0.968093
35.283333,3.072273,40.679852,14.186100,0.109521,-0.025463,-0.225021,0.967844
35.300000,3.079403,40.694447,14.189830,0.109304,-0.025549,-0.226167,0.967599
35.316667,3.086533,40.709042,14.193561,0.109192,-0.025595,-0.226778,0.967468
35.333333,3.093820,40.723567,14.197264,0.109081,-0.025641,-0.227389,0.967336
35.350000,3.101136,40.738078,14.200962,0.108896,-0.025721,-0.228426,0.967110
35.366667,3.108452,40.752589,14.204660,0.108671,-0.025818,-0.229699,0.966831
35.383333,3.115768,40.767101,14.208359,0.108445,-0.025914,-0.230971,0.966551
35.400000,3.123084,40.781612,14.212057,0.108218,-0.026010,-0.232242,0.966269
35.416667,3.130400,40.796123,14.215755,0.108086,-0.026068,-0.233000,0.966100
35.433333,3.137846,40.810573,14.219432,0.107971,-0.026118,-0.233661,0.965952
35.450000,3.145362,40.824990,14.223098,0.107805,-0.026193,-0.234643,0.965730
35.466667,3.152879,40.839407,14.226764,0.107574,-0.026299,-0.236017,0.965418
35.483333,3.160396,40.853823,14.230429,0.107342,-0.026403,-0.237390,0.965104
35.500000,3.167913,40.868240,14.234095,0.107109,-0.026507,-0.238762,0.964789
35.516667,3.175429,40.882657,14.237761,0.106950,-0.026579,-0.239709,0.964570
35.533333,3.183042,40.897026,14.241411,0.106832,-0.026633,-0.240421,0.964404
35.550000,3.190774,40.911337,14.245044,0.106684,-0.026702,-0.241327,0.964192
35.566667,3.198505,40.925648,14.248677,0.106446,-0.026815,-0.242801,0.963845
35.583333,3.206237,40.939959,14.252309,0.106207,-0.026927,-0.244275,0.963496
35.600000,3.213968,40.954270,14.255942,0.105967,-0.027038,-0.245748,0.963145
35.616667,3.221700,40.968581,14.259574,0.105779,-0.027124,-0.246902,0.962868
35.633333,3.229489,40.982862,14.263198,0.105658,-0.027182,-0.247664,0.962684
35.650000,3.237449,40.997056,14.266797,0.105529,-0.027243,-0.248474,0.962487
35.666667,3.245409,41.011250,14.270396,0.105283,-0.027363,-0.250049,0.962103
35.683333,3.253369,41.025444,14.273995,0.105036,-0.027481,-0.251622,0.961716
35.700000,3.261328,41.039638,14.277593,0.104788,-0.027599,-0.253195,0.961327
35.716667,3.269288,41.053832,14.281192,0.104570,-0.027701,-0.254573,0.960984
35.733333,3.277262,41.068018,14.284789,0.104444,-0.027762,-0.255384,0.960781
35.750000,3.285464,41.082083,14.288353,0.104318,-0.027823,-0.256196,0.960577
35.766667,3.293665,41.096148,14.291917,0.104081,-0.027939,-0.257750,0.960183
35.783333,3.301866,41.110212,14.295481,0.103825,-0.028064,-0.259420,0.959757
35.800000,3.310068,41.124277,14.299044,0.103568,-0.028187,-0.261088,0.959329
35.816667,3.318269,41.138342,14.302608,0.103317,-0.028305,-0.262707,0.958910
35.833333,3.326470,41.152406,14.306172,0.103187,-0.028368,-0.263565,0.958687
35.850000,3.334891,41.166348,14.309705,0.103056,-0.028431,-0.264423,0.958463
35.866667,3.343346,41.180271,14.313234,0.102838,-0.028537,-0.265864,0.958085
35.883333,3.351801,41.194194,14.316762,0.102575,-0.028663,-0.267596,0.957627
35.900000,3.360256,41.208117,14.320290,0.102311,-0.028788,-0.269326,0.957166
35.916667,3.368710,41.222040,14.323818,0.102046,-0.028912,-0.271056,0.956702
35.933333,3.377165,41.235963,14.327346,0.101895,-0.028983,-0.272044,0.956436
35.950000,3.385791,41.249786,14.330850,0.101762,-0.029045,-0.272917,0.956199
35.966667,3.394502,41.263559,14.334342,0.101568,-0.029136,-0.274195,0.955852
35.983333,3.403213,41.277332,14.337834,0.101302,-0.029258,-0.275934,0.955375
36.000000,3.411923,41.291106,14.341326,0.101036,-0.029380,-0.277672,0.954896
36.016667,3.420634,41.304879,14.344818,0.100768,-0.029500,-0.279409,0.954414
36.033333,3.429345,41.318653,14.348309,0.100590,-0.029580,-0.280564,0.954092
36.050000,3.438173,41.332355,14.351784,0.100456,-0.029639,-0.281429,0.953849
36.066667,3.447136,41.345975,14.355240,0.100288,-0.029714,-0.282520,0.953542
36.083333,3.456098,41.359595,14.358695,0.100023,-0.029831,-0.284244,0.953053
36.100000,3.465061,41.373215,14.362150,0.099756,-0.029948,-0.285966,0.952562
36.116667,3.474023,41.386835,14.365606,0.099488,-0.030062,-0.287688,0.952068
36.133333,3.482986,41.400456,14.369061,0.099282,-0.030150,-0.289005,0.951688
36.150000,3.492014,41.414035,14.372507,0.099149,-0.030206,-0.289863,0.951439
36.166667,3.501224,41.427498,14.375926,0.099007,-0.030266,-0.290769,0.951175
36.183333,3.510433,41.440962,14.379345,0.098742,-0.030378,-0.292478,0.950676
36.200000,3.519643,41.454425,14.382764,0.098475,-0.030489,-0.294185,0.950173
36.216667,3.528853,41.467889,14.386183,0.098207,-0.030599,-0.295891,0.949667
36.233333,3.538063,41.481353,14.389601,0.097973,-0.030693,-0.297371,0.949226
36.250000,3.547287,41.494807,14.393018,0.097839,-0.030747,-0.298220,0.948971
36.266667,3.556740,41.508110,14.396401,0.097706,-0.030800,-0.299070,0.948716
36.283333,3.566193,41.521414,14.399783,0.097459,-0.030899,-0.300638,0.948243
36.300000,3.575646,41.534717,14.403165,0.097193,-0.031005,-0.302331,0.947728
36.316667,3.585099,41.548020,14.406548,0.096924,-0.031109,-0.304022,0.947211
36.333333,3.594551,41.561324,14.409930,0.096663,-0.031210,-0.305663,0.946706
36.350000,3.604004,41.574627,14.413312,0.096529,-0.031261,-0.306506,0.946445
36.366667,3.613660,41.587791,14.416663,0.096395,-0.031312,-0.307348,0.946184
36.383333,3.623352,41.600931,14.420009,0.096177,-0.031396,-0.308728,0.945754
36.400000,3.633044,41.614071,14.423355,0.095910,-0.031496,-0.310407,0.945228
36.416667,3.642736,41.627211,14.426701,0.095642,-0.031596,-0.312085,0.944699
36.433333,3.652427,41.640350,14.430046,0.095373,-0.031694,-0.313762,0.944168
36.450000,3.662119,41.653490,14.433392,0.095219,-0.031750,-0.314724,0.943861
36.466667,3.671961,41.666523,14.436714,0.095085,-0.031798,-0.315559,0.943594
36.483333,3.681888,41.679496,14.440023,0.094894,-0.031868,-0.316753,0.943211
36.500000,3.691814,41.692468,14.443333,0.094627,-0.031963,-0.318419,0.942673
36.516667,3.701741,41.705441,14.446642,0.094359,-0.032058,-0.320084,0.942133
36.533333,3.711667,41.718414,14.449951,0.094090,-0.032151,-0.321748,0.941590
36.550000,3.721594,41.731387,14.453260,0.093908,-0.032214,-0.322877,0.941219
36.566667,3.731620,41.744286,14.456553,0.093774,-0.032260,-0.323706,0.940946
36.583333,3.741777,41.757088,14.459826,0.093611,-0.032316,-0.324716,0.940613
36.600000,3.751934,41.769891,14.463098,0.093344,-0.032407,-0.326371,0.940063
36.616667,3.762091,41.782693,14.466370,0.093077,-0.032497,-0.328024,0.939511
36.633333,3.772249,41.795495,14.469643,0.092808,-0.032586,-0.329676,0.938956
36.650000,3.782406,41.808298,14.472915,0.092597,-0.032654,-0.330970,0.938519
36.666667,3.792613,41.821062,14.476180,0.092463,-0.032698,-0.331794,0.938240
36.683333,3.802997,41.833691,14.479415,0.092328,-0.032742,-0.332623,0.937958
36.700000,3.813381,41.846319,14.482651,0.092062,-0.032828,-0.334266,0.937397
36.716667,3.823765,41.858948,14.485887,0.091794,-0.032913,-0.335908,0.936833
36.733333,3.834149,41.871576,14.489122,0.091526,-0.032997,-0.337548,0.936267
36.750000,3.844533,41.884205,14.492358,0.091286,-0.033071,-0.339008,0.935760
36.766667,3.854918,41.896832,14.495594,0.091153,-0.033113,-0.339826,0.935475
36.783333,3.865525,41.909284,14.498793,0.091019,-0.033154,-0.340644,0.935189
36.800000,3.876132,41.921735,14.501992,0.090780,-0.033227,-0.342109,0.934675
36.816667,3.886739,41.934186,14.505191,0.090513,-0.033308,-0.343740,0.934099
36.833333,3.897346,41.946638,14.508390,0.090245,-0.033387,-0.345370,0.933521
36.850000,3.907953,41.959089,14.511589,0.089976,-0.033465,-0.346993,0.932942
36.866667,3.918560,41.971541,14.514788,0.089843,-0.033504,-0.347806,0.932650
36.883333,3.929341,41.983848,14.517957,0.089709,-0.033543,-0.348619,0.932358
36.900000,3.940167,41.996119,14.521120,0.089498,-0.033604,-0.349903,0.931895
36.916667,3.950993,42.008390,14.524282,0.089231,-0.033681,-0.351525,0.931307
36.933333,3.961819,42.020661,14.527444,0.088963,-0.033756,-0.353146,0.930717
36.950000,3.972645,42.032932,14.530606,0.088695,-0.033830,-0.354765,0.930124
36.966667,3.983471,42.045203,14.533769,0.088533,-0.033874,-0.355739,0.929765
36.983333,3.994423,42.057367,14.536909,0.088400,-0.033910,-0.356547,0.929467
37.000000,4.005464,42.069454,14.540035,0.088217,-0.033960,-0.357654,0.929058
37.016667,4.016506,42.081541,14.543160,0.087950,-0.034032,-0.359267,0.928458
37.033333,4.027547,42.093628,14.546286,0.087683,-0.034103,-0.360879,0.927855
37.050000,4.038589,42.105714,14.549411,0.087414,-0.034173,-0.362489,0.927250
37.066667,4.049630,42.117801,14.552537,0.087224,-0.034222,-0.363629,0.926820
37.083333,4.060750,42.129819,14.555649,0.087091,-0.034256,-0.364433,0.926515
37.100000,4.072004,42.141719,14.558737,0.086936,-0.034296,-0.365366,0.926161
37.116667,4.083257,42.153618,14.561826,0.086670,-0.034364,-0.366970,0.925549
37.133333,4.094510,42.165518,14.564915,0.086402,-0.034430,-0.368574,0.924934
37.150000,4.105763,42.177417,14.568003,0.086134,-0.034496,-0.370176,0.924316
37.166667,4.117017,42.189317,14.571092,0.085916,-0.034548,-0.371479,0.923812
37.183333,4.128303,42.201186,14.574175,0.085782,-0.034580,-0.372279,0.923501
37.200000,4.139765,42.212895,14.577227,0.085649,-0.034612,-0.373078,0.923190
37.216667,4.151226,42.224604,14.580279,0.085389,-0.034674,-0.374633,0.922582
37.233333,4.162688,42.236313,14.583330,0.085121,-0.034736,-0.376223,0.921957
37.250000,4.174149,42.248022,14.586382,0.084853,-0.034796,-0.377813,0.921329
37.266667,4.185611,42.259731,14.589434,0.084606,-0.034851,-0.379272,0.920750
37.283333,4.197072,42.271440,14.592486,0.084472,-0.034880,-0.380063,0.920435
37.300000,4.208727,42.282965,14.595503,0.084338,-0.034909,-0.380853,0.920119
37.316667,4.220392,42.294481,14.598517,0.084105,-0.034958,-0.382223,0.919570
37.333333,4.232057,42.305997,14.601532,0.083836,-0.035014,-0.383789,0.918940
37.350000,4.243721,42.317514,14.604547,0.083567,-0.035068,-0.385354,0.918308
37.366667,4.255386,42.329030,14.607562,0.083297,-0.035120,-0.386917,0.917673
37.383333,4.267051,42.340546,14.610576,0.083156,-0.035147,-0.387729,0.917342
37.400000,4.278863,42.351918,14.613563,0.083021,-0.035173,-0.388504,0.917025
37.416667,4.290724,42.363241,14.616540,0.082814,-0.035210,-0.389690,0.916539
37.433333,4.302586,42.374565,14.619517,0.082544,-0.035258,-0.391224,0.915908
37.450000,4.314447,42.385888,14.622494,0.082274,-0.035305,-0.392758,0.915274
37.466667,4.326309,42.397211,14.625472,0.082003,-0.035350,-0.394289,0.914638
37.483333,4.338171,42.408535,14.628449,0.081833,-0.035378,-0.395244,0.914240
37.500000,4.350135,42.419754,14.631405,0.081697,-0.035399,-0.396002,0.913923
37.516667,4.362187,42.430884,14.634344,0.081516,-0.035427,-0.397012,0.913500
37.533333,4.374239,42.442015,14.637283,0.081246,-0.035468,-0.398514,0.912868
37.550000,4.386291,42.453146,14.640222,0.080974,-0.035507,-0.400015,0.912234
37.566667,4.398343,42.464276,14.643161,0.080702,-0.035546,-0.401515,0.911597
37.583333,4.410395,42.475407,14.646100,0.080504,-0.035572,-0.402605,0.911133
37.600000,4.422509,42.486473,14.649026,0.080368,-0.035590,-0.403347,0.910816
37.616667,4.434745,42.497411,14.651927,0.080214,-0.035610,-0.404186,0.910456
37.633333,4.446980,42.508350,14.654827,0.079943,-0.035643,-0.405657,0.909825
37.650000,4.459216,42.519288,14.657728,0.079671,-0.035676,-0.407127,0.909191
37.666667,4.471452,42.530226,14.660628,0.079398,-0.035707,-0.408595,0.908554
37.683333,4.483688,42.541165,14.663529,0.079171,-0.035732,-0.409813,0.908024
37.700000,4.495948,42.552078,14.666424,0.079035,-0.035746,-0.410540,0.907707
37.716667,4.508361,42.562824,14.669285,0.078898,-0.035760,-0.411267,0.907390
37.733333,4.520775,42.573571,14.672147,0.078636,-0.035786,-0.412655,0.906781
37.750000,4.533188,42.584318,14.675008,0.078364,-0.035811,-0.414094,0.906147
37.766667,4.545602,42.595065,14.677870,0.078091,-0.035835,-0.415531,0.905512
37.783333,4.558016,42.605811,14.680731,0.077836,-0.035857,-0.416871,0.904917
37.800000,4.570429,42.616558,14.683593,0.077699,-0.035868,-0.417582,0.904600
37.816667,4.583002,42.627127,14.686417,0.077563,-0.035878,-0.418293,0.904283
37.833333,4.595588,42.637683,14.689240,0.077328,-0.035895,-0.419509,0.903739
37.850000,4.608173,42.648239,14.692062,0.077056,-0.035914,-0.420917,0.903107
37.866667,4.620758,42.658795,14.694884,0.076783,-0.035931,-0.422323,0.902472
37.883333,4.633343,42.669351,14.697706,0.076509,-0.035948,-0.423728,0.901836
37.900000,4.645929,42.679906,14.700528,0.076363,-0.035956,-0.424475,0.901497
37.916667,4.658634,42.690325,14.703321,0.076227,-0.035963,-0.425170,0.901180
37.933333,4.671385,42.700690,14.706104,0.076020,-0.035973,-0.426220,0.900701
37.950000,4.684136,42.711056,14.708886,0.075747,-0.035985,-0.427598,0.900071
37.966667,4.696887,42.721422,14.711669,0.075475,-0.035997,-0.428974,0.899438
37.983333,4.709638,42.731788,14.714451,0.075201,-0.036007,-0.430349,0.898804
38.000000,4.722389,42.742153,14.717234,0.075027,-0.036012,-0.431221,0.898400
38.016667,4.735223,42.752421,14.719995,0.074891,-0.036016,-0.431901,0.898084
38.033333,4.748133,42.762598,14.722738,0.074712,-0.036021,-0.432791,0.897671
38.050000,4.761044,42.772775,14.725480,0.074440,-0.036027,-0.434138,0.897042
38.066667,4.773955,42.782951,14.728223,0.074168,-0.036031,-0.435485,0.896412
38.083333,4.786866,42.793128,14.730965,0.073895,-0.036035,-0.436830,0.895779
38.100000,4.799777,42.803305,14.733708,0.073693,-0.036037,-0.437821,0.895312
38.116667,4.812736,42.813423,14.736437,0.073557,-0.036038,-0.438487,0.894997
38.133333,4.825801,42.823412,14.739140,0.073406,-0.036038,-0.439223,0.894648
38.150000,4.838866,42.833401,14.741842,0.073135,-0.036038,-0.440541,0.894022
38.166667,4.851931,42.843390,14.744544,0.072863,-0.036037,-0.441858,0.893394
38.183333,4.864996,42.853379,14.747246,0.072591,-0.036035,-0.443174,0.892765
38.200000,4.878061,42.863368,14.749949,0.072362,-0.036032,-0.444280,0.892234
38.216667,4.891142,42.873337,14.752647,0.072226,-0.036030,-0.444931,0.891920
38.233333,4.904356,42.883139,14.755308,0.072090,-0.036027,-0.445582,0.891606
38.250000,4.917570,42.892942,14.757970,0.071833,-0.036021,-0.446809,0.891013
38.266667,4.930784,42.902744,14.760632,0.071562,-0.036014,-0.448097,0.890388
38.283333,4.943997,42.912547,14.763294,0.071291,-0.036006,-0.449384,0.889762
38.300000,4.957211,42.922349,14.765956,0.071034,-0.035997,-0.450599,0.889168
38.316667,4.970425,42.932152,14.768618,0.070898,-0.035992,-0.451236,0.888856
38.333333,4.983768,42.941787,14.771243,0.070763,-0.035987,-0.451872,0.888543
38.350000,4.997125,42.951404,14.773864,0.070534,-0.035977,-0.452943,0.888016
38.366667,5.010482,42.961022,14.776485,0.070264,-0.035964,-0.454203,0.887395
38.383333,5.023839,42.970639,14.779106,0.069994,-0.035950,-0.455462,0.886771
38.400000,5.037197,42.980257,14.781728,0.069723,-0.035935,-0.456719,0.886146
38.416667,5.050554,42.989874,14.784349,0.069575,-0.035927,-0.457403,0.885805
38.433333,5.064007,42.999363,14.786942,0.069441,-0.035918,-0.458026,0.885494
38.450000,5.077502,43.008797,14.789522,0.069240,-0.035906,-0.458948,0.885033
38.466667,5.090998,43.018231,14.792102,0.068971,-0.035887,-0.460180,0.884415
38.483333,5.104493,43.027665,14.794683,0.068702,-0.035868,-0.461411,0.883795
38.500000,5.117988,43.037099,14.797263,0.068433,-0.035848,-0.462641,0.883174
38.516667,5.131484,43.046532,14.799844,0.068258,-0.035834,-0.463438,0.882770
38.533333,5.145044,43.055877,14.802404,0.068123,-0.035823,-0.464046,0.882461
38.550000,5.158673,43.065128,14.804943,0.067951,-0.035809,-0.464826,0.882064
38.566667,5.172301,43.074380,14.807483,0.067683,-0.035785,-0.466033,0.881449
38.583333,5.185930,43.083632,14.810022,0.067415,-0.035761,-0.467240,0.880831
38.600000,5.199558,43.092883,14.812562,0.067147,-0.035735,-0.468445,0.880212
38.616667,5.213187,43.102135,14.815101,0.066945,-0.035716,-0.469352,0.879745
38.633333,5.226852,43.111335,14.817629,0.066811,-0.035702,-0.469950,0.879437
38.650000,5.240609,43.120406,14.820127,0.066667,-0.035687,-0.470595,0.879103
38.666667,5.254366,43.129476,14.822626,0.066399,-0.035659,-0.471788,0.878485
38.683333,5.268124,43.138547,14.825124,0.066132,-0.035631,-0.472980,0.877865
38.700000,5.281881,43.147617,14.827623,0.065864,-0.035601,-0.474172,0.877243
38.716667,5.295638,43.156687,14.830121,0.065634,-0.035575,-0.475192,0.876709
38.733333,5.309405,43.165743,14.832616,0.065500,-0.035559,-0.475787,0.876397
38.750000,5.323289,43.174631,14.835073,0.065366,-0.035543,-0.476381,0.876085
38.766667,5.337172,43.183519,14.837530,0.065115,-0.035514,-0.477495,0.875498
38.783333,5.351056,43.192407,14.839987,0.064847,-0.035481,-0.478682,0.874871
38.800000,5.364939,43.201295,14.842444,0.064579,-0.035447,-0.479868,0.874242
38.816667,5.378822,43.210182,14.844901,0.064321,-0.035414,-0.481007,0.873637
38.833333,5.392706,43.219070,14.847358,0.064187,-0.035396,-0.481599,0.873321
38.850000,5.406697,43.227797,14.849779,0.064053,-0.035379,-0.482192,0.873004
38.866667,5.420704,43.236500,14.852194,0.063829,-0.035349,-0.483181,0.872475
38.883333,5.434711,43.245203,14.854609,0.063561,-0.035312,-0.484365,0.871839
38.900000,5.448718,43.253907,14.857025,0.063292,-0.035275,-0.485547,0.871202
38.916667,5.462725,43.262610,14.859440,0.063023,-0.035236,-0.486729,0.870564
38.933333,5.476732,43.271313,14.861855,0.062872,-0.035214,-0.487394,0.870204
38.950000,5.490820,43.279892,14.864243,0.062738,-0.035195,-0.487984,0.869883
38.966667,5.504949,43.288409,14.866616,0.062541,-0.035165,-0.488851,0.869412
38.983333,5.519077,43.296926,14.868990,0.062273,-0.035125,-0.490031,0.868768
39.000000,5.533205,43.305442,14.871363,0.062004,-0.035084,-0.491210,0.868123
39.016667,5.547333,43.313959,14.873736,0.061735,-0.035041,-0.492389,0.867476
39.033333,5.561461,43.322476,14.876110,0.061556,-0.035013,-0.493172,0.867045
39.050000,5.575645,43.330906,14.878464,0.061421,-0.034991,-0.493760,0.866720
39.066667,5.589892,43.339234,14.880795,0.061252,-0.034963,-0.494504,0.866309
39.083333,5.604139,43.347563,14.883126,0.060983,-0.034919,-0.495681,0.865657
39.100000,5.618386,43.355892,14.885457,0.060714,-0.034874,-0.496857,0.865003
39.116667,5.632633,43.364221,14.887788,0.060444,-0.034828,-0.498032,0.864348
39.133333,5.646880,43.372549,14.890120,0.060238,-0.034792,-0.498933,0.863844
39.150000,5.661157,43.380828,14.892440,0.060103,-0.034768,-0.499520,0.863515
39.166667,5.675520,43.388967,14.894728,0.059960,-0.034743,-0.500142,0.863166
39.183333,5.689884,43.397105,14.897017,0.059691,-0.034695,-0.501316,0.862505
39.200000,5.704247,43.405244,14.899306,0.059422,-0.034645,-0.502489,0.861843
39.216667,5.718610,43.413383,14.901595,0.059152,-0.034595,-0.503661,0.861179
39.233333,5.732973,43.421522,14.903883,0.058918,-0.034551,-0.504678,0.860602
39.250000,5.747343,43.429649,14.906170,0.058784,-0.034525,-0.505264,0.860268
39.266667,5.761820,43.437595,14.908416,0.058649,-0.034500,-0.505849,0.859934
39.283333,5.776297,43.445542,14.910661,0.058399,-0.034451,-0.506936,0.859313
39.300000,5.790774,43.453489,14.912907,0.058129,-0.034398,-0.508106,0.858642
39.316667,5.805251,43.461436,14.915153,0.057859,-0.034344,-0.509275,0.857969
39.333333,5.819728,43.469383,14.917399,0.057598,-0.034291,-0.510408,0.857316
39.350000,5.834205,43.477329,14.919645,0.057463,-0.034263,-0.510992,0.856978
39.366667,5.848777,43.485110,14.921854,0.057328,-0.034236,-0.511576,0.856640
39.383333,5.863365,43.492863,14.924057,0.057105,-0.034189,-0.512542,0.856079
39.400000,5.877954,43.500616,14.926260,0.056835,-0.034132,-0.513709,0.855399
39.416667,5.892542,43.508369,14.928463,0.056565,-0.034074,-0.514875,0.854718
39.433333,5.907130,43.516122,14.930666,0.056295,-0.034016,-0.516040,0.854035
39.450000,5.921718,43.523875,14.932869,0.056141,-0.033982,-0.516705,0.853644
39.466667,5.936378,43.531500,14.935043,0.056006,-0.033952,-0.517288,0.853302
39.483333,5.951075,43.539057,14.937203,0.055810,-0.033908,-0.518134,0.852803
39.500000,5.965772,43.546615,14.939362,0.055540,-0.033847,-0.519298,0.852115
39.516667,5.980469,43.554172,14.941522,0.055270,-0.033786,-0.520461,0.851425
39.533333,5.995165,43.561729,14.943681,0.055000,-0.033723,-0.521623,0.850733
39.550000,6.009862,43.569287,14.945841,0.054818,-0.033680,-0.522405,0.850267
39.566667,6.024607,43.576755,14.947981,0.054683,-0.033648,-0.522986,0.849920
39.583333,6.039411,43.584115,14.950097,0.054514,-0.033608,-0.523712,0.849485
39.600000,6.054214,43.591475,14.952213,0.054244,-0.033544,-0.524874,0.848787
39.616667,6.069017,43.598834,14.954328,0.053974,-0.033478,-0.526034,0.848089
39.633333,6.083820,43.606194,14.956444,0.053704,-0.033411,-0.527193,0.847388
39.650000,6.098623,43.613554,14.958560,0.053495,-0.033359,-0.528090,0.846845
39.666667,6.113452,43.620864,14.960665,0.053360,-0.033325,-0.528670,0.846493
39.683333,6.128359,43.628025,14.962737,0.053218,-0.033290,-0.529277,0.846124
39.700000,6.143266,43.635185,14.964809,0.052948,-0.033221,-0.530436,0.845417
39.716667,6.158173,43.642346,14.966881,0.052678,-0.033151,-0.531594,0.844709
39.733333,6.173079,43.649506,14.968953,0.052408,-0.033081,-0.532751,0.844000
39.750000,6.187986,43.656667,14.971025,0.052171,-0.033018,-0.533762,0.843378
39.766667,6.202898,43.663818,14.973095,0.052036,-0.032982,-0.534340,0.843021
39.783333,6.217906,43.670777,14.975123,0.051901,-0.032946,-0.534918,0.842665
39.800000,6.232913,43.677736,14.977150,0.051652,-0.032879,-0.535985,0.842004
39.816667,6.247921,43.684695,14.979178,0.051381,-0.032806,-0.537141,0.841287
39.833333,6.262929,43.691655,14.981206,0.051111,-0.032731,-0.538295,0.840568
39.850000,6.277937,43.698614,14.983234,0.050847,-0.032658,-0.539421,0.839865
39.866667,6.292945,43.705573,14.985262,0.050712,-0.032620,-0.539998,0.839504
39.883333,6.308036,43.712361,14.987252,0.050577,-0.032582,-0.540574,0.839142
39.900000,6.323142,43.719117,14.989235,0.050355,-0.032519,-0.541522,0.838547
39.916667,6.338248,43.725873,14.991218,0.050085,-0.032441,-0.542675,0.837820
39.933333,6.353354,43.732629,14.993201,0.049815,-0.032363,-0.543827,0.837092
39.950000,6.368461,43.739386,14.995185,0.049544,-0.032283,-0.544978,0.836363
39.966667,6.383567,43.746142,14.997168,0.049388,-0.032237,-0.545642,0.835940
39.983333,6.398735,43.752766,14.999122,0.049253,-0.032197,-0.546217,0.835574
40.000000,6.413937,43.759317,15.001061,0.049059,-0.032139,-0.547046,0.835046
40.016667,6.429139,43.765869,15.002999,0.048789,-0.032057,-0.548196,0.834310
40.033333,6.444341,43.772420,15.004938,0.048519,-0.031975,-0.549344,0.833573
40.050000,6.459543,43.778971,15.006876,0.048249,-0.031892,-0.550491,0.832835
40.066667,6.474745,43.785522,15.008815,0.048066,-0.031835,-0.551269,0.832333
40.083333,6.489988,43.791983,15.010734,0.047931,-0.031793,-0.551842,0.831963
40.100000,6.505283,43.798327,15.012627,0.047764,-0.031740,-0.552552,0.831503
40.116667,6.520578,43.804672,15.014521,0.047495,-0.031655,-0.553697,0.830760
40.133333,6.535873,43.811017,15.016414,0.047226,-0.031569,-0.554841,0.830014
40.150000,6.551168,43.817362,15.018308,0.046957,-0.031482,-0.555985,0.829268
40.166667,6.566462,43.823707,15.020201,0.046747,-0.031414,-0.556875,0.828685
40.183333,6.581779,43.830002,15.022084,0.046612,-0.031370,-0.557446,0.828310
40.200000,6.597164,43.836139,15.023932,0.046473,-0.031324,-0.558036,0.827922
40.216667,6.612549,43.842276,15.025780,0.046205,-0.031235,-0.559177,0.827170
40.233333,6.627934,43.848413,15.027629,0.045936,-0.031145,-0.560317,0.826417
40.250000,6.643319,43.854549,15.029477,0.045668,-0.031054,-0.561456,0.825662
40.266667,6.658704,43.860686,15.031325,0.045431,-0.030974,-0.562458,0.824996
40.283333,6.674092,43.866816,15.033172,0.045297,-0.030928,-0.563027,0.824617
40.300000,6.689565,43.872744,15.034975,0.045163,-0.030881,-0.563595,0.824237
40.316667,6.705037,43.878671,15.036778,0.044918,-0.030796,-0.564636,0.823541
40.333333,6.720509,43.884599,15.038581,0.044650,-0.030703,-0.565772,0.822780
40.350000,6.735981,43.890526,15.040384,0.044382,-0.030608,-0.566906,0.822016
40.366667,6.751454,43.896454,15.042187,0.044119,-0.030515,-0.568019,0.821265
40.383333,6.766926,43.902381,15.043990,0.043986,-0.030467,-0.568586,0.820882
40.400000,6.782468,43.908134,15.045755,0.043852,-0.030419,-0.569152,0.820498
40.416667,6.798025,43.913850,15.047512,0.043635,-0.030340,-0.570074,0.819873
40.433333,6.813582,43.919567,15.049270,0.043368,-0.030243,-0.571206,0.819102
40.450000,6.829138,43.925284,15.051027,0.043101,-0.030144,-0.572336,0.818331
40.466667,6.844695,43.931001,15.052785,0.042834,-0.030045,-0.573465,0.817558
40.483333,6.860251,43.936717,15.054542,0.042678,-0.029987,-0.574124,0.817105
40.500000,6.875859,43.942301,15.056271,0.042545,-0.029937,-0.574688,0.816717
40.516667,6.891497,43.947805,15.057982,0.042355,-0.029865,-0.575492,0.816163
40.533333,6.907135,43.953310,15.059694,0.042089,-0.029764,-0.576620,0.815385
40.550000,6.922773,43.958814,15.061406,0.041823,-0.029662,-0.577746,0.814604
40.566667,6.938411,43.964319,15.063117,0.041557,-0.029559,-0.578872,0.813822
40.583333,6.954049,43.969823,15.064829,0.041375,-0.029488,-0.579643,0.813285
40.600000,6.969721,43.975237,15.066521,0.041242,-0.029436,-0.580205,0.812893
40.616667,6.985437,43.980528,15.068187,0.041080,-0.029373,-0.580892,0.812413
40.633333,7.001154,43.985819,15.069853,0.040814,-0.029268,-0.582015,0.811625
40.650000,7.016870,43.991109,15.071519,0.040549,-0.029162,-0.583138,0.810836
40.666667,7.032587,43.996400,15.073184,0.040284,-0.029056,-0.584260,0.810046
40.683333,7.048304,44.001691,15.074850,0.040075,-0.028971,-0.585142,0.809422
40.700000,7.064037,44.006934,15.076506,0.039943,-0.028917,-0.585702,0.809025
40.716667,7.079829,44.012010,15.078125,0.039808,-0.028862,-0.586272,0.808620
40.733333,7.095621,44.017085,15.079745,0.039544,-0.028753,-0.587393,0.807824
40.750000,7.111413,44.022161,15.081365,0.039279,-0.028644,-0.588512,0.807026
40.766667,7.127206,44.027237,15.082984,0.039015,-0.028534,-0.589630,0.806226
40.783333,7.142998,44.032312,15.084604,0.038780,-0.028435,-0.590623,0.805514
40.800000,7.158791,44.037384,15.086223,0.038648,-0.028379,-0.591182,0.805112
40.816667,7.174656,44.042243,15.087796,0.038516,-0.028323,-0.591740,0.804710
40.833333,7.190521,44.047102,15.089369,0.038277,-0.028221,-0.592753,0.803979
40.850000,7.206386,44.051961,15.090943,0.038014,-0.028108,-0.593868,0.803172
40.866667,7.222250,44.056820,15.092516,0.037751,-0.027994,-0.594983,0.802363
40.883333,7.238115,44.061679,15.094089,0.037490,-0.027880,-0.596086,0.801560
40.900000,7.253980,44.066538,15.095663,0.037358,-0.027822,-0.596643,0.801154
40.916667,7.269902,44.071219,15.097198,0.037227,-0.027764,-0.597199,0.800747
40.933333,7.285836,44.075860,15.098725,0.037015,-0.027670,-0.598096,0.800091
40.950000,7.301771,44.080501,15.100252,0.036753,-0.027553,-0.599208,0.799275
40.966667,7.317705,44.085142,15.101779,0.036491,-0.027435,-0.600319,0.798456
40.983333,7.333640,44.089782,15.103306,0.036228,-0.027317,-0.601429,0.797637
41.000000,7.349574,44.094423,15.104832,0.036073,-0.027246,-0.602087,0.797150
41.016667,7.365550,44.098930,15.106331,0.035942,-0.027186,-0.602642,0.796738
41.033333,7.381551,44.103351,15.107811,0.035758,-0.027102,-0.603422,0.796158
41.050000,7.397552,44.107772,15.109291,0.035496,-0.026981,-0.604532,0.795332
41.066667,7.413553,44.112194,15.110771,0.035235,-0.026859,-0.605640,0.794505
41.083333,7.429555,44.116615,15.112251,0.034974,-0.026737,-0.606746,0.793676
41.100000,7.445556,44.121036,15.113731,0.034792,-0.026651,-0.607515,0.793098
41.116667,7.461583,44.125367,15.115192,0.034662,-0.026589,-0.608068,0.792682
41.133333,7.477648,44.129567,15.116626,0.034505,-0.026515,-0.608733,0.792181
41.150000,7.493713,44.133767,15.118059,0.034245,-0.026390,-0.609840,0.791345
41.166667,7.509778,44.137967,15.119492,0.033984,-0.026265,-0.610945,0.790507
41.183333,7.525843,44.142167,15.120925,0.033724,-0.026138,-0.612048,0.789669
41.200000,7.541908,44.146367,15.122358,0.033517,-0.026037,-0.612927,0.788999
41.216667,7.557985,44.150522,15.123782,0.033387,-0.025973,-0.613479,0.788578
41.233333,7.574111,44.154500,15.125168,0.033257,-0.025909,-0.614030,0.788156
41.250000,7.590237,44.158477,15.126554,0.032998,-0.025781,-0.615133,0.787311
41.266667,7.606362,44.162454,15.127940,0.032738,-0.025652,-0.616235,0.786464
41.283333,7.622488,44.166432,15.129326,0.032479,-0.025522,-0.617335,0.785615
41.300000,7.638614,44.170409,15.130713,0.032246,-0.025404,-0.618324,0.784851
41.316667,7.654739,44.174387,15.132099,0.032117,-0.025339,-0.618874,0.784424
41.333333,7.670922,44.178140,15.133438,0.031987,-0.025273,-0.619424,0.783998
41.350000,7.687106,44.181893,15.134776,0.031756,-0.025154,-0.620411,0.783230
41.366667,7.703289,44.185647,15.136115,0.031497,-0.025021,-0.621510,0.782372
41.383333,7.719472,44.189400,15.137454,0.031239,-0.024887,-0.622609,0.781513
41.400000,7.735656,44.193153,15.138793,0.030981,-0.024753,-0.623705,0.780653
41.416667,7.751839,44.196906,15.140131,0.030853,-0.024685,-0.624255,0.780221
41.433333,7.768065,44.200480,15.141433,0.030724,-0.024617,-0.624804,0.779789
41.450000,7.784303,44.204008,15.142724,0.030519,-0.024509,-0.625676,0.779100
41.466667,7.800541,44.207535,15.144015,0.030262,-0.024373,-0.626773,0.778232
41.483333,7.816779,44.211063,15.145306,0.030006,-0.024235,-0.627869,0.777363
41.500000,7.833017,44.214591,15.146598,0.029749,-0.024097,-0.628963,0.776492
41.516667,7.849255,44.218118,15.147889,0.029594,-0.024013,-0.629623,0.775965
41.533333,7.865523,44.221511,15.149152,0.029466,-0.023944,-0.630171,0.775528
41.550000,7.881812,44.224812,15.150396,0.029289,-0.023847,-0.630930,0.774920
41.566667,7.898101,44.228112,15.151639,0.029033,-0.023706,-0.632025,0.774041
41.583333,7.914390,44.231412,15.152883,0.028778,-0.023565,-0.633118,0.773161
41.600000,7.930680,44.234712,15.154127,0.028523,-0.023423,-0.634211,0.772279
41.616667,7.946969,44.238013,15.155370,0.028343,-0.023323,-0.634980,0.771656
41.633333,7.963277,44.241224,15.156596,0.028216,-0.023251,-0.635527,0.771213
41.650000,7.979614,44.244296,15.157791,0.028065,-0.023167,-0.636172,0.770689
41.666667,7.995952,44.247367,15.158987,0.027811,-0.023023,-0.637265,0.769799
41.683333,8.012289,44.250438,15.160183,0.027557,-0.022878,-0.638357,0.768907
41.700000,8.028627,44.253510,15.161379,0.027303,-0.022732,-0.639447,0.768014
41.716667,8.044965,44.256581,15.162574,0.027098,-0.022614,-0.640327,0.767291
41.733333,8.061310,44.259610,15.163762,0.026971,-0.022541,-0.640872,0.766843
41.750000,8.077693,44.262451,15.164909,0.026845,-0.022467,-0.641417,0.766394
41.766667,8.094076,44.265292,15.166057,0.026595,-0.022321,-0.642495,0.765503
41.783333,8.110458,44.268132,15.167205,0.026342,-0.022173,-0.643585,0.764600
41.800000,8.126841,44.270973,15.168353,0.026089,-0.022023,-0.644674,0.763695
41.816667,8.143223,44.273814,15.169501,0.025860,-0.021887,-0.645662,0.762871
41.833333,8.159606,44.276654,15.170648,0.025734,-0.021812,-0.646207,0.762416
41.850000,8.176030,44.279268,15.171749,0.025608,-0.021736,-0.646751,0.761961
41.866667,8.192454,44.281876,15.172849,0.025385,-0.021602,-0.647716,0.761152
41.883333,8.208879,44.284485,15.173948,0.025134,-0.021450,-0.648804,0.760238
41.900000,8.225303,44.287093,15.175048,0.024883,-0.021297,-0.649891,0.759321
41.916667,8.241728,44.289702,15.176147,0.024632,-0.021143,-0.650976,0.758404
41.933333,8.258152,44.292310,15.177247,0.024504,-0.021064,-0.651532,0.757933
41.950000,8.274607,44.294738,15.178309,0.024378,-0.020986,-0.652075,0.757472
41.966667,8.291070,44.297112,15.179360,0.024182,-0.020865,-0.652928,0.756746
41.983333,8.307533,44.299487,15.180412,0.023932,-0.020709,-0.654014,0.755820
42.000000,8.323996,44.301861,15.181463,0.023683,-0.020552,-0.655100,0.754892
42.016667,8.340459,44.304236,15.182514,0.023433,-0.020394,-0.656183,0.753962
42.033333,8.356922,44.306610,15.183565,0.023281,-0.020297,-0.656848,0.753390
42.050000,8.373405,44.308851,15.184589,0.023156,-0.020218,-0.657390,0.752923
42.066667,8.389904,44.310990,15.185591,0.022986,-0.020110,-0.658131,0.752284
42.083333,8.406402,44.313129,15.186594,0.022738,-0.019950,-0.659216,0.751345
42.100000,8.422901,44.315268,15.187597,0.022490,-0.019789,-0.660299,0.750405
42.116667,8.439399,44.317407,15.188599,0.022242,-0.019628,-0.661381,0.749463
42.133333,8.455897,44.319546,15.189602,0.022065,-0.019512,-0.662156,0.748787
42.150000,8.472407,44.321598,15.190587,0.021941,-0.019431,-0.662697,0.748314
42.166667,8.488938,44.323500,15.191541,0.021798,-0.019336,-0.663325,0.747764
42.183333,8.505468,44.325401,15.192495,0.021551,-0.019173,-0.664409,0.746812
42.200000,8.521998,44.327303,15.193449,0.021304,-0.019009,-0.665491,0.745860
42.216667,8.538529,44.329205,15.194403,0.021058,-0.018843,-0.666572,0.744905
42.233333,8.555059,44.331106,15.195356,0.020857,-0.018708,-0.667454,0.744123
42.250000,8.571594,44.332970,15.196302,0.020734,-0.018625,-0.667995,0.743644
42.266667,8.588153,44.334632,15.197207,0.020611,-0.018541,-0.668535,0.743164
42.283333,8.604712,44.336295,15.198112,0.020371,-0.018378,-0.669594,0.742221
42.300000,8.621270,44.337958,15.199017,0.020126,-0.018210,-0.670675,0.741255
42.316667,8.637829,44.339621,15.199922,0.019881,-0.018041,-0.671754,0.740288
42.333333,8.654388,44.341283,15.200827,0.019657,-0.017885,-0.672745,0.739397
42.350000,8.670947,44.342946,15.201732,0.019535,-0.017800,-0.673285,0.738911
42.366667,8.687530,44.344379,15.202590,0.019413,-0.017714,-0.673824,0.738424
42.383333,8.704113,44.345801,15.203446,0.019199,-0.017564,-0.674771,0.737568
42.400000,8.720697,44.347223,15.204302,0.018956,-0.017393,-0.675850,0.736590
42.416667,8.737281,44.348645,15.205158,0.018713,-0.017220,-0.676928,0.735610
42.433333,8.753865,44.350067,15.206013,0.018470,-0.017046,-0.678004,0.734628
42.450000,8.770449,44.351489,15.206869,0.018344,-0.016956,-0.678566,0.734114
42.466667,8.787049,44.352729,15.207688,0.018222,-0.016868,-0.679105,0.733621
42.483333,8.803654,44.353909,15.208494,0.018035,-0.016733,-0.679940,0.732855
42.500000,8.820259,44.355089,15.209301,0.017793,-0.016557,-0.681018,0.731863
42.516667,8.836864,44.356269,15.210107,0.017552,-0.016381,-0.682094,0.730870
42.533333,8.853470,44.357449,15.210914,0.017311,-0.016203,-0.683169,0.729875
42.550000,8.870075,44.358629,15.211720,0.017161,-0.016092,-0.683840,0.729253
42.566667,8.886690,44.359675,15.212500,0.017041,-0.016003,-0.684378,0.728753
42.583333,8.903313,44.360611,15.213257,0.016879,-0.015883,-0.685101,0.728079
42.600000,8.919936,44.361547,15.214013,0.016639,-0.015703,-0.686178,0.727074
42.616667,8.936559,44.362482,15.214770,0.016400,-0.015523,-0.687253,0.726067
42.633333,8.953183,44.363418,15.215527,0.016161,-0.015342,-0.688326,0.725059
42.650000,8.969806,44.364354,15.216284,0.015987,-0.015210,-0.689105,0.724325
42.666667,8.986434,44.365206,15.217024,0.015868,-0.015119,-0.689642,0.723818
42.683333,9.003071,44.365896,15.217731,0.015732,-0.015015,-0.690254,0.723240
42.700000,9.019708,44.366587,15.218439,0.015494,-0.014831,-0.691328,0.722223
42.716667,9.036346,44.367277,15.219146,0.015256,-0.014647,-0.692401,0.721203
42.733333,9.052983,44.367967,15.219853,0.015019,-0.014462,-0.693472,0.720182
42.750000,9.069620,44.368658,15.220560,0.014823,-0.014308,-0.694358,0.719335
42.766667,9.086259,44.369314,15.221261,0.014705,-0.014215,-0.694894,0.718822
42.783333,9.102907,44.369757,15.221918,0.014587,-0.014122,-0.695429,0.718308
42.800000,9.119555,44.370201,15.222575,0.014358,-0.013941,-0.696463,0.717314
42.816667,9.136203,44.370644,15.223233,0.014123,-0.013753,-0.697531,0.716283
42.833333,9.152850,44.371088,15.223890,0.013888,-0.013564,-0.698598,0.715251
42.850000,9.169498,44.371532,15.224547,0.013669,-0.013388,-0.699589,0.714289
42.866667,9.186146,44.371975,15.225205,0.013552,-0.013293,-0.700122,0.713771
42.883333,9.202800,44.372188,15.225815,0.013435,-0.013198,-0.700654,0.713252
42.900000,9.219454,44.372384,15.226423,0.013233,-0.013033,-0.701574,0.712355
42.916667,9.236109,44.372580,15.227030,0.013000,-0.012841,-0.702637,0.711314
42.933333,9.252763,44.372776,15.227637,0.012767,-0.012649,-0.703698,0.710272
42.950000,9.269418,44.372972,15.228244,0.012535,-0.012456,-0.704758,0.709228
42.966667,9.286072,44.373169,15.228852,0.012411,-0.012352,-0.705323,0.708670
42.983333,9.302729,44.373184,15.229423,0.012295,-0.012255,-0.705853,0.708146
43.000000,9.319386,44.373132,15.229980,0.012119,-0.012107,-0.706658,0.707348
43.016667,9.336043,44.373080,15.230537,0.011888,-0.011912,-0.707716,0.706296
43.033333,9.352701,44.373028,15.231094,0.011657,-0.011716,-0.708773,0.705243
43.050000,9.369358,44.372976,15.231651,0.011427,-0.011519,-0.709827,0.704189
43.066667,9.386015,44.372924,15.232208,0.011281,-0.011393,-0.710498,0.703517
43.083333,9.402672,44.372742,15.232739,0.011166,-0.011294,-0.711025,0.702987
43.100000,9.419328,44.372442,15.233246,0.011016,-0.011163,-0.711718,0.702290
43.116667,9.435984,44.372141,15.233753,0.010787,-0.010964,-0.712771,0.701228
43.133333,9.452641,44.371840,15.234259,0.010558,-0.010764,-0.713822,0.700165
43.150000,9.469297,44.371539,15.234766,0.010331,-0.010564,-0.714872,0.699099
43.166667,9.485953,44.371239,15.235273,0.010163,-0.010415,-0.715647,0.698310
43.183333,9.502608,44.370859,15.235764,0.010049,-0.010314,-0.716172,0.697776
43.200000,9.519259,44.370309,15.236220,0.009923,-0.010202,-0.716753,0.697182
43.216667,9.535910,44.369758,15.236676,0.009697,-0.009999,-0.717801,0.696109
43.233333,9.552562,44.369208,15.237133,0.009471,-0.009795,-0.718848,0.695034
43.250000,9.569213,44.368658,15.237589,0.009245,-0.009591,-0.719893,0.693958
43.266667,9.585864,44.368108,15.238045,0.009056,-0.009418,-0.720772,0.693049
43.283333,9.602515,44.367530,15.238496,0.008943,-0.009315,-0.721294,0.692509
43.300000,9.619157,44.366729,15.238901,0.008831,-0.009212,-0.721815,0.691968
43.316667,9.635800,44.365929,15.239307,0.008618,-0.009016,-0.722808,0.690936
43.333333,9.652442,44.365128,15.239713,0.008394,-0.008808,-0.723850,0.689850
43.350000,9.669085,44.364328,15.240118,0.008171,-0.008600,-0.724890,0.688762
43.366667,9.685727,44.363527,15.240524,0.007961,-0.008403,-0.725872,0.687732
43.383333,9.702370,44.362727,15.240930,0.007850,-0.008298,-0.726392,0.687186
43.400000,9.719001,44.361700,15.241289,0.007739,-0.008193,-0.726911,0.686639
43.416667,9.735630,44.360648,15.241644,0.007551,-0.008014,-0.727793,0.685709
43.433333,9.752260,44.359597,15.241999,0.007330,-0.007803,-0.728830,0.684611
43.450000,9.768890,44.358546,15.242354,0.007109,-0.007591,-0.729866,0.683511
43.466667,9.785519,44.357494,15.242709,0.006889,-0.007379,-0.730900,0.682410
43.483333,9.802149,44.356443,15.243063,0.006769,-0.007262,-0.731467,0.681805
43.500000,9.818767,44.355216,15.243383,0.006659,-0.007155,-0.731984,0.681252
43.516667,9.835380,44.353913,15.243687,0.006495,-0.006995,-0.732755,0.680425
43.533333,9.851993,44.352610,15.243990,0.006277,-0.006780,-0.733788,0.679315
43.550000,9.868606,44.351307,15.244294,0.006059,-0.006564,-0.734820,0.678203
43.566667,9.885218,44.350004,15.244598,0.005841,-0.006348,-0.735849,0.677090
43.583333,9.901831,44.348701,15.244902,0.005700,-0.006207,-0.736520,0.676364
43.600000,9.918434,44.347273,15.245181,0.005591,-0.006098,-0.737034,0.675805
43.616667,9.935026,44.345718,15.245433,0.005452,-0.005958,-0.737697,0.675084
43.633333,9.951618,44.344162,15.245686,0.005236,-0.005739,-0.738726,0.673961
43.650000,9.968210,44.342607,15.245939,0.005020,-0.005519,-0.739753,0.672837
43.666667,9.984802,44.341052,15.246191,0.004805,-0.005299,-0.740778,0.671712
43.683333,10.001394,44.339496,15.246444,0.004643,-0.005133,-0.741551,0.670861
43.700000,10.017979,44.337868,15.246682,0.004536,-0.005022,-0.742063,0.670296
43.716667,10.034546,44.336060,15.246883,0.004421,-0.004902,-0.742617,0.669683
43.733333,10.051113,44.334251,15.247085,0.004207,-0.004680,-0.743642,0.668548
43.750000,10.067680,44.332443,15.247286,0.003994,-0.004456,-0.744665,0.667411
43.766667,10.084247,44.330634,15.247488,0.003782,-0.004232,-0.745687,0.666273
43.783333,10.100814,44.328826,15.247689,0.003600,-0.004040,-0.746560,0.665296
43.800000,10.117379,44.326996,15.247886,0.003495,-0.003927,-0.747071,0.664724
43.816667,10.133916,44.324934,15.248036,0.003389,-0.003815,-0.747580,0.664152
43.833333,10.150454,44.322872,15.248186,0.003191,-0.003602,-0.748539,0.663074
43.850000,10.166992,44.320809,15.248336,0.002981,-0.003375,-0.749558,0.661924
43.866667,10.183530,44.318747,15.248486,0.002771,-0.003147,-0.750575,0.660772
43.883333,10.200068,44.316685,15.248636,0.002570,-0.002929,-0.751549,0.659666
43.900000,10.216606,44.314622,15.248786,0.002466,-0.002814,-0.752057,0.659087
43.916667,10.233115,44.312337,15.248890,0.002362,-0.002699,-0.752565,0.658508
43.933333,10.249619,44.310020,15.248989,0.002188,-0.002507,-0.753415,0.657537
43.950000,10.266124,44.307703,15.249087,0.001980,-0.002276,-0.754430,0.656373
43.966667,10.282628,44.305386,15.249185,0.001773,-0.002044,-0.755443,0.655208
43.983333,10.299133,44.303069,15.249283,0.001567,-0.001812,-0.756455,0.654042
44.000000,10.315637,44.300753,15.249382,0.001451,-0.001682,-0.757023,0.653385
44.016667,10.332117,44.298264,15.249445,0.001349,-0.001565,-0.757529,0.652799
44.033333,10.348584,44.295692,15.249491,0.001198,-0.001393,-0.758272,0.651935
44.050000,10.365051,44.293120,15.249538,0.000993,-0.001159,-0.759284,0.650758
44.066667,10.381517,44.290548,15.249584,0.000789,-0.000923,-0.760294,0.649578
44.083333,10.397984,44.287976,15.249631,0.000586,-0.000687,-0.761302,0.648397
44.100000,10.414451,44.285404,15.249677,0.000451,-0.000531,-0.761971,0.647611
44.116667,10.430899,44.282711,15.249699,0.000350,-0.000412,-0.762475,0.647018
44.133333,10.447324,44.279883,15.249694,0.000222,-0.000262,-0.763113,0.646265
44.150000,10.463748,44.277055,15.249688,0.000020,-0.000023,-0.764123,0.645070
44.166667,10.480173,44.274227,15.249683,-0.000181,0.000216,-0.765131,0.643874
44.183333,10.496598,44.271398,15.249677,-0.000382,0.000455,-0.766138,0.642676
44.200000,10.513023,44.268570,15.249671,-0.000535,0.000639,-0.766907,0.641757
44.216667,10.529436,44.265673,15.249652,-0.000634,0.000759,-0.767411,0.641155
44.233333,10.545814,44.262588,15.249594,-0.000740,0.000887,-0.767946,0.640514
44.250000,10.562193,44.259502,15.249537,-0.000939,0.001129,-0.768955,0.639301
44.266667,10.578571,44.256416,15.249479,-0.001137,0.001372,-0.769962,0.638087
44.283333,10.594949,44.253330,15.249421,-0.001334,0.001615,-0.770968,0.636871
44.300000,10.611328,44.250244,15.249364,-0.001505,0.001827,-0.771839,0.635814
44.316667,10.627703,44.247142,15.249303,-0.001603,0.001949,-0.772342,0.635202
44.333333,10.644030,44.243797,15.249193,-0.001701,0.002071,-0.772845,0.634589
44.350000,10.660357,44.240452,15.249083,-0.001883,0.002300,-0.773782,0.633445
44.366667,10.676685,44.237107,15.248973,-0.002077,0.002546,-0.774788,0.632212
44.383333,10.693012,44.233762,15.248863,-0.002272,0.002793,-0.775793,0.630977
44.400000,10.709339,44.230417,15.248753,-0.002459,0.003033,-0.776765,0.629779
44.416667,10.725666,44.227072,15.248643,-0.002555,0.003157,-0.777268,0.629157
44.433333,10.741945,44.223503,15.248488,-0.002652,0.003281,-0.777770,0.628535
44.450000,10.758216,44.219898,15.248326,-0.002811,0.003487,-0.778603,0.627501
44.466667,10.774488,44.216292,15.248164,-0.003002,0.003737,-0.779609,0.626248
44.483333,10.790759,44.212687,15.248002,-0.003193,0.003988,-0.780613,0.624994
44.500000,10.807030,44.209081,15.247839,-0.003383,0.004239,-0.781615,0.623738
44.516667,10.823301,44.205475,15.247677,-0.003491,0.004383,-0.782188,0.623018
44.533333,10.839532,44.201698,15.247480,-0.003585,0.004509,-0.782689,0.622386
44.550000,10.855743,44.197831,15.247265,-0.003722,0.004692,-0.783419,0.621466
44.566667,10.871953,44.193963,15.247051,-0.003910,0.004946,-0.784424,0.620193
44.583333,10.888163,44.190096,15.246836,-0.004098,0.005200,-0.785427,0.618920
44.600000,10.904374,44.186228,15.246621,-0.004284,0.005455,-0.786427,0.617644
44.616667,10.920584,44.182360,15.246406,-0.004409,0.005627,-0.787101,0.616783
44.633333,10.936764,44.178374,15.246167,-0.004502,0.005755,-0.787602,0.616141
44.650000,10.952909,44.174243,15.245900,-0.004617,0.005915,-0.788227,0.615339
44.666667,10.969053,44.170112,15.245632,-0.004802,0.006172,-0.789231,0.614047
44.683333,10.985198,44.165982,15.245365,-0.004986,0.006430,-0.790233,0.612753
44.700000,11.001342,44.161851,15.245098,-0.005168,0.006688,-0.791232,0.611457
44.716667,11.017487,44.157720,15.244830,-0.005309,0.006888,-0.792006,0.610451
44.733333,11.033613,44.153524,15.244550,-0.005400,0.007018,-0.792507,0.609799
44.750000,11.049687,44.149128,15.244229,-0.005495,0.007154,-0.793027,0.609119
44.766667,11.065760,44.144733,15.243909,-0.005676,0.007414,-0.794030,0.607807
44.783333,11.081834,44.140337,15.243589,-0.005856,0.007676,-0.795031,0.606492
44.800000,11.097907,44.135942,15.243269,-0.006035,0.007938,-0.796029,0.605176
44.816667,11.113981,44.131546,15.242948,-0.006191,0.008168,-0.796903,0.604020
44.833333,11.130051,44.127140,15.242626,-0.006280,0.008299,-0.797403,0.603358
44.850000,11.146048,44.122478,15.242253,-0.006369,0.008431,-0.797902,0.602695
44.866667,11.162045,44.117817,15.241880,-0.006531,0.008674,-0.798820,0.601472
44.883333,11.178042,44.113156,15.241507,-0.006707,0.008939,-0.799819,0.600138
44.900000,11.194040,44.108494,15.241134,-0.006882,0.009204,-0.800815,0.598801
44.916667,11.210037,44.103833,15.240760,-0.007053,0.009465,-0.801790,0.597490
44.933333,11.226034,44.099172,15.240387,-0.007140,0.009598,-0.802288,0.596817
44.950000,11.241963,44.094287,15.239970,-0.007227,0.009731,-0.802786,0.596143
44.966667,11.257879,44.089359,15.239544,-0.007367,0.009949,-0.803598,0.595043
44.983333,11.273794,44.084431,15.239118,-0.007539,0.010218,-0.804596,0.593687
45.000000,11.289710,44.079503,15.238692,-0.007711,0.010487,-0.805591,0.592330
45.016667,11.305626,44.074574,15.238266,-0.007881,0.010756,-0.806583,0.590970
45.033333,11.321541,44.069646,15.237840,-0.007980,0.010913,-0.807162,0.590175
45.050000,11.337403,44.064550,15.237380,-0.008064,0.011049,-0.807659,0.589491
45.066667,11.353231,44.059353,15.236901,-0.008184,0.011241,-0.808364,0.588518
45.083333,11.369060,44.054157,15.236422,-0.008352,0.011513,-0.809360,0.587141
45.100000,11.384889,44.048961,15.235943,-0.008519,0.011785,-0.810352,0.585762
45.116667,11.400717,44.043764,15.235464,-0.008685,0.012058,-0.811343,0.584382
45.133333,11.416546,44.038568,15.234985,-0.008798,0.012245,-0.812023,0.583431
45.150000,11.432336,44.033260,15.234484,-0.008881,0.012382,-0.812519,0.582736
45.166667,11.448072,44.027794,15.233952,-0.008980,0.012548,-0.813116,0.581897
45.183333,11.463808,44.022329,15.233419,-0.009143,0.012823,-0.814109,0.580499
45.200000,11.479544,44.016864,15.232887,-0.009306,0.013098,-0.815099,0.579098
45.216667,11.495280,44.011399,15.232355,-0.009468,0.013374,-0.816087,0.577696
45.233333,11.511017,44.005933,15.231823,-0.009595,0.013593,-0.816869,0.576584
45.250000,11.526733,44.000413,15.231280,-0.009675,0.013732,-0.817363,0.575878
45.266667,11.542371,43.994678,15.230695,-0.009755,0.013871,-0.817857,0.575172
45.283333,11.558009,43.988943,15.230109,-0.009913,0.014148,-0.818841,0.573760
45.300000,11.573646,43.983208,15.229524,-0.010071,0.014427,-0.819829,0.572338
45.316667,11.589284,43.977473,15.228939,-0.010229,0.014706,-0.820814,0.570914
45.333333,11.604922,43.971738,15.228353,-0.010369,0.014957,-0.821697,0.569634
45.350000,11.620560,43.966003,15.227768,-0.010447,0.015097,-0.822190,0.568917
45.366667,11.636095,43.960000,15.227130,-0.010524,0.015238,-0.822682,0.568200
45.383333,11.651629,43.953995,15.226492,-0.010661,0.015487,-0.823556,0.566923
45.400000,11.667163,43.947989,15.225853,-0.010814,0.015769,-0.824543,0.565476
45.416667,11.682697,43.941984,15.225215,-0.010967,0.016051,-0.825527,0.564028
45.433333,11.698231,43.935979,15.224576,-0.011118,0.016334,-0.826508,0.562579
45.450000,11.713765,43.929973,15.223938,-0.011194,0.016478,-0.827006,0.561840
45.466667,11.729214,43.923758,15.223258,-0.011269,0.016620,-0.827498,0.561110
45.483333,11.744638,43.917481,15.222567,-0.011385,0.016840,-0.828266,0.559966
45.500000,11.760062,43.911203,15.221875,-0.011534,0.017126,-0.829261,0.558480
45.516667,11.775486,43.904926,15.221183,-0.011682,0.017413,-0.830253,0.556992
45.533333,11.790909,43.898648,15.220492,-0.011828,0.017699,-0.831242,0.555503
45.550000,11.806333,43.892371,15.219800,-0.011918,0.017876,-0.831855,0.554577
45.566667,11.821692,43.885941,15.219079,-0.011990,0.018021,-0.832355,0.553819
45.583333,11.836997,43.879386,15.218334,-0.012086,0.018212,-0.833021,0.552809
45.600000,11.852302,43.872830,15.217589,-0.012230,0.018503,-0.834036,0.551265
45.616667,11.867608,43.866275,15.216844,-0.012372,0.018794,-0.835047,0.549718
45.633333,11.882913,43.859719,15.216099,-0.012513,0.019085,-0.836056,0.548170
45.650000,11.898218,43.853164,15.215354,-0.012615,0.019298,-0.836791,0.547036
45.666667,11.913482,43.846516,15.214591,-0.012685,0.019444,-0.837302,0.546247
45.683333,11.928659,43.839675,15.213792,-0.012762,0.019606,-0.837863,0.545379
45.700000,11.943835,43.832834,15.212994,-0.012900,0.019902,-0.838899,0.543770
45.716667,11.959012,43.825992,15.212195,-0.013037,0.020198,-0.839932,0.542159
45.733333,11.974189,43.819151,15.211396,-0.013173,0.020494,-0.840962,0.540545
45.750000,11.989366,43.812310,15.210597,-0.013286,0.020744,-0.841827,0.539185
45.766667,12.004530,43.805441,15.209794,-0.013353,0.020893,-0.842348,0.538363
45.783333,12.019568,43.798306,15.208941,-0.013420,0.021043,-0.842869,0.537540
45.800000,12.034606,43.791172,15.208088,-0.013544,0.021324,-0.843856,0.535974
45.816667,12.049645,43.784038,15.207236,-0.013675,0.021626,-0.844910,0.534296
45.833333,12.064683,43.776903,15.206383,-0.013805,0.021927,-0.845961,0.532615
45.850000,12.079721,43.769769,15.205530,-0.013928,0.022215,-0.846960,0.531010
45.866667,12.094760,43.762634,15.204677,-0.013992,0.022367,-0.847491,0.530153
45.883333,12.109668,43.755238,15.203778,-0.014056,0.022520,-0.848022,0.529296
45.900000,12.124556,43.747803,15.202871,-0.014160,0.022771,-0.848905,0.527864
45.916667,12.139445,43.740368,15.201964,-0.014285,0.023078,-0.849980,0.526116
45.933333,12.154334,43.732933,15.201057,-0.014409,0.023386,-0.851051,0.524364
45.950000,12.169223,43.725498,15.200150,-0.014531,0.023693,-0.852118,0.522611
45.966667,12.184111,43.718063,15.199243,-0.014600,0.023868,-0.852728,0.521605
45.983333,12.198896,43.710429,15.198301,-0.014660,0.024023,-0.853268,0.520712
46.000000,12.213624,43.702686,15.197340,-0.014745,0.024244,-0.854044,0.519427
46.016667,12.228351,43.694943,15.196378,-0.014864,0.024556,-0.855138,0.517605
46.033333,12.243078,43.687200,15.195417,-0.014981,0.024869,-0.856228,0.515781
46.050000,12.257806,43.679457,15.194456,-0.015096,0.025182,-0.857315,0.513955
46.066667,12.272533,43.671713,15.193494,-0.015174,0.025394,-0.858054,0.512706
46.083333,12.287187,43.663837,15.192510,-0.015230,0.025552,-0.858604,0.511776
46.100000,12.301741,43.655779,15.191493,-0.015298,0.025742,-0.859268,0.510648
46.116667,12.316295,43.647721,15.190477,-0.015410,0.026060,-0.860381,0.508752
46.133333,12.330849,43.639663,15.189461,-0.015519,0.026378,-0.861489,0.506853
46.150000,12.345402,43.631604,15.188445,-0.015628,0.026696,-0.862593,0.504951
46.166667,12.359956,43.623546,15.187429,-0.015712,0.026947,-0.863465,0.503443
46.183333,12.374472,43.615422,15.186402,-0.015765,0.027108,-0.864023,0.502474
46.200000,12.388839,43.607042,15.185331,-0.015817,0.027268,-0.864580,0.501505
46.216667,12.403205,43.598662,15.184260,-0.015920,0.027589,-0.865703,0.499543
46.233333,12.417572,43.590283,15.183189,-0.016022,0.027912,-0.866828,0.497567
46.250000,12.431939,43.581903,15.182118,-0.016122,0.028236,-0.867949,0.495588
46.266667,12.446306,43.573523,15.181046,-0.016211,0.028526,-0.868954,0.493805
46.283333,12.460673,43.565143,15.179975,-0.016259,0.028689,-0.869520,0.492796
46.300000,12.474841,43.556438,15.178850,-0.016308,0.028852,-0.870084,0.491787
46.316667,12.489007,43.547730,15.177724,-0.016392,0.029143,-0.871099,0.489968
46.333333,12.503173,43.539022,15.176598,-0.016485,0.029471,-0.872239,0.487912
46.350000,12.517339,43.530314,15.175472,-0.016577,0.029799,-0.873375,0.485853
46.366667,12.531505,43.521605,15.174345,-0.016667,0.030127,-0.874506,0.483792
46.383333,12.545671,43.512897,15.173219,-0.016712,0.030294,-0.875085,0.482731
46.400000,12.559670,43.503930,15.172050,-0.016755,0.030460,-0.875657,0.481681
46.416667,12.573621,43.494887,15.170869,-0.016823,0.030720,-0.876560,0.480017
46.433333,12.587571,43.485845,15.169688,-0.016907,0.031053,-0.877714,0.477880
46.450000,12.601522,43.476803,15.168506,-0.016989,0.031386,-0.878862,0.475739
46.466667,12.615472,43.467760,15.167325,-0.017070,0.031718,-0.880006,0.473595
46.483333,12.629423,43.458718,15.166144,-0.017118,0.031923,-0.880710,0.472268
46.500000,12.643243,43.449483,15.164931,-0.017157,0.032090,-0.881288,0.471177
46.516667,12.656963,43.440101,15.163695,-0.017209,0.032319,-0.882076,0.469681
46.533333,12.670682,43.430719,15.162458,-0.017283,0.032656,-0.883242,0.467461
46.550000,12.684402,43.421338,15.161221,-0.017356,0.032993,-0.884401,0.465236
46.566667,12.698121,43.411956,15.159985,-0.017426,0.033330,-0.885555,0.463009
46.583333,12.711841,43.402574,15.158748,-0.017475,0.033572,-0.886384,0.461401
46.600000,12.725472,43.393068,15.157492,-0.017509,0.033741,-0.886966,0.460267
46.616667,12.738945,43.383342,15.156200,-0.017547,0.033937,-0.887638,0.458955
46.633333,12.752417,43.373616,15.154909,-0.017611,0.034278,-0.888812,0.456649
46.650000,12.765890,43.363890,15.153617,-0.017673,0.034618,-0.889980,0.454340
46.666667,12.779362,43.354164,15.152325,-0.017733,0.034959,-0.891142,0.452028
46.683333,12.792835,43.344437,15.151034,-0.017780,0.035238,-0.892094,0.450122
46.700000,12.806267,43.334658,15.149733,-0.017808,0.035409,-0.892680,0.448946
46.716667,12.819476,43.324584,15.148387,-0.017835,0.035580,-0.893263,0.447768
46.733333,12.832685,43.314509,15.147040,-0.017887,0.035915,-0.894409,0.445447
46.750000,12.845894,43.304435,15.145693,-0.017938,0.036259,-0.895580,0.443057
46.766667,12.859102,43.294360,15.144347,-0.017986,0.036602,-0.896746,0.440663
46.783333,12.872311,43.284286,15.143000,-0.018029,0.036919,-0.897818,0.438447
46.800000,12.885520,43.274212,15.141653,-0.018051,0.037091,-0.898402,0.437232
46.816667,12.898463,43.263806,15.140255,-0.018073,0.037263,-0.898986,0.436016
46.833333,12.911392,43.253382,15.138854,-0.018110,0.037564,-0.899993,0.433906
46.850000,12.924320,43.242958,15.137452,-0.018151,0.037909,-0.901145,0.431475
46.866667,12.937249,43.232533,15.136051,-0.018190,0.038254,-0.902292,0.429040
46.883333,12.950178,43.222109,15.134650,-0.018226,0.038599,-0.903431,0.426603
46.900000,12.963106,43.211685,15.133248,-0.018245,0.038781,-0.904028,0.425320
46.916667,12.975822,43.201009,15.131807,-0.018263,0.038954,-0.904592,0.424102
46.933333,12.988462,43.190244,15.130351,-0.018290,0.039219,-0.905445,0.422253
46.950000,13.001102,43.179479,15.128895,-0.018323,0.039566,-0.906552,0.419835
46.966667,13.013743,43.168714,15.127439,-0.018355,0.039912,-0.907654,0.417414
46.983333,13.026383,43.157949,15.125983,-0.018384,0.040258,-0.908749,0.414990
47.000000,13.039023,43.147185,15.124527,-0.018402,0.040477,-0.909433,0.413467
47.016667,13.051510,43.136248,15.123043,-0.018417,0.040650,-0.909971,0.412265
47.033333,13.063858,43.125157,15.121532,-0.018435,0.040878,-0.910671,0.410691
47.050000,13.076206,43.114065,15.120022,-0.018463,0.041227,-0.911728,0.408304
47.066667,13.088555,43.102974,15.118512,-0.018488,0.041574,-0.912778,0.405914
47.083333,13.100903,43.091883,15.117001,-0.018511,0.041921,-0.913822,0.403520
47.100000,13.113251,43.080792,15.115491,-0.018528,0.042177,-0.914585,0.401762
47.116667,13.125507,43.069603,15.113964,-0.018539,0.042351,-0.915097,0.400574
47.133333,13.137561,43.058199,15.112399,-0.018550,0.042542,-0.915656,0.399274
47.150000,13.149614,43.046795,15.110834,-0.018572,0.042891,-0.916664,0.396917
47.166667,13.161667,43.035391,15.109270,-0.018592,0.043241,-0.917665,0.394557
47.183333,13.173721,43.023988,15.107705,-0.018609,0.043589,-0.918661,0.392194
47.200000,13.185774,43.012584,15.106140,-0.018622,0.043882,-0.919494,0.390202
47.216667,13.197799,43.001151,15.104570,-0.018630,0.044057,-0.919983,0.389029
47.233333,13.209555,42.989448,15.102951,-0.018638,0.044232,-0.920470,0.387855
47.250000,13.221310,42.977745,15.101332,-0.018653,0.044561,-0.921371,0.385671
47.266667,13.233066,42.966042,15.099712,-0.018667,0.044912,-0.922326,0.383340
47.283333,13.244822,42.954339,15.098093,-0.018678,0.045262,-0.923275,0.381007
47.300000,13.256577,42.942636,15.096474,-0.018688,0.045595,-0.924172,0.378784
47.316667,13.268333,42.930933,15.094855,-0.018693,0.045770,-0.924638,0.377625
47.333333,13.279826,42.918980,15.093188,-0.018697,0.045946,-0.925101,0.376466
47.350000,13.291282,42.906991,15.091514,-0.018706,0.046237,-0.925859,0.374563
47.366667,13.302738,42.895001,15.089840,-0.018714,0.046595,-0.926784,0.372224
47.383333,13.314193,42.883012,15.088166,-0.018720,0.046951,-0.927697,0.369897
47.400000,13.325649,42.871023,15.086492,-0.018725,0.047303,-0.928599,0.367581
47.416667,13.337105,42.859034,15.084818,-0.018727,0.047502,-0.929101,0.366285
47.433333,13.348364,42.846866,15.083109,-0.018729,0.047679,-0.929543,0.365138
47.450000,13.359856,42.834231,15.081328,-0.018732,0.047961,-0.930239,0.363324
47.466667,13.371347,42.821596,15.079547,-0.018735,0.048326,-0.931131,0.360983
47.483333,13.382839,42.808962,15.077766,-0.018736,0.048684,-0.932002,0.358681
47.500000,13.394331,42.796327,15.075985,-0.018735,0.049035,-0.932852,0.356415
47.516667,13.405823,42.783692,15.074204,-0.018734,0.049271,-0.933418,0.354898
47.533333,13.417130,42.770898,15.072389,-0.018733,0.049449,-0.933839,0.353764
47.550000,13.428952,42.757251,15.070446,-0.018732,0.049780,-0.934608,0.351680
47.566667,13.440775,42.743604,15.068503,-0.018729,0.050147,-0.935454,0.349371
47.583333,13.452597,42.729957,15.066559,-0.018724,0.050504,-0.936276,0.347112
47.600000,13.464419,42.716310,15.064616,-0.018717,0.050853,-0.937074,0.344900
47.616667,13.476242,42.702663,15.062672,-0.018712,0.051097,-0.937627,0.343357
47.633333,13.487783,42.688786,15.060678,-0.018707,0.051349,-0.938187,0.341788
47.650000,13.499937,42.674062,15.058559,-0.018700,0.051723,-0.939004,0.339479
47.666667,13.512090,42.659338,15.056439,-0.018690,0.052088,-0.939798,0.337219
47.683333,13.524243,42.644614,15.054320,-0.018679,0.052444,-0.940570,0.335007
47.700000,13.536397,42.629891,15.052201,-0.018666,0.052791,-0.941319,0.332841
47.716667,13.548411,42.615058,15.050056,-0.018658,0.053042,-0.941848,0.331302
47.733333,13.560878,42.599211,15.047749,-0.018645,0.053419,-0.942629,0.329012
47.750000,13.573344,42.583364,15.045442,-0.018631,0.053788,-0.943388,0.326770
47.766667,13.585811,42.567517,15.043135,-0.018615,0.054148,-0.944126,0.324574
47.783333,13.598278,42.551671,15.040828,-0.018598,0.054499,-0.944843,0.322422
47.800000,13.610647,42.535751,15.038503,-0.018580,0.054854,-0.945552,0.320278
47.816667,13.623393,42.518755,15.036000,-0.018562,0.055234,-0.946293,0.318015
47.833333,13.636138,42.501758,15.033496,-0.018543,0.055606,-0.947015,0.315796
47.850000,13.648884,42.484761,15.030992,-0.018521,0.055969,-0.947717,0.313620
47.866667,13.661629,42.467765,15.028488,-0.018499,0.056324,-0.948400,0.311486
47.883333,13.674217,42.450657,15.025956,-0.018471,0.056775,-0.949246,0.308816
47.900000,13.687191,42.432505,15.023249,-0.018447,0.057157,-0.949947,0.306583
47.916667,13.700166,42.414353,15.020542,-0.018421,0.057531,-0.950630,0.304390
47.933333,13.713140,42.396200,15.017835,-0.018395,0.057897,-0.951295,0.302237
47.950000,13.726114,42.378048,15.015128,-0.018362,0.058319,-0.952052,0.299766
47.966667,13.738768,42.359682,15.012362,-0.018325,0.058806,-0.952905,0.296948
47.983333,13.751908,42.340390,15.009448,-0.018295,0.059187,-0.953561,0.294759
48.000000,13.765048,42.321099,15.006534,-0.018264,0.059560,-0.954202,0.292606
48.016667,13.778188,42.301808,15.003621,-0.018230,0.059943,-0.954853,0.290395
48.033333,13.791186,42.282426,15.000680,-0.018181,0.060504,-0.955785,0.287200
48.050000,13.804419,42.262035,14.997560,-0.018143,0.060920,-0.956464,0.284846
48.066667,13.817652,42.241645,14.994439,-0.018107,0.061294,-0.957067,0.282732
48.083333,13.830884,42.221255,14.991318,-0.018070,0.061663,-0.957661,0.280636
48.100000,13.844078,42.200841,14.988190,-0.018015,0.062221,-0.958533,0.277522
48.116667,13.857331,42.179422,14.984868,-0.017963,0.062709,-0.959288,0.274795
48.133333,13.870584,42.158002,14.981545,-0.017924,0.063078,-0.959847,0.272752
48.150000,13.883837,42.136583,14.978223,-0.017883,0.063453,-0.960411,0.270673
48.166667,13.897085,42.115160,14.974900,-0.017823,0.064002,-0.961216,0.267674
48.183333,13.910284,42.092808,14.971386,-0.017762,0.064523,-0.961975,0.264811
48.200000,13.923483,42.070455,14.967872,-0.017720,0.064886,-0.962489,0.262851
48.216667,13.936682,42.048102,14.964358,-0.017673,0.065282,-0.963044,0.260715
48.233333,13.949853,42.025734,14.960839,-0.017609,0.065820,-0.963781,0.257845
48.250000,13.962920,42.002569,14.957148,-0.017543,0.066346,-0.964496,0.255025
48.266667,13.975988,41.979404,14.953457,-0.017499,0.066702,-0.964966,0.253150
48.283333,13.989056,41.956239,14.949766,-0.017445,0.067130,-0.965522,0.250913
48.300000,14.002029,41.933025,14.946057,-0.017378,0.067658,-0.966194,0.248174
48.316667,14.014886,41.909194,14.942208,-0.017311,0.068167,-0.966836,0.245522
48.333333,14.027742,41.885363,14.938359,-0.017265,0.068517,-0.967265,0.243733
48.350000,14.040599,41.861532,14.934510,-0.017205,0.068983,-0.967822,0.241382
48.366667,14.053269,41.837609,14.930624,-0.017136,0.069501,-0.968433,0.238775
48.383333,14.065833,41.813283,14.926641,-0.017070,0.069978,-0.968989,0.236373
48.400000,14.078397,41.788958,14.922658,-0.017024,0.070322,-0.969378,0.234671
48.416667,14.090962,41.764633,14.918676,-0.016958,0.070829,-0.969933,0.232217
48.433333,14.103236,41.740171,14.914632,-0.016888,0.071339,-0.970488,0.229737
48.450000,14.115427,41.715548,14.910545,-0.016827,0.071775,-0.970953,0.227631
48.466667,14.127617,41.690925,14.906458,-0.016776,0.072154,-0.971344,0.225839
48.483333,14.139807,41.666302,14.902370,-0.016709,0.072661,-0.971853,0.223479
48.500000,14.151609,41.641504,14.898199,-0.016638,0.073167,-0.972356,0.221119
48.516667,14.163395,41.616700,14.894023,-0.016585,0.073555,-0.972733,0.219327
48.533333,14.175180,41.591895,14.889848,-0.016529,0.073976,-0.973127,0.217437
48.550000,14.186875,41.567051,14.885652,-0.016463,0.074478,-0.973586,0.215202
48.566667,14.198276,41.542079,14.881390,-0.016393,0.074979,-0.974041,0.212966
48.583333,14.209678,41.517107,14.877127,-0.016348,0.075319,-0.974338,0.211486
48.600000,14.221079,41.492135,14.872864,-0.016290,0.075782,-0.974727,0.209522
48.616667,14.232294,41.467088,14.868557,-0.016225,0.076279,-0.975140,0.207414
48.633333,14.243334,41.441960,14.864206,-0.016164,0.076736,-0.975514,0.205481
48.650000,14.254373,41.416832,14.859855,-0.016120,0.077077,-0.975782,0.204081
48.666667,14.265413,41.391704,14.855504,-0.016060,0.077572,-0.976155,0.202103
48.683333,14.276182,41.366471,14.851085,-0.015998,0.078066,-0.976525,0.200124
48.700000,14.286882,41.341196,14.846646,-0.015947,0.078475,-0.976824,0.198503
48.716667,14.297582,41.315922,14.842206,-0.015902,0.078859,-0.977091,0.197030
48.733333,14.308262,41.290641,14.837761,-0.015846,0.079352,-0.977424,0.195179
48.750000,14.318646,41.265229,14.833232,-0.015787,0.079843,-0.977753,0.193328
48.766667,14.329030,41.239818,14.828703,-0.015746,0.080205,-0.977986,0.191995
48.783333,14.339413,41.214407,14.824174,-0.015700,0.080635,-0.978250,0.190471
48.800000,14.349693,41.188959,14.819615,-0.015648,0.081126,-0.978544,0.188747
48.816667,14.359783,41.163419,14.814995,-0.015595,0.081605,-0.978829,0.187061
48.833333,14.369873,41.137879,14.810376,-0.015562,0.081932,-0.979013,0.185954
48.850000,14.379962,41.112339,14.805756,-0.015516,0.082407,-0.979271,0.184384
48.866667,14.389875,41.086740,14.801082,-0.015468,0.082896,-0.979532,0.182771
48.883333,14.399693,41.061078,14.796370,-0.015424,0.083329,-0.979760,0.181354
48.900000,14.409511,41.035416,14.791658,-0.015390,0.083688,-0.979940,0.180213
48.916667,14.419328,41.009754,14.786947,-0.015345,0.084175,-0.980179,0.178683
48.933333,14.428900,40.984014,14.782156,-0.015297,0.084660,-0.980416,0.177154
48.950000,14.438460,40.958233,14.777351,-0.015260,0.085043,-0.980598,0.175959
48.966667,14.448021,40.932453,14.772547,-0.015222,0.085448,-0.980785,0.174721
48.983333,14.457527,40.906656,14.767725,-0.015175,0.085929,-0.981005,0.173249
49.000000,14.466839,40.880758,14.762828,-0.015127,0.086410,-0.981222,0.171779
49.016667,14.476152,40.854860,14.757930,-0.015094,0.086743,-0.981369,0.170772
49.033333,14.485464,40.828962,14.753033,-0.015050,0.087191,-0.981562,0.169431
49.050000,14.494646,40.803027,14.748092,-0.015002,0.087667,-0.981765,0.168007
49.066667,14.503719,40.777012,14.743102,-0.014956,0.088108,-0.981952,0.166687
49.083333,14.512792,40.750997,14.738112,-0.014922,0.088445,-0.982090,0.165693
49.100000,14.521865,40.724982,14.733122,-0.014874,0.088917,-0.982279,0.164316
49.116667,14.530735,40.698911,14.728062,-0.014825,0.089387,-0.982467,0.162939
49.133333,14.539577,40.672779,14.722978,-0.014783,0.089776,-0.982619,0.161806
49.150000,14.548419,40.646648,14.717895,-0.014743,0.090159,-0.982765,0.160708
49.166667,14.557229,40.620507,14.712800,-0.014694,0.090625,-0.982939,0.159378
49.183333,14.565848,40.594259,14.707622,-0.014644,0.091090,-0.983112,0.158050
49.200000,14.574468,40.568011,14.702444,-0.014608,0.091426,-0.983233,0.157098
49.216667,14.583088,40.541763,14.697267,-0.014562,0.091856,-0.983384,0.155902
49.233333,14.591602,40.515487,14.692051,-0.014513,0.092316,-0.983544,0.154621
49.250000,14.600008,40.489122,14.686779,-0.014464,0.092755,-0.983695,0.153401
49.266667,14.608415,40.462757,14.681507,-0.014429,0.093081,-0.983803,0.152510
49.283333,14.616822,40.436392,14.676235,-0.014381,0.093537,-0.983951,0.151275
49.300000,14.625051,40.409984,14.670898,-0.014331,0.093993,-0.984097,0.150042
49.316667,14.633253,40.383502,14.665532,-0.014288,0.094377,-0.984218,0.149007
49.333333,14.641455,40.357020,14.660165,-0.014248,0.094752,-0.984332,0.148017
49.350000,14.649628,40.330531,14.654787,-0.014199,0.095203,-0.984467,0.146831
49.366667,14.657635,40.303931,14.649325,-0.014150,0.095654,-0.984600,0.145647
49.383333,14.665642,40.277331,14.643863,-0.014113,0.095984,-0.984695,0.144789
49.400000,14.673648,40.250731,14.638401,-0.014068,0.096408,-0.984812,0.143708
49.416667,14.681554,40.224109,14.632899,-0.014020,0.096855,-0.984934,0.142572
49.433333,14.689373,40.197391,14.627341,-0.013973,0.097281,-0.985049,0.141489
49.450000,14.697193,40.170673,14.621782,-0.013938,0.097609,-0.985134,0.140672
49.466667,14.705013,40.143954,14.616224,-0.013891,0.098052,-0.985246,0.139583
49.483333,14.712663,40.117202,14.610597,-0.013844,0.098494,-0.985356,0.138495
49.500000,14.720305,40.090364,14.604942,-0.013804,0.098864,-0.985446,0.137592
49.516667,14.727947,40.063527,14.599287,-0.013764,0.099245,-0.985535,0.136685
49.533333,14.735547,40.036681,14.593614,-0.013719,0.099684,-0.985635,0.135645
49.550000,14.743020,40.009723,14.587861,-0.013672,0.100121,-0.985733,0.134606
49.566667,14.750493,39.982766,14.582108,-0.013639,0.100434,-0.985801,0.133875
49.583333,14.757966,39.955808,14.576355,-0.013596,0.100868,-0.985891,0.132887
49.600000,14.765328,39.928830,14.570554,-0.013551,0.101303,-0.985980,0.131896
49.616667,14.772641,39.901751,14.564703,-0.013510,0.101705,-0.986062,0.130981
49.633333,14.779954,39.874672,14.558851,-0.013476,0.102051,-0.986127,0.130218
49.650000,14.787267,39.847593,14.552999,-0.013434,0.102483,-0.986207,0.129274
49.666667,14.794405,39.820484,14.547069,-0.013391,0.102913,-0.986286,0.128332
49.683333,14.801566,39.793282,14.541117,-0.013357,0.103256,-0.986347,0.127589
49.700000,14.808728,39.766080,14.535166,-0.013319,0.103658,-0.986415,0.126742
49.716667,14.815823,39.738868,14.529183,-0.013278,0.104086,-0.986485,0.125843
49.733333,14.822841,39.711542,14.523131,-0.013236,0.104512,-0.986555,0.124946
49.750000,14.829860,39.684216,14.517080,-0.013207,0.104831,-0.986604,0.124292
49.766667,14.836879,39.656890,14.511028,-0.013167,0.105255,-0.986667,0.123432
49.783333,14.843766,39.629544,14.504911,-0.013128,0.105678,-0.986730,0.122574
49.800000,14.850649,39.602092,14.498758,-0.013093,0.106044,-0.986782,0.121837
49.816667,14.857532,39.574639,14.492605,-0.013059,0.106421,-0.986833,0.121094
49.833333,14.864376,39.547181,14.486432,-0.013021,0.106841,-0.986889,0.120273
49.850000,14.871130,39.519600,14.480176,-0.012982,0.107259,-0.986944,0.119452
49.866667,14.877885,39.492019,14.473920,-0.012952,0.107584,-0.986984,0.118827
49.883333,14.884639,39.464438,14.467664,-0.012916,0.108000,-0.987034,0.118041
49.900000,14.891289,39.436844,14.461354,-0.012879,0.108414,-0.987082,0.117256
49.916667,14.897920,39.409132,14.454995,-0.012844,0.108793,-0.987126,0.116542
49.933333,14.904552,39.381419,14.448635,-0.012813,0.109155,-0.987164,0.115880
49.950000,14.911161,39.353705,14.442264,-0.012778,0.109567,-0.987206,0.115132
49.966667,14.917678,39.325859,14.435800,-0.012742,0.109977,-0.987248,0.114385
49.983333,14.924194,39.298014,14.429337,-0.012714,0.110308,-0.987280,0.113792
50.000000,14.930710,39.270168,14.422873,-0.012681,0.110716,-0.987317,0.113079
50.016667,14.937140,39.242314,14.416360,-0.012647,0.111123,-0.987353,0.112368
50.033333,14.943547,39.214333,14.409791,-0.012614,0.111507,-0.987386,0.111698
50.050000,14.949955,39.186351,14.403222,-0.012586,0.111862,-0.987413,0.111101
50.066667,14.956346,39.158368,14.396643,-0.012555,0.112266,-0.987444,0.110426
50.083333,14.962652,39.130249,14.389967,-0.012523,0.112669,-0.987473,0.109753
50.100000,14.968957,39.102129,14.383292,-0.012496,0.113006,-0.987496,0.109199
50.116667,14.975263,39.074009,14.376616,-0.012467,0.113407,-0.987521,0.108560
50.133333,14.981490,39.045884,14.369892,-0.012437,0.113807,-0.987545,0.107922
50.150000,14.987701,39.017623,14.363108,-0.012408,0.114188,-0.987568,0.107315
50.166667,14.993911,38.989363,14.356325,-0.012384,0.114545,-0.987586,0.106771
50.183333,15.000103,38.961101,14.349529,-0.012357,0.114942,-0.987605,0.106169
50.200000,15.006226,38.932697,14.342637,-0.012329,0.115338,-0.987624,0.105570
50.216667,15.012349,38.904293,14.335744,-0.012306,0.115682,-0.987638,0.105060
50.233333,15.018471,38.875888,14.328852,-0.012281,0.116076,-0.987652,0.104495
50.250000,15.024516,38.847481,14.321906,-0.012256,0.116469,-0.987665,0.103932
50.266667,15.030558,38.818930,14.314904,-0.012232,0.116840,-0.987678,0.103401
50.283333,15.036599,38.790380,14.307901,-0.012211,0.117208,-0.987686,0.102902
50.300000,15.042614,38.761829,14.300879,-0.012189,0.117598,-0.987695,0.102375
50.316667,15.048582,38.733130,14.293765,-0.012166,0.117987,-0.987703,0.101849
50.333333,15.054549,38.704431,14.286651,-0.012148,0.118338,-0.987709,0.101392
50.350000,15.060517,38.675732,14.279536,-0.012129,0.118725,-0.987713,0.100901
50.366667,15.066403,38.647032,14.272360,-0.012109,0.119112,-0.987716,0.100412
50.383333,15.072304,38.618181,14.265133,-0.012091,0.119468,-0.987719,0.099964
50.400000,15.078205,38.589331,14.257906,-0.012075,0.119853,-0.987718,0.099510
50.416667,15.084067,38.560480,14.250647,-0.012058,0.120237,-0.987717,0.099057
50.433333,15.089908,38.531475,14.243306,-0.012042,0.120619,-0.987716,0.098606
50.450000,15.095749,38.502471,14.235965,-0.012029,0.120978,-0.987712,0.098206
50.466667,15.101587,38.473466,14.228621,-0.012015,0.121359,-0.987707,0.097791
50.483333,15.107376,38.444304,14.221164,-0.012002,0.121739,-0.987701,0.097376
50.500000,15.113164,38.415143,14.213707,-0.011990,0.122102,-0.987694,0.096991
50.516667,15.118952,38.385981,14.206251,-0.011981,0.122480,-0.987685,0.096613
50.533333,15.124690,38.356822,14.198744,-0.011971,0.122857,-0.987675,0.096236
50.550000,15.130433,38.327500,14.191170,-0.011961,0.123229,-0.987665,0.095864
50.566667,15.136177,38.298179,14.183597,-0.011955,0.123599,-0.987651,0.095528
50.583333,15.141899,38.268859,14.176000,-0.011949,0.123973,-0.987637,0.095189
50.600000,15.147605,38.239376,14.168308,-0.011942,0.124345,-0.987623,0.094852
50.616667,15.153311,38.209892,14.160616,-0.011938,0.124715,-0.987606,0.094540
50.633333,15.159017,38.180408,14.152923,-0.011936,0.125085,-0.987588,0.094239
50.650000,15.164663,38.150932,14.145159,-0.011933,0.125454,-0.987570,0.093940
50.666667,15.170340,38.121283,14.137347,-0.011932,0.125828,-0.987550,0.093649
50.683333,15.176017,38.091634,14.129536,-0.011934,0.126195,-0.987528,0.093387
50.700000,15.181658,38.061991,14.121676,-0.011935,0.126561,-0.987506,0.093127
50.716667,15.187313,38.032175,14.113743,-0.011937,0.126935,-0.987482,0.092861
50.733333,15.192969,38.002358,14.105811,-0.011943,0.127301,-0.987456,0.092637
50.750000,15.198607,37.972545,14.097851,-0.011948,0.127663,-0.987430,0.092415
50.766667,15.204250,37.942558,14.089797,-0.011954,0.128024,-0.987404,0.092194
50.783333,15.209892,37.912571,14.081742,-0.011963,0.128404,-0.987374,0.091990
50.800000,15.215531,37.882585,14.073681,-0.011973,0.128763,-0.987344,0.091807
50.816667,15.221168,37.852424,14.065502,-0.011983,0.129120,-0.987314,0.091625
50.833333,15.226806,37.822264,14.057324,-0.011995,0.129504,-0.987280,0.091448
50.850000,15.232443,37.792103,14.049145,-0.012010,0.129859,-0.987247,0.091305
50.866667,15.238054,37.761955,14.040906,-0.012024,0.130213,-0.987213,0.091161
50.883333,15.243694,37.731618,14.032603,-0.012041,0.130601,-0.987175,0.091015
50.900000,15.249335,37.701282,14.024299,-0.012060,0.130953,-0.987138,0.090911
50.916667,15.254961,37.670955,14.015952,-0.012079,0.131304,-0.987101,0.090806
50.933333,15.260614,37.640440,14.007523,-0.012100,0.131676,-0.987061,0.090701
50.950000,15.266267,37.609925,13.999093,-0.012124,0.132043,-0.987018,0.090628
50.966667,15.271913,37.579417,13.990635,-0.012148,0.132390,-0.986977,0.090563
50.983333,15.277586,37.548721,13.982077,-0.012172,0.132739,-0.986936,0.090498
51.000000,15.283259,37.518025,13.973520,-0.012203,0.133130,-0.986886,0.090459
51.016667,15.288931,37.487333,13.964948,-0.012231,0.133473,-0.986842,0.090433
51.033333,15.294633,37.456453,13.956261,-0.012260,0.133816,-0.986798,0.090408
51.050000,15.300335,37.425573,13.947575,-0.012297,0.134212,-0.986744,0.090406
51.066667,15.306038,37.394694,13.938886,-0.012330,0.134552,-0.986695,0.090420
51.083333,15.311778,37.363628,13.930068,-0.012364,0.134891,-0.986647,0.090433
51.100000,15.317519,37.332562,13.921251,-0.012406,0.135290,-0.986589,0.090472
51.116667,15.323260,37.301496,13.912433,-0.012445,0.135628,-0.986537,0.090525
51.133333,15.329008,37.270450,13.903553,-0.012484,0.135963,-0.986486,0.090578
51.150000,15.334796,37.239195,13.894603,-0.012533,0.136365,-0.986422,0.090659
51.166667,15.340584,37.207941,13.885653,-0.012577,0.136699,-0.986367,0.090752
51.183333,15.346384,37.176704,13.876650,-0.012621,0.137032,-0.986311,0.090845
51.200000,15.352229,37.145258,13.867567,-0.012676,0.137422,-0.986245,0.090969
51.216667,15.358073,37.113813,13.858483,-0.012727,0.137766,-0.986184,0.091105
51.233333,15.363934,37.082383,13.849355,-0.012777,0.138095,-0.986125,0.091238
51.250000,15.369845,37.050744,13.840136,-0.012836,0.138474,-0.986055,0.091405
51.266667,15.375756,37.019105,13.830918,-0.012896,0.138829,-0.985988,0.091587
51.283333,15.381685,36.987481,13.821660,-0.012951,0.139154,-0.985925,0.091761
51.300000,15.387672,36.955647,13.812305,-0.013016,0.139525,-0.985852,0.091971
51.316667,15.393659,36.923813,13.802950,-0.013084,0.139888,-0.985778,0.092203
51.333333,15.399666,36.891993,13.793560,-0.013146,0.140210,-0.985711,0.092418
51.350000,15.405740,36.859961,13.784067,-0.013218,0.140575,-0.985635,0.092674
51.366667,15.411813,36.827929,13.774573,-0.013294,0.140944,-0.985554,0.092958
51.383333,15.417909,36.795911,13.765048,-0.013362,0.141263,-0.985483,0.093215
51.400000,15.424079,36.763680,13.755415,-0.013440,0.141623,-0.985402,0.093517
51.416667,15.430249,36.731449,13.745781,-0.013525,0.141995,-0.985315,0.093853
51.433333,15.436444,36.699232,13.736118,-0.013600,0.142311,-0.985240,0.094152
51.450000,15.442721,36.666799,13.726343,-0.013686,0.142670,-0.985153,0.094505
51.466667,15.448999,36.634367,13.716568,-0.013780,0.143042,-0.985061,0.094894
51.483333,15.455305,36.601950,13.706764,-0.013860,0.143354,-0.984981,0.095234
51.500000,15.461701,36.569315,13.696845,-0.013956,0.143714,-0.984888,0.095640
51.516667,15.468096,36.536680,13.686927,-0.014058,0.144084,-0.984790,0.096081
51.533333,15.474527,36.504061,13.676978,-0.014145,0.144392,-0.984706,0.096463
51.550000,15.481051,36.471221,13.666915,-0.014250,0.144754,-0.984606,0.096928
51.566667,15.487576,36.438382,13.656852,-0.014360,0.145120,-0.984502,0.097418
51.583333,15.494144,36.405562,13.646756,-0.014454,0.145424,-0.984413,0.097842
51.600000,15.500809,36.372517,13.636546,-0.014570,0.145790,-0.984305,0.098371
51.616667,15.507474,36.339472,13.626337,-0.014688,0.146149,-0.984196,0.098908
51.633333,15.514193,36.306449,13.616090,-0.014788,0.146450,-0.984103,0.099374
51.650000,15.521010,36.273197,13.605733,-0.014917,0.146821,-0.983985,0.099973
51.666667,15.527827,36.239945,13.595376,-0.015041,0.147171,-0.983872,0.100554
51.683333,15.534713,36.206721,13.584975,-0.015149,0.147467,-0.983774,0.101061
51.700000,15.541694,36.173261,13.574468,-0.015292,0.147846,-0.983645,0.101738
51.716667,15.548674,36.139801,13.563962,-0.015422,0.148184,-0.983528,0.102358
51.733333,15.555743,36.106376,13.553404,-0.015537,0.148478,-0.983424,0.102910
51.750000,15.562899,36.072707,13.542747,-0.015696,0.148865,-0.983283,0.103672
51.766667,15.570055,36.039037,13.532090,-0.015831,0.149190,-0.983162,0.104325
51.783333,15.577324,36.005412,13.521373,-0.015961,0.149495,-0.983046,0.104959
51.800000,15.584667,35.971533,13.510563,-0.016129,0.149876,-0.982898,0.105776
51.816667,15.592013,35.937655,13.499753,-0.016268,0.150184,-0.982775,0.106456
51.833333,15.599556,35.903566,13.488789,-0.016416,0.150503,-0.982645,0.107180
51.850000,15.607099,35.869477,13.477826,-0.016593,0.150877,-0.982490,0.108049
51.866667,15.614672,35.835398,13.466850,-0.016734,0.151168,-0.982366,0.108746
51.883333,15.622428,35.801099,13.455732,-0.016900,0.151502,-0.982220,0.109566
51.900000,15.630183,35.766799,13.444613,-0.017085,0.151869,-0.982058,0.110480
51.916667,15.638002,35.732522,13.433468,-0.017228,0.152144,-0.981933,0.111186
51.933333,15.645982,35.698012,13.422193,-0.017413,0.152495,-0.981771,0.112107
51.950000,15.653961,35.663501,13.410918,-0.017598,0.152841,-0.981609,0.113023
51.966667,15.662043,35.629028,13.399602,-0.017752,0.153122,-0.981474,0.113786
51.983333,15.670255,35.594306,13.388168,-0.017954,0.153484,-0.981297,0.114787
52.000000,15.678468,35.559583,13.376735,-0.018136,0.153808,-0.981137,0.115691
52.016667,15.686829,35.524916,13.365243,-0.018311,0.154111,-0.980983,0.116559
52.033333,15.695283,35.489981,13.353649,-0.018520,0.154469,-0.980800,0.117593
52.050000,15.703757,35.455054,13.342048,-0.018698,0.154769,-0.980643,0.118474
52.066667,15.712464,35.419908,13.330292,-0.018896,0.155096,-0.980468,0.119457
52.083333,15.721171,35.384761,13.318536,-0.019112,0.155448,-0.980278,0.120524
52.100000,15.729952,35.349642,13.306752,-0.019285,0.155726,-0.980125,0.121380
52.116667,15.738921,35.314283,13.294832,-0.019509,0.156076,-0.979927,0.122486
52.133333,15.747890,35.278924,13.282912,-0.019726,0.156414,-0.979734,0.123558
52.150000,15.756996,35.243617,13.270944,-0.019919,0.156706,-0.979563,0.124510
52.166667,15.766236,35.208046,13.258857,-0.020149,0.157051,-0.979358,0.125649
52.183333,15.775481,35.172477,13.246770,-0.020358,0.157360,-0.979171,0.126677
52.200000,15.785003,35.136694,13.234516,-0.020580,0.157679,-0.978973,0.127772
52.216667,15.794526,35.100912,13.222262,-0.020818,0.158018,-0.978760,0.128944
52.233333,15.804128,35.065159,13.209983,-0.021024,0.158307,-0.978574,0.129960
52.250000,15.813942,35.029166,13.197560,-0.021270,0.158644,-0.978353,0.131172
52.266667,15.823757,34.993172,13.185136,-0.021514,0.158975,-0.978132,0.132370
52.283333,15.833735,34.957241,13.172662,-0.021737,0.159269,-0.977930,0.133468
52.300000,15.843853,34.921037,13.160068,-0.021990,0.159599,-0.977700,0.134713
52.316667,15.854001,34.884845,13.147465,-0.022220,0.159896,-0.977490,0.135841
52.333333,15.864431,34.848432,13.134698,-0.022480,0.160220,-0.977253,0.137113
52.350000,15.874862,34.812019,13.121931,-0.022740,0.160543,-0.977014,0.138391
52.366667,15.885423,34.775657,13.109126,-0.022984,0.160838,-0.976790,0.139586
52.383333,15.896178,34.739036,13.096185,-0.023253,0.161158,-0.976542,0.140903
52.400000,15.906933,34.702415,13.083244,-0.023513,0.161464,-0.976301,0.142171
52.416667,15.917928,34.665889,13.070236,-0.023782,0.161771,-0.976051,0.143489
52.433333,15.929019,34.629062,13.057119,-0.024058,0.162083,-0.975793,0.144837
52.450000,15.940218,34.592279,13.043972,-0.024326,0.162381,-0.975542,0.146143
52.466667,15.951656,34.555247,13.030678,-0.024608,0.162689,-0.975277,0.147517
52.483333,15.963093,34.518216,13.017383,-0.024889,0.162994,-0.975012,0.148881
52.500000,15.974766,34.481280,13.004028,-0.025166,0.163291,-0.974748,0.150228
52.516667,15.986560,34.444046,12.990554,-0.025450,0.163592,-0.974478,0.151599
52.533333,15.998458,34.406854,12.977054,-0.025733,0.163891,-0.974207,0.152965
52.550000,16.010610,34.369416,12.963400,-0.026016,0.164189,-0.973935,0.154322
52.566667,16.022763,34.331979,12.949747,-0.026299,0.164483,-0.973663,0.155675
52.583333,16.035147,34.294639,12.936032,-0.026583,0.164783,-0.973387,0.157027
52.600000,16.047655,34.256995,12.922197,-0.026860,0.165074,-0.973117,0.158343
52.616667,16.060274,34.219399,12.908332,-0.027147,0.165376,-0.972836,0.159697
52.633333,16.073133,34.181546,12.894313,-0.027420,0.165664,-0.972569,0.160975
52.650000,16.085996,34.143695,12.880294,-0.027704,0.165963,-0.972289,0.162303
52.666667,16.099204,34.105630,12.866092,-0.027976,0.166253,-0.972021,0.163564
52.683333,16.112412,34.067565,12.851889,-0.028242,0.166536,-0.971756,0.164796
52.700000,16.125757,34.029564,12.837647,-0.028527,0.166841,-0.971472,0.166107
52.716667,16.139310,33.991284,12.823258,-0.028788,0.167122,-0.971212,0.167301
52.733333,16.152906,33.953026,12.808856,-0.029075,0.167430,-0.970924,0.168606
52.750000,16.166799,33.914529,12.794280,-0.029331,0.167709,-0.970667,0.169761
52.766667,16.180692,33.876032,12.779703,-0.029592,0.167992,-0.970404,0.170938
52.783333,16.194763,33.837619,12.765073,-0.029868,0.168295,-0.970125,0.172170
52.800000,16.208993,33.798902,12.750308,-0.030117,0.168569,-0.969872,0.173278
52.816667,16.223318,33.760230,12.735512,-0.030399,0.168882,-0.969586,0.174524
52.833333,16.237882,33.721288,12.720555,-0.030642,0.169154,-0.969337,0.175594
52.850000,16.252467,33.682357,12.705592,-0.030912,0.169457,-0.969061,0.176775
52.866667,16.267359,33.643188,12.690442,-0.031161,0.169740,-0.968806,0.177853
52.883333,16.282251,33.604018,12.675293,-0.031409,0.170022,-0.968552,0.178924
52.900000,16.297298,33.564928,12.660092,-0.031673,0.170328,-0.968279,0.180058
52.916667,16.312515,33.525527,12.644748,-0.031904,0.170595,-0.968041,0.181041
52.933333,16.327823,33.486174,12.629373,-0.032179,0.170916,-0.967758,0.182200
52.950000,16.343360,33.446538,12.613833,-0.032404,0.171183,-0.967525,0.183145
52.966667,16.358934,33.406922,12.598279,-0.032664,0.171494,-0.967255,0.184232
52.983333,16.374786,33.367047,12.582542,-0.032895,0.171773,-0.967015,0.185186
53.000000,16.390638,33.327172,12.566804,-0.033137,0.172068,-0.966763,0.186183
53.016667,16.406655,33.287387,12.551004,-0.033380,0.172365,-0.966510,0.187173
53.033333,16.422818,33.247270,12.535067,-0.033606,0.172644,-0.966274,0.188092
53.050000,16.439097,33.207218,12.519084,-0.033860,0.172958,-0.966010,0.189114
53.066667,16.455567,33.166854,12.502944,-0.034072,0.173224,-0.965787,0.189967
53.083333,16.472114,33.126533,12.486774,-0.034332,0.173548,-0.965516,0.191003
53.100000,16.488889,33.085920,12.470432,-0.034540,0.173809,-0.965298,0.191828
53.116667,16.505707,33.045331,12.454073,-0.034790,0.174122,-0.965035,0.192816
53.133333,16.522789,33.004467,12.437526,-0.035008,0.174396,-0.964806,0.193676
53.150000,16.539883,32.963609,12.420974,-0.035248,0.174696,-0.964554,0.194614
53.166667,16.557271,32.922491,12.404221,-0.035475,0.174980,-0.964314,0.195503
53.183333,16.574659,32.881373,12.387468,-0.035705,0.175268,-0.964072,0.196398
53.200000,16.592190,32.840339,12.370657,-0.035941,0.175562,-0.963823,0.197311
53.216667,16.609885,32.798965,12.353696,-0.036162,0.175839,-0.963588,0.198167
53.233333,16.627697,32.757661,12.336688,-0.036404,0.176141,-0.963332,0.199099
53.250000,16.645698,32.716028,12.319519,-0.036619,0.176409,-0.963105,0.199920
53.266667,16.663794,32.674453,12.302310,-0.036861,0.176711,-0.962847,0.200847
53.283333,16.682103,32.632560,12.284931,-0.037073,0.176975,-0.962622,0.201652
53.300000,16.700486,32.590714,12.267520,-0.037312,0.177273,-0.962368,0.202558
53.316667,16.719101,32.548558,12.249930,-0.037526,0.177540,-0.962141,0.203364
53.333333,16.737776,32.506439,12.232313,-0.037762,0.177834,-0.961889,0.204251
53.350000,16.756698,32.464018,12.214510,-0.037977,0.178102,-0.961660,0.205056
53.366667,16.775667,32.421626,12.196686,-0.038210,0.178393,-0.961411,0.205922
53.383333,16.794896,32.378937,12.178668,-0.038426,0.178663,-0.961180,0.206725
53.400000,16.814162,32.336272,12.160634,-0.038655,0.178950,-0.960935,0.207572
53.416667,16.833697,32.293312,12.142400,-0.038872,0.179221,-0.960703,0.208372
53.433333,16.853263,32.250373,12.124153,-0.039098,0.179505,-0.960461,0.209199
53.450000,16.873104,32.207141,12.105702,-0.039316,0.179778,-0.960227,0.209994
53.466667,16.892972,32.163926,12.087239,-0.039538,0.180057,-0.959989,0.210801
53.483333,16.913120,32.120418,12.068570,-0.039757,0.180331,-0.959755,0.211592
53.500000,16.933292,32.076927,12.049890,-0.039976,0.180607,-0.959519,0.212382
53.516667,16.953745,32.033142,12.031001,-0.040195,0.180882,-0.959283,0.213171
53.533333,16.974223,31.989374,12.012100,-0.040413,0.181154,-0.959050,0.213948
53.550000,16.994982,31.945308,11.992990,-0.040634,0.181430,-0.958811,0.214739
53.566667,17.015769,31.901262,11.973867,-0.040849,0.181698,-0.958579,0.215508
53.583333,17.036836,31.856915,11.954534,-0.041073,0.181974,-0.958338,0.216303
53.600000,17.057937,31.812591,11.935186,-0.041288,0.182239,-0.958106,0.217067
53.616667,17.079314,31.767961,11.915629,-0.041514,0.182515,-0.957861,0.217871
53.633333,17.100735,31.723360,11.896053,-0.041729,0.182775,-0.957628,0.218634
53.650000,17.122427,31.678447,11.876271,-0.041958,0.183050,-0.957379,0.219449
53.666667,17.144171,31.633570,11.856466,-0.042174,0.183306,-0.957145,0.220212
53.683333,17.166181,31.588374,11.836457,-0.042407,0.183581,-0.956892,0.221039
53.700000,17.188256,31.543221,11.816420,-0.042622,0.183833,-0.956657,0.221802
53.716667,17.210587,31.497740,11.796183,-0.042858,0.184107,-0.956399,0.222640
53.733333,17.232997,31.452313,11.775912,-0.043073,0.184354,-0.956164,0.223402
53.750000,17.255652,31.406546,11.755446,-0.043313,0.184627,-0.955902,0.224252
53.766667,17.278404,31.360846,11.734938,-0.043534,0.184877,-0.955659,0.225037
53.783333,17.301386,31.314793,11.714242,-0.043772,0.185142,-0.955398,0.225879
53.800000,17.324484,31.268820,11.693496,-0.044001,0.185396,-0.955146,0.226691
53.816667,17.347798,31.222481,11.672568,-0.044234,0.185652,-0.954889,0.227517
53.833333,17.371248,31.176237,11.651582,-0.044472,0.185910,-0.954627,0.228358
53.850000,17.394915,31.129625,11.630412,-0.044700,0.186155,-0.954375,0.229164
53.866667,17.418900,31.082711,11.609016,-0.044946,0.186418,-0.954102,0.230037
53.883333,17.442931,31.035829,11.587601,-0.045168,0.186652,-0.953856,0.230822
53.900000,17.467257,30.988627,11.565970,-0.045423,0.186920,-0.953572,0.231727
53.916667,17.491657,30.941477,11.544308,-0.045647,0.187151,-0.953324,0.232519
53.933333,17.516326,30.893986,11.522440,-0.045899,0.187409,-0.953043,0.233412
53.950000,17.541101,30.846569,11.500530,-0.046133,0.187647,-0.952781,0.234241
53.966667,17.566118,30.798790,11.478424,-0.046377,0.187892,-0.952508,0.235103
53.983333,17.591272,30.751108,11.456263,-0.046621,0.188136,-0.952234,0.235970
54.000000,17.616668,30.703058,11.433907,-0.046856,0.188368,-0.951971,0.236800
54.016667,17.642389,30.654699,11.411322,-0.047112,0.188618,-0.951682,0.237706
54.033333,17.668175,30.606387,11.388711,-0.047349,0.188848,-0.951416,0.238543
54.050000,17.694252,30.557737,11.365884,-0.047605,0.189094,-0.951126,0.239449
54.066667,17.720433,30.509162,11.343017,-0.047844,0.189322,-0.950856,0.240294
54.083333,17.746869,30.460222,11.319948,-0.048091,0.189555,-0.950576,0.241165
54.100000,17.773450,30.411385,11.296823,-0.048342,0.189790,-0.950292,0.242050
54.116667,17.800289,30.362183,11.273494,-0.048587,0.190017,-0.950013,0.242914
54.133333,17.827451,30.312658,11.249936,-0.048840,0.190251,-0.949724,0.243809
54.150000,17.854699,30.263197,11.226346,-0.049088,0.190476,-0.949442,0.244681
54.166667,17.882228,30.213379,11.202542,-0.049340,0.190704,-0.949154,0.245569
54.183333,17.909890,30.163659,11.178688,-0.049589,0.190927,-0.948869,0.246447
54.200000,17.937824,30.113575,11.154624,-0.049841,0.191151,-0.948579,0.247336
54.216667,17.966094,30.063170,11.130326,-0.050092,0.191371,-0.948291,0.248218
54.233333,17.994452,30.012829,11.105996,-0.050346,0.191592,-0.947998,0.249113
54.250000,18.023096,29.962130,11.081448,-0.050600,0.191810,-0.947705,0.250007
54.266667,18.051882,29.911535,11.056850,-0.050852,0.192025,-0.947414,0.250892
54.283333,18.080952,29.860576,11.032035,-0.051111,0.192244,-0.947114,0.251803
54.300000,18.110353,29.809286,11.006987,-0.051358,0.192450,-0.946827,0.252673
54.316667,18.139860,29.758075,10.981902,-0.051618,0.192665,-0.946525,0.253588
54.333333,18.169661,29.706502,10.956596,-0.051880,0.192880,-0.946220,0.254508
54.350000,18.199829,29.654620,10.931043,-0.052126,0.193079,-0.945932,0.255374
54.366667,18.230076,29.602797,10.905463,-0.052390,0.193291,-0.945622,0.256305
54.383333,18.260631,29.550618,10.879657,-0.052646,0.193494,-0.945322,0.257206
54.400000,18.291329,29.498547,10.853802,-0.052900,0.193692,-0.945023,0.258101
54.416667,18.322334,29.446115,10.827721,-0.053169,0.193900,-0.944707,0.259046
54.433333,18.353672,29.393341,10.801405,-0.053422,0.194093,-0.944408,0.259937
54.450000,18.385136,29.340664,10.775046,-0.053682,0.194289,-0.944101,0.260853
54.466667,18.416916,29.287629,10.748459,-0.053952,0.194491,-0.943779,0.261808
54.483333,18.449048,29.234260,10.721630,-0.054204,0.194676,-0.943480,0.262696
54.500000,18.481297,29.180982,10.694762,-0.054468,0.194867,-0.943166,0.263626
54.516667,18.513870,29.127346,10.667662,-0.054738,0.195060,-0.942843,0.264580
54.533333,18.546807,29.073382,10.640316,-0.054994,0.195241,-0.942536,0.265486
54.550000,18.579860,29.019508,10.612933,-0.055259,0.195426,-0.942217,0.266424
54.566667,18.613245,28.965278,10.585314,-0.055530,0.195611,-0.941891,0.267382
54.583333,18.646998,28.910719,10.557449,-0.055790,0.195787,-0.941577,0.268305
54.600000,18.680872,28.856253,10.529546,-0.056055,0.195963,-0.941257,0.269243
54.616667,18.715087,28.801434,10.501404,-0.056327,0.196142,-0.940926,0.270211
54.633333,18.749668,28.746278,10.473016,-0.056592,0.196313,-0.940604,0.271151
54.650000,18.784381,28.691227,10.444588,-0.056859,0.196483,-0.940278,0.272100
54.666667,18.819443,28.635824,10.415919,-0.057131,0.196653,-0.939945,0.273069
54.683333,18.854862,28.580073,10.387005,-0.057398,0.196817,-0.939617,0.274023
54.700000,18.890432,28.524441,10.358048,-0.057668,0.196980,-0.939285,0.274987
54.716667,18.926359,28.468460,10.328846,-0.057937,0.197140,-0.938952,0.275948
54.733333,18.962648,28.412130,10.299399,-0.058208,0.197298,-0.938618,0.276916
54.750000,18.999344,28.355485,10.269693,-0.058481,0.197454,-0.938279,0.277892
54.766667,19.036155,28.298932,10.239955,-0.058755,0.197609,-0.937938,0.278876
54.783333,19.073335,28.242033,10.209970,-0.059020,0.197755,-0.937606,0.279829
54.800000,19.110896,28.184793,10.179733,-0.059295,0.197904,-0.937262,0.280818
54.816667,19.148607,28.127674,10.149455,-0.059572,0.198051,-0.936914,0.281815
54.833333,19.186696,28.070211,10.118927,-0.059841,0.198191,-0.936574,0.282786
54.850000,19.225166,28.012405,10.088148,-0.060112,0.198329,-0.936232,0.283763
54.866667,19.264044,27.954273,10.057110,-0.060390,0.198468,-0.935879,0.284771
54.883333,19.303059,27.896253,10.026038,-0.060669,0.198604,-0.935524,0.285781
54.900000,19.342463,27.837892,9.994712,-0.060936,0.198731,-0.935183,0.286751
54.916667,19.382261,27.779191,9.963131,-0.061208,0.198857,-0.934835,0.287739
54.933333,19.422479,27.720170,9.931288,-0.061489,0.198985,-0.934473,0.288763
54.950000,19.462834,27.661261,9.899413,-0.061766,0.199108,-0.934115,0.289777
54.966667,19.503591,27.602015,9.867281,-0.062037,0.199224,-0.933764,0.290768
54.983333,19.544753,27.542433,9.834891,-0.062310,0.199339,-0.933410,0.291767
55.000000,19.586333,27.482524,9.802241,-0.062589,0.199453,-0.933045,0.292795
55.016667,19.628065,27.422739,9.769557,-0.062869,0.199563,-0.932679,0.293824
55.033333,19.670210,27.362621,9.736613,-0.063142,0.199668,-0.932319,0.294833
55.050000,19.712773,27.302172,9.703409,-0.063417,0.199770,-0.931956,0.295852
55.066667,19.755756,27.241392,9.669945,-0.063694,0.199869,-0.931589,0.296880
55.083333,19.799187,27.180302,9.636213,-0.063975,0.199966,-0.931216,0.297922
55.100000,19.842758,27.119328,9.602453,-0.064251,0.200057,-0.930847,0.298952
55.116667,19.886759,27.058027,9.568431,-0.064528,0.200145,-0.930475,0.299991
55.133333,19.931192,26.996399,9.534146,-0.064807,0.200231,-0.930099,0.301039
55.150000,19.976062,26.934448,9.499597,-0.065088,0.200312,-0.929719,0.302096
55.166667,20.021390,26.872188,9.464781,-0.065365,0.200389,-0.929342,0.303143
55.183333,20.066868,26.810052,9.429937,-0.065643,0.200462,-0.928962,0.304195
55.200000,20.112791,26.747597,9.394830,-0.065924,0.200532,-0.928577,0.305264
55.216667,20.159163,26.684822,9.359457,-0.066206,0.200598,-0.928188,0.306340
55.233333,20.205989,26.621729,9.323818,-0.066489,0.200661,-0.927795,0.307425
55.250000,20.253271,26.558322,9.287914,-0.066770,0.200719,-0.927404,0.308506
55.266667,20.301032,26.494614,9.251740,-0.067047,0.200771,-0.927016,0.309576
55.283333,20.348946,26.431036,9.215542,-0.067326,0.200820,-0.926624,0.310654
55.300000,20.397326,26.367146,9.179078,-0.067606,0.200866,-0.926228,0.311744
55.316667,20.446174,26.302945,9.142348,-0.067889,0.200907,-0.925826,0.312847
55.333333,20.495496,26.238437,9.105350,-0.068171,0.200944,-0.925423,0.313953
55.350000,20.545294,26.173621,9.068085,-0.068450,0.200977,-0.925023,0.315049
55.366667,20.595572,26.108501,9.030552,-0.068724,0.201006,-0.924627,0.316131
55.383333,20.646338,26.043080,8.992751,-0.068997,0.201030,-0.924230,0.317214
55.400000,20.697267,25.977799,8.954929,-0.069270,0.201051,-0.923833,0.318296
55.416667,20.748679,25.912212,8.916840,-0.069540,0.201067,-0.923437,0.319376
55.433333,20.800576,25.846320,8.878484,-0.069809,0.201080,-0.923041,0.320452
55.450000,20.852959,25.780124,8.839860,-0.070075,0.201089,-0.922646,0.321523
55.466667,20.905831,25.713624,8.800970,-0.070339,0.201094,-0.922254,0.322586
55.483333,20.959194,25.646820,8.761811,-0.070596,0.201094,-0.921868,0.323631
55.500000,21.013050,25.579713,8.722386,-0.070852,0.201090,-0.921482,0.324674
55.516667,21.067400,25.512304,8.682693,-0.071105,0.201083,-0.921098,0.325711
55.533333,21.122247,25.444593,8.642733,-0.071356,0.201071,-0.920716,0.326742
55.550000,21.177593,25.376579,8.602506,-0.071603,0.201056,-0.920336,0.327766
55.566667,21.233440,25.308266,8.562012,-0.071848,0.201036,-0.919959,0.328782
55.583333,21.289443,25.240086,8.521507,-0.072088,0.201011,-0.919585,0.329790
55.600000,21.345944,25.171604,8.480735,-0.072325,0.200983,-0.919214,0.330787
55.616667,21.402946,25.102817,8.439699,-0.072558,0.200950,-0.918847,0.331774
55.633333,21.460449,25.033726,8.398398,-0.072787,0.200913,-0.918485,0.332749
55.650000,21.518453,24.964330,8.356833,-0.073010,0.200871,-0.918127,0.333711
55.666667,21.576959,24.894628,8.315004,-0.073227,0.200826,-0.917778,0.334650
55.683333,21.635968,24.824619,8.272911,-0.073439,0.200776,-0.917433,0.335577
55.700000,21.695478,24.754302,8.230557,-0.073646,0.200721,-0.917095,0.336489
55.716667,21.755491,24.683676,8.187940,-0.073848,0.200662,-0.916762,0.337386
55.733333,21.816006,24.612740,8.145062,-0.074044,0.200599,-0.916434,0.338268
55.750000,21.877024,24.541492,8.101924,-0.074234,0.200531,-0.916114,0.339134
55.766667,21.938543,24.469930,8.058526,-0.074419,0.200459,-0.915799,0.339984
55.783333,22.000564,24.398054,8.014869,-0.074598,0.200382,-0.915492,0.340818
55.800000,22.063086,24.325861,7.970954,-0.074771,0.200301,-0.915191,0.341634
55.816667,22.126108,24.253349,7.926782,-0.074938,0.200215,-0.914898,0.342434
55.833333,22.189630,24.180518,7.882354,-0.075098,0.200124,-0.914611,0.343216
55.850000,22.253650,24.107364,7.837671,-0.075253,0.200028,-0.914331,0.343983
55.866667,22.318169,24.033885,7.792734,-0.075402,0.199926,-0.914057,0.344736
55.883333,22.383185,23.960081,7.747545,-0.075544,0.199820,-0.913792,0.345470
55.900000,22.448697,23.885948,7.702103,-0.075680,0.199708,-0.913534,0.346186
55.916667,22.514704,23.811484,7.656412,-0.075809,0.199591,-0.913285,0.346883
55.933333,22.581212,23.736692,7.610473,-0.075930,0.199469,-0.913043,0.347561
55.950000,22.648595,23.661138,7.564024,-0.076045,0.199341,-0.912811,0.348220
55.966667,22.716471,23.585247,7.517329,-0.076152,0.199208,-0.912587,0.348858
55.983333,22.784839,23.509016,7.470390,-0.076252,0.199070,-0.912372,0.349477
56.000000,22.853698,23.432441,7.423209,-0.076345,0.198927,-0.912166,0.350075
56.016667,22.923045,23.355520,7.375786,-0.076430,0.198776,-0.911969,0.350654
56.033333,22.992878,23.278250,7.328124,-0.076508,0.198620,-0.911781,0.351215
56.050000,23.063197,23.200627,7.280225,-0.076577,0.198458,-0.911603,0.351753
56.066667,23.133997,23.122648,7.232090,-0.076639,0.198290,-0.911435,0.352270
56.083333,23.205279,23.044310,7.183721,-0.076693,0.198116,-0.911277,0.352764
56.100000,23.277047,22.965615,7.135123,-0.076738,0.197937,-0.911130,0.353235
56.116667,23.349681,22.886128,7.086033,-0.076775,0.197750,-0.910992,0.353686
56.133333,23.422790,22.806271,7.036716,-0.076803,0.197556,-0.910865,0.354116
56.150000,23.496370,22.726040,6.987174,-0.076823,0.197355,-0.910749,0.354522
56.166667,23.570419,22.645430,6.937409,-0.076834,0.197148,-0.910644,0.354905
56.183333,23.644934,22.564438,6.887424,-0.076836,0.196936,-0.910552,0.355258
56.200000,23.719918,22.483061,6.837224,-0.076828,0.196716,-0.910471,0.355589
56.216667,23.795758,22.400870,6.786549,-0.076811,0.196487,-0.910402,0.355896
56.233333,23.872055,22.318283,6.735663,-0.076784,0.196252,-0.910345,0.356176
56.250000,23.948806,22.235295,6.684566,-0.076748,0.196011,-0.910301,0.356429
56.266667,24.026008,22.151901,6.633263,-0.076702,0.195762,-0.910270,0.356654
56.283333,24.103659,22.068098,6.581759,-0.076644,0.195504,-0.910254,0.356850
56.300000,24.182150,21.983452,6.529798,-0.076576,0.195239,-0.910252,0.357014
56.316667,24.261078,21.898384,6.477640,-0.076497,0.194969,-0.910264,0.357148
56.333333,24.340439,21.812886,6.425287,-0.076407,0.194689,-0.910291,0.357251
56.350000,24.420228,21.726953,6.372745,-0.076305,0.194399,-0.910334,0.357321
56.366667,24.500837,21.640149,6.319765,-0.076191,0.194103,-0.910393,0.357357
56.383333,24.581862,21.552896,6.266602,-0.076067,0.193801,-0.910467,0.357359
56.400000,24.663299,21.465186,6.213258,-0.075929,0.193487,-0.910558,0.357325
56.416667,24.745142,21.377011,6.159743,-0.075780,0.193164,-0.910665,0.357260
56.433333,24.827778,21.287934,6.105806,-0.075620,0.192834,-0.910785,0.357165
56.450000,24.910806,21.198379,6.051702,-0.075448,0.192494,-0.910922,0.357036
56.466667,24.994221,21.108338,5.997431,-0.075265,0.192143,-0.911073,0.356879
56.483333,25.078015,21.017792,5.943017,-0.075072,0.191784,-0.911237,0.356695
56.500000,25.162580,20.926323,5.888193,-0.074866,0.191411,-0.911416,0.356480
56.516667,25.247518,20.834352,5.833216,-0.074651,0.191029,-0.911607,0.356240
56.533333,25.332822,20.741858,5.778109,-0.074426,0.190638,-0.911810,0.355977
56.550000,25.418881,20.648422,5.722611,-0.074188,0.190229,-0.912030,0.355684
56.566667,25.505300,20.554466,5.666975,-0.073944,0.189815,-0.912256,0.355375
56.583333,25.592069,20.459965,5.611226,-0.073690,0.189385,-0.912492,0.355052
56.600000,25.679577,20.364505,5.555104,-0.073429,0.188938,-0.912733,0.354724
56.616667,25.767429,20.268503,5.498861,-0.073168,0.188482,-0.912971,0.354409
56.633333,25.856001,20.171511,5.442278,-0.072901,0.188003,-0.913207,0.354110
56.650000,25.944913,20.073972,5.385584,-0.072636,0.187509,-0.913435,0.353839
56.666667,26.034174,19.975884,5.328800,-0.072374,0.186996,-0.913648,0.353612
56.683333,26.124187,19.876839,5.271685,-0.072116,0.186464,-0.913846,0.353434
56.700000,26.214583,19.777280,5.214480,-0.071863,0.185907,-0.914025,0.353317
56.716667,26.305768,19.676786,5.156975,-0.071620,0.185332,-0.914176,0.353277
56.733333,26.397370,19.575809,5.099389,-0.071386,0.184732,-0.914301,0.353315
56.750000,26.489416,19.474354,5.041757,-0.071163,0.184109,-0.914396,0.353439
56.766667,26.582301,19.372021,4.983826,-0.070950,0.183464,-0.914463,0.353646
56.783333,26.675668,19.269246,4.925855,-0.070744,0.182789,-0.914501,0.353937
56.800000,26.769917,19.165628,4.867611,-0.070551,0.182097,-0.914509,0.354313
56.816667,26.864688,19.061602,4.809338,-0.070364,0.181373,-0.914488,0.354775
56.833333,26.960385,18.956770,4.750818,-0.070187,0.180631,-0.914437,0.355319
56.850000,27.056640,18.851563,4.692282,-0.070018,0.179860,-0.914356,0.355951
56.866667,27.153867,18.745588,4.633521,-0.069857,0.179063,-0.914245,0.356668
56.883333,27.251694,18.639274,4.574763,-0.069703,0.178243,-0.914104,0.357469
56.900000,27.350535,18.532231,4.515802,-0.069557,0.177390,-0.913931,0.358364
56.916667,27.450024,18.424890,4.456865,-0.069419,0.176519,-0.913728,0.359338
56.933333,27.550567,18.316862,4.397743,-0.069287,0.175609,-0.913487,0.360419
56.950000,27.651815,18.208580,4.338674,-0.069164,0.174680,-0.913214,0.361584
56.966667,27.754152,18.099653,4.279433,-0.069048,0.173719,-0.912904,0.362851
56.983333,27.857261,17.990527,4.220279,-0.068939,0.172729,-0.912555,0.364218
57.000000,27.961498,17.880801,4.160965,-0.068838,0.171715,-0.912171,0.365676
57.016667,28.066958,17.770544,4.101556,-0.068744,0.170661,-0.911740,0.367258
57.033333,28.173231,17.660147,4.042234,-0.068656,0.169586,-0.911274,0.368926
57.050000,28.280757,17.549263,3.982820,-0.068569,0.168479,-0.910776,0.370676
57.066667,28.389189,17.438320,3.923541,-0.068478,0.167344,-0.910255,0.372482
57.083333,28.498897,17.326935,3.864175,-0.068378,0.166179,-0.909720,0.374323
57.100000,28.609988,17.215195,3.804786,-0.068264,0.164998,-0.909188,0.376156
57.116667,28.722033,17.103457,3.745551,-0.068130,0.163783,-0.908661,0.377981
57.133333,28.835398,16.991332,3.686286,-0.067972,0.162550,-0.908155,0.379753
57.150000,28.949720,16.879197,3.627242,-0.067786,0.161303,-0.907681,0.381446
57.166667,29.065289,16.766612,3.568196,-0.067564,0.160021,-0.907246,0.383058
57.183333,29.182088,16.653562,3.509174,-0.067306,0.158734,-0.906870,0.384526
57.200000,29.299736,16.540394,3.450417,-0.067006,0.157432,-0.906558,0.385848
57.216667,29.418534,16.426690,3.391710,-0.066662,0.156108,-0.906312,0.387020
57.233333,29.538452,16.312422,3.333073,-0.066275,0.154774,-0.906143,0.388016
57.250000,29.659483,16.197565,3.274571,-0.065844,0.153420,-0.906046,0.388854
57.266667,29.781178,16.082420,3.216361,-0.065370,0.152049,-0.906024,0.389523
57.283333,29.903869,15.966590,3.158280,-0.064853,0.150668,-0.906083,0.390009
57.300000,30.027516,15.850031,3.100366,-0.064287,0.149259,-0.906223,0.390319
57.316667,30.151702,15.733035,3.042826,-0.063677,0.147829,-0.906444,0.390450
57.333333,30.276739,15.615210,2.985478,-0.063026,0.146388,-0.906748,0.390393
57.350000,30.402574,15.496507,2.928347,-0.062333,0.144927,-0.907132,0.390157
57.366667,30.529156,15.376872,2.871465,-0.061595,0.143437,-0.907598,0.389741
57.383333,30.656068,15.256576,2.815037,-0.060814,0.141923,-0.908146,0.389141
57.400000,30.783619,15.135247,2.758893,-0.059996,0.140392,-0.908772,0.388362
57.416667,30.911759,15.012841,2.703056,-0.059138,0.138833,-0.909474,0.387408
57.433333,31.040436,14.889310,2.647553,-0.058244,0.137244,-0.910246,0.386295
57.450000,31.169591,14.764599,2.592420,-0.057321,0.135623,-0.911068,0.385065
57.466667,31.298819,14.638974,2.537840,-0.056382,0.133974,-0.911917,0.383771
57.483333,31.428415,14.512074,2.483666,-0.055424,0.132278,-0.912778,0.382449
57.500000,31.558319,14.383854,2.429926,-0.054457,0.130536,-0.913630,0.381149
57.516667,31.688517,14.254308,2.376648,-0.053488,0.128746,-0.914456,0.379914
57.533333,31.819059,14.123502,2.323860,-0.052523,0.126907,-0.915234,0.378790
57.550000,31.950011,13.991513,2.271592,-0.051572,0.125023,-0.915945,0.377829
57.566667,32.081438,13.858408,2.219894,-0.050635,0.123082,-0.916572,0.377071
57.583333,32.213106,13.724599,2.168900,-0.049717,0.121083,-0.917096,0.376566
57.600000,32.345403,13.589854,2.118507,-0.048821,0.119022,-0.917505,0.376344
57.616667,32.478405,13.454257,2.068744,-0.047945,0.116902,-0.917794,0.376417
57.633333,32.612190,13.317899,2.019643,-0.047089,0.114721,-0.917961,0.376789
57.650000,32.746843,13.180876,1.971233,-0.046252,0.112484,-0.918000,0.377470
57.666667,32.882454,13.043290,1.923548,-0.045432,0.110191,-0.917913,0.378456
57.683333,33.019113,12.905245,1.876618,-0.044623,0.107839,-0.917703,0.379738
57.700000,33.156912,12.766848,1.830476,-0.043821,0.105428,-0.917372,0.381304
57.716667,33.295945,12.628212,1.785156,-0.043022,0.102959,-0.916924,0.383143
57.733333,33.436307,12.489451,1.740692,-0.042223,0.100433,-0.916362,0.385242
57.750000,33.578081,12.350672,1.697115,-0.041418,0.097852,-0.915689,0.387586
57.766667,33.721317,12.211954,1.654460,-0.040605,0.095216,-0.914910,0.390159
57.783333,33.866064,12.073374,1.612759,-0.039774,0.092528,-0.914044,0.392913
57.800000,34.012367,11.935010,1.572045,-0.038917,0.089791,-0.913123,0.395764
57.816667,34.160272,11.796944,1.532352,-0.038023,0.087009,-0.912186,0.398623
57.833333,34.309825,11.659258,1.493715,-0.037083,0.084185,-0.911268,0.401408
57.850000,34.461065,11.522036,1.456168,-0.036092,0.081323,-0.910402,0.404046
57.866667,34.613936,11.385254,1.419747,-0.035044,0.078423,-0.909620,0.406465
57.883333,34.768276,11.248767,1.384489,-0.033934,0.075490,-0.908955,0.408595
57.900000,34.923912,11.112417,1.350428,-0.032762,0.072524,-0.908438,0.410374
57.916667,35.080671,10.976040,1.317599,-0.031524,0.069527,-0.908099,0.411738
57.933333,35.238379,10.839466,1.286038,-0.030220,0.066498,-0.907966,0.412628
57.950000,35.396860,10.702524,1.255778,-0.028854,0.063438,-0.908055,0.413013
57.966667,35.555937,10.565043,1.226855,-0.027429,0.060343,-0.908363,0.412897
57.983333,35.715452,10.426869,1.199302,-0.025952,0.057211,-0.908886,0.412286
58.000000,35.875246,10.287857,1.173155,-0.024428,0.054040,-0.909623,0.411180
58.016667,36.035157,10.147858,1.148450,-0.022862,0.050827,-0.910573,0.409574
58.033333,36.195021,10.006723,1.125220,-0.021258,0.047566,-0.911737,0.407457
58.050000,36.354668,9.864304,1.103502,-0.019619,0.044253,-0.913116,0.404817
58.066667,36.513921,9.720453,1.083330,-0.017955,0.040891,-0.914705,0.401647
58.083333,36.672583,9.575003,1.064737,-0.016272,0.037477,-0.916505,0.397932
58.100000,36.830433,9.427777,1.047753,-0.014581,0.034019,-0.918504,0.393675
58.116667,36.987221,9.278572,1.032432,-0.012902,0.030543,-0.920680,0.388907
58.133333,37.142857,9.127063,1.018792,-0.011253,0.027073,-0.923009,0.383659
58.150000,37.296945,8.973251,1.006864,-0.009653,0.023637,-0.925467,0.377966
58.166667,37.449232,8.816979,0.996679,-0.008119,0.020261,-0.928031,0.371862
58.183333,37.599516,8.658161,0.988213,-0.006662,0.016969,-0.930683,0.365373
58.200000,37.747685,8.496802,0.981367,-0.005301,0.013800,-0.933384,0.358576
58.216667,37.893634,8.332922,0.976034,-0.004049,0.010783,-0.936106,0.351529
58.233333,38.037260,8.166539,0.972103,-0.002915,0.007948,-0.938823,0.344296
58.250000,38.178448,7.997663,0.969469,-0.001906,0.005325,-0.941509,0.336940
58.266667,38.317111,7.826161,0.968042,-0.001025,0.002937,-0.944148,0.329507
58.283333,38.453140,7.652236,0.967677,-0.000268,0.000787,-0.946734,0.322015
58.300000,38.586490,7.475958,0.968258,0.000372,-0.001122,-0.949272,0.314455
58.316667,38.717122,7.297400,0.969669,0.000897,-0.002783,-0.951750,0.306860
58.333333,38.845004,7.116634,0.971792,0.001315,-0.004194,-0.954168,0.299238
58.350000,38.970103,6.933730,0.974508,0.001630,-0.005346,-0.956520,0.291613
58.366667,39.092385,6.748758,0.977699,0.001849,-0.006243,-0.958811,0.283969
58.383333,39.211756,6.561680,0.981252,0.001979,-0.006882,-0.961045,0.276298
58.400000,39.328207,6.372660,0.985031,0.002026,-0.007265,-0.963227,0.268584
58.416667,39.441673,6.181747,0.988916,0.002003,-0.007414,-0.965351,0.260843
58.433333,39.552087,5.988990,0.992787,0.001925,-0.007356,-0.967407,0.253114
58.450000,39.659386,5.794440,0.996522,0.001803,-0.007121,-0.969388,0.245425
58.466667,39.763503,5.598153,1.000000,0.001649,-0.006734,-0.971283,0.237825
58.483333,39.864361,5.400167,1.003117,0.001474,-0.006227,-0.973093,0.230326
58.500000,39.961993,5.200613,1.005859,0.001287,-0.005629,-0.974809,0.222965
58.516667,40.056554,4.999644,1.008248,0.001098,-0.004968,-0.976430,0.215776
58.533333,40.148138,4.797382,1.010296,0.000912,-0.004273,-0.977945,0.208816
58.550000,40.236841,4.593944,1.012017,0.000738,-0.003577,-0.979350,0.202140
58.566667,40.322762,4.389439,1.013426,0.000580,-0.002904,-0.980640,0.195799
58.583333,40.406010,4.183977,1.014535,0.000437,-0.002261,-0.981817,0.189817
58.600000,40.486676,3.977651,1.015354,0.000308,-0.001646,-0.982890,0.184188
58.616667,40.564924,3.770676,1.015899,0.000193,-0.001061,-0.983864,0.178913
58.633333,40.640968,3.563089,1.016188,0.000089,-0.000504,-0.984748,0.173985
58.650000,40.714972,3.354989,1.016235,-0.000004,0.000024,-0.985547,0.169400
58.666667,40.787099,3.146470,1.016053,-0.000088,0.000523,-0.986267,0.165157
58.683333,40.857508,2.937616,1.015657,-0.000162,0.000990,-0.986912,0.161256
58.700000,40.926316,2.728495,1.015061,-0.000228,0.001426,-0.987491,0.157666
58.716667,40.993607,2.519158,1.014276,-0.000286,0.001833,-0.988022,0.154302
58.733333,41.059441,2.309796,1.013317,-0.000338,0.002210,-0.988524,0.151046
58.750000,41.123983,2.100336,1.012200,-0.000382,0.002558,-0.989017,0.147779
58.766667,41.187334,1.890827,1.010939,-0.000420,0.002876,-0.989517,0.144385
58.783333,41.249568,1.681306,1.009548,-0.000450,0.003165,-0.990041,0.140744
58.800000,41.310520,1.471738,1.008039,-0.000473,0.003423,-0.990597,0.136766
58.816667,41.369862,1.262046,1.006427,-0.000488,0.003653,-0.991197,0.132347
58.833333,41.427259,1.052154,1.004725,-0.000495,0.003857,-0.991847,0.127372
58.850000,41.482375,0.841999,1.002946,-0.000495,0.004038,-0.992555,0.121731
58.866667,41.534828,0.631513,1.001102,-0.000487,0.004197,-0.993319,0.115319
58.883333,41.584274,0.420831,0.999209,-0.000472,0.004338,-0.994132,0.108089
58.900000,41.630425,0.209759,0.997275,-0.000449,0.004462,-0.994974,0.100033
58.916667,41.672924,-0.001721,0.995303,-0.000418,0.004571,-0.995826,0.091157
58.933333,41.711411,-0.213611,0.993295,-0.000382,0.004668,-0.996662,0.081498
58.950000,41.745522,-0.425893,0.991254,-0.000339,0.004755,-0.997457,0.071109
58.966667,41.774897,-0.638529,0.989183,-0.000291,0.004833,-0.998185,0.060027
58.983333,41.799176,-0.851455,0.987085,-0.000237,0.004906,-0.998821,0.048287
59.000000,41.818062,-1.064580,0.984964,-0.000179,0.004971,-0.999342,0.035917
59.016667,41.831384,-1.277780,0.982821,-0.000116,0.005029,-0.999723,0.022986
59.033333,41.838994,-1.490921,0.980660,-0.000049,0.005081,-0.999941,0.009582
59.066667,41.836483,-1.916426,0.976292,-0.000094,-0.005161,0.999821,0.018225
59.083333,41.825996,-2.128456,0.974089,-0.000168,-0.005190,0.999460,0.032433
59.100000,41.809228,-2.339607,0.971880,-0.000244,-0.005211,0.998893,0.046756
59.116667,41.786233,-2.549865,0.969666,-0.000320,-0.005226,0.998115,0.061141
59.133333,41.757127,-2.759065,0.967448,-0.000396,-0.005233,0.997129,0.075542
59.150000,41.722024,-2.967051,0.965230,-0.000472,-0.005232,0.995934,0.089927
59.166667,41.681034,-3.173677,0.963014,-0.000548,-0.005225,0.994537,0.104249
59.183333,41.634263,-3.378800,0.960801,-0.000622,-0.005210,0.992942,0.118487
59.200000,41.581811,-3.582284,0.958596,-0.000695,-0.005189,0.991147,0.132667
59.216667,41.523744,-3.783988,0.956398,-0.000766,-0.005161,0.989150,0.146818
59.233333,41.460077,-3.983758,0.954212,-0.000836,-0.005126,0.986946,0.160970
59.250000,41.390823,-4.181436,0.952039,-0.000905,-0.005084,0.984526,0.175161
59.266667,41.315994,-4.376862,0.949882,-0.000972,-0.005036,0.981881,0.189430
59.283333,41.235604,-4.569872,0.947742,-0.001037,-0.004981,0.978996,0.203815
59.300000,41.149667,-4.760297,0.945624,-0.001101,-0.004919,0.975858,0.218347
59.316667,41.058194,-4.947965,0.943528,-0.001162,-0.004850,0.972453,0.233044
59.333333,40.961178,-5.132683,0.941457,-0.001222,-0.004775,0.968767,0.247925
59.350000,40.858598,-5.314247,0.939413,-0.001279,-0.004692,0.964785,0.262993
59.366667,40.750437,-5.492439,0.937398,-0.001334,-0.004604,0.960501,0.278236
59.383333,40.636679,-5.667031,0.935414,-0.001385,-0.004508,0.955906,0.293636
59.400000,40.517316,-5.837783,0.933464,-0.001433,-0.004407,0.950994,0.309176
59.416667,40.392346,-6.004448,0.931550,-0.001477,-0.004299,0.945760,0.324835
59.433333,40.261820,-6.166793,0.929674,-0.001516,-0.004186,0.940201,0.340590
59.450000,40.125906,-6.324545,0.927840,-0.001551,-0.004067,0.934320,0.356409
59.466667,39.984847,-6.477378,0.926051,-0.001581,-0.003943,0.928133,0.372225
59.483333,39.838897,-6.624980,0.924311,-0.001605,-0.003813,0.921667,0.387961
59.500000,39.688322,-6.767057,0.922622,-0.001623,-0.003679,0.914953,0.403540
59.516667,39.533400,-6.903329,0.920987,-0.001633,-0.003540,0.908023,0.418901
59.533333,39.374443,-7.033565,0.919411,-0.001637,-0.003398,0.900907,0.433997
59.550000,39.211868,-7.157683,0.917895,-0.001634,-0.003253,0.893635,0.448779
59.566667,39.046123,-7.275680,0.916442,-0.001623,-0.003105,0.886245,0.463203
59.583333,38.877638,-7.387581,0.915055,-0.001604,-0.002954,0.878772,0.477229
59.600000,38.706823,-7.493437,0.913734,-0.001578,-0.002801,0.871247,0.490834
59.616667,38.534071,-7.593320,0.912483,-0.001544,-0.002646,0.863680,0.504031
59.633333,38.359748,-7.687317,0.911301,-0.001503,-0.002490,0.856119,0.516771
59.650000,38.184201,-7.775522,0.910190,-0.001455,-0.002333,0.848571,0.529074
59.666667,38.007745,-7.858037,0.909151,-0.001399,-0.002175,0.841046,0.540958
59.683333,37.830656,-7.934909,0.908185,-0.001337,-0.002018,0.833548,0.552442
59.700000,37.652341,-8.006518,0.907290,-0.001268,-0.001859,0.826045,0.563599
59.716667,37.473924,-8.072752,0.906469,-0.001193,-0.001700,0.818539,0.574447
59.733333,37.295656,-8.133754,0.905723,-0.001111,-0.001541,0.811065,0.584953
59.750000,37.117769,-8.189676,0.905049,-0.001024,-0.001383,0.803628,0.595130
59.766667,36.940475,-8.240674,0.904450,-0.000930,-0.001224,0.796184,0.605052
59.783333,36.763909,-8.286670,0.903926,-0.000831,-0.001066,0.788759,0.614701
59.800000,36.587287,-8.328169,0.903473,-0.000726,-0.000909,0.781383,0.624051
59.816667,36.411775,-8.365146,0.903093,-0.000616,-0.000753,0.773989,0.633198
59.833333,36.237521,-8.397767,0.902783,-0.000500,-0.000597,0.766599,0.642125
59.850000,36.064599,-8.425831,0.902549,-0.000380,-0.000443,0.759242,0.650809
59.866667,35.892146,-8.449941,0.902384,-0.000254,-0.000290,0.751853,0.659331
59.883333,35.721306,-8.470126,0.902287,-0.000124,-0.000139,0.744497,0.667626
59.900000,35.552133,-8.486167,0.902262,0.000011,0.000012,0.737105,0.675779
59.916667,35.383701,-8.498528,0.902305,0.000151,0.000161,0.729679,0.683790
59.933333,35.217123,-8.507303,0.902413,0.000294,0.000307,0.722304,0.691576
59.950000,35.051416,-8.512193,0.902594,0.000442,0.000452,0.714840,0.699288
59.966667,34.887688,-8.513761,0.902837,0.000595,0.000595,0.707351,0.706862
59.983333,34.725972,-8.511766,0.903147,0.000752,0.000736,0.699832,0.714307
60.000000,34.565323,-8.506458,0.903522,0.000912,0.000875,0.692273,0.721635
60.016667,34.406761,-8.497924,0.903959,0.001078,0.001012,0.684599,0.728918
60.033333,34.249371,-8.486079,0.904463,0.001246,0.001146,0.676943,0.736034
60.050000,34.094112,-8.471251,0.905026,0.001419,0.001278,0.669168,0.743109
60.066667,33.940119,-8.453164,0.905655,0.001596,0.001407,0.661359,0.750066
60.083333,33.788280,-8.432237,0.906341,0.001776,0.001533,0.653481,0.756940
60.100000,33.637782,-8.408170,0.907093,0.001961,0.001658,0.645466,0.763784
60.116667,33.489450,-8.381322,0.907902,0.002149,0.001778,0.637425,0.770508
60.133333,33.342505,-8.351519,0.908773,0.002342,0.001896,0.629203,0.777235
60.150000,33.197742,-8.318908,0.909702,0.002539,0.002011,0.620927,0.783861
60.166667,33.054376,-8.283593,0.910690,0.002738,0.002122,0.612543,0.790430
60.183333,32.913220,-8.245354,0.911739,0.002943,0.002230,0.603986,0.796986
60.200000,32.773477,-8.204550,0.912845,0.003151,0.002335,0.595348,0.803458
60.216667,32.635324,-8.160727,0.914016,0.003363,0.002436,0.586534,0.809914
60.233333,32.499265,-8.114371,0.915242,0.003579,0.002533,0.577580,0.816323
60.250000,32.364737,-8.065348,0.916527,0.003800,0.002625,0.568466,0.822694
60.266667,32.232385,-8.013459,0.917875,0.004023,0.002714,0.559213,0.829010
60.283333,32.101571,-7.959006,0.919280,0.004253,0.002799,0.549722,0.835332
60.300000,31.972459,-7.901694,0.920749,0.004484,0.002878,0.540185,0.841530
60.316667,31.845431,-7.841669,0.922279,0.004722,0.002954,0.530382,0.847741
60.333333,31.720031,-7.779054,0.923867,0.004964,0.003025,0.520399,0.853904
60.350000,31.596497,-7.713461,0.925524,0.005207,0.003091,0.510413,0.859908
60.366667,31.474950,-7.645232,0.927242,0.005459,0.003153,0.500074,0.865960
60.383333,31.355102,-7.574419,0.929021,0.005714,0.003209,0.489634,0.871903
60.400000,31.237264,-7.500585,0.930875,0.005972,0.003260,0.479139,0.877713
60.416667,31.121327,-7.424103,0.932793,0.006239,0.003307,0.468280,0.883552
60.433333,31.007181,-7.345011,0.934778,0.006507,0.003347,0.457437,0.889212
60.450000,30.895235,-7.262838,0.936842,0.006777,0.003383,0.446580,0.894712
60.466667,30.785284,-7.178020,0.938975,0.007056,0.003414,0.435521,0.900145
60.483333,30.677369,-7.090629,0.941176,0.007334,0.003440,0.424659,0.905317
60.500000,30.571982,-7.000213,0.943459,0.007615,0.003462,0.413893,0.910287
60.516667,30.468717,-6.907397,0.945812,0.007902,0.003481,0.403115,0.915109
60.533333,30.367568,-6.812290,0.948236,0.008187,0.003496,0.392717,0.919616
60.550000,30.268865,-6.714669,0.950742,0.008475,0.003509,0.382552,0.923888
60.566667,30.172173,-6.615071,0.953319,0.008769,0.003521,0.372570,0.927956
60.583333,30.077509,-6.513558,0.955969,0.009060,0.003531,0.363149,0.931680
60.600000,29.985099,-6.410019,0.958703,0.009355,0.003542,0.354040,0.935177
60.616667,29.894552,-6.304867,0.961509,0.009656,0.003552,0.345196,0.938474
60.633333,29.805892,-6.198139,0.964393,0.009954,0.003562,0.336879,0.941488
60.650000,29.719263,-6.089795,0.967363,0.010256,0.003572,0.328848,0.944321
60.666667,29.634322,-5.980145,0.970409,0.010564,0.003582,0.321099,0.946980
60.683333,29.551117,-5.869195,0.973537,0.010868,0.003592,0.313824,0.949412
60.700000,29.469731,-5.756953,0.976751,0.011177,0.003603,0.306816,0.951696
60.716667,29.389868,-5.643647,0.980043,0.011490,0.003615,0.300102,0.953831
60.733333,29.311580,-5.529275,0.983418,0.011800,0.003627,0.293816,0.955782
60.750000,29.234883,-5.413885,0.986881,0.012115,0.003641,0.287782,0.957612
60.766667,29.159520,-5.297649,0.990422,0.012432,0.003655,0.282035,0.959316
60.783333,29.085540,-5.180560,0.994049,0.012746,0.003670,0.276657,0.960877
60.800000,29.012906,-5.062692,0.997764,0.013066,0.003686,0.271492,0.962345
60.816667,28.941403,-4.944169,1.001560,0.013387,0.003703,0.266585,0.963711
60.833333,28.871086,-4.824973,1.005446,0.013706,0.003721,0.261982,0.964968
60.850000,28.801924,-4.705172,1.009421,0.014031,0.003740,0.257553,0.966155
60.866667,28.733766,-4.584835,1.013477,0.014356,0.003760,0.253346,0.967262
60.883333,28.666682,-4.463934,1.017624,0.014679,0.003781,0.249380,0.968287
60.900000,28.600623,-4.342546,1.021860,0.015007,0.003802,0.245547,0.969261
60.916667,28.535455,-4.220718,1.026178,0.015336,0.003824,0.241898,0.970173
60.933333,28.471244,-4.098425,1.030589,0.015662,0.003846,0.238439,0.971024
60.950000,28.407924,-3.975751,1.035089,0.015994,0.003869,0.235081,0.971836
60.966667,28.345380,-3.852724,1.039672,0.016326,0.003892,0.231879,0.972600
60.983333,28.283667,-3.729323,1.044350,0.016657,0.003916,0.228827,0.973317
61.000000,28.222728,-3.605628,1.049117,0.016993,0.003940,0.225848,0.974006
61.016667,28.162483,-3.481641,1.053968,0.017328,0.003965,0.222994,0.974658
61.033333,28.103007,-3.357331,1.058916,0.017663,0.003989,0.220251,0.975275
61.050000,28.044257,-3.232773,1.063952,0.018003,0.004013,0.217554,0.975874
61.066667,27.986159,-3.107961,1.069074,0.018343,0.004038,0.214949,0.976445
61.083333,27.928782,-2.982867,1.074293,0.018681,0.004062,0.212426,0.976990
61.100000,27.872083,-2.857567,1.079601,0.019025,0.004086,0.209944,0.977520
61.116667,27.815992,-2.732048,1.084996,0.019369,0.004110,0.207555,0.978023
61.133333,27.760572,-2.606287,1.090488,0.019711,0.004135,0.205257,0.978501
61.150000,27.705783,-2.480358,1.096071,0.020059,0.004160,0.203014,0.978961
61.166667,27.651550,-2.354246,1.101741,0.020406,0.004185,0.200874,0.979396
61.183333,27.597919,-2.227936,1.107510,0.020752,0.004211,0.198834,0.979804
61.200000,27.544848,-2.101503,1.113369,0.021103,0.004238,0.196865,0.980194
61.216667,27.492262,-1.974929,1.119316,0.021454,0.004267,0.195007,0.980558
61.233333,27.440190,-1.848204,1.125362,0.021804,0.004296,0.193257,0.980896
61.250000,27.388605,-1.721402,1.131501,0.022158,0.004326,0.191593,0.981215
61.266667,27.337431,-1.594496,1.137727,0.022512,0.004359,0.190040,0.981509
61.283333,27.286685,-1.467484,1.144052,0.022865,0.004392,0.188594,0.981779
61.300000,27.236350,-1.340435,1.150471,0.023221,0.004427,0.187237,0.982030
61.316667,27.186353,-1.213319,1.156979,0.023579,0.004465,0.185986,0.982259
61.333333,27.136698,-1.086137,1.163585,0.023935,0.004503,0.184841,0.982467
61.350000,27.087381,-0.958957,1.170287,0.024294,0.004544,0.183785,0.982656
61.366667,27.038330,-0.831744,1.177078,0.024655,0.004586,0.182832,0.982824
61.383333,26.989540,-0.704502,1.183967,0.025014,0.004631,0.181983,0.982973
61.400000,26.941014,-0.577297,1.190953,0.025375,0.004678,0.181224,0.983103
61.416667,26.892684,-0.450091,1.198029,0.025739,0.004727,0.180563,0.983215
61.433333,26.844534,-0.322890,1.205201,0.026101,0.004778,0.180002,0.983308
61.450000,26.796574,-0.195763,1.212473,0.026464,0.004831,0.179527,0.983385
61.466667,26.748738,-0.068665,1.219836,0.026831,0.004888,0.179146,0.983444
61.483333,26.701007,0.058395,1.227293,0.027196,0.004946,0.178858,0.983487
61.500000,26.653392,0.185348,1.234852,0.027562,0.005007,0.178653,0.983513
61.516667,26.605838,0.312246,1.242504,0.027931,0.005070,0.178536,0.983524
61.533333,26.558328,0.439079,1.250246,0.028299,0.005136,0.178508,0.983518
61.550000,26.510841,0.565840,1.258098,0.028667,0.005205,0.178557,0.983498
61.566667,26.463380,0.692453,1.266039,0.029038,0.005276,0.178690,0.983463
61.583333,26.415905,0.818978,1.274071,0.029408,0.005350,0.178908,0.983412
61.600000,26.368386,0.945402,1.282210,0.029778,0.005427,0.179204,0.983346
61.616667,26.320833,1.071650,1.290441,0.030151,0.005507,0.179580,0.983266
61.633333,26.273207,1.197785,1.298764,0.030524,0.005590,0.180046,0.983169
61.650000,26.225476,1.323793,1.307190,0.030896,0.005676,0.180588,0.983057
61.666667,26.177647,1.449594,1.315713,0.031270,0.005765,0.181208,0.982931
61.683333,26.129685,1.575256,1.324329,0.031645,0.005858,0.181921,0.982786
61.700000,26.081564,1.700767,1.333042,0.032020,0.005954,0.182712,0.982627
61.716667,26.033271,1.826036,1.341857,0.032395,0.006053,0.183581,0.982452
61.733333,25.984787,1.951140,1.350766,0.032771,0.006157,0.184536,0.982260
61.750000,25.936094,2.076070,1.359769,0.033147,0.006264,0.185573,0.982051
61.766667,25.887129,2.200799,1.368882,0.033524,0.006374,0.186684,0.981827
61.783333,25.837940,2.325258,1.378085,0.033901,0.006488,0.187868,0.981588
61.800000,25.788486,2.449516,1.387382,0.034279,0.006607,0.189133,0.981331
61.816667,25.738715,2.573550,1.396783,0.034657,0.006728,0.190465,0.981059
61.833333,25.688650,2.697277,1.406280,0.035035,0.006854,0.191863,0.980772
61.850000,25.638274,2.820780,1.415872,0.035413,0.006983,0.193330,0.980470
61.866667,25.587561,2.944044,1.425561,0.035792,0.007116,0.194863,0.980151
61.883333,25.536487,3.066966,1.435354,0.036172,0.007252,0.196456,0.979818
61.900000,25.485062,3.189638,1.445241,0.036550,0.007392,0.198105,0.979471
61.916667,25.433274,3.312056,1.455222,0.036929,0.007537,0.199841,0.979103
61.933333,25.381052,3.434184,1.465312,0.037309,0.007688,0.201670,0.978713
61.950000,25.328457,3.555950,1.475495,0.037688,0.007843,0.203602,0.978297
61.966667,25.275460,3.677437,1.485772,0.038065,0.008007,0.205676,0.977847
61.983333,25.222020,3.798622,1.496149,0.038444,0.008178,0.207909,0.977358
62.000000,25.168086,3.919380,1.506627,0.038822,0.008358,0.210305,0.976829
62.016667,25.113627,4.039794,1.517200,0.039195,0.008546,0.212871,0.976256
62.033333,25.058593,4.159835,1.527869,0.039570,0.008748,0.215680,0.975623
62.050000,25.002829,4.279427,1.538646,0.039942,0.008960,0.218707,0.974932
62.066667,24.946383,4.398483,1.549516,0.040310,0.009184,0.221956,0.974180
62.083333,24.889192,4.517070,1.560481,0.040673,0.009421,0.225465,0.973356
62.100000,24.831175,4.635140,1.571544,0.041037,0.009675,0.229262,0.972451
62.116667,24.772223,4.752522,1.582708,0.041397,0.009943,0.233325,0.971466
62.133333,24.712368,4.869329,1.593965,0.041749,0.010223,0.237623,0.970406
62.150000,24.651562,4.985526,1.605316,0.042102,0.010524,0.242283,0.969235
62.166667,24.589633,5.101007,1.616770,0.042452,0.010844,0.247253,0.967960
62.183333,24.526571,5.215639,1.628319,0.042797,0.011181,0.252520,0.966580
62.200000,24.462342,5.329499,1.639962,0.043133,0.011534,0.258064,0.965095
62.216667,24.396877,5.442528,1.651702,0.043468,0.011913,0.264045,0.963457
62.233333,24.329894,5.554536,1.663554,0.043797,0.012313,0.270367,0.961682
62.250000,24.261549,5.665472,1.675497,0.044116,0.012731,0.276978,0.959779
62.266667,24.191758,5.775374,1.687535,0.044425,0.013169,0.283898,0.957734
62.283333,24.120428,5.884152,1.699672,0.044730,0.013631,0.291190,0.955522
62.300000,24.047338,5.991495,1.711909,0.045026,0.014112,0.298737,0.953168
62.316667,23.972618,6.097573,1.724239,0.045309,0.014603,0.306418,0.950706
62.333333,23.896238,6.202323,1.736661,0.045585,0.015113,0.314326,0.948100
62.350000,23.818112,6.305637,1.749181,0.045856,0.015643,0.322486,0.945333
62.366667,23.738188,6.407288,1.761797,0.046119,0.016187,0.330775,0.942443
62.383333,23.656622,6.507477,1.774507,0.046371,0.016736,0.339067,0.939470
62.400000,23.573421,6.606164,1.787313,0.046619,0.017301,0.347498,0.936361
62.416667,23.488491,6.703212,1.800221,0.046864,0.017884,0.356083,0.933107
62.433333,23.401838,6.798423,1.813227,0.047102,0.018474,0.364675,0.929759
62.450000,23.313583,6.891990,1.826329,0.047330,0.019067,0.373183,0.926354
62.466667,23.223738,6.983867,1.839529,0.047552,0.019669,0.381713,0.922847
62.483333,23.132212,7.073901,1.852833,0.047770,0.020282,0.390279,0.919233
62.500000,23.039039,7.161899,1.866234,0.047979,0.020894,0.398715,0.915581
62.516667,22.944372,7.248110,1.879730,0.048180,0.021501,0.406953,0.911924
62.533333,22.848281,7.332549,1.893322,0.048375,0.022108,0.415067,0.908235
62.550000,22.750765,7.415155,1.907013,0.048570,0.022720,0.423102,0.904494
62.566667,22.651902,7.495778,1.920798,0.048762,0.023325,0.430887,0.900786
62.583333,22.551832,7.574702,1.934676,0.048950,0.023918,0.438359,0.897147
62.600000,22.450618,7.651953,1.948648,0.049139,0.024506,0.445608,0.893543
62.616667,22.348295,7.727525,1.962716,0.049333,0.025096,0.452724,0.889931
62.633333,22.244889,7.801202,1.976881,0.049526,0.025681,0.459609,0.886368
62.650000,22.140525,7.873297,1.991141,0.049719,0.026255,0.466219,0.882881
62.666667,22.035255,7.943841,2.005499,0.049912,0.026826,0.472656,0.879423
62.683333,21.929125,8.012857,2.019955,0.050107,0.027398,0.478975,0.875969
62.700000,21.822051,8.080163,2.034522,0.050302,0.027971,0.485167,0.872525
62.716667,21.714275,8.145878,2.049176,0.050496,0.028533,0.491127,0.869155
62.733333,21.605753,8.210108,2.063926,0.050687,0.029094,0.496961,0.865803
62.750000,21.496518,8.272864,2.078771,0.050877,0.029653,0.502681,0.862464
62.766667,21.386543,8.334051,2.093719,0.051067,0.030219,0.508365,0.859095
62.783333,21.275964,8.393632,2.108757,0.051253,0.030776,0.513871,0.855782
62.800000,21.164773,8.451785,2.123889,0.051436,0.031332,0.519279,0.852480
62.816667,21.052998,8.508525,2.139115,0.051617,0.031889,0.524621,0.849171
62.833333,20.940665,8.563863,2.154436,0.051795,0.032452,0.529946,0.845826
62.850000,20.827817,8.617569,2.169854,0.051970,0.033018,0.535242,0.842452
62.866667,20.714465,8.669895,2.185365,0.052139,0.033585,0.540480,0.839068
62.883333,20.600618,8.720817,2.200972,0.052302,0.034157,0.545722,0.835635
62.900000,20.486285,8.770309,2.216672,0.052459,0.034735,0.550982,0.832142
62.916667,20.371438,8.818258,2.232473,0.052610,0.035325,0.556326,0.828544
62.933333,20.256181,8.864546,2.248363,0.052750,0.035917,0.561670,0.824896
62.950000,20.140470,8.909319,2.264346,0.052880,0.036518,0.567074,0.821156
62.966667,20.024314,8.952551,2.280421,0.052999,0.037126,0.572540,0.817319
62.983333,19.907727,8.994214,2.296588,0.053107,0.037744,0.578076,0.813378
63.000000,19.790672,9.034131,2.312856,0.053206,0.038375,0.583720,0.809300
63.016667,19.673303,9.072303,2.329203,0.053293,0.039016,0.589427,0.805117
63.033333,19.555548,9.108822,2.345638,0.053369,0.039669,0.595230,0.800799
63.050000,19.437422,9.143652,2.362162,0.053434,0.040336,0.601138,0.796336
63.066667,19.318936,9.176741,2.378776,0.053486,0.041018,0.607158,0.791717
63.083333,19.200056,9.207852,2.395493,0.053527,0.041717,0.613305,0.786925
63.100000,19.080943,9.236997,2.412292,0.053554,0.042434,0.619588,0.781947
63.116667,18.961518,9.264222,2.429185,0.053566,0.043169,0.626010,0.776775
63.133333,18.841798,9.289470,2.446175,0.053561,0.043922,0.632572,0.771398
63.150000,18.721806,9.312683,2.463261,0.053539,0.044691,0.639260,0.765822
63.166667,18.601538,9.333627,2.480453,0.053500,0.045468,0.645997,0.760104
63.183333,18.481155,9.352266,2.497730,0.053444,0.046256,0.652788,0.754236
63.200000,18.360589,9.368682,2.515102,0.053374,0.047045,0.659550,0.748286
63.216667,18.239873,9.382819,2.532569,0.053292,0.047831,0.666234,0.742296
63.233333,18.119049,9.394667,2.550127,0.053201,0.048612,0.672797,0.736309
63.250000,17.998160,9.404215,2.567779,0.053105,0.049377,0.679138,0.730420
63.266667,17.877373,9.411461,2.585511,0.053011,0.050132,0.685271,0.724624
63.283333,17.756623,9.416718,2.603330,0.052922,0.050875,0.691154,0.718970
63.300000,17.635944,9.420085,2.621235,0.052843,0.051601,0.696735,0.713516
63.316667,17.515366,9.421661,2.639227,0.052780,0.052310,0.701993,0.708297
63.333333,17.394917,9.421541,2.657307,0.052736,0.053002,0.706897,0.703353
63.350000,17.274623,9.419671,2.675488,0.052714,0.053670,0.711412,0.698738
63.366667,17.154629,9.416278,2.693745,0.052714,0.054325,0.715609,0.694387
63.383333,17.034823,9.411500,2.712098,0.052738,0.054960,0.719441,0.690364
63.400000,16.915218,9.405429,2.730548,0.052787,0.055570,0.722894,0.686694
63.416667,16.795821,9.398172,2.749098,0.052863,0.056154,0.725954,0.683406
63.433333,16.676635,9.389876,2.767748,0.052968,0.056703,0.728561,0.680572
63.450000,16.557789,9.380623,2.786487,0.053103,0.057219,0.730737,0.678181
63.466667,16.439140,9.370696,2.805317,0.053274,0.057703,0.732469,0.676255
63.483333,16.320677,9.360258,2.824238,0.053479,0.058148,0.733742,0.674820
63.500000,16.202388,9.349472,2.843246,0.053718,0.058552,0.734541,0.673896
63.516667,16.084259,9.338498,2.862340,0.053994,0.058914,0.734865,0.673489
63.533333,15.966274,9.327498,2.881518,0.054306,0.059228,0.734685,0.673633
63.550000,15.848419,9.316663,2.900791,0.054659,0.059502,0.734034,0.674289
63.566667,15.730802,9.306165,2.920125,0.055061,0.059739,0.732883,0.675487
63.583333,15.613285,9.296146,2.939536,0.055513,0.059938,0.731220,0.677232
63.600000,15.495858,9.286765,2.959024,0.056015,0.060099,0.729054,0.679508
63.616667,15.378513,9.278184,2.978590,0.056569,0.060222,0.726373,0.682316
63.633333,15.261245,9.270576,2.998239,0.057173,0.060302,0.723175,0.685647
63.650000,15.144049,9.264195,3.017983,0.057830,0.060342,0.719449,0.689498
63.666667,15.027058,9.259234,3.037804,0.058541,0.060339,0.715177,0.693869
63.683333,14.910159,9.255798,3.057720,0.059316,0.060289,0.710283,0.698817
63.700000,14.793369,9.254061,3.077733,0.060146,0.060187,0.704783,0.704302
63.716667,14.676714,9.254195,3.097844,0.061023,0.060029,0.698704,0.710271
63.733333,14.560226,9.256375,3.118052,0.061935,0.059817,0.692120,0.716628
63.750000,14.443947,9.260771,3.138354,0.062871,0.059552,0.685100,0.723283
63.766667,14.327942,9.267755,3.158755,0.063826,0.059238,0.677687,0.730176
63.783333,14.212401,9.277388,3.179220,0.064792,0.058879,0.669945,0.737231
63.800000,14.097259,9.289689,3.199762,0.065767,0.058480,0.661915,0.744394
63.816667,13.982575,9.304620,3.220377,0.066746,0.058048,0.653652,0.751608
63.833333,13.868397,9.322105,3.241067,0.067720,0.057591,0.645275,0.758761
63.850000,13.754772,9.342071,3.261830,0.068678,0.057125,0.636924,0.765734
63.866667,13.641742,9.364446,3.282668,0.069623,0.056659,0.628651,0.772490
63.883333,13.529367,9.389242,3.303585,0.070558,0.056199,0.620480,0.779017
63.900000,13.417824,9.416417,3.324564,0.071487,0.055749,0.612422,0.785316
63.916667,13.306989,9.445777,3.345623,0.072409,0.055308,0.604481,0.791392
63.933333,13.196890,9.477257,3.366765,0.073326,0.054876,0.596652,0.797257
63.950000,13.087556,9.510797,3.387994,0.074240,0.054452,0.588920,0.802930
63.966667,12.979011,9.546337,3.409315,0.075139,0.054040,0.581373,0.808356
63.983333,12.871278,9.583818,3.430730,0.076019,0.053642,0.574050,0.813517
64.000000,12.764371,9.623167,3.452240,0.076885,0.053255,0.566906,0.818456
64.016667,12.658312,9.664341,3.473845,0.077735,0.052878,0.559953,0.823173
64.033333,12.553255,9.707281,3.495521,0.078566,0.052514,0.553208,0.827666
64.050000,12.449024,9.751816,3.517282,0.079378,0.052162,0.546687,0.831933
64.066667,12.345614,9.797863,3.539127,0.080169,0.051824,0.540404,0.835973
64.083333,12.243015,9.845339,3.561053,0.080942,0.051502,0.534353,0.839799
64.100000,12.141213,9.894164,3.583061,0.081698,0.051199,0.528554,0.843407
64.116667,12.040195,9.944260,3.605150,0.082431,0.050919,0.523059,0.846771
64.133333,11.939942,9.995549,3.627320,0.083150,0.050657,0.517806,0.849939
64.150000,11.840434,10.047956,3.649573,0.083854,0.050414,0.512788,0.852922
64.166667,11.741675,10.101447,3.671914,0.084545,0.050190,0.507998,0.855729
64.183333,11.643753,10.155894,3.694322,0.085224,0.049983,0.503428,0.858370
64.200000,11.546511,10.211243,3.716814,0.085890,0.049794,0.499071,0.860855
64.216667,11.449930,10.267446,3.739390,0.086545,0.049621,0.494919,0.863193
64.233333,11.353995,10.324456,3.762049,0.087188,0.049465,0.490965,0.865393
64.250000,11.258688,10.382224,3.784789,0.087820,0.049324,0.487207,0.867458
64.266667,11.163989,10.440705,3.807609,0.088438,0.049199,0.483649,0.869392
64.283333,11.069879,10.499852,3.830510,0.089044,0.049087,0.480269,0.871208
64.300000,10.976336,10.559620,3.853490,0.089641,0.048991,0.477068,0.872909
64.316667,10.883340,10.619965,3.876549,0.090228,0.048910,0.474045,0.874499
64.333333,10.790886,10.680868,3.899692,0.090806,0.048845,0.471193,0.875983
64.350000,10.699048,10.742206,3.922891,0.091376,0.048794,0.468504,0.877367
64.366667,10.607685,10.803985,3.946170,0.091938,0.048757,0.465972,0.878658
64.383333,10.516772,10.866165,3.969530,0.092493,0.048733,0.463589,0.879861
64.400000,10.426290,10.928710,3.992969,0.093041,0.048723,0.461347,0.880981
64.416667,10.336222,10.991593,4.016488,0.093580,0.048725,0.459250,0.882019
64.433333,10.246556,11.054793,4.040086,0.094111,0.048739,0.457287,0.882981
64.450000,10.157278,11.118285,4.063762,0.094640,0.048764,0.455432,0.883882
64.466667,10.068373,11.182048,4.087517,0.095162,0.048799,0.453685,0.884722
64.483333,9.979829,11.246058,4.111350,0.095678,0.048843,0.452040,0.885505
64.500000,9.891629,11.310294,4.135260,0.096189,0.048896,0.450498,0.886233
64.516667,9.803762,11.374736,4.159248,0.096695,0.048958,0.449057,0.886906
64.533333,9.716323,11.439301,4.183293,0.097195,0.049030,0.447714,0.887525
64.550000,9.629183,11.504024,4.207413,0.097691,0.049111,0.446464,0.888096
64.566667,9.542329,11.568883,4.231610,0.098183,0.049201,0.445302,0.888620
64.583333,9.455744,11.633859,4.255884,0.098671,0.049299,0.444222,0.889101
64.600000,9.369415,11.698932,4.280233,0.099154,0.049404,0.443217,0.889543
64.616667,9.283332,11.764086,4.304659,0.099631,0.049516,0.442292,0.889944
64.633333,9.197487,11.829314,4.329161,0.100105,0.049633,0.441428,0.890313
64.650000,9.111875,11.894605,4.353738,0.100577,0.049757,0.440622,0.890652
64.666667,9.026489,11.959951,4.378390,0.101045,0.049886,0.439866,0.890965
64.683333,8.941322,12.025343,4.403118,0.101514,0.050019,0.439153,0.891256
64.700000,8.856368,12.090773,4.427920,0.101980,0.050158,0.438484,0.891525
64.716667,8.771621,12.156233,4.452798,0.102445,0.050300,0.437856,0.891772
64.733333,8.687074,12.221713,4.477749,0.102907,0.050447,0.437272,0.891997
64.750000,8.602722,12.287207,4.502775,0.103367,0.050598,0.436731,0.892200
64.766667,8.518561,12.352708,4.527880,0.103825,0.050754,0.436235,0.892381
64.783333,8.434676,12.418130,4.553031,0.104280,0.050915,0.435787,0.892537
64.800000,8.350966,12.483540,4.578255,0.104732,0.051082,0.435387,0.892670
64.816667,8.267423,12.548928,4.603553,0.105182,0.051254,0.435038,0.892778
64.833333,8.184039,12.614285,4.628923,0.105630,0.051432,0.434740,0.892860
64.850000,8.100805,12.679599,4.654367,0.106072,0.051615,0.434497,0.892915
64.866667,8.017713,12.744860,4.679883,0.106510,0.051805,0.434310,0.892943
64.883333,7.934755,12.810057,4.705472,0.106946,0.052001,0.434178,0.892943
64.900000,7.851921,12.875179,4.731133,0.107378,0.052203,0.434104,0.892916
64.916667,7.769203,12.940216,4.756867,0.107807,0.052413,0.434087,0.892860
64.933333,7.686592,13.005157,4.782672,0.108232,0.052630,0.434128,0.892776
64.950000,7.604081,13.069991,4.808549,0.108655,0.052853,0.434224,0.892665
64.966667,7.521660,13.134708,4.834498,0.109074,0.053083,0.434369,0.892529
64.983333,7.439321,13.199298,4.860518,0.109491,0.053318,0.434555,0.892374
65.000000,7.357057,13.263751,4.886609,0.109905,0.053557,0.434776,0.892201
65.016667,7.274858,13.328055,4.912772,0.110318,0.053800,0.435022,0.892015
65.033333,7.192720,13.392205,4.939005,0.110731,0.054047,0.435288,0.891819
65.050000,7.110643,13.456202,4.965308,0.111142,0.054294,0.435565,0.891618
65.066667,7.028630,13.520049,4.991683,0.111554,0.054543,0.435845,0.891414
65.083333,6.946684,13.583750,5.018127,0.111965,0.054791,0.436122,0.891212
65.100000,6.864807,13.647309,5.044641,0.112377,0.055038,0.436387,0.891016
65.116667,6.783001,13.710726,5.071229,0.112789,0.055283,0.436634,0.890827
65.133333,6.701361,13.773937,5.097856,0.113203,0.055526,0.436864,0.890647
65.150000,6.619798,13.837018,5.124552,0.113617,0.055767,0.437076,0.890475
65.166667,6.538314,13.899970,5.151317,0.114032,0.056006,0.437269,0.890312
65.183333,6.456912,13.962798,5.178151,0.114449,0.056243,0.437444,0.890158
65.200000,6.375594,14.025505,5.205054,0.114865,0.056477,0.437602,0.890012
65.216667,6.294363,14.088095,5.232026,0.115281,0.056709,0.437742,0.889874
65.233333,6.213220,14.150571,5.259066,0.115699,0.056938,0.437865,0.889745
65.250000,6.132169,14.212936,5.286174,0.116118,0.057166,0.437972,0.889623
65.266667,6.051211,14.275193,5.313350,0.116537,0.057392,0.438063,0.889509
65.283333,5.970349,14.337346,5.340594,0.116957,0.057616,0.438138,0.889402
65.300000,5.889583,14.399397,5.367905,0.117379,0.057838,0.438198,0.889303
65.316667,5.808916,14.461349,5.395284,0.117801,0.058058,0.438243,0.889210
65.333333,5.728350,14.523204,5.422731,0.118224,0.058276,0.438273,0.889125
65.350000,5.647887,14.584967,5.450244,0.118647,0.058492,0.438288,0.889047
65.366667,5.567529,14.646639,5.477824,0.119072,0.058706,0.438289,0.888976
65.383333,5.487277,14.708223,5.505472,0.119498,0.058918,0.438274,0.888912
65.400000,5.407133,14.769722,5.533185,0.119924,0.059128,0.438245,0.888855
65.416667,5.327099,14.831140,5.560965,0.120351,0.059336,0.438200,0.888806
65.433333,5.247177,14.892478,5.588812,0.120779,0.059542,0.438141,0.888763
65.450000,5.167368,14.953739,5.616724,0.121208,0.059745,0.438065,0.888728
65.466667,5.087675,15.014927,5.644703,0.121639,0.059946,0.437974,0.888701
65.483333,5.008099,15.076045,5.672747,0.122070,0.060146,0.437866,0.888681
65.500000,4.928643,15.137095,5.700856,0.122502,0.060342,0.437743,0.888670
65.516667,4.849308,15.198080,5.729032,0.122935,0.060536,0.437602,0.888666
65.533333,4.770097,15.259005,5.757272,0.123369,0.060728,0.437445,0.888670
65.550000,4.691011,15.319872,5.785577,0.123805,0.060917,0.437271,0.888682
65.566667,4.612054,15.380684,5.813948,0.124241,0.061104,0.437080,0.888702
65.583333,4.533226,15.441444,5.842383,0.124678,0.061288,0.436871,0.888731
65.600000,4.454530,15.502156,5.870883,0.125117,0.061469,0.436646,0.888767
65.616667,4.375967,15.562823,5.899447,0.125557,0.061648,0.436405,0.888811
65.633333,4.297541,15.623447,5.928075,0.125997,0.061825,0.436148,0.888863
65.650000,4.219252,15.684031,5.956768,0.126439,0.061999,0.435878,0.888921
65.666667,4.141102,15.744579,5.985524,0.126881,0.062171,0.435594,0.888985
65.683333,4.063095,15.805094,6.014345,0.127324,0.062341,0.435300,0.889054
65.700000,3.985230,15.865577,6.043229,0.127768,0.062509,0.434994,0.889128
65.716667,3.907508,15.926030,6.072176,0.128213,0.062676,0.434680,0.889205
65.733333,3.829929,15.986454,6.101187,0.128657,0.062841,0.434358,0.889287
65.750000,3.752494,16.046848,6.130261,0.129103,0.063005,0.434030,0.889371
65.766667,3.675204,16.107215,6.159398,0.129548,0.063167,0.433696,0.889458
65.783333,3.598057,16.167555,6.188598,0.129994,0.063329,0.433357,0.889546
65.800000,3.521055,16.227868,6.217861,0.130440,0.063490,0.433014,0.889636
65.816667,3.444198,16.288156,6.247187,0.130887,0.063649,0.432667,0.889729
65.833333,3.367485,16.348419,6.276575,0.131334,0.063807,0.432313,0.889823
65.850000,3.290918,16.408659,6.306026,0.131782,0.063963,0.431947,0.889924
65.866667,3.214496,16.468876,6.335538,0.132231,0.064115,0.431555,0.890036
65.883333,3.138220,16.529070,6.365113,0.132684,0.064261,0.431124,0.890167
65.900000,3.062090,16.589243,6.394750,0.133140,0.064399,0.430642,0.890323
65.916667,2.986108,16.649398,6.424449,0.133601,0.064526,0.430093,0.890510
65.933333,2.910283,16.709547,6.454210,0.134068,0.064640,0.429464,0.890734
65.950000,2.834633,16.769713,6.484032,0.134541,0.064740,0.428743,0.891003
65.966667,2.759176,16.829919,6.513916,0.135023,0.064823,0.427915,0.891322
65.983333,2.683932,16.890188,6.543861,0.135512,0.064887,0.426967,0.891698
66.000000,2.608918,16.950545,6.573868,0.136011,0.064929,0.425886,0.892136
66.016667,2.534153,17.011011,6.603936,0.136520,0.064948,0.424667,0.892638
66.033333,2.459656,17.071610,6.634064,0.137037,0.064945,0.423308,0.893204
66.050000,2.385445,17.132364,6.664253,0.137563,0.064917,0.421809,0.893834
66.066667,2.311540,17.193295,6.694501,0.138097,0.064866,0.420170,0.894527
66.083333,2.237958,17.254425,6.724809,0.138642,0.064789,0.418380,0.895287
66.100000,2.164720,17.315774,6.755176,0.139197,0.064688,0.416442,0.896112
66.116667,2.091844,17.377365,6.785600,0.139762,0.064560,0.414349,0.897002
66.133333,2.019348,17.439218,6.816082,0.140339,0.064405,0.412096,0.897961
66.150000,1.947255,17.501355,6.846620,0.140929,0.064223,0.409677,0.898988
66.166667,1.875527,17.563870,6.877247,0.141532,0.064011,0.407085,0.900085
66.183333,1.804254,17.626720,6.907931,0.142150,0.063770,0.404314,0.901253
66.200000,1.733463,17.689934,6.938674,0.142782,0.063498,0.401358,0.902492
66.216667,1.663186,17.753537,6.969477,0.143430,0.063194,0.398211,0.903804
66.233333,1.593450,17.817557,7.000340,0.144093,0.062857,0.394866,0.905189
66.250000,1.524287,17.882018,7.031265,0.144770,0.062486,0.391326,0.906643
66.266667,1.455728,17.946946,7.062251,0.145461,0.062079,0.387583,0.908167
66.283333,1.387802,18.012366,7.093299,0.146163,0.061636,0.383637,0.909758
66.300000,1.320542,18.078300,7.124408,0.146875,0.061155,0.379488,0.911415
66.316667,1.253981,18.144772,7.155578,0.147595,0.060636,0.375140,0.913132
66.333333,1.188149,18.211802,7.186807,0.148322,0.060081,0.370603,0.914901
66.350000,1.123082,18.279413,7.218095,0.149053,0.059492,0.365891,0.916716
66.366667,1.058812,18.347623,7.249440,0.149790,0.058871,0.361020,0.918565
66.383333,0.995372,18.416450,7.280838,0.150529,0.058221,0.356004,0.920441
66.400000,0.932791,18.485907,7.312291,0.151271,0.057544,0.350858,0.922336
66.416667,0.871087,18.555994,7.343796,0.152015,0.056842,0.345596,0.924242
66.433333,0.810274,18.626706,7.375356,0.152761,0.056119,0.340233,0.926151
66.450000,0.750363,18.698037,7.406971,0.153509,0.055376,0.334783,0.928056
66.466667,0.691369,18.769983,7.438643,0.154264,0.054614,0.329235,0.929959
66.483333,0.633303,18.842537,7.470371,0.155022,0.053836,0.323611,0.931851
66.500000,0.576181,18.915693,7.502158,0.155783,0.053043,0.317925,0.933725
66.516667,0.520015,18.989447,7.534003,0.156545,0.052235,0.312177,0.935580
66.533333,0.464820,19.063791,7.565906,0.157309,0.051411,0.306365,0.937417
66.550000,0.410652,19.138748,7.597873,0.158072,0.050572,0.300488,0.939235
66.566667,0.357454,19.214359,7.629929,0.158834,0.049717,0.294553,0.941031
66.583333,0.305275,19.290542,7.662044,0.159593,0.048847,0.288568,0.942800
66.600000,0.254130,19.367290,7.694219,0.160348,0.047965,0.282545,0.944540
66.616667,0.204033,19.444595,7.726454,0.161097,0.047073,0.276494,0.946247
66.633333,0.154998,19.522448,7.758747,0.161836,0.046174,0.270452,0.947909
66.650000,0.107030,19.600836,7.791099,0.162568,0.045270,0.264414,0.949530
66.666667,0.060125,19.679739,7.823509,0.163291,0.044360,0.258382,0.951108
66.683333,0.014279,19.759138,7.855976,0.164005,0.043448,0.252370,0.952640
66.700000,-0.030514,19.839015,7.888500,0.164711,0.042534,0.246388,0.954125
66.716667,-0.074257,19.919351,7.921080,0.165408,0.041621,0.240446,0.955559
66.733333,-0.116957,20.000128,7.953717,0.166096,0.040711,0.234550,0.956944
66.750000,-0.158618,20.081328,7.986410,0.166782,0.039797,0.228665,0.958286
66.766667,-0.199247,20.162934,8.019159,0.167462,0.038885,0.222816,0.959582
66.783333,-0.238848,20.244929,8.051965,0.168135,0.037975,0.217012,0.960830
66.800000,-0.277427,20.327296,8.084827,0.168804,0.037067,0.211251,0.962031
66.816667,-0.314991,20.410020,8.117747,0.169466,0.036162,0.205531,0.963188
66.833333,-0.351482,20.493108,8.150729,0.170124,0.035258,0.199848,0.964300
66.850000,-0.386983,20.576590,8.183796,0.170777,0.034355,0.194200,0.965371
66.866667,-0.421482,20.660380,8.216922,0.171425,0.033452,0.188583,0.966401
66.883333,-0.454985,20.744464,8.250107,0.172068,0.032548,0.182992,0.967392
66.900000,-0.487494,20.828828,8.283352,0.172706,0.031644,0.177427,0.968345
66.916667,-0.519011,20.913460,8.316657,0.173335,0.030744,0.171917,0.969255
66.933333,-0.549536,20.998348,8.350020,0.173958,0.029843,0.166430,0.970128
66.950000,-0.579072,21.083481,8.383442,0.174575,0.028939,0.160958,0.970968
66.966667,-0.607619,21.168846,8.416922,0.175185,0.028032,0.155498,0.971774
66.983333,-0.635178,21.254433,8.450461,0.175792,0.027117,0.150022,0.972551
67.000000,-0.661751,21.340229,8.484058,0.176397,0.026194,0.144533,0.973298
67.016667,-0.687340,21.426223,8.517714,0.176994,0.025268,0.139052,0.974012
67.033333,-0.711945,21.512404,8.551427,0.177586,0.024338,0.133581,0.974693
67.050000,-0.735568,21.598761,8.585199,0.178172,0.023404,0.128117,0.975343
67.066667,-0.758165,21.685293,8.619033,0.178752,0.022466,0.122661,0.975960
67.083333,-0.779757,21.772048,8.652952,0.179326,0.021524,0.117213,0.976545
67.100000,-0.800370,21.858943,8.686928,0.179894,0.020578,0.111772,0.977099
67.116667,-0.820003,21.945968,8.720963,0.180456,0.019629,0.106338,0.977621
67.133333,-0.838658,22.033113,8.755056,0.181012,0.018675,0.100911,0.978112
67.150000,-0.856338,22.120367,8.789207,0.181561,0.017722,0.095516,0.978570
67.166667,-0.873042,22.207719,8.823415,0.182101,0.016768,0.090147,0.978995
67.183333,-0.888774,22.295158,8.857682,0.182637,0.015810,0.084784,0.979390
67.200000,-0.903535,22.382676,8.892007,0.183170,0.014842,0.079387,0.979758
67.216667,-0.917326,22.470261,8.926389,0.183700,0.013866,0.073982,0.980096
67.233333,-0.930149,22.557902,8.960830,0.184224,0.012887,0.068581,0.980404
67.250000,-0.942006,22.645591,8.995329,0.184742,0.011903,0.063185,0.980682
67.266667,-0.952898,22.733317,9.029885,0.185254,0.010914,0.057792,0.980929
67.283333,-0.962755,22.821075,9.064506,0.185761,0.009921,0.052402,0.981147
67.300000,-0.971633,22.908904,9.099209,0.186261,0.008924,0.047015,0.981334
67.316667,-0.979549,22.996739,9.133970,0.186756,0.007921,0.041630,0.981492
67.333333,-0.986503,23.084567,9.168790,0.187245,0.006914,0.036246,0.981620
67.350000,-0.992498,23.172381,9.203668,0.187728,0.005901,0.030861,0.981718
67.366667,-0.997536,23.260170,9.238604,0.188203,0.004891,0.025515,0.981786
67.383333,-1.001616,23.347924,9.273599,0.188671,0.003878,0.020178,0.981825
67.400000,-1.004741,23.435634,9.308652,0.189140,0.002848,0.014782,0.981835
67.416667,-1.006912,23.523290,9.343765,0.189603,0.001811,0.009379,0.981814
67.433333,-1.008127,23.610882,9.378936,0.190061,0.000768,0.003969,0.981764
67.450000,-1.008388,23.698402,9.414167,0.190512,-0.000281,-0.001448,0.981684
67.466667,-1.007694,23.785838,9.449458,0.190958,-0.001337,-0.006873,0.981573
67.483333,-1.005946,23.873176,9.484816,0.191397,-0.002400,-0.012308,0.981433
67.500000,-1.003239,23.960457,9.520254,0.191831,-0.003471,-0.017753,0.981261
67.516667,-0.999575,24.047623,9.555752,0.192257,-0.004548,-0.023208,0.981060
67.533333,-0.994956,24.134663,9.591309,0.192677,-0.005633,-0.028674,0.980827
67.550000,-0.989381,24.221569,9.626927,0.193090,-0.006725,-0.034152,0.980564
67.566667,-0.982849,24.308330,9.662605,0.193492,-0.007814,-0.039585,0.980272
67.583333,-0.975362,24.394937,9.698342,0.193892,-0.008921,-0.045085,0.979946
67.600000,-0.966919,24.481379,9.734140,0.194285,-0.010036,-0.050603,0.979588
67.616667,-0.957520,24.567647,9.769998,0.194670,-0.011159,-0.056131,0.979198
67.633333,-0.947165,24.653730,9.805916,0.195048,-0.012289,-0.061666,0.978776
67.650000,-0.935854,24.739620,9.841893,0.195419,-0.013425,-0.067209,0.978322
67.666667,-0.923492,24.825287,9.877938,0.195782,-0.014567,-0.072757,0.977836
67.683333,-0.910159,24.910774,9.914062,0.196138,-0.015716,-0.078310,0.977318
67.700000,-0.895877,24.996035,9.950246,0.196487,-0.016871,-0.083867,0.976768
67.716667,-0.880647,25.081057,9.986490,0.196828,-0.018031,-0.089426,0.976185
67.733333,-0.864473,25.165832,10.022795,0.197162,-0.019197,-0.094987,0.975570
67.750000,-0.847358,25.250349,10.059162,0.197489,-0.020361,-0.100514,0.974926
67.766667,-0.829303,25.334599,10.095590,0.197813,-0.021540,-0.106085,0.974244
67.783333,-0.810311,25.418573,10.132079,0.198128,-0.022724,-0.111658,0.973530
67.800000,-0.790386,25.502259,10.168631,0.198437,-0.023914,-0.117234,0.972783
67.816667,-0.769529,25.585648,10.205244,0.198738,-0.025111,-0.122814,0.972003
67.833333,-0.747708,25.668720,10.241923,0.199030,-0.026313,-0.128399,0.971189
67.850000,-0.724875,25.751482,10.278685,0.199315,-0.027522,-0.133987,0.970342
67.866667,-0.701116,25.833914,10.315509,0.199591,-0.028736,-0.139577,0.969462
67.883333,-0.676436,25.916004,10.352396,0.199859,-0.029956,-0.145169,0.968548
67.900000,-0.650836,25.997744,10.389346,0.200119,-0.031180,-0.150761,0.967601
67.916667,-0.624319,26.079123,10.426358,0.200370,-0.032407,-0.156338,0.966623
67.933333,-0.596889,26.160132,10.463434,0.200616,-0.033643,-0.161930,0.965609
67.950000,-0.568552,26.240762,10.500572,0.200853,-0.034883,-0.167517,0.964562
67.966667,-0.539314,26.321003,10.537774,0.201082,-0.036127,-0.173100,0.963482
67.983333,-0.509178,26.400847,10.575040,0.201303,-0.037374,-0.178676,0.962370
68.000000,-0.478140,26.480279,10.612370,0.201515,-0.038626,-0.184244,0.961225
68.016667,-0.446106,26.559275,10.649784,0.201719,-0.039881,-0.189806,0.960048
68.033333,-0.413192,26.637842,10.687262,0.201914,-0.041139,-0.195360,0.958839
68.050000,-0.379403,26.715972,10.724804,0.202101,-0.042402,-0.200909,0.957597
68.066667,-0.344743,26.793655,10.762411,0.202280,-0.043668,-0.206452,0.956323
68.083333,-0.309218,26.870882,10.800082,0.202451,-0.044940,-0.211995,0.955014
68.100000,-0.272833,26.947645,10.837818,0.202613,-0.046216,-0.217533,0.953673
68.116667,-0.235592,27.023934,10.875619,0.202747,-0.047493,-0.223073,0.952301
68.133333,-0.197501,27.099740,10.913486,0.202830,-0.048766,-0.228622,0.950902
68.150000,-0.158564,27.175055,10.951418,0.202841,-0.050030,-0.234186,0.949479
68.166667,-0.118769,27.249858,10.989417,0.202756,-0.051280,-0.239771,0.948035
68.183333,-0.078036,27.324114,11.027495,0.202554,-0.052509,-0.245382,0.946574
68.200000,-0.036459,27.397857,11.065605,0.202213,-0.053709,-0.251026,0.945099
68.216667,0.005973,27.471087,11.103707,0.201709,-0.054874,-0.256705,0.943613
68.233333,0.049272,27.543808,11.141763,0.201023,-0.055994,-0.262425,0.942119
68.250000,0.093448,27.616019,11.179733,0.200121,-0.057062,-0.268208,0.940617
68.266667,0.138513,27.687722,11.217577,0.198973,-0.058059,-0.274030,0.939120
68.283333,0.184477,27.758918,11.255256,0.197590,-0.058984,-0.279898,0.937623
68.300000,0.231351,27.829608,11.292730,0.195972,-0.059832,-0.285809,0.936124
68.316667,0.279143,27.899790,11.329959,0.194120,-0.060598,-0.291760,0.934624
68.333333,0.327912,27.969439,11.366887,0.192037,-0.061276,-0.297747,0.933120
68.350000,0.377703,28.038549,11.403459,0.189723,-0.061862,-0.303766,0.931614
68.366667,0.428443,28.107148,11.439653,0.187179,-0.062348,-0.309813,0.930104
68.383333,0.480140,28.175233,11.475427,0.184402,-0.062729,-0.315885,0.928589
68.400000,0.532799,28.242801,11.510742,0.181385,-0.062997,-0.321979,0.927071
68.416667,0.586428,28.309850,11.545555,0.178076,-0.063135,-0.328140,0.925542
68.433333,0.641031,28.376376,11.579826,0.174514,-0.063135,-0.334287,0.924019
68.450000,0.696613,28.442376,11.613511,0.170683,-0.062991,-0.340451,0.922493
68.466667,0.753181,28.507848,11.646561,0.166574,-0.062695,-0.346632,0.920961
68.483333,0.810744,28.572790,11.678915,0.162178,-0.062236,-0.352831,0.919421
68.500000,0.869429,28.637136,11.710413,0.157484,-0.061603,-0.359045,0.917873
68.516667,0.929148,28.700938,11.741060,0.152484,-0.060786,-0.365277,0.916311
68.533333,0.989886,28.764195,11.770803,0.147168,-0.059773,-0.371525,0.914734
68.550000,1.051650,28.826896,11.799576,0.141531,-0.058555,-0.377789,0.913135
68.566667,1.114443,28.889033,11.827314,0.135526,-0.057111,-0.384107,0.911500
68.583333,1.178269,28.950594,11.853948,0.129193,-0.055437,-0.390417,0.909841
68.600000,1.243132,29.011563,11.879410,0.122547,-0.053536,-0.396728,0.908143
68.616667,1.309030,29.071926,11.903629,0.115583,-0.051396,-0.403046,0.906396
68.633333,1.375961,29.131664,11.926535,0.108320,-0.049019,-0.409363,0.904591
68.650000,1.443986,29.190720,11.947969,0.100796,-0.046413,-0.415669,0.902721
68.666667,1.513103,29.249054,11.967822,0.093060,-0.043592,-0.421950,0.900776
68.683333,1.583237,29.306699,11.986126,0.085155,-0.040571,-0.428196,0.898750
68.700000,1.654380,29.363633,12.002814,0.077130,-0.037367,-0.434395,0.896636
68.716667,1.726514,29.419836,12.017849,0.069028,-0.033999,-0.440541,0.894429
68.733333,1.799611,29.475287,12.031232,0.060859,-0.030470,-0.446654,0.892114
68.750000,1.873640,29.529964,12.042979,0.052756,-0.026841,-0.452666,0.889713
68.766667,1.948573,29.583848,12.053105,0.044721,-0.023116,-0.458606,0.887213
68.783333,2.024381,29.636920,12.061625,0.036794,-0.019319,-0.464471,0.884613
68.800000,2.101037,29.689158,12.068554,0.028997,-0.015462,-0.470265,0.881913
68.816667,2.178589,29.740444,12.073738,0.021335,-0.011552,-0.475995,0.879113
68.833333,2.256853,29.790772,12.077324,0.013802,-0.007587,-0.481668,0.876212
68.850000,2.335871,29.840197,12.079366,0.006396,-0.003569,-0.487292,0.873208
68.866667,2.415620,29.888700,12.079875,-0.000889,0.000503,-0.492875,0.870100
68.883333,2.496077,29.936259,12.078860,-0.008052,0.004629,-0.498422,0.866885
68.900000,2.577222,29.982851,12.076330,-0.015049,0.008782,-0.503913,0.863579
68.916667,2.659034,30.028455,12.072293,-0.021917,0.012979,-0.509379,0.860165
68.933333,2.741493,30.073045,12.066754,-0.028639,0.017211,-0.514815,0.856650
68.950000,2.824578,30.116598,12.059720,-0.035208,0.021472,-0.520222,0.853035
68.966667,2.908269,30.159089,12.051202,-0.041616,0.025754,-0.525600,0.849323
68.983333,2.992565,30.200433,12.041141,-0.047853,0.030050,-0.530950,0.845517
69.000000,3.077265,30.240548,12.029615,-0.053909,0.034350,-0.536272,0.841621
69.016667,3.162489,30.279557,12.016704,-0.059776,0.038648,-0.541567,0.837639
69.033333,3.248217,30.317448,12.002436,-0.065443,0.042931,-0.546834,0.833574
69.050000,3.334432,30.354207,11.986838,-0.070904,0.047194,-0.552074,0.829433
69.066667,3.421116,30.389820,11.969940,-0.076124,0.051404,-0.557261,0.825241
69.083333,3.508252,30.424276,11.951769,-0.081110,0.055562,-0.562400,0.820999
69.100000,3.595825,30.457560,11.932354,-0.085896,0.059690,-0.567526,0.816684
69.116667,3.683820,30.489660,11.911724,-0.090497,0.063801,-0.572661,0.812280
69.133333,3.772223,30.520563,11.889906,-0.094906,0.067884,-0.577794,0.807799
69.150000,3.861020,30.550254,11.866928,-0.099121,0.071931,-0.582911,0.803253
69.166667,3.950200,30.578720,11.842820,-0.103144,0.075940,-0.588009,0.798649
69.183333,4.039749,30.605947,11.817609,-0.106982,0.079912,-0.593083,0.793991
69.200000,4.129660,30.631871,11.791288,-0.110638,0.083843,-0.598130,0.789284
69.216667,4.219657,30.656425,11.763967,-0.114118,0.087733,-0.603146,0.784535
69.233333,4.309972,30.679728,11.735631,-0.117426,0.091581,-0.608126,0.779748
69.250000,4.400590,30.701781,11.706298,-0.120568,0.095384,-0.613064,0.774930
69.266667,4.491496,30.722583,11.675991,-0.123548,0.099141,-0.617957,0.770088
69.283333,4.582677,30.742137,11.644730,-0.126361,0.102836,-0.622782,0.765245
69.300000,4.674121,30.760442,11.612536,-0.129008,0.106464,-0.627532,0.760411
69.316667,4.765814,30.777500,11.579429,-0.131507,0.110041,-0.632234,0.755564
69.333333,4.857745,30.793312,11.545432,-0.133859,0.113565,-0.636890,0.750704
69.350000,4.949904,30.807880,11.510566,-0.136066,0.117032,-0.641499,0.745834
69.366667,5.042280,30.821204,11.474851,-0.138131,0.120440,-0.646060,0.740959
69.383333,5.134863,30.833286,11.438310,-0.140057,0.123784,-0.650565,0.736089
69.400000,5.227645,30.844127,11.400962,-0.141849,0.127061,-0.655002,0.731237
69.416667,5.320616,30.853729,11.362831,-0.143512,0.130265,-0.659359,0.726416
69.433333,5.413769,30.862092,11.323936,-0.145053,0.133392,-0.663627,0.721641
69.450000,5.507095,30.869228,11.284298,-0.146476,0.136437,-0.667792,0.716927
69.466667,5.600586,30.875161,11.243938,-0.147789,0.139397,-0.671843,0.712288
69.483333,5.694233,30.879926,11.202875,-0.148998,0.142267,-0.675769,0.707741
69.500000,5.788029,30.883555,11.161129,-0.150110,0.145042,-0.679556,0.703302
69.516667,5.881971,30.886086,11.118719,-0.151134,0.147719,-0.683194,0.698988
69.533333,5.976054,30.887554,11.075665,-0.152076,0.150295,-0.686673,0.694812
69.550000,6.070277,30.887999,11.031986,-0.152942,0.152767,-0.689991,0.690784
69.566667,6.164639,30.887457,10.987701,-0.153737,0.155133,-0.693147,0.686910
69.583333,6.259142,30.885970,10.942829,-0.154465,0.157392,-0.696141,0.683195
69.600000,6.353788,30.883578,10.897389,-0.155131,0.159543,-0.698974,0.679644
69.616667,6.448579,30.880322,10.851398,-0.155737,0.161585,-0.701650,0.676257
69.633333,6.543523,30.876245,10.804876,-0.156287,0.163520,-0.704177,0.673030
69.650000,6.638623,30.871389,10.757839,-0.156781,0.165346,-0.706563,0.669962
69.666667,6.733888,30.865799,10.710307,-0.157222,0.167065,-0.708813,0.667049
69.683333,6.829326,30.859515,10.662297,-0.157609,0.168677,-0.710935,0.664288
69.700000,6.924945,30.852568,10.613829,-0.157944,0.170181,-0.712937,0.661675
69.716667,7.020756,30.844985,10.564920,-0.158227,0.171577,-0.714824,0.659205
69.733333,7.116768,30.836789,10.515592,-0.158458,0.172866,-0.716604,0.656877
69.750000,7.212992,30.828009,10.465863,-0.158637,0.174049,-0.718286,0.654680
69.766667,7.309440,30.818672,10.415755,-0.158763,0.175128,-0.719879,0.652610
69.783333,7.406125,30.808804,10.365287,-0.158837,0.176095,-0.721376,0.650676
69.800000,7.503060,30.798436,10.314480,-0.158860,0.176951,-0.722776,0.648881
69.816667,7.600259,30.787595,10.263356,-0.158835,0.177694,-0.724079,0.647230
69.833333,7.697733,30.776303,10.211933,-0.158762,0.178324,-0.725286,0.645720
69.850000,7.795876,30.764541,10.160035,-0.158644,0.178848,-0.726405,0.644345
69.866667,7.894330,30.752400,10.107885,-0.158482,0.179270,-0.727446,0.643092
69.883333,7.993112,30.739913,10.055508,-0.158280,0.179600,-0.728418,0.641948
69.900000,8.092238,30.727113,10.002926,-0.158038,0.179844,-0.729332,0.640901
69.916667,8.191723,30.714025,9.950159,-0.157757,0.180007,-0.730197,0.639939
69.933333,8.291576,30.700657,9.897221,-0.157434,0.180095,-0.731029,0.639044
69.950000,8.391803,30.687010,9.844124,-0.157075,0.180120,-0.731834,0.638204
69.966667,8.492409,30.673081,9.790878,-0.156682,0.180087,-0.732621,0.637406
69.983333,8.593399,30.658870,9.737493,-0.156254,0.180004,-0.733402,0.636636
70.000000,8.694779,30.644369,9.683984,-0.155793,0.179876,-0.734184,0.635883
70.016667,8.796940,30.629511,9.630167,-0.155298,0.179706,-0.734969,0.635145
70.033333,8.899503,30.614366,9.576249,-0.154770,0.179492,-0.735759,0.634419
70.050000,9.002473,30.598933,9.522244,-0.154199,0.179228,-0.736562,0.633700
70.066667,9.105856,30.583210,9.468165,-0.153593,0.178918,-0.737368,0.632997
70.083333,9.209657,30.567198,9.414023,-0.152954,0.178562,-0.738175,0.632312
70.100000,9.313882,30.550896,9.359833,-0.152282,0.178158,-0.738978,0.631649
70.116667,9.418535,30.534299,9.305611,-0.151576,0.177706,-0.739782,0.631005
70.133333,9.524008,30.517325,9.251193,-0.150831,0.177201,-0.740589,0.630379
70.150000,9.629922,30.500059,9.196775,-0.150039,0.176635,-0.741404,0.629769
70.166667,9.736281,30.482504,9.142373,-0.149210,0.176016,-0.742217,0.629181
70.183333,9.843093,30.464660,9.088003,-0.148343,0.175343,-0.743028,0.628616
70.200000,9.950364,30.446530,9.033682,-0.147441,0.174615,-0.743834,0.628077
70.216667,10.058102,30.428109,8.979436,-0.146504,0.173832,-0.744632,0.627569
70.233333,10.166691,30.409320,8.925120,-0.145513,0.172976,-0.745436,0.627081
70.250000,10.275756,30.390251,8.870912,-0.144483,0.172063,-0.746235,0.626620
70.266667,10.385303,30.370904,8.816832,-0.143415,0.171091,-0.747029,0.626185
70.283333,10.495337,30.351283,8.762897,-0.142306,0.170059,-0.747818,0.625777
70.300000,10.605866,30.331384,8.709135,-0.141146,0.168954,-0.748608,0.625395
70.316667,10.717269,30.311126,8.655432,-0.139940,0.167781,-0.749393,0.625042
70.333333,10.829175,30.290602,8.601941,-0.138691,0.166543,-0.750173,0.624715
70.350000,10.941588,30.269814,8.548685,-0.137397,0.165240,-0.750948,0.624415
70.366667,11.054515,30.248765,8.495685,-0.136046,0.163856,-0.751725,0.624141
70.383333,11.167978,30.227440,8.443012,-0.134633,0.162386,-0.752504,0.623894
70.400000,11.282321,30.205782,8.390521,-0.133182,0.160856,-0.753270,0.623677
70.416667,11.397193,30.183872,8.338370,-0.131683,0.159254,-0.754031,0.623486
70.433333,11.512599,30.161712,8.286585,-0.130116,0.157560,-0.754795,0.623321
70.450000,11.628559,30.139293,8.235233,-0.128481,0.155773,-0.755558,0.623185
70.466667,11.745409,30.116552,8.184214,-0.126809,0.153919,-0.756298,0.623090
70.483333,11.862805,30.093572,8.133650,-0.125093,0.151991,-0.757012,0.623044
70.500000,11.980749,30.070357,8.083568,-0.123297,0.149940,-0.757700,0.623062
70.516667,12.099268,30.046896,8.034059,-0.121443,0.147791,-0.758348,0.623152
70.533333,12.218672,30.023145,7.985021,-0.119551,0.145562,-0.758940,0.623321
70.550000,12.338639,29.999209,7.936566,-0.117604,0.143231,-0.759470,0.623586
70.566667,12.459180,29.975123,7.888727,-0.115581,0.140768,-0.759934,0.623960
70.583333,12.580351,29.950918,7.841663,-0.113505,0.138203,-0.760320,0.624444
70.600000,12.702408,29.926586,7.795201,-0.111390,0.135550,-0.760616,0.625046
70.616667,12.825063,29.902223,7.749471,-0.109188,0.132745,-0.760811,0.625798
70.633333,12.948349,29.877871,7.704575,-0.106929,0.129833,-0.760911,0.626677
70.650000,13.072551,29.853529,7.660497,-0.104610,0.126814,-0.760912,0.627684
70.666667,13.197369,29.829280,7.617273,-0.102219,0.123668,-0.760796,0.628846
70.683333,13.322813,29.805165,7.574951,-0.099754,0.120400,-0.760570,0.630148
70.700000,13.449190,29.781222,7.533665,-0.097219,0.117022,-0.760234,0.631584
70.716667,13.576192,29.757507,7.493361,-0.094590,0.113500,-0.759769,0.633184
70.733333,13.703824,29.734070,7.454079,-0.091887,0.109868,-0.759177,0.634930
70.750000,13.832155,29.711031,7.416050,-0.089104,0.106125,-0.758463,0.636814
70.766667,13.961344,29.688363,7.379117,-0.086199,0.102218,-0.757602,0.638874
70.783333,14.091162,29.666148,7.343350,-0.083220,0.098217,-0.756602,0.641079
70.800000,14.221667,29.644517,7.308973,-0.080148,0.094105,-0.755465,0.643423
70.816667,14.353002,29.623465,7.275894,-0.076935,0.089824,-0.754167,0.645945
70.833333,14.484947,29.603044,7.244130,-0.073634,0.085455,-0.752724,0.648601
70.850000,14.617550,29.583406,7.213911,-0.070233,0.080990,-0.751140,0.651380
70.866667,14.750923,29.564556,7.185180,-0.066669,0.076354,-0.749381,0.654334
70.883333,14.884865,29.546521,7.157915,-0.063003,0.071635,-0.747473,0.657406
70.900000,15.019413,29.529472,7.132365,-0.059231,0.066838,-0.745422,0.660584
70.916667,15.154635,29.513410,7.108475,-0.055269,0.061866,-0.743176,0.663933
70.933333,15.290357,29.498340,7.086202,-0.051195,0.056826,-0.740778,0.667381
70.950000,15.426604,29.484466,7.065829,-0.047007,0.051723,-0.738232,0.670917
70.966667,15.563394,29.471770,7.047277,-0.042600,0.046443,-0.735475,0.674614
70.983333,15.700586,29.460245,7.030495,-0.038081,0.041125,-0.732590,0.678359
71.000000,15.838188,29.450140,7.015813,-0.033442,0.035768,-0.729591,0.682129
71.016667,15.976164,29.441391,7.003095,-0.028564,0.030248,-0.726421,0.685990
71.033333,16.114410,29.433991,6.992297,-0.023590,0.024731,-0.723184,0.689809
71.050000,16.252909,29.428208,6.983799,-0.018497,0.019198,-0.719882,0.693584
71.066667,16.391577,29.423834,6.977364,-0.013154,0.013514,-0.716454,0.697379
71.083333,16.530346,29.420803,6.972955,-0.007742,0.007874,-0.713025,0.701052
71.100000,16.669154,29.419337,6.970990,-0.002213,0.002229,-0.709579,0.704619
71.116667,16.807818,29.419182,6.971145,0.003556,-0.003545,-0.706062,0.708133
71.133333,16.946338,29.420293,6.973411,0.009355,-0.009239,-0.702599,0.711465
71.150000,17.084625,29.422892,6.978243,0.015224,-0.014894,-0.699143,0.714665
71.166667,17.222422,29.426696,6.985232,0.021244,-0.020588,-0.695627,0.717793
71.183333,17.359832,29.431685,6.994403,0.027179,-0.026102,-0.692175,0.720745
71.200000,17.496474,29.438040,7.006177,0.033092,-0.031498,-0.688727,0.723580
71.216667,17.632568,29.445509,7.020091,0.039024,-0.036815,-0.685238,0.726340
71.233333,17.768062,29.454062,7.036050,0.044769,-0.041875,-0.681818,0.728949
71.250000,17.902847,29.463862,7.054307,0.050393,-0.046739,-0.678411,0.731460
71.266667,18.036568,29.474659,7.074352,0.055892,-0.051407,-0.675003,0.733896
71.283333,18.169542,29.486433,7.096112,0.061115,-0.055756,-0.671669,0.736218
71.300000,18.301684,29.499290,7.119716,0.066135,-0.059857,-0.668363,0.738467
71.316667,18.432567,29.513056,7.144812,0.070953,-0.063714,-0.665090,0.740649
71.333333,18.562607,29.527694,7.171301,0.075504,-0.067284,-0.661887,0.742750
71.350000,18.691761,29.543231,7.199177,0.079853,-0.070625,-0.658724,0.744794
71.366667,18.819503,29.559614,7.228287,0.084006,-0.073749,-0.655601,0.746787
71.383333,18.946347,29.576769,7.258490,0.087895,-0.076609,-0.652569,0.748705
71.400000,19.072283,29.594672,7.289710,0.091593,-0.079267,-0.649577,0.750585
71.416667,19.197259,29.613392,7.321991,0.095107,-0.081734,-0.646625,0.752430
71.433333,19.320748,29.632757,7.355024,0.098408,-0.083993,-0.643742,0.754226
71.450000,19.443308,29.652782,7.388821,0.101474,-0.086035,-0.640951,0.755965
71.466667,19.564940,29.673444,7.423310,0.104362,-0.087907,-0.638210,0.757674
71.483333,19.685610,29.694792,7.458498,0.107087,-0.089619,-0.635498,0.759370
71.500000,19.804751,29.716651,7.494086,0.109593,-0.091140,-0.632879,0.761017
71.516667,19.922973,29.739064,7.530137,0.111903,-0.092491,-0.630336,0.762627
71.533333,20.040283,29.762009,7.566587,0.114042,-0.093693,-0.627850,0.764212
71.550000,20.156689,29.785468,7.603377,0.116013,-0.094750,-0.625422,0.765775
71.566667,20.271543,29.809366,7.640302,0.117793,-0.095651,-0.623073,0.767304
71.583333,20.385512,29.833722,7.677434,0.119396,-0.096410,-0.620796,0.768806
71.600000,20.498606,29.858518,7.714722,0.120841,-0.097041,-0.618578,0.770287
71.616667,20.610837,29.883734,7.752118,0.122130,-0.097549,-0.616420,0.771748
71.633333,20.722214,29.909352,7.789574,0.123265,-0.097937,-0.614322,0.773190
71.650000,20.832744,29.935377,7.827052,0.124222,-0.098199,-0.612324,0.774587
71.666667,20.941792,29.961648,7.864286,0.125034,-0.098353,-0.610384,0.775967
71.683333,21.050028,29.988259,7.901435,0.125700,-0.098400,-0.608503,0.777329
71.700000,21.157468,30.015193,7.938457,0.126222,-0.098341,-0.606680,0.778676
71.716667,21.264124,30.042434,7.975314,0.126596,-0.098178,-0.604914,0.780009
71.733333,21.370013,30.069968,8.011967,0.126823,-0.097914,-0.603216,0.781319
71.750000,21.475147,30.097778,8.048380,0.126902,-0.097552,-0.601598,0.782598
71.766667,21.579544,30.125851,8.084517,0.126843,-0.097097,-0.600037,0.783861
71.783333,21.683217,30.154180,8.120340,0.126647,-0.096550,-0.598533,0.785109
71.800000,21.785545,30.182592,8.155589,0.126315,-0.095914,-0.597085,0.786342
71.816667,21.887186,30.211222,8.190460,0.125849,-0.095189,-0.595693,0.787560
71.833333,21.988157,30.240058,8.224922,0.125249,-0.094379,-0.594356,0.788762
71.850000,22.088473,30.269089,8.258948,0.124517,-0.093484,-0.593073,0.789950
71.866667,22.188150,30.298304,8.292508,0.123656,-0.092509,-0.591846,0.791119
71.883333,22.287204,30.327693,8.325578,0.122672,-0.091460,-0.590684,0.792262
71.900000,22.385650,30.357246,8.358131,0.121563,-0.090334,-0.589573,0.793389
71.916667,22.483506,30.386953,8.390144,0.120328,-0.089131,-0.588512,0.794500
71.933333,22.580785,30.416805,8.421594,0.118968,-0.087851,-0.587500,0.795596
71.950000,22.677505,30.446791,8.452459,0.117481,-0.086493,-0.586536,0.796676
71.966667,22.773681,30.476905,8.482718,0.115869,-0.085059,-0.585620,0.797740
71.983333,22.869328,30.507138,8.512348,0.114130,-0.083548,-0.584750,0.798788
72.000000,22.964465,30.537482,8.541324,0.112264,-0.081961,-0.583925,0.799819
72.016667,23.059107,30.567931,8.569625,0.110271,-0.080297,-0.583145,0.800834
72.033333,23.153272,30.598478,8.597227,0.108152,-0.078556,-0.582408,0.801831
72.050000,23.246975,30.629117,8.624109,0.105905,-0.076738,-0.581712,0.802812
72.066667,23.340233,30.659842,8.650251,0.103532,-0.074845,-0.581056,0.803774
72.083333,23.433062,30.690648,8.675633,0.101036,-0.072877,-0.580440,0.804718
72.100000,23.525478,30.721528,8.700237,0.098418,-0.070836,-0.579861,0.805641
72.116667,23.617496,30.752479,8.724045,0.095680,-0.068724,-0.579317,0.806544
72.133333,23.709132,30.783495,8.747040,0.092824,-0.066541,-0.578809,0.807426
72.150000,23.800401,30.814572,8.769206,0.089850,-0.064288,-0.578334,0.808285
72.166667,23.891319,30.845705,8.790526,0.086759,-0.061965,-0.577891,0.809120
72.183333,23.981900,30.876891,8.810986,0.083545,-0.059568,-0.577480,0.809931
72.200000,24.072160,30.908126,8.830571,0.080179,-0.057074,-0.577098,0.810723
72.216667,24.162115,30.939405,8.849264,0.076691,-0.054506,-0.576745,0.811488
72.233333,24.251780,30.970726,8.867050,0.073080,-0.051864,-0.576420,0.812225
72.250000,24.341171,31.002084,8.883909,0.069347,-0.049146,-0.576123,0.812932
72.266667,24.430305,31.033480,8.899811,0.065490,-0.046352,-0.575851,0.813608
72.283333,24.519550,31.065040,8.914741,0.061508,-0.043481,-0.575603,0.814252
72.300000,24.608549,31.096623,8.928672,0.057401,-0.040531,-0.575379,0.814863
72.316667,24.697318,31.128226,8.941587,0.053170,-0.037504,-0.575174,0.815439
72.333333,24.785872,31.159846,8.953468,0.048814,-0.034398,-0.574989,0.815979
72.350000,24.874223,31.191482,8.964296,0.044342,-0.031218,-0.574821,0.816480
72.366667,24.962386,31.223130,8.974055,0.039776,-0.027980,-0.574670,0.816939
72.383333,25.050376,31.254789,8.982724,0.035072,-0.024653,-0.574532,0.817359
72.400000,25.138205,31.286457,8.990285,0.030281,-0.021270,-0.574406,0.817734
72.416667,25.225887,31.318131,8.996717,0.025442,-0.017860,-0.574290,0.818062
72.433333,25.313435,31.349810,9.002005,0.020575,-0.014436,-0.574183,0.818341
72.450000,25.400862,31.381491,9.006142,0.015702,-0.011012,-0.574086,0.818571
72.466667,25.488181,31.413175,9.009047,0.010842,-0.007601,-0.573997,0.818750
72.483333,25.575517,31.444896,9.010821,0.006016,-0.004216,-0.573918,0.818880
72.500000,25.662743,31.476600,9.011515,0.001244,-0.000872,-0.573849,0.818960
72.516667,25.749876,31.508286,9.011151,-0.003455,0.002421,-0.573791,0.818991
72.533333,25.836932,31.539952,9.009753,-0.008073,0.005656,-0.573744,0.818975
72.550000,25.923928,31.571598,9.007338,-0.012608,0.008833,-0.573714,0.818911
72.566667,26.010884,31.603224,9.003927,-0.017047,0.011944,-0.573699,0.818802
72.583333,26.097805,31.634825,8.999536,-0.021401,0.014998,-0.573699,0.818650
72.600000,26.184687,31.666391,8.994182,-0.025673,0.017996,-0.573714,0.818456
72.616667,26.271525,31.697915,8.987877,-0.029863,0.020940,-0.573744,0.818222
72.633333,26.358304,31.729378,8.980533,-0.033970,0.023830,-0.573791,0.817950
72.650000,26.445031,31.760780,8.972284,-0.037996,0.026667,-0.573854,0.817641
72.666667,26.531704,31.792112,8.963147,-0.041939,0.029451,-0.573932,0.817298
72.683333,26.618322,31.823368,8.953137,-0.045799,0.032181,-0.574027,0.816921
72.700000,26.704884,31.854542,8.942274,-0.049586,0.034867,-0.574139,0.816511
72.716667,26.791387,31.885627,8.930577,-0.053261,0.037480,-0.574269,0.816072
72.733333,26.877833,31.916620,8.918063,-0.056849,0.040038,-0.574415,0.815606
72.750000,26.964220,31.947514,8.904753,-0.060349,0.042540,-0.574577,0.815113
72.766667,27.050550,31.978305,8.890665,-0.063758,0.044986,-0.574755,0.814597
72.783333,27.136818,32.008983,8.875782,-0.067077,0.047375,-0.574950,0.814057
72.800000,27.222993,32.039527,8.860110,-0.070306,0.049708,-0.575163,0.813495
72.816667,27.309111,32.069952,8.843725,-0.073444,0.051985,-0.575394,0.812912
72.833333,27.395174,32.100254,8.826643,-0.076492,0.054206,-0.575644,0.812308
72.850000,27.481185,32.130428,8.808884,-0.079450,0.056372,-0.575913,0.811686
72.866667,27.567145,32.160471,8.790466,-0.082316,0.058481,-0.576200,0.811047
72.883333,27.653058,32.190377,8.771408,-0.085085,0.060528,-0.576501,0.810397
72.900000,27.738927,32.220144,8.751728,-0.087769,0.062521,-0.576810,0.809740
72.916667,27.824756,32.249767,8.731443,-0.090370,0.064462,-0.577124,0.809077
72.933333,27.910547,32.279245,8.710571,-0.092889,0.066349,-0.577440,0.808414
72.950000,27.996299,32.308571,8.689101,-0.095327,0.068184,-0.577754,0.807752
72.966667,28.081960,32.337734,8.667053,-0.097687,0.069966,-0.578063,0.807097
72.983333,28.167585,32.366763,8.644471,-0.099970,0.071696,-0.578363,0.806450
73.000000,28.253176,32.395664,8.621371,-0.102178,0.073373,-0.578650,0.805816
73.016667,28.338734,32.424443,8.597767,-0.104312,0.074998,-0.578923,0.805197
73.033333,28.424263,32.453103,8.573675,-0.106359,0.076561,-0.579178,0.804599
73.050000,28.509764,32.481650,8.549110,-0.108335,0.078072,-0.579417,0.804017
73.066667,28.595239,32.510089,8.524087,-0.110238,0.079530,-0.579642,0.803454
73.083333,28.680691,32.538425,8.498622,-0.112068,0.080934,-0.579851,0.802909
73.100000,28.766124,32.566664,8.472729,-0.113826,0.082285,-0.580047,0.802383
73.116667,28.851540,32.594810,8.446425,-0.115512,0.083583,-0.580230,0.801876
73.133333,28.936934,32.622859,8.419685,-0.117128,0.084829,-0.580400,0.801387
73.150000,29.022249,32.650804,8.392588,-0.118674,0.086023,-0.580558,0.800918
73.166667,29.107556,32.678675,8.365129,-0.120152,0.087165,-0.580706,0.800467
73.183333,29.192860,32.706475,8.337324,-0.121562,0.088257,-0.580843,0.800034
73.200000,29.278164,32.734210,8.309186,-0.122906,0.089299,-0.580972,0.799620
73.216667,29.363472,32.761883,8.280726,-0.124167,0.090277,-0.581090,0.799229
73.233333,29.448788,32.789498,8.251959,-0.125369,0.091212,-0.581202,0.798854
73.250000,29.534117,32.817060,8.222897,-0.126510,0.092100,-0.581308,0.798495
73.266667,29.619463,32.844572,8.193554,-0.127588,0.092940,-0.581407,0.798154
73.283333,29.704830,32.872040,8.163943,-0.128602,0.093732,-0.581500,0.797831
73.300000,29.790223,32.899466,8.134077,-0.129552,0.094475,-0.581588,0.797525
73.316667,29.875644,32.926852,8.103957,-0.130439,0.095169,-0.581669,0.797238
73.333333,29.961013,32.954177,8.073635,-0.131263,0.095815,-0.581746,0.796970
73.350000,30.046421,32.981475,8.043104,-0.132023,0.096411,-0.581816,0.796721
73.366667,30.131874,33.008750,8.012375,-0.132719,0.096958,-0.581880,0.796492
73.383333,30.217376,33.036007,7.981463,-0.133353,0.097456,-0.581938,0.796283
73.400000,30.302933,33.063251,7.950381,-0.133918,0.097901,-0.581989,0.796097
73.416667,30.388550,33.090486,7.919143,-0.134419,0.098295,-0.582032,0.795933
73.433333,30.474232,33.117717,7.887763,-0.134860,0.098641,-0.582067,0.795789
73.450000,30.559983,33.144949,7.856252,-0.135241,0.098940,-0.582094,0.795668
73.466667,30.645809,33.172189,7.824625,-0.135562,0.099190,-0.582112,0.795569
73.483333,30.731714,33.199441,7.792893,-0.135822,0.099391,-0.582121,0.795493
73.500000,30.817703,33.226711,7.761071,-0.136021,0.099543,-0.582120,0.795440
73.516667,30.903780,33.254005,7.729172,-0.136161,0.099647,-0.582109,0.795411
73.533333,30.989951,33.281330,7.697207,-0.136240,0.099702,-0.582089,0.795406
73.550000,31.076116,33.308658,7.665233,-0.136259,0.099708,-0.582058,0.795425
73.566667,31.162385,33.336027,7.633225,-0.136217,0.099665,-0.582016,0.795468
73.583333,31.248760,33.363444,7.601196,-0.136113,0.099572,-0.581965,0.795535
73.600000,31.335249,33.390915,7.569160,-0.135948,0.099430,-0.581904,0.795625
73.616667,31.421854,33.418445,7.537132,-0.135720,0.099237,-0.581836,0.795738
73.633333,31.508581,33.446040,7.505125,-0.135429,0.098995,-0.581762,0.795871
73.650000,31.595435,33.473706,7.473153,-0.135075,0.098704,-0.581685,0.796025
73.666667,31.682420,33.501449,7.441232,-0.134656,0.098363,-0.581604,0.796196
73.683333,31.769543,33.529273,7.409375,-0.134171,0.097972,-0.581524,0.796385
73.700000,31.856809,33.557182,7.377598,-0.133618,0.097530,-0.581445,0.796590
73.716667,31.944224,33.585176,7.345918,-0.132992,0.097034,-0.581368,0.796811
73.733333,32.031796,33.613258,7.314351,-0.132297,0.096486,-0.581297,0.797046
73.750000,32.119529,33.641431,7.282912,-0.131531,0.095887,-0.581232,0.797292
73.766667,32.207430,33.669697,7.251618,-0.130693,0.095236,-0.581175,0.797550
73.783333,32.295507,33.698059,7.220490,-0.129783,0.094533,-0.581125,0.797818
73.800000,32.383646,33.726481,7.189595,-0.128801,0.093778,-0.581082,0.798098
73.816667,32.471970,33.755002,7.158897,-0.127746,0.092971,-0.581047,0.798387
73.833333,32.560485,33.783624,7.128414,-0.126619,0.092111,-0.581021,0.798685
73.850000,32.649197,33.812349,7.098163,-0.125422,0.091206,-0.581014,0.798983
73.866667,32.738111,33.841179,7.068162,-0.124162,0.090261,-0.581040,0.799268
73.883333,32.827233,33.870116,7.038429,-0.122849,0.089290,-0.581117,0.799524
73.900000,32.916567,33.899161,7.008981,-0.121484,0.088296,-0.581258,0.799740
73.916667,33.006121,33.928312,6.979835,-0.120073,0.087285,-0.581480,0.799903
73.933333,33.095903,33.957546,6.950998,-0.118621,0.086267,-0.581798,0.799999
73.950000,33.185925,33.986828,6.922471,-0.117134,0.085247,-0.582229,0.800014
73.966667,33.276198,34.016120,6.894256,-0.115619,0.084233,-0.582787,0.799935
73.983333,33.366734,34.045385,6.866352,-0.114081,0.083233,-0.583489,0.799749
74.000000,33.457546,34.074584,6.838761,-0.112526,0.082251,-0.584348,0.799443
74.016667,33.548645,34.103679,6.811484,-0.110957,0.081289,-0.585371,0.799013
74.033333,33.640043,34.132630,6.784522,-0.109374,0.080347,-0.586557,0.798456
74.050000,33.731752,34.161398,6.757875,-0.107777,0.079425,-0.587908,0.797772
74.066667,33.823782,34.189942,6.731544,-0.106166,0.078519,-0.589423,0.796960
74.083333,33.916145,34.218223,6.705532,-0.104542,0.077631,-0.591103,0.796016
74.100000,34.008852,34.246199,6.679839,-0.102907,0.076759,-0.592950,0.794939
74.116667,34.101912,34.273827,6.654466,-0.101260,0.075904,-0.594968,0.793724
74.133333,34.195337,34.301068,6.629416,-0.099604,0.075065,-0.597158,0.792368
74.150000,34.289135,34.327876,6.604689,-0.097937,0.074243,-0.599525,0.790864
74.166667,34.383315,34.354207,6.580287,-0.096261,0.073436,-0.602073,0.789208
74.183333,34.477888,34.380010,6.556208,-0.094577,0.072644,-0.604800,0.787398
74.200000,34.572861,34.405234,6.532453,-0.092886,0.071868,-0.607709,0.785428
74.216667,34.668244,34.429825,6.509020,-0.091188,0.071107,-0.610803,0.783293
74.233333,34.764043,34.453727,6.485911,-0.089484,0.070360,-0.614082,0.780990
74.250000,34.860122,34.476843,6.463164,-0.087774,0.069626,-0.617547,0.778514
74.266667,34.956626,34.499166,6.440739,-0.086058,0.068903,-0.621198,0.775861
74.283333,35.053558,34.520641,6.418635,-0.084335,0.068189,-0.625032,0.773029
74.300000,35.150923,34.541212,6.396854,-0.082605,0.067482,-0.629047,0.770015
74.316667,35.248719,34.560822,6.375398,-0.080869,0.066782,-0.633239,0.766817
74.333333,35.346947,34.579416,6.354267,-0.079134,0.066090,-0.637598,0.763439
74.350000,35.445605,34.596933,6.333463,-0.077396,0.065403,-0.642127,0.759872
74.366667,35.544688,34.613318,6.312988,-0.075657,0.064722,-0.646824,0.756112
74.383333,35.644190,34.628512,6.292844,-0.073920,0.064046,-0.651685,0.752157
74.400000,35.744103,34.642458,6.273030,-0.072186,0.063376,-0.656708,0.748002
74.416667,35.844416,34.655099,6.253541,-0.070455,0.062710,-0.661891,0.743643
74.433333,35.945114,34.666378,6.234375,-0.068730,0.062049,-0.667230,0.739074
74.450000,36.046184,34.676236,6.215529,-0.067011,0.061392,-0.672723,0.734291
74.466667,36.147607,34.684610,6.197003,-0.065299,0.060740,-0.678369,0.729289
74.483333,36.249365,34.691440,6.178794,-0.063593,0.060090,-0.684167,0.724059
74.500000,36.351436,34.696663,6.160901,-0.061893,0.059440,-0.690113,0.718596
74.516667,36.453794,34.700215,6.143325,-0.060197,0.058788,-0.696207,0.712893
74.533333,36.556412,34.702030,6.126065,-0.058505,0.058130,-0.702428,0.706961
74.550000,36.659260,34.702044,6.109121,-0.056820,0.057462,-0.708746,0.700820
74.566667,36.762303,34.700192,6.092495,-0.055143,0.056782,-0.715130,0.694496
74.583333,36.865505,34.696407,6.076188,-0.053478,0.056085,-0.721549,0.688013
74.600000,36.968826,34.690627,6.060200,-0.051827,0.055370,-0.727979,0.681391
74.616667,37.072224,34.682836,6.044534,-0.050189,0.054634,-0.734398,0.674652
74.633333,37.175661,34.673049,6.029188,-0.048572,0.053876,-0.740765,0.667836
74.650000,37.279101,34.661287,6.014162,-0.046979,0.053097,-0.747055,0.660971
74.666667,37.382508,34.647573,5.999456,-0.045412,0.052297,-0.753241,0.654088
74.683333,37.485844,34.631910,5.985071,-0.043877,0.051475,-0.759302,0.647214
74.700000,37.589227,34.614287,5.970986,-0.042372,0.050635,-0.765228,0.640365
74.716667,37.692474,34.594769,5.957218,-0.040900,0.049776,-0.771023,0.633540
74.733333,37.795551,34.573376,5.943765,-0.039460,0.048901,-0.776692,0.626739
74.750000,37.898429,34.550131,5.930626,-0.038051,0.048012,-0.782240,0.619957
74.766667,38.001076,34.525053,5.917798,-0.036674,0.047110,-0.787673,0.613194
74.783333,38.103464,34.498162,5.905280,-0.035328,0.046196,-0.793000,0.606439
74.800000,38.205564,34.469478,5.893070,-0.034010,0.045271,-0.798232,0.599683
74.816667,38.307347,34.439019,5.881166,-0.032720,0.044335,-0.803375,0.592919
74.833333,38.408784,34.406796,5.869566,-0.031458,0.043389,-0.808437,0.586138
74.850000,38.509841,34.372811,5.858269,-0.030222,0.042434,-0.813424,0.579334
74.866667,38.610488,34.337069,5.847274,-0.029012,0.041470,-0.818342,0.572499
74.883333,38.710692,34.299575,5.836581,-0.027826,0.040497,-0.823197,0.565626
74.900000,38.810420,34.260332,5.826188,-0.026665,0.039517,-0.827993,0.558708
74.916667,38.909640,34.219346,5.816093,-0.025528,0.038529,-0.832733,0.551742
74.933333,39.008319,34.176621,5.806296,-0.024415,0.037534,-0.837418,0.544726
74.950000,39.106425,34.132163,5.796795,-0.023326,0.036532,-0.842047,0.537660
74.966667,39.203923,34.085977,5.787588,-0.022262,0.035525,-0.846620,0.530544
74.983333,39.300781,34.038068,5.778675,-0.021222,0.034512,-0.851135,0.523381
75.000000,39.396966,33.988443,5.770053,-0.020207,0.033494,-0.855591,0.516173
75.016667,39.492443,33.937108,5.761722,-0.019214,0.032470,-0.859994,0.508907
75.033333,39.587179,33.884071,5.753679,-0.018244,0.031439,-0.864352,0.501571
75.050000,39.681143,33.829344,5.745923,-0.017298,0.030405,-0.868647,0.494196
75.066667,39.774305,33.772942,5.738452,-0.016378,0.029368,-0.872876,0.486783
75.083333,39.866636,33.714879,5.731263,-0.015483,0.028330,-0.877039,0.479334
75.100000,39.958085,33.655140,5.724360,-0.014614,0.027291,-0.881135,0.471851
75.116667,40.048723,33.593638,5.717737,-0.013771,0.026251,-0.885163,0.464335
75.133333,40.138433,33.530518,5.711390,-0.012952,0.025211,-0.889125,0.456787
75.150000,40.227184,33.465794,5.705318,-0.012159,0.024172,-0.893020,0.449203
75.166667,40.314946,33.399482,5.699518,-0.011390,0.023134,-0.896848,0.441586
75.183333,40.401690,33.331596,5.693988,-0.010648,0.022099,-0.900601,0.433954
75.200000,40.487384,33.262153,5.688725,-0.009933,0.021069,-0.904273,0.426319
75.216667,40.571998,33.191167,5.683728,-0.009242,0.020041,-0.907873,0.418664
75.233333,40.655502,33.118656,5.678993,-0.008575,0.019015,-0.911398,0.410997
75.250000,40.737869,33.044641,5.674519,-0.007932,0.017993,-0.914847,0.403321
75.266667,40.819079,32.969149,5.670303,-0.007310,0.016968,-0.918239,0.395595
75.283333,40.899112,32.892207,5.666342,-0.006711,0.015946,-0.921554,0.387864
75.300000,40.977950,32.813844,5.662635,-0.006136,0.014928,-0.924788,0.380141
75.316667,41.055573,32.734086,5.659178,-0.005585,0.013916,-0.927939,0.372432
75.333333,41.131965,32.652963,5.655969,-0.005057,0.012909,-0.931007,0.364739
75.350000,41.207020,32.570422,5.653020,-0.004553,0.011908,-0.933994,0.357062
75.366667,41.280881,32.486472,5.650313,-0.004070,0.010914,-0.936901,0.349401
75.383333,41.353450,32.401239,5.647845,-0.003610,0.009928,-0.939730,0.341754
75.400000,41.424713,32.314748,5.645614,-0.003172,0.008948,-0.942482,0.334122
75.416667,41.494652,32.227027,5.643617,-0.002756,0.007977,-0.945158,0.326504
75.433333,41.563252,32.138101,5.641852,-0.002363,0.007021,-0.947743,0.318950
75.450000,41.630497,32.047998,5.640314,-0.001989,0.006071,-0.950261,0.311388
75.466667,41.696373,31.956745,5.639003,-0.001634,0.005126,-0.952721,0.303800
75.483333,41.760867,31.864368,5.637913,-0.001300,0.004190,-0.955108,0.296225
75.500000,41.823964,31.770896,5.637043,-0.000984,0.003265,-0.957424,0.288665
75.516667,41.885653,31.676354,5.636389,-0.000688,0.002350,-0.959670,0.281118
75.533333,41.945877,31.580744,5.635955,-0.000411,0.001446,-0.961847,0.273585
75.550000,42.004645,31.483986,5.635740,-0.000153,0.000553,-0.963955,0.266065
75.566667,42.061961,31.386241,5.635733,0.000088,-0.000328,-0.965996,0.258557
75.583333,42.117814,31.287538,5.635929,0.000310,-0.001197,-0.967971,0.251060
75.600000,42.172193,31.187903,5.636325,0.000516,-0.002054,-0.969880,0.243574
75.616667,42.225085,31.087362,5.636918,0.000704,-0.002897,-0.971723,0.236103
75.633333,42.276479,30.985941,5.637705,0.000876,-0.003728,-0.973507,0.228626
75.650000,42.326366,30.883667,5.638682,0.001031,-0.004546,-0.975227,0.221158
75.666667,42.374734,30.780566,5.639846,0.001171,-0.005351,-0.976884,0.213698
75.683333,42.421574,30.676665,5.641193,0.001294,-0.006141,-0.978480,0.206246
75.700000,42.466841,30.571975,5.642725,0.001403,-0.006918,-0.980014,0.198801
75.716667,42.510491,30.466418,5.644445,0.001497,-0.007680,-0.981488,0.191363
75.733333,42.552580,30.360145,5.646337,0.001577,-0.008427,-0.982902,0.183930
75.750000,42.593099,30.253182,5.648399,0.001643,-0.009160,-0.984256,0.176503
75.766667,42.632040,30.145554,5.650627,0.001694,-0.009877,-0.985551,0.169080
75.783333,42.669393,30.037288,5.653016,0.001733,-0.010583,-0.986797,0.161609
75.800000,42.705152,29.928411,5.655563,0.001759,-0.011269,-0.987977,0.154181
75.816667,42.739307,29.818948,5.658266,0.001771,-0.011939,-0.989100,0.146751
75.833333,42.771851,29.708926,5.661119,0.001772,-0.012593,-0.990166,0.139320
75.850000,42.802774,29.598371,5.664119,0.001760,-0.013231,-0.991175,0.131885
75.866667,42.831920,29.487270,5.667275,0.001738,-0.013852,-0.992128,0.124444
75.883333,42.859438,29.375633,5.670573,0.001703,-0.014457,-0.993026,0.116997
75.900000,42.885306,29.263546,5.674005,0.001658,-0.015046,-0.993867,0.109541
75.916667,42.909515,29.151036,5.677570,0.001603,-0.015618,-0.994654,0.102060
75.933333,42.932057,29.038129,5.681263,0.001536,-0.016177,-0.995391,0.094511
75.950000,42.952924,28.924853,5.685079,0.001460,-0.016714,-0.996066,0.087016
75.966667,42.972107,28.811233,5.689016,0.001375,-0.017232,-0.996684,0.079509
75.983333,42.989598,28.697297,5.693069,0.001280,-0.017734,-0.997247,0.071992
76.000000,43.005355,28.583067,5.697237,0.001177,-0.018217,-0.997753,0.064469
76.016667,43.019282,28.468523,5.701522,0.001066,-0.018683,-0.998202,0.056941
76.033333,43.031492,28.353750,5.705911,0.000947,-0.019131,-0.998595,0.049410
76.050000,43.041981,28.238778,5.710400,0.000820,-0.019560,-0.998931,0.041879
76.066667,43.050751,28.123633,5.714985,0.000686,-0.019974,-0.999212,0.034296
76.083333,43.057802,28.008346,5.719661,0.000544,-0.020369,-0.999435,0.026714
76.100000,43.063134,27.892943,5.724426,0.000398,-0.020743,-0.999601,0.019192
76.116667,43.066748,27.777453,5.729274,0.000246,-0.021098,-0.999709,0.011679
76.133333,43.068644,27.661903,5.734203,0.000089,-0.021434,-0.999762,0.004175
76.150000,43.068701,27.546323,5.739212,-0.000072,-0.021752,-0.999758,-0.003323
76.166667,43.067001,27.430731,5.744295,-0.000239,-0.022051,-0.999698,-0.010815
76.183333,43.063587,27.315171,5.749444,-0.000409,-0.022332,-0.999583,-0.018305
76.200000,43.058460,27.199669,5.754657,-0.000584,-0.022594,-0.999411,-0.025824
76.216667,43.051623,27.084255,5.759928,-0.000763,-0.022839,-0.999181,-0.033394
76.233333,43.043076,26.968956,5.765255,-0.000945,-0.023063,-0.998896,-0.040921
76.250000,43.032819,26.853798,5.770632,-0.001129,-0.023268,-0.998554,-0.048442
76.266667,43.020849,26.738802,5.776056,-0.001315,-0.023453,-0.998156,-0.055980
76.283333,43.007100,26.623993,5.781525,-0.001504,-0.023620,-0.997699,-0.063536
76.300000,42.991518,26.509362,5.787038,-0.001695,-0.023768,-0.997184,-0.071114
76.316667,42.974207,26.394939,5.792587,-0.001888,-0.023897,-0.996609,-0.078717
76.333333,42.955160,26.280743,5.798170,-0.002082,-0.024007,-0.995972,-0.086361
76.350000,42.934371,26.166790,5.803781,-0.002278,-0.024098,-0.995268,-0.094101
76.366667,42.911834,26.053102,5.809419,-0.002475,-0.024169,-0.994503,-0.101848
76.383333,42.887541,25.939697,5.815080,-0.002671,-0.024220,-0.993678,-0.109587
76.400000,42.861485,25.826597,5.820759,-0.002867,-0.024252,-0.992788,-0.117366
76.416667,42.833628,25.713829,5.826453,-0.003063,-0.024265,-0.991832,-0.125188
76.433333,42.803818,25.601345,5.832164,-0.003258,-0.024258,-0.990806,-0.133057
76.450000,42.772211,25.489231,5.837883,-0.003452,-0.024232,-0.989710,-0.140977
76.466667,42.738794,25.377513,5.843606,-0.003646,-0.024187,-0.988535,-0.148998
76.483333,42.703554,25.266219,5.849329,-0.003839,-0.024121,-0.987276,-0.157128
76.500000,42.666476,25.155376,5.855049,-0.004030,-0.024036,-0.985941,-0.165307
76.516667,42.627547,25.045013,5.860763,-0.004217,-0.023931,-0.984535,-0.173493
76.533333,42.586752,24.935160,5.866465,-0.004401,-0.023806,-0.983047,-0.181747
76.550000,42.543975,24.825892,5.872152,-0.004582,-0.023662,-0.981475,-0.190071
76.566667,42.499143,24.717083,5.877826,-0.004760,-0.023498,-0.979815,-0.198465
76.583333,42.452394,24.608888,5.883476,-0.004934,-0.023313,-0.978053,-0.206990
76.600000,42.403714,24.501344,5.889100,-0.005104,-0.023107,-0.976185,-0.215646
76.616667,42.353090,24.394488,5.894691,-0.005270,-0.022881,-0.974218,-0.224382
76.633333,42.300509,24.288359,5.900247,-0.005429,-0.022637,-0.972161,-0.233154
76.650000,42.245958,24.182998,5.905763,-0.005581,-0.022374,-0.970009,-0.241974
76.666667,42.189301,24.078515,5.911232,-0.005727,-0.022092,-0.967749,-0.250881
76.683333,42.130436,23.974763,5.916659,-0.005867,-0.021790,-0.965370,-0.259908
76.700000,42.069548,23.871924,5.922035,-0.006000,-0.021466,-0.962847,-0.269128
76.716667,42.006622,23.770049,5.927353,-0.006125,-0.021122,-0.960200,-0.278445
76.733333,41.941646,23.669191,5.932611,-0.006241,-0.020758,-0.957429,-0.287855
76.750000,41.874607,23.569402,5.937803,-0.006346,-0.020377,-0.954550,-0.297285
76.766667,41.805429,23.470784,5.942923,-0.006440,-0.019978,-0.951565,-0.306731
76.783333,41.733835,23.373291,5.947969,-0.006521,-0.019556,-0.948443,-0.316276
76.800000,41.660133,23.277061,5.952933,-0.006590,-0.019112,-0.945191,-0.325891
76.816667,41.584330,23.182146,5.957812,-0.006643,-0.018649,-0.941836,-0.335488
76.833333,41.506457,23.088580,5.962599,-0.006680,-0.018168,-0.938386,-0.345045
76.850000,41.426553,22.996387,5.967291,-0.006701,-0.017670,-0.934861,-0.354511
76.866667,41.344524,22.905716,5.971871,-0.006703,-0.017157,-0.931271,-0.363863
76.883333,41.260259,22.816371,5.976348,-0.006687,-0.016620,-0.927578,-0.373201
76.900000,41.174081,22.728482,5.980711,-0.006651,-0.016068,-0.923826,-0.382418
76.916667,41.086027,22.642071,5.984957,-0.006597,-0.015501,-0.920018,-0.391515
76.933333,40.996136,22.557162,5.989078,-0.006523,-0.014922,-0.916156,-0.400492
76.950000,40.904365,22.473862,5.993065,-0.006431,-0.014330,-0.912241,-0.409352
76.966667,40.810474,22.392087,5.996912,-0.006320,-0.013729,-0.908266,-0.418120
76.983333,40.714855,22.311891,6.000618,-0.006193,-0.013121,-0.904243,-0.426771
77.000000,40.617542,22.233293,6.004180,-0.006049,-0.012509,-0.900176,-0.435305
77.016667,40.518576,22.156311,6.007596,-0.005891,-0.011895,-0.896060,-0.443735
77.033333,40.417881,22.081112,6.010853,-0.005716,-0.011275,-0.891863,-0.452129
77.050000,40.315288,22.007518,6.013959,-0.005530,-0.010662,-0.887662,-0.460339
77.066667,40.211159,21.935594,6.016918,-0.005331,-0.010055,-0.883426,-0.468432
77.083333,40.105533,21.865354,6.019728,-0.005122,-0.009453,-0.879158,-0.476409
77.100000,39.998430,21.796836,6.022388,-0.004900,-0.008849,-0.874796,-0.484387
77.116667,39.889491,21.730145,6.024883,-0.004668,-0.008255,-0.870425,-0.492210
77.133333,39.779172,21.665182,6.027228,-0.004428,-0.007672,-0.866044,-0.499889
77.150000,39.667509,21.601958,6.029423,-0.004179,-0.007095,-0.861629,-0.507472
77.166667,39.554539,21.540484,6.031468,-0.003916,-0.006517,-0.857105,-0.515085
77.183333,39.440144,21.481067,6.033340,-0.003644,-0.005945,-0.852543,-0.522611
77.200000,39.324244,21.423334,6.035063,-0.003367,-0.005388,-0.847998,-0.529962
77.216667,39.207138,21.367415,6.036634,-0.003081,-0.004836,-0.843393,-0.537267
77.233333,39.088860,21.313326,6.038054,-0.002781,-0.004283,-0.838678,-0.544604
77.250000,38.969297,21.261416,6.039296,-0.002474,-0.003738,-0.833915,-0.551874
77.266667,38.848372,21.211279,6.040388,-0.002163,-0.003209,-0.829174,-0.558978
77.283333,38.726378,21.163038,6.041327,-0.001841,-0.002681,-0.824330,-0.566101
77.300000,38.603319,21.116790,6.042107,-0.001509,-0.002157,-0.819399,-0.573218
77.316667,38.478905,21.072662,6.042714,-0.001169,-0.001641,-0.814415,-0.580280
77.333333,38.353531,21.030493,6.043167,-0.000827,-0.001140,-0.809437,-0.587205
77.350000,38.227231,20.990299,6.043467,-0.000472,-0.000638,-0.804322,-0.594193
77.366667,38.099965,20.952347,6.043595,-0.000109,-0.000145,-0.799148,-0.601135
77.383333,37.971562,20.916483,6.043559,0.000259,0.000338,-0.793931,-0.608008
77.400000,37.842344,20.882669,6.043370,0.000635,0.000814,-0.788626,-0.614872
77.416667,37.712325,20.851009,6.043020,0.001019,0.001283,-0.783238,-0.621720
77.433333,37.581258,20.821712,6.042492,0.001409,0.001744,-0.777784,-0.628528
77.450000,37.449494,20.794543,6.041810,0.001807,0.002197,-0.772270,-0.635289
77.466667,37.317070,20.769521,6.040973,0.002211,0.002641,-0.766710,-0.641984
77.483333,37.183961,20.747041,6.039957,0.002622,0.003076,-0.761133,-0.648583
77.500000,37.050055,20.726775,6.038781,0.003040,0.003506,-0.755526,-0.655102
77.516667,36.915620,20.708717,6.037451,0.003462,0.003925,-0.749967,-0.661454
77.533333,36.780672,20.693109,6.035947,0.003888,0.004335,-0.744451,-0.667652
77.550000,36.645086,20.679734,6.034277,0.004322,0.004741,-0.738955,-0.673724
77.566667,36.509123,20.668419,6.032454,0.004758,0.005136,-0.733588,-0.679558
77.583333,36.372812,20.659315,6.030462,0.005196,0.005524,-0.728337,-0.685177
77.600000,36.236026,20.652322,6.028301,0.005641,0.005907,-0.723175,-0.690616
77.616667,36.098993,20.647211,6.025987,0.006088,0.006283,-0.718173,-0.695809
77.633333,35.961743,20.644087,6.023508,0.006534,0.006651,-0.713341,-0.700755
77.650000,35.824167,20.642908,6.020859,0.006985,0.007016,-0.708616,-0.705525
77.666667,35.686449,20.643425,6.018058,0.007438,0.007375,-0.704053,-0.710070
77.683333,35.548622,20.645721,6.015093,0.007888,0.007726,-0.699684,-0.714367
77.700000,35.410596,20.649760,6.011959,0.008343,0.008075,-0.695433,-0.718497
77.716667,35.272515,20.655299,6.008675,0.008797,0.008419,-0.691355,-0.722412
77.733333,35.134409,20.662410,6.005229,0.009247,0.008755,-0.687486,-0.726086
77.750000,34.996213,20.671030,6.001617,0.009701,0.009092,-0.683746,-0.729599
77.766667,34.858031,20.680942,5.997859,0.010154,0.009423,-0.680195,-0.732901
77.783333,34.719887,20.692215,5.993940,0.010600,0.009748,-0.676858,-0.735973
77.800000,34.581745,20.704747,5.989861,0.011050,0.010075,-0.673660,-0.738890
77.816667,34.443667,20.718359,5.985638,0.011496,0.010397,-0.670664,-0.741599
77.833333,34.305678,20.733112,5.981254,0.011936,0.010713,-0.667880,-0.744096
77.850000,34.167766,20.748872,5.976718,0.012379,0.011033,-0.665245,-0.746441
77.866667,34.029956,20.765500,5.972042,0.012816,0.011348,-0.662822,-0.748581
77.883333,33.892265,20.783048,5.967206,0.013247,0.011660,-0.660605,-0.750526
77.900000,33.754678,20.801361,5.962224,0.013681,0.011975,-0.658547,-0.752320
77.916667,33.617185,20.820338,5.957106,0.014106,0.012287,-0.656707,-0.753914
77.933333,33.479793,20.840011,5.951828,0.014524,0.012596,-0.655062,-0.755331
77.950000,33.342480,20.860222,5.946411,0.014946,0.012911,-0.653581,-0.756599
77.966667,33.205236,20.880893,5.940859,0.015357,0.013221,-0.652307,-0.757684
77.983333,33.068066,20.902028,5.935148,0.015763,0.013531,-0.651208,-0.758615
78.000000,32.930941,20.923486,5.929302,0.016170,0.013846,-0.650270,-0.759405
78.016667,32.793859,20.945214,5.923323,0.016565,0.014157,-0.649520,-0.760032
78.033333,32.656812,20.967200,5.917188,0.016957,0.014469,-0.648929,-0.760523
78.050000,32.519789,20.989348,5.910922,0.017349,0.014786,-0.648492,-0.760880
78.066667,32.382784,21.011617,5.904523,0.017728,0.015099,-0.648221,-0.761096
78.083333,32.245781,21.033962,5.897973,0.018105,0.015415,-0.648093,-0.761190
78.100000,32.108777,21.056322,5.891295,0.018480,0.015735,-0.648099,-0.761169
78.116667,31.971764,21.078645,5.884484,0.018843,0.016049,-0.648225,-0.761047
78.133333,31.834721,21.100872,5.877528,0.019205,0.016368,-0.648447,-0.760841
78.150000,31.697650,21.122963,5.870446,0.019564,0.016688,-0.648751,-0.760566
78.166667,31.560544,21.144863,5.863231,0.019914,0.017003,-0.649117,-0.760238
78.183333,31.423386,21.166555,5.855877,0.020263,0.017321,-0.649530,-0.759869
78.200000,31.286193,21.188070,5.848400,0.020610,0.017638,-0.649971,-0.759475
78.216667,31.148964,21.209401,5.840789,0.020949,0.017950,-0.650417,-0.759076
78.233333,31.011687,21.230560,5.833044,0.021289,0.018264,-0.650860,-0.758679
78.250000,30.874378,21.251571,5.825179,0.021627,0.018575,-0.651279,-0.758303
78.266667,30.737037,21.272427,5.817180,0.021958,0.018879,-0.651666,-0.757953
78.283333,30.599649,21.293148,5.809053,0.022293,0.019186,-0.652035,-0.757618
78.300000,30.462232,21.313750,5.800809,0.022623,0.019488,-0.652379,-0.757304
78.316667,30.324787,21.334227,5.792430,0.022947,0.019785,-0.652700,-0.757011
78.333333,30.187297,21.354602,5.783928,0.023275,0.020085,-0.653008,-0.756727
78.350000,30.049780,21.374881,5.775311,0.023597,0.020379,-0.653296,-0.756460
78.366667,29.912235,21.395049,5.766560,0.023916,0.020670,-0.653570,-0.756206
78.383333,29.774642,21.415127,5.757691,0.024236,0.020962,-0.653837,-0.755957
78.400000,29.637023,21.435115,5.748709,0.024550,0.021248,-0.654090,-0.755719
78.416667,29.499354,21.455003,5.739592,0.024862,0.021533,-0.654336,-0.755488
78.433333,29.361657,21.474807,5.730364,0.025175,0.021819,-0.654577,-0.755261
78.450000,29.223932,21.494527,5.721022,0.025480,0.022097,-0.654806,-0.755044
78.466667,29.086155,21.514157,5.711551,0.025785,0.022375,-0.655027,-0.754834
78.483333,28.948350,21.533711,5.701971,0.026090,0.022654,-0.655241,-0.754630
78.500000,28.810517,21.553186,5.692277,0.026387,0.022925,-0.655439,-0.754438
78.516667,28.672630,21.572587,5.682460,0.026686,0.023196,-0.655630,-0.754254
78.533333,28.534716,21.591923,5.672536,0.026983,0.023467,-0.655809,-0.754079
78.550000,28.396773,21.611193,5.662497,0.027273,0.023730,-0.655973,-0.753918
78.566667,28.258776,21.630405,5.652341,0.027566,0.023995,-0.656127,-0.753765
78.583333,28.120751,21.649568,5.642081,0.027855,0.024257,-0.656267,-0.753624
78.600000,27.982699,21.668678,5.631705,0.028138,0.024512,-0.656392,-0.753496
78.616667,27.844591,21.687747,5.621218,0.028425,0.024770,-0.656507,-0.753377
78.633333,27.706456,21.706781,5.610629,0.028707,0.025023,-0.656607,-0.753271
78.650000,27.568294,21.725776,5.599923,0.028985,0.025272,-0.656694,-0.753176
78.666667,27.430074,21.744747,5.589112,0.029265,0.025522,-0.656770,-0.753091
78.683333,27.291828,21.763694,5.578202,0.029539,0.025766,-0.656832,-0.753017
78.700000,27.153524,21.782622,5.567172,0.029811,0.026007,-0.656882,-0.752955
78.716667,27.015192,21.801535,5.556045,0.030084,0.026249,-0.656921,-0.752902
78.733333,26.876834,21.820437,5.544817,0.030351,0.026484,-0.656946,-0.752861
78.750000,26.738416,21.839334,5.533476,0.030618,0.026719,-0.656960,-0.752830
78.766667,26.599972,21.858230,5.522040,0.030885,0.026952,-0.656962,-0.752809
78.783333,26.461501,21.877127,5.510503,0.031144,0.027179,-0.656951,-0.752799
78.800000,26.322969,21.896035,5.498858,0.031406,0.027406,-0.656928,-0.752800
78.816667,26.184410,21.914953,5.487121,0.031665,0.027630,-0.656893,-0.752812
78.833333,26.045826,21.933887,5.475281,0.031918,0.027849,-0.656846,-0.752834
78.850000,25.907179,21.952846,5.463341,0.032174,0.028068,-0.656785,-0.752868
78.866667,25.768506,21.971829,5.451310,0.032426,0.028283,-0.656712,-0.752913
78.883333,25.629808,21.990843,5.439175,0.032675,0.028494,-0.656627,-0.752968
78.900000,25.491046,22.009897,5.426946,0.032924,0.028705,-0.656528,-0.753036
78.916667,25.352258,22.028987,5.414628,0.033169,0.028910,-0.656418,-0.753114
78.933333,25.213407,22.048132,5.402204,0.033413,0.029114,-0.656294,-0.753203
78.950000,25.074529,22.067322,5.389694,0.033656,0.029316,-0.656157,-0.753304
78.966667,24.935627,22.086566,5.377093,0.033894,0.029512,-0.656009,-0.753414
78.983333,24.796660,22.105877,5.364393,0.034132,0.029707,-0.655847,-0.753537
79.000000,24.657667,22.125247,5.351609,0.034369,0.029900,-0.655672,-0.753670
79.016667,24.518650,22.144688,5.338733,0.034601,0.030088,-0.655487,-0.753813
79.033333,24.379567,22.164208,5.325765,0.034834,0.030275,-0.655286,-0.753969
79.050000,24.240459,22.183800,5.312715,0.035064,0.030458,-0.655075,-0.754135
79.066667,24.101328,22.203481,5.299571,0.035291,0.030638,-0.654852,-0.754311
79.083333,23.962130,22.223252,5.286342,0.035518,0.030816,-0.654613,-0.754500
79.100000,23.822908,22.243110,5.273032,0.035741,0.030990,-0.654365,-0.754698
79.116667,23.683619,22.263079,5.259626,0.035963,0.031161,-0.654102,-0.754908
79.133333,23.544306,22.283142,5.246144,0.036185,0.031330,-0.653824,-0.755131
79.150000,23.404971,22.303312,5.232578,0.036401,0.031494,-0.653537,-0.755362
79.166667,23.265568,22.323605,5.218924,0.036619,0.031657,-0.653232,-0.755609
79.183333,23.126142,22.344006,5.205196,0.036834,0.031817,-0.652914,-0.755866
79.200000,22.986696,22.364538,5.191383,0.037045,0.031972,-0.652585,-0.756134
79.216667,22.847181,22.385201,5.177489,0.037257,0.032126,-0.652238,-0.756416
79.233333,22.707644,22.405989,5.163521,0.037465,0.032275,-0.651881,-0.756707
79.250000,22.568042,22.426937,5.149465,0.037672,0.032422,-0.651510,-0.757010
79.266667,22.428417,22.448019,5.135337,0.037878,0.032566,-0.651125,-0.757325
79.283333,22.288774,22.469250,5.121135,0.038079,0.032706,-0.650733,-0.757646
79.300000,22.149063,22.490649,5.106851,0.038281,0.032844,-0.650325,-0.757980
79.316667,22.009332,22.512194,5.092498,0.038481,0.032980,-0.649908,-0.758321
79.333333,21.869584,22.533908,5.078069,0.038677,0.033111,-0.649486,-0.758667
79.350000,21.729767,22.555790,5.063564,0.038873,0.033240,-0.649049,-0.759025
79.366667,21.589929,22.577828,5.048993,0.039065,0.033366,-0.648609,-0.759386
79.383333,21.450026,22.600060,5.034340,0.039255,0.033490,-0.648160,-0.759754
79.400000,21.310103,22.622451,5.019623,0.039445,0.033611,-0.647705,-0.760126
79.416667,21.170162,22.645019,5.004837,0.039629,0.033728,-0.647252,-0.760498
79.433333,21.030152,22.667778,4.989977,0.039814,0.033844,-0.646793,-0.760873
79.450000,20.890123,22.690704,4.975055,0.039995,0.033958,-0.646336,-0.761247
79.466667,20.750079,22.713823,4.960063,0.040173,0.034068,-0.645883,-0.761617
79.483333,20.609962,22.737119,4.945004,0.040349,0.034177,-0.645431,-0.761986
79.500000,20.469824,22.760581,4.929883,0.040521,0.034283,-0.644989,-0.762347
79.516667,20.329615,22.784233,4.914690,0.040692,0.034388,-0.644551,-0.762703
79.533333,20.189382,22.808038,4.899439,0.040859,0.034491,-0.644121,-0.763053
79.550000,20.049129,22.832011,4.884125,0.041023,0.034591,-0.643704,-0.763391
79.566667,19.908798,22.856151,4.868745,0.041184,0.034690,-0.643294,-0.763724
79.583333,19.768442,22.880435,4.853310,0.041343,0.034787,-0.642893,-0.764048
79.600000,19.628009,22.904897,4.837805,0.041498,0.034882,-0.642501,-0.764365
79.616667,19.487548,22.929496,4.822248,0.041651,0.034975,-0.642116,-0.764676
79.633333,19.347061,22.954242,4.806633,0.041799,0.035066,-0.641741,-0.764978
79.650000,19.206493,22.979145,4.790955,0.041946,0.035155,-0.641373,-0.765275
79.666667,19.065894,23.004178,4.775227,0.042090,0.035242,-0.641011,-0.765566
79.683333,18.925270,23.029363,4.759441,0.042230,0.035327,-0.640659,-0.765849
79.700000,18.784558,23.054686,4.743599,0.042368,0.035410,-0.640312,-0.766127
79.716667,18.643817,23.080142,4.727706,0.042502,0.035491,-0.639974,-0.766399
79.733333,18.502988,23.105744,4.711753,0.042634,0.035570,-0.639642,-0.766665
79.750000,18.362127,23.131466,4.695755,0.042763,0.035648,-0.639317,-0.766925
79.766667,18.221235,23.157324,4.679703,0.042889,0.035723,-0.639001,-0.767178
79.783333,18.080251,23.183310,4.663600,0.043011,0.035796,-0.638692,-0.767425
79.800000,17.939233,23.209415,4.647450,0.043131,0.035868,-0.638391,-0.767666
79.816667,17.798123,23.235655,4.631246,0.043248,0.035937,-0.638097,-0.767900
79.833333,17.656976,23.262002,4.615000,0.043361,0.036005,-0.637811,-0.768128
79.850000,17.515795,23.288469,4.598707,0.043472,0.036071,-0.637533,-0.768349
79.866667,17.374516,23.315053,4.582365,0.043579,0.036134,-0.637263,-0.768564
79.883333,17.233199,23.341742,4.565982,0.043684,0.036196,-0.637001,-0.768773
79.900000,17.091784,23.368552,4.549549,0.043785,0.036256,-0.636747,-0.768975
79.916667,16.950328,23.395455,4.533079,0.043884,0.036314,-0.636500,-0.769170
79.933333,16.808834,23.422465,4.516567,0.043979,0.036371,-0.636262,-0.769360
79.950000,16.667237,23.449578,4.500011,0.044071,0.036425,-0.636031,-0.769542
79.966667,16.525597,23.476783,4.483418,0.044160,0.036477,-0.635808,-0.769719
79.983333,16.383855,23.504094,4.466781,0.044246,0.036528,-0.635594,-0.769889
80.000000,16.242067,23.531487,4.450111,0.044329,0.036576,-0.635386,-0.770053
80.016667,16.100237,23.558972,4.433403,0.044408,0.036623,-0.635187,-0.770210
80.033333,15.958298,23.586547,4.416657,0.044485,0.036668,-0.634996,-0.770361
80.050000,15.816313,23.614202,4.399879,0.044558,0.036711,-0.634812,-0.770507
80.066667,15.674220,23.641947,4.383061,0.044628,0.036752,-0.634637,-0.770645
80.083333,15.532077,23.669762,4.366215,0.044696,0.036791,-0.634469,-0.770778
80.100000,15.389824,23.697667,4.349330,0.044759,0.036828,-0.634310,-0.770903
80.116667,15.247521,23.725635,4.332418,0.044820,0.036864,-0.634158,-0.771022
80.133333,15.105168,23.753672,4.315478,0.044878,0.036897,-0.634014,-0.771136
80.150000,14.962700,23.781783,4.298505,0.044932,0.036929,-0.633879,-0.771242
80.166667,14.820179,23.809953,4.281507,0.044983,0.036959,-0.633750,-0.771344
80.183333,14.677542,23.838195,4.264477,0.045031,0.036987,-0.633632,-0.771437
80.200000,14.534851,23.866489,4.247425,0.045076,0.037013,-0.633520,-0.771525
80.216667,14.392106,23.894837,4.230349,0.045117,0.037037,-0.633416,-0.771606
80.233333,14.249240,23.923245,4.213245,0.045155,0.037059,-0.633321,-0.771681
80.250000,14.106318,23.951699,4.196122,0.045190,0.037080,-0.633233,-0.771750
80.266667,13.963274,23.980209,4.178971,0.045222,0.037098,-0.633155,-0.771812
80.283333,13.820172,24.008758,4.161804,0.045251,0.037115,-0.633083,-0.771868
80.300000,13.676946,24.037360,4.144610,0.045276,0.037129,-0.633021,-0.771917
80.316667,13.533659,24.065993,4.127402,0.045298,0.037142,-0.632966,-0.771961
80.333333,13.390313,24.094660,4.110179,0.045317,0.037153,-0.632919,-0.771997
80.350000,13.246839,24.123368,4.092934,0.045332,0.037162,-0.632881,-0.772027
80.366667,13.103302,24.152101,4.075677,0.045345,0.037169,-0.632850,-0.772051
80.383333,12.959637,24.180870,4.058400,0.045353,0.037174,-0.632828,-0.772068
80.400000,12.815907,24.209659,4.041114,0.045359,0.037177,-0.632814,-0.772079
80.416667,12.672047,24.238478,4.023810,0.045361,0.037179,-0.632809,-0.772084
80.433333,12.528120,24.267311,4.006497,0.045360,0.037178,-0.632811,-0.772082
80.450000,12.384126,24.296154,3.989178,0.045356,0.037175,-0.632822,-0.772073
80.466667,12.239999,24.325019,3.971845,0.045348,0.037171,-0.632841,-0.772058
80.483333,12.095803,24.353888,3.954507,0.045337,0.037165,-0.632869,-0.772036
80.500000,11.951472,24.382773,3.937157,0.045323,0.037156,-0.632905,-0.772008
80.516667,11.807070,24.411657,3.919804,0.045305,0.037146,-0.632949,-0.771974
80.533333,11.662530,24.440549,3.902442,0.045284,0.037134,-0.633001,-0.771932
80.550000,11.517919,24.469435,3.885079,0.045260,0.037120,-0.633062,-0.771885
80.566667,11.373234,24.498309,3.867718,0.045232,0.037104,-0.633132,-0.771830
80.583333,11.228410,24.527184,3.850350,0.045201,0.037086,-0.633209,-0.771770
80.600000,11.083510,24.556042,3.832985,0.045166,0.037066,-0.633295,-0.771701
80.616667,10.938469,24.584894,3.815616,0.045129,0.037044,-0.633389,-0.771628
80.633333,10.793352,24.613724,3.798252,0.045087,0.037020,-0.633493,-0.771546
80.650000,10.648090,24.642540,3.780888,0.045043,0.036994,-0.633604,-0.771459
80.666667,10.502751,24.671330,3.763529,0.044995,0.036966,-0.633724,-0.771364
80.683333,10.357265,24.700096,3.746174,0.044943,0.036936,-0.633852,-0.771263
80.700000,10.211701,24.728831,3.728826,0.044889,0.036904,-0.633989,-0.771156
80.716667,10.066056,24.757524,3.711491,0.044830,0.036870,-0.634135,-0.771041
80.733333,9.920263,24.786192,3.694159,0.044769,0.036835,-0.634288,-0.770920
80.750000,9.774388,24.814812,3.676842,0.044703,0.036796,-0.634453,-0.770790
80.766667,9.628363,24.843398,3.659531,0.044636,0.036757,-0.634622,-0.770656
80.783333,9.482255,24.871933,3.642235,0.044563,0.036714,-0.634804,-0.770513
80.800000,9.335994,24.900424,3.624949,0.044488,0.036670,-0.634991,-0.770365
80.816667,9.189650,24.928861,3.607680,0.044409,0.036624,-0.635190,-0.770208
80.833333,9.043151,24.957244,3.590425,0.044327,0.036576,-0.635395,-0.770046
80.850000,8.896567,24.985569,3.573188,0.044241,0.036526,-0.635610,-0.769876
80.866667,8.749894,25.013817,3.555976,0.044152,0.036473,-0.635833,-0.769699
80.883333,8.603068,25.042014,3.538776,0.044060,0.036419,-0.636064,-0.769516
80.900000,8.456151,25.070130,3.521603,0.043963,0.036362,-0.636306,-0.769324
80.916667,8.309078,25.098186,3.504446,0.043864,0.036303,-0.636553,-0.769128
80.933333,8.161915,25.126157,3.487317,0.043761,0.036242,-0.636813,-0.768922
80.950000,8.014594,25.154058,3.470208,0.043655,0.036179,-0.637076,-0.768713
80.966667,7.867181,25.181871,3.453128,0.043544,0.036114,-0.637354,-0.768492
80.983333,7.719608,25.209603,3.436072,0.043432,0.036047,-0.637635,-0.768268
81.000000,7.571944,25.237245,3.419046,0.043314,0.035977,-0.637931,-0.768032
81.016667,7.424117,25.264794,3.402048,0.043194,0.035906,-0.638232,-0.767792
81.033333,7.276197,25.292249,3.385081,0.043070,0.035831,-0.638547,-0.767541
81.050000,7.128113,25.319599,3.368146,0.042943,0.035756,-0.638868,-0.767284
81.066667,6.979936,25.346851,3.351244,0.042812,0.035677,-0.639200,-0.767018
81.083333,6.831592,25.373985,3.334378,0.042677,0.035597,-0.639541,-0.766745
81.100000,6.683154,25.401015,3.317546,0.042539,0.035514,-0.639890,-0.766466
81.116667,6.534615,25.427909,3.300760,0.042398,0.035429,-0.640247,-0.766179
81.133333,6.385913,25.454699,3.284004,0.042253,0.035342,-0.640609,-0.765889
81.150000,6.237110,25.481351,3.267296,0.042104,0.035251,-0.640980,-0.765591
81.166667,6.088143,25.507890,3.250622,0.041954,0.035159,-0.641351,-0.765293
81.183333,5.939075,25.534293,3.233997,0.041798,0.035064,-0.641730,-0.764987
81.200000,5.789842,25.560577,3.217410,0.041641,0.034966,-0.642109,-0.764683
81.216667,5.640510,25.586726,3.200873,0.041479,0.034865,-0.642493,-0.764373
81.233333,5.491011,25.612753,3.184378,0.041316,0.034763,-0.642876,-0.764065
81.250000,5.341414,25.638645,3.167935,0.041148,0.034656,-0.643262,-0.763753
81.266667,5.191650,25.664409,3.151539,0.040978,0.034548,-0.643646,-0.763444
81.283333,5.041787,25.690040,3.135195,0.040804,0.034436,-0.644034,-0.763132
81.300000,4.891758,25.715540,3.118902,0.040628,0.034321,-0.644418,-0.762822
81.316667,4.741632,25.740908,3.102664,0.040447,0.034203,-0.644804,-0.762510
81.333333,4.591338,25.766144,3.086480,0.040265,0.034083,-0.645187,-0.762202
81.350000,4.440949,25.791252,3.070352,0.040078,0.033959,-0.645571,-0.761892
81.366667,4.290393,25.816226,3.054283,0.039890,0.033833,-0.645951,-0.761585
81.383333,4.139741,25.841075,3.038272,0.039697,0.033703,-0.646331,-0.761278
81.400000,3.988924,25.865789,3.022323,0.039502,0.033571,-0.646708,-0.760974
81.416667,3.838012,25.890380,3.006434,0.039303,0.033434,-0.647085,-0.760670
81.433333,3.686934,25.914837,2.990611,0.039102,0.033296,-0.647459,-0.760368
81.450000,3.535763,25.939173,2.974850,0.038897,0.033154,-0.647833,-0.760066
81.466667,3.384427,25.963373,2.959158,0.038690,0.033009,-0.648204,-0.759766
81.483333,3.232998,25.987454,2.943531,0.038479,0.032861,-0.648575,-0.759467
81.500000,3.081404,26.011398,2.927978,0.038266,0.032710,-0.648944,-0.759169
81.516667,2.929718,26.035225,2.912490,0.038049,0.032555,-0.649312,-0.758872
81.533333,2.777869,26.058915,2.897080,0.037829,0.032398,-0.649679,-0.758575
81.550000,2.625928,26.082488,2.881739,0.037605,0.032238,-0.650045,-0.758280
81.566667,2.473825,26.105925,2.866478,0.037379,0.032074,-0.650409,-0.757986
81.583333,2.321630,26.129245,2.851288,0.037150,0.031908,-0.650772,-0.757692
81.600000,2.169273,26.152428,2.836183,0.036917,0.031738,-0.651134,-0.757400
81.616667,2.016826,26.175496,2.821151,0.036682,0.031565,-0.651495,-0.757108
81.633333,1.864218,26.198429,2.806207,0.036443,0.031389,-0.651854,-0.756818
81.650000,1.711521,26.221246,2.791339,0.036201,0.031209,-0.652211,-0.756529
81.666667,1.558663,26.243928,2.776562,0.035956,0.031027,-0.652568,-0.756240
81.683333,1.405717,26.266495,2.761865,0.035708,0.030841,-0.652922,-0.755954
81.700000,1.252612,26.288929,2.747261,0.035456,0.030652,-0.653276,-0.755668
81.716667,1.099418,26.311247,2.732740,0.035202,0.030460,-0.653628,-0.755383
81.733333,0.946068,26.333433,2.718316,0.034944,0.030265,-0.653979,-0.755099
81.750000,0.792629,26.355505,2.703977,0.034684,0.030066,-0.654327,-0.754818
81.766667,0.639035,26.377445,2.689739,0.034419,0.029864,-0.654675,-0.754536
81.783333,0.485353,26.399270,2.675589,0.034153,0.029659,-0.655020,-0.754256
81.800000,0.331517,26.420966,2.661542,0.033882,0.029450,-0.655365,-0.753977
81.816667,0.177594,26.442546,2.647588,0.033609,0.029239,-0.655707,-0.753700
81.833333,0.023518,26.464000,2.633739,0.033332,0.029024,-0.656049,-0.753423
81.850000,-0.130644,26.485337,2.619987,0.033053,0.028806,-0.656388,-0.753148
81.866667,-0.284957,26.506549,2.606342,0.032769,0.028584,-0.656727,-0.752873
81.883333,-0.439357,26.527643,2.592799,0.032484,0.028360,-0.657063,-0.752601
81.900000,-0.593905,26.548616,2.579364,0.032193,0.028131,-0.657399,-0.752329
81.916667,-0.748539,26.569470,2.566036,0.031902,0.027900,-0.657732,-0.752059
81.933333,-0.903320,26.590204,2.552818,0.031605,0.027665,-0.658066,-0.751788
81.950000,-1.058186,26.610818,2.539711,0.031307,0.027428,-0.658395,-0.751521
81.966667,-1.213197,26.631315,2.526716,0.031004,0.027185,-0.658726,-0.751252
81.983333,-1.368294,26.651690,2.513837,0.030700,0.026941,-0.659052,-0.750987
82.000000,-1.523533,26.671952,2.501071,0.030390,0.026692,-0.659379,-0.750722
82.016667,-1.678857,26.692090,2.488427,0.030079,0.026442,-0.659702,-0.750460
82.033333,-1.834322,26.712118,2.475897,0.029763,0.026186,-0.660025,-0.750197
82.050000,-1.989871,26.732021,2.463494,0.029446,0.025929,-0.660344,-0.749938
82.066667,-2.145559,26.751817,2.451207,0.029123,0.025665,-0.660663,-0.749678
82.083333,-2.301330,26.771488,2.439052,0.028800,0.025401,-0.660977,-0.749422
82.100000,-2.457237,26.791056,2.427013,0.028471,0.025131,-0.661293,-0.749166
82.116667,-2.613227,26.810497,2.415113,0.028141,0.024860,-0.661604,-0.748913
82.133333,-2.769351,26.829839,2.403330,0.027806,0.024584,-0.661915,-0.748659
82.150000,-2.925558,26.849054,2.391692,0.027468,0.024305,-0.662225,-0.748407
82.166667,-3.081896,26.868171,2.380171,0.027127,0.024023,-0.662534,-0.748155
82.183333,-3.238369,26.887167,2.368796,0.026782,0.023736,-0.662843,-0.747903
82.200000,-3.394919,26.906057,2.357548,0.026436,0.023448,-0.663149,-0.747652
82.216667,-3.551602,26.924829,2.346445,0.026083,0.023154,-0.663459,-0.747399
82.233333,-3.708362,26.943490,2.335475,0.025731,0.022860,-0.663764,-0.747149
82.250000,-3.865252,26.962035,2.324651,0.025372,0.022558,-0.664072,-0.746897
82.266667,-4.022217,26.980465,2.313967,0.025014,0.022257,-0.664374,-0.746650
82.283333,-4.179311,26.998781,2.303428,0.024647,0.021949,-0.664676,-0.746402
82.300000,-4.336481,27.016978,2.293037,0.024283,0.021641,-0.664970,-0.746162
82.316667,-4.493776,27.035067,2.282789,0.023910,0.021325,-0.665262,-0.745922
82.333333,-4.651145,27.053039,2.272698,0.023539,0.021009,-0.665544,-0.745692
82.350000,-4.808635,27.070915,2.262748,0.023161,0.020686,-0.665821,-0.745465
82.366667,-4.966199,27.088679,2.252964,0.022782,0.020362,-0.666089,-0.745246
82.383333,-5.123881,27.106357,2.243319,0.022399,0.020033,-0.666358,-0.745026
82.400000,-5.281634,27.123930,2.233848,0.022012,0.019702,-0.666635,-0.744798
82.416667,-5.439502,27.141425,2.224520,0.021622,0.019368,-0.666929,-0.744555
82.433333,-5.597487,27.158831,2.215363,0.021226,0.019029,-0.667252,-0.744286
82.450000,-5.755537,27.176150,2.206359,0.020830,0.018691,-0.667607,-0.743988
82.466667,-5.913705,27.193349,2.197524,0.020424,0.018346,-0.668012,-0.743644
82.483333,-6.071944,27.210397,2.188851,0.020020,0.018005,-0.668462,-0.743259
82.500000,-6.230305,27.227261,2.180345,0.019604,0.017656,-0.668985,-0.742807
82.516667,-6.388745,27.243897,2.172011,0.019190,0.017310,-0.669571,-0.742298
82.533333,-6.547310,27.260289,2.163840,0.018766,0.016958,-0.670249,-0.741705
82.550000,-6.705960,27.276372,2.155851,0.018341,0.016607,-0.671004,-0.741040
82.566667,-6.864736,27.292157,2.148023,0.017908,0.016253,-0.671852,-0.740290
82.583333,-7.023604,27.307544,2.140387,0.017472,0.015897,-0.672788,-0.739459
82.600000,-7.182602,27.322566,2.132912,0.017032,0.015539,-0.673812,-0.738543
82.616667,-7.341737,27.337111,2.125630,0.016585,0.015177,-0.674936,-0.737534
82.633333,-7.500964,27.351190,2.118519,0.016138,0.014816,-0.676143,-0.736445
82.650000,-7.660329,27.364719,2.111595,0.015680,0.014448,-0.677465,-0.735246
82.666667,-7.819791,27.377673,2.104854,0.015226,0.014083,-0.678862,-0.733973
82.683333,-7.979390,27.390009,2.098297,0.014760,0.013708,-0.680384,-0.732579
82.700000,-8.139089,27.401655,2.091934,0.014296,0.013336,-0.681983,-0.731106
82.716667,-8.298920,27.412624,2.085750,0.013825,0.012956,-0.683697,-0.729520
82.733333,-8.458852,27.422776,2.079771,0.013352,0.012576,-0.685499,-0.727843
82.750000,-8.618911,27.432191,2.073969,0.012876,0.012191,-0.687399,-0.726063
82.766667,-8.779104,27.440676,2.068379,0.012395,0.011800,-0.689404,-0.724175
82.783333,-8.939383,27.448323,2.062972,0.011915,0.011409,-0.691487,-0.722200
82.800000,-9.099784,27.454983,2.057772,0.011427,0.011008,-0.693693,-0.720096
82.816667,-9.260263,27.460674,2.052768,0.010943,0.010608,-0.695958,-0.717921
82.833333,-9.420852,27.465330,2.047964,0.010449,0.010197,-0.698354,-0.715604
82.850000,-9.581510,27.468875,2.043369,0.009960,0.009787,-0.700804,-0.713217
82.866667,-9.742260,27.471346,2.038969,0.009465,0.009367,-0.703367,-0.710702
82.883333,-9.903064,27.472559,2.034791,0.008971,0.008944,-0.706003,-0.708096
82.900000,-10.063942,27.472654,2.030804,0.008475,0.008515,-0.708724,-0.705384
82.916667,-10.224883,27.471380,2.027046,0.007976,0.008078,-0.711539,-0.702555
82.933333,-10.385846,27.468887,2.023486,0.007480,0.007638,-0.714410,-0.699645
82.950000,-10.546846,27.464999,2.020148,0.006978,0.007186,-0.717406,-0.696583
82.966667,-10.707841,27.459743,2.017022,0.006482,0.006734,-0.720443,-0.693451
82.983333,-10.868846,27.453076,2.014110,0.005979,0.006269,-0.723614,-0.690151
83.000000,-11.029813,27.444884,2.011425,0.005482,0.005802,-0.726836,-0.686765
83.016667,-11.190761,27.435266,2.008947,0.004982,0.005325,-0.730175,-0.683221
83.033333,-11.351627,27.423935,2.006710,0.004484,0.004841,-0.733602,-0.679547
83.050000,-11.512435,27.411091,2.004680,0.003988,0.004350,-0.737115,-0.675741
83.066667,-11.673142,27.396435,2.002890,0.003490,0.003848,-0.740760,-0.671750
83.083333,-11.833714,27.380096,2.001317,0.002999,0.003344,-0.744476,-0.667634
83.100000,-11.994139,27.361913,1.999977,0.002502,0.002823,-0.748392,-0.663246
83.116667,-12.154363,27.341840,1.998870,0.002015,0.002302,-0.752399,-0.658700
83.133333,-12.314391,27.319904,1.997987,0.001525,0.001765,-0.756620,-0.653851
83.150000,-12.474136,27.295844,1.997351,0.001043,0.001223,-0.760993,-0.648758
83.166667,-12.633618,27.269818,1.996933,0.000563,0.000670,-0.765568,-0.643355
83.183333,-12.792716,27.241310,1.996773,0.000087,0.000106,-0.770371,-0.637596
83.200000,-12.951411,27.210538,1.996835,-0.000379,-0.000466,-0.775345,-0.631537
83.216667,-13.109606,27.177103,1.997148,-0.000845,-0.001055,-0.780610,-0.625017
83.233333,-13.267229,27.140993,1.997698,-0.001296,-0.001647,-0.786000,-0.618223
83.250000,-13.424219,27.102076,1.998489,-0.001742,-0.002257,-0.791629,-0.610995
83.266667,-13.580419,27.060048,1.999535,-0.002172,-0.002869,-0.797342,-0.603518
83.283333,-13.735842,27.015116,2.000810,-0.002591,-0.003494,-0.803195,-0.595700
83.300000,-13.890231,26.966709,2.002353,-0.002995,-0.004125,-0.809130,-0.587608
83.316667,-14.043691,26.915350,2.004121,-0.003383,-0.004760,-0.815091,-0.579303
83.333333,-14.196006,26.860612,2.006143,-0.003758,-0.005407,-0.821140,-0.570690
83.350000,-14.347175,26.802762,2.008396,-0.004111,-0.006050,-0.827115,-0.561985
83.366667,-14.497094,26.741686,2.010887,-0.004451,-0.006705,-0.833132,-0.553016
83.383333,-14.645631,26.677307,2.013617,-0.004769,-0.007354,-0.839002,-0.544058
83.400000,-14.792822,26.609859,2.016567,-0.005071,-0.008009,-0.844841,-0.534933
83.416667,-14.938367,26.538920,2.019764,-0.005355,-0.008663,-0.850558,-0.525783
83.433333,-15.082439,26.465007,2.023171,-0.005622,-0.009317,-0.856158,-0.516599
83.450000,-15.224751,26.387732,2.026819,-0.005873,-0.009974,-0.861667,-0.507342
83.466667,-15.365442,26.307542,2.030679,-0.006105,-0.010625,-0.866988,-0.498179
83.483333,-15.504376,26.224328,2.034762,-0.006324,-0.011283,-0.872230,-0.488925
83.500000,-15.641518,26.138194,2.039064,-0.006526,-0.011931,-0.877246,-0.479848
83.516667,-15.776928,26.049351,2.043573,-0.006715,-0.012583,-0.882159,-0.470737
83.533333,-15.910376,25.957594,2.048308,-0.006887,-0.013229,-0.886882,-0.461754
83.550000,-16.042098,25.863373,2.053238,-0.007046,-0.013873,-0.891473,-0.452807
83.566667,-16.171762,25.766343,2.058393,-0.007192,-0.014517,-0.895941,-0.443877
83.583333,-16.299598,25.666926,2.063743,-0.007322,-0.015152,-0.900243,-0.435063
83.600000,-16.425407,25.564965,2.069301,-0.007441,-0.015792,-0.904474,-0.426171
83.616667,-16.549210,25.460590,2.075059,-0.007544,-0.016420,-0.908532,-0.417425
83.633333,-16.671022,25.353922,2.081010,-0.007635,-0.017052,-0.912522,-0.408602
83.650000,-16.790639,25.244831,2.087167,-0.007712,-0.017673,-0.916363,-0.399883
83.666667,-16.908282,25.133683,2.093500,-0.007776,-0.018292,-0.920115,-0.391144
83.683333,-17.023547,25.020174,2.100040,-0.007827,-0.018907,-0.923766,-0.382411
83.700000,-17.136771,24.904694,2.106754,-0.007865,-0.019513,-0.927291,-0.373749
83.716667,-17.247657,24.787105,2.113656,-0.007891,-0.020122,-0.930757,-0.364999
83.733333,-17.356323,24.667548,2.120737,-0.007904,-0.020716,-0.934079,-0.356377
83.750000,-17.462700,24.546121,2.127991,-0.007905,-0.021314,-0.937350,-0.347647
83.766667,-17.566684,24.422740,2.135425,-0.007894,-0.021897,-0.940482,-0.339045
83.783333,-17.668434,24.297716,2.143017,-0.007871,-0.022480,-0.943549,-0.330375
83.800000,-17.767619,24.170763,2.150792,-0.007837,-0.023054,-0.946515,-0.321738
83.816667,-17.864548,24.042316,2.158716,-0.007790,-0.023621,-0.949391,-0.313109
83.833333,-17.958856,23.912187,2.166807,-0.007732,-0.024186,-0.952199,-0.304421
83.850000,-18.050834,23.780542,2.175051,-0.007663,-0.024738,-0.954895,-0.295813
83.866667,-18.140241,23.647418,2.183448,-0.007582,-0.025291,-0.957550,-0.287056
83.883333,-18.227150,23.512804,2.191998,-0.007490,-0.025828,-0.960079,-0.278433
83.900000,-18.311532,23.376896,2.200688,-0.007386,-0.026366,-0.962571,-0.269642
83.916667,-18.393251,23.239536,2.209530,-0.007271,-0.026889,-0.964953,-0.260939
83.933333,-18.472487,23.101058,2.218499,-0.007144,-0.027411,-0.967284,-0.252111
83.950000,-18.548900,22.961178,2.227620,-0.007007,-0.027922,-0.969525,-0.243294
83.966667,-18.622832,22.820321,2.236857,-0.006857,-0.028426,-0.971699,-0.234405
83.983333,-18.693805,22.678317,2.246230,-0.006696,-0.028923,-0.973801,-0.225457
84.000000,-18.762280,22.535285,2.255722,-0.006525,-0.029411,-0.975820,-0.216488
84.016667,-18.827811,22.391267,2.265339,-0.006341,-0.029894,-0.977780,-0.207394
84.033333,-18.890704,22.246280,2.275074,-0.006147,-0.030364,-0.979647,-0.198324
84.050000,-18.950660,22.100458,2.284922,-0.005940,-0.030831,-0.981459,-0.189084
84.066667,-19.007843,21.953739,2.294887,-0.005724,-0.031284,-0.983174,-0.179880
84.083333,-19.062090,21.806331,2.304954,-0.005494,-0.031733,-0.984832,-0.170497
84.100000,-19.113442,21.658111,2.315133,-0.005255,-0.032169,-0.986395,-0.161126
84.116667,-19.161852,21.509343,2.325404,-0.005003,-0.032600,-0.987892,-0.151594
84.133333,-19.207257,21.359861,2.335783,-0.004741,-0.033019,-0.989297,-0.142050
84.150000,-19.249708,21.209967,2.346246,-0.004467,-0.033430,-0.990627,-0.132365
84.166667,-19.289063,21.059470,2.356811,-0.004183,-0.033830,-0.991865,-0.122643
84.183333,-19.325442,20.908696,2.367452,-0.003887,-0.034221,-0.993020,-0.112803
84.200000,-19.358652,20.757439,2.378189,-0.003581,-0.034600,-0.994084,-0.102898
84.216667,-19.388852,20.606040,2.388994,-0.003265,-0.034969,-0.995056,-0.092896
84.233333,-19.415832,20.454287,2.399889,-0.002937,-0.035329,-0.995937,-0.082786
84.250000,-19.439752,20.302524,2.410844,-0.002599,-0.035678,-0.996719,-0.072599
84.266667,-19.460426,20.150547,2.421881,-0.002248,-0.036019,-0.997408,-0.062253
84.283333,-19.477974,19.998695,2.432971,-0.001889,-0.036348,-0.997991,-0.051852
84.300000,-19.492259,19.846770,2.444136,-0.001514,-0.036671,-0.998475,-0.041234
84.316667,-19.503303,19.695109,2.455352,-0.001132,-0.036980,-0.998847,-0.030587
84.333333,-19.511079,19.543522,2.466637,-0.000734,-0.037283,-0.999111,-0.019663
84.350000,-19.515468,19.392349,2.477971,-0.000328,-0.037573,-0.999256,-0.008734
84.366667,-19.516613,19.241400,2.489367,0.000091,-0.037854,-0.999280,0.002414
84.383333,-19.514197,19.091032,2.500807,0.000514,-0.038120,-0.999182,0.013485
84.400000,-19.508597,18.941040,2.512302,0.000944,-0.038373,-0.998961,0.024562
84.416667,-19.499239,18.791818,2.523838,0.001373,-0.038612,-0.998622,0.035518
84.433333,-19.486780,18.643120,2.535419,0.001800,-0.038836,-0.998173,0.046257
84.450000,-19.470710,18.495071,2.547055,0.002225,-0.039049,-0.997617,0.056839
84.466667,-19.451797,18.347963,2.558707,0.002637,-0.039247,-0.996978,0.066989
84.483333,-19.429815,18.201592,2.570403,0.003046,-0.039438,-0.996250,0.076945
84.500000,-19.405153,18.056271,2.582112,0.003434,-0.039617,-0.995475,0.086297
84.516667,-19.377942,17.911724,2.593857,0.003812,-0.039791,-0.994646,0.095295
84.533333,-19.348208,17.768316,2.605615,0.004169,-0.039957,-0.993798,0.103686
84.550000,-19.316384,17.625683,2.617403,0.004509,-0.040116,-0.992933,0.111601
84.566667,-19.282169,17.483936,2.629232,0.004831,-0.040271,-0.992065,0.119006
84.583333,-19.246193,17.343290,2.641065,0.005132,-0.040419,-0.991211,0.125859
84.600000,-19.208366,17.203469,2.652929,0.005415,-0.040563,-0.990378,0.132202
84.616667,-19.168969,17.064762,2.664792,0.005674,-0.040702,-0.989586,0.137950
84.633333,-19.128243,16.926785,2.676675,0.005914,-0.040836,-0.988834,0.143197
84.650000,-19.086183,16.789904,2.688554,0.006128,-0.040965,-0.988148,0.147809
84.666667,-19.043130,16.653686,2.700447,0.006320,-0.041090,-0.987521,0.151899
84.683333,-18.999139,16.518123,2.712354,0.006490,-0.041210,-0.986965,0.155434
84.700000,-18.954464,16.383499,2.724246,0.006638,-0.041328,-0.986478,0.158458
84.716667,-18.909242,16.249419,2.736146,0.006769,-0.041443,-0.986053,0.161044
84.733333,-18.863527,16.115870,2.748058,0.006877,-0.041554,-0.985706,0.163123
84.750000,-18.817614,15.983120,2.759948,0.006969,-0.041664,-0.985418,0.164824
84.766667,-18.771479,15.850815,2.771840,0.007044,-0.041770,-0.985193,0.166135
84.783333,-18.725270,15.719276,2.783709,0.007102,-0.041873,-0.985028,0.167078
84.800000,-18.678997,15.588133,2.795577,0.007147,-0.041975,-0.984917,0.167708
84.816667,-18.632725,15.457364,2.807443,0.007178,-0.042071,-0.984857,0.168031
84.833333,-18.586643,15.327279,2.819277,0.007197,-0.042163,-0.984841,0.168106
84.850000,-18.540712,15.197519,2.831104,0.007206,-0.042252,-0.984859,0.167973
84.866667,-18.495002,15.068060,2.842924,0.007207,-0.042336,-0.984908,0.167669
84.883333,-18.449722,14.939209,2.854706,0.007202,-0.042414,-0.984975,0.167253
84.900000,-18.404785,14.810620,2.866476,0.007193,-0.042489,-0.985055,0.166759
84.916667,-18.360201,14.682290,2.878233,0.007181,-0.042557,-0.985141,0.166236
84.933333,-18.316068,14.554571,2.889945,0.007169,-0.042620,-0.985225,0.165724
84.950000,-18.272198,14.427145,2.901641,0.007159,-0.042678,-0.985299,0.165268
84.966667,-18.228556,14.300026,2.913318,0.007152,-0.042730,-0.985355,0.164918
84.983333,-18.185115,14.173225,2.924978,0.007149,-0.042775,-0.985390,0.164699
85.000000,-18.141940,14.047105,2.936584,0.007153,-0.042815,-0.985401,0.164625
85.016667,-18.098878,13.921334,2.948168,0.007162,-0.042848,-0.985385,0.164707
85.033333,-18.055889,13.795927,2.959729,0.007176,-0.042876,-0.985349,0.164918
85.050000,-18.013053,13.671246,2.971234,0.007195,-0.042899,-0.985292,0.165252
85.066667,-17.970224,13.546952,2.982711,0.007218,-0.042915,-0.985214,0.165709
85.083333,-17.927376,13.423055,2.994161,0.007246,-0.042925,-0.985116,0.166286
85.100000,-17.884584,13.299922,3.005550,0.007277,-0.042931,-0.985001,0.166965
85.116667,-17.841733,13.177201,3.016908,0.007312,-0.042931,-0.984869,0.167739
85.133333,-17.798806,13.054900,3.028235,0.007350,-0.042925,-0.984722,0.168601
85.150000,-17.755776,12.933028,3.039529,0.007391,-0.042914,-0.984557,0.169561
85.166667,-17.712726,12.811950,3.050756,0.007435,-0.042898,-0.984377,0.170604
85.183333,-17.669545,12.691312,3.061948,0.007481,-0.042877,-0.984184,0.171719
85.200000,-17.626217,12.571122,3.073104,0.007530,-0.042850,-0.983974,0.172920
85.216667,-17.582718,12.451389,3.084222,0.007583,-0.042818,-0.983744,0.174230
85.233333,-17.539123,12.332481,3.095268,0.007640,-0.042781,-0.983496,0.175636
85.250000,-17.495326,12.214043,3.106275,0.007699,-0.042739,-0.983230,0.177124
85.266667,-17.451305,12.096084,3.117241,0.007762,-0.042692,-0.982944,0.178710
85.283333,-17.407037,11.978613,3.128165,0.007828,-0.042640,-0.982638,0.180399
85.300000,-17.362452,11.861659,3.139046,0.007899,-0.042582,-0.982304,0.182218
85.316667,-17.317684,11.745569,3.149851,0.007973,-0.042520,-0.981950,0.184126
85.333333,-17.272599,11.629998,3.160611,0.008051,-0.042452,-0.981572,0.186144
85.350000,-17.227173,11.514958,3.171326,0.008132,-0.042380,-0.981169,0.188270
85.366667,-17.181387,11.400457,3.181995,0.008217,-0.042302,-0.980740,0.190506
85.383333,-17.135155,11.286534,3.192616,0.008305,-0.042219,-0.980285,0.192844
85.400000,-17.088649,11.173519,3.203155,0.008398,-0.042131,-0.979803,0.195296
85.416667,-17.041720,11.061076,3.213646,0.008493,-0.042038,-0.979293,0.197855
85.433333,-16.994351,10.949217,3.224088,0.008592,-0.041940,-0.978754,0.200520
85.450000,-16.946521,10.837951,3.234479,0.008695,-0.041837,-0.978186,0.203290
85.466667,-16.898178,10.727306,3.244818,0.008799,-0.041730,-0.977593,0.206138
85.483333,-16.849436,10.617634,3.255072,0.008907,-0.041619,-0.976971,0.209085
85.500000,-16.800180,10.508591,3.265275,0.009019,-0.041502,-0.976311,0.212163
85.516667,-16.750391,10.400189,3.275425,0.009134,-0.041380,-0.975618,0.215345
85.533333,-16.700053,10.292439,3.285522,0.009251,-0.041253,-0.974892,0.218627
85.550000,-16.649150,10.185354,3.295564,0.009371,-0.041121,-0.974136,0.221991
85.566667,-16.597657,10.078951,3.305551,0.009492,-0.040986,-0.973353,0.225420
85.583333,-16.545652,9.973598,3.315450,0.009615,-0.040845,-0.972537,0.228933
85.600000,-16.493039,9.868947,3.325293,0.009740,-0.040700,-0.971689,0.232528
85.616667,-16.439806,9.765009,3.335079,0.009867,-0.040550,-0.970804,0.236215
85.633333,-16.385948,9.661793,3.344807,0.009995,-0.040394,-0.969883,0.239989
85.650000,-16.331459,9.559310,3.354478,0.010125,-0.040235,-0.968931,0.243826
85.666667,-16.276334,9.457567,3.364091,0.010254,-0.040072,-0.967957,0.247685
85.683333,-16.220570,9.356574,3.373645,0.010383,-0.039906,-0.966952,0.251600
85.700000,-16.164128,9.256360,3.383138,0.010513,-0.039735,-0.965917,0.255570
85.716667,-16.107171,9.157242,3.392542,0.010644,-0.039560,-0.964849,0.259592
85.733333,-16.049569,9.058900,3.401887,0.010774,-0.039381,-0.963750,0.263666
85.750000,-15.991316,8.961342,3.411171,0.010904,-0.039197,-0.962618,0.267790
85.766667,-15.932411,8.864579,3.420395,0.011034,-0.039009,-0.961453,0.271963
85.783333,-15.872850,8.768619,3.429557,0.011164,-0.038818,-0.960261,0.276167
85.800000,-15.812633,8.673473,3.438658,0.011293,-0.038623,-0.959037,0.280408
85.816667,-15.751757,8.579149,3.447697,0.011421,-0.038425,-0.957781,0.284692
85.833333,-15.690225,8.485656,3.456673,0.011549,-0.038222,-0.956491,0.289016
85.850000,-15.628035,8.393002,3.465587,0.011676,-0.038015,-0.955169,0.293377
85.866667,-15.565187,8.301198,3.474438,0.011803,-0.037805,-0.953814,0.297776
85.883333,-15.501827,8.210557,3.483198,0.011928,-0.037591,-0.952426,0.302209
85.900000,-15.437820,8.120775,3.491894,0.012052,-0.037374,-0.951004,0.306676
85.916667,-15.373169,8.031860,3.500527,0.012175,-0.037152,-0.949548,0.311175
85.933333,-15.307876,7.943820,3.509096,0.012297,-0.036927,-0.948058,0.315708
85.950000,-15.241944,7.856664,3.517601,0.012417,-0.036698,-0.946533,0.320273
85.966667,-15.175374,7.770399,3.526042,0.012536,-0.036468,-0.944984,0.324837
85.983333,-15.108169,7.685033,3.534419,0.012653,-0.036234,-0.943397,0.329437
86.000000,-15.040333,7.600576,3.542731,0.012769,-0.035996,-0.941773,0.334074
86.016667,-14.971868,7.517035,3.550977,0.012884,-0.035755,-0.940109,0.338748
86.033333,-14.902775,7.434420,3.559158,0.012997,-0.035511,-0.938406,0.343460
86.050000,-14.833057,7.352742,3.567274,0.013109,-0.035263,-0.936661,0.348212
86.066667,-14.762713,7.272010,3.575324,0.013220,-0.035012,-0.934873,0.353004
86.083333,-14.691747,7.192236,3.583309,0.013330,-0.034757,-0.933041,0.357838
86.100000,-14.620160,7.113430,3.591228,0.013438,-0.034499,-0.931165,0.362713
86.116667,-14.547955,7.035603,3.599082,0.013545,-0.034238,-0.929243,0.367630
86.133333,-14.475133,6.958765,3.606869,0.013651,-0.033973,-0.927274,0.372589
86.150000,-14.401697,6.882927,3.614591,0.013755,-0.033705,-0.925258,0.377588
86.166667,-14.327652,6.808101,3.622246,0.013857,-0.033433,-0.923193,0.382628
86.183333,-14.252999,6.734296,3.629834,0.013957,-0.033158,-0.921080,0.387708
86.200000,-14.177743,6.661524,3.637356,0.014056,-0.032880,-0.918917,0.392827
86.216667,-14.101888,6.589796,3.644811,0.014152,-0.032598,-0.916703,0.397986
86.233333,-14.025438,6.519122,3.652198,0.014247,-0.032314,-0.914437,0.403184
86.250000,-13.948397,6.449515,3.659519,0.014340,-0.032026,-0.912119,0.408420
86.266667,-13.870771,6.380985,3.666772,0.014431,-0.031736,-0.909748,0.413695
86.283333,-13.792563,6.313543,3.673958,0.014520,-0.031442,-0.907321,0.419009
86.300000,-13.713780,6.247203,3.681078,0.014607,-0.031146,-0.904840,0.424361
86.316667,-13.634426,6.181974,3.688131,0.014692,-0.030848,-0.902301,0.429750
86.333333,-13.554508,6.117870,3.695117,0.014775,-0.030546,-0.899705,0.435178
86.350000,-13.474030,6.054902,3.702036,0.014855,-0.030242,-0.897050,0.440643
86.366667,-13.392999,5.993083,3.708888,0.014933,-0.029934,-0.894336,0.446143
86.383333,-13.311422,5.932424,3.715673,0.015008,-0.029624,-0.891565,0.451673
86.400000,-13.229306,5.872938,3.722390,0.015080,-0.029311,-0.888737,0.457230
86.416667,-13.146657,5.814636,3.729041,0.015148,-0.028995,-0.885855,0.462808
86.433333,-13.063483,5.757531,3.735623,0.015214,-0.028677,-0.882918,0.468403
86.450000,-12.979795,5.701633,3.742139,0.015276,-0.028357,-0.879930,0.474011
86.466667,-12.895605,5.646945,3.748586,0.015334,-0.028035,-0.876891,0.479626
86.483333,-12.810926,5.593472,3.754967,0.015389,-0.027712,-0.873803,0.485246
86.500000,-12.725773,5.541219,3.761280,0.015440,-0.027386,-0.870668,0.490866
86.516667,-12.640157,5.490188,3.767526,0.015487,-0.027060,-0.867487,0.496482
86.533333,-12.554092,5.440386,3.773706,0.015530,-0.026732,-0.864261,0.502093
86.550000,-12.467591,5.391816,3.779818,0.015569,-0.026403,-0.860990,0.507698
86.566667,-12.380667,5.344484,3.785864,0.015604,-0.026073,-0.857673,0.513298
86.583333,-12.293332,5.298393,3.791844,0.015635,-0.025742,-0.854309,0.518892
86.600000,-12.205599,5.253548,3.797757,0.015662,-0.025409,-0.850902,0.524476
86.616667,-12.117480,5.209955,3.803603,0.015684,-0.025076,-0.847456,0.530041
86.633333,-12.028989,5.167618,3.809383,0.015700,-0.024741,-0.843976,0.535579
86.650000,-11.940138,5.126543,3.815097,0.015712,-0.024405,-0.840468,0.541083
86.666667,-11.850940,5.086731,3.820744,0.015718,-0.024068,-0.836928,0.546557
86.683333,-11.761414,5.048176,3.826325,0.015718,-0.023729,-0.833352,0.552009
86.700000,-11.671578,5.010867,3.831839,0.015712,-0.023389,-0.829765,0.557402
86.716667,-11.581453,4.974787,3.837287,0.015700,-0.023050,-0.826172,0.562728
86.733333,-11.491057,4.939924,3.842668,0.015681,-0.022710,-0.822579,0.567981
86.750000,-11.400396,4.906295,3.847981,0.015656,-0.022371,-0.818993,0.573153
86.766667,-11.309304,4.873844,3.853235,0.015624,-0.022033,-0.815416,0.578245
86.783333,-11.217997,4.842574,3.858422,0.015586,-0.021695,-0.811849,0.583256
86.800000,-11.126490,4.812472,3.863542,0.015542,-0.021359,-0.808292,0.588189
86.816667,-11.034799,4.783525,3.868595,0.015493,-0.021023,-0.804745,0.593047
86.833333,-10.942937,4.755719,3.873582,0.015437,-0.020689,-0.801217,0.597817
86.850000,-10.850920,4.729041,3.878502,0.015376,-0.020358,-0.797711,0.602500
86.866667,-10.758760,4.703477,3.883355,0.015310,-0.020027,-0.794212,0.607118
86.883333,-10.666470,4.679015,3.888142,0.015238,-0.019698,-0.790719,0.611673
86.900000,-10.574062,4.655642,3.892863,0.015160,-0.019367,-0.787205,0.616201
86.916667,-10.481547,4.633350,3.897517,0.015077,-0.019036,-0.783682,0.620688
86.933333,-10.388934,4.612129,3.902106,0.014988,-0.018705,-0.780158,0.625123
86.950000,-10.296233,4.591973,3.906628,0.014894,-0.018375,-0.776633,0.629509
86.966667,-10.203453,4.572874,3.911084,0.014795,-0.018046,-0.773105,0.633849
86.983333,-10.110589,4.554902,3.915470,0.014691,-0.017717,-0.769572,0.638145
87.000000,-10.017527,4.537976,3.919793,0.014582,-0.017388,-0.766033,0.642400
87.016667,-9.924417,4.522092,3.924050,0.014467,-0.017060,-0.762488,0.646615
87.033333,-9.831269,4.507242,3.928240,0.014348,-0.016733,-0.758938,0.650790
87.050000,-9.738090,4.493420,3.932364,0.014224,-0.016406,-0.755381,0.654926
87.066667,-9.644888,4.480619,3.936420,0.014096,-0.016082,-0.751845,0.658993
87.083333,-9.551670,4.468832,3.940409,0.013962,-0.015757,-0.748288,0.663040
87.100000,-9.458443,4.458055,3.944332,0.013823,-0.015432,-0.744701,0.667076
87.116667,-9.365214,4.448280,3.948187,0.013679,-0.015107,-0.741106,0.671079
87.133333,-9.271989,4.439502,3.951976,0.013531,-0.014783,-0.737500,0.675050
87.150000,-9.178776,4.431717,3.955698,0.013378,-0.014459,-0.733883,0.678991
87.166667,-9.085575,4.424980,3.959349,0.013220,-0.014136,-0.730253,0.682903
87.183333,-8.992302,4.419278,3.962932,0.013057,-0.013814,-0.726609,0.686788
87.200000,-8.899066,4.414562,3.966448,0.012890,-0.013493,-0.722951,0.690648
87.216667,-8.805870,4.410830,3.969896,0.012719,-0.013173,-0.719276,0.694483
87.233333,-8.712722,4.408077,3.973277,0.012542,-0.012853,-0.715584,0.698295
87.250000,-8.619626,4.406303,3.976590,0.012362,-0.012535,-0.711881,0.702079
87.266667,-8.526587,4.405505,3.979834,0.012176,-0.012216,-0.708147,0.705854
87.283333,-8.433612,4.405680,3.983011,0.011986,-0.011898,-0.704395,0.709607
87.300000,-8.340705,4.406828,3.986119,0.011791,-0.011581,-0.700623,0.713340
87.316667,-8.247871,4.408947,3.989160,0.011592,-0.011265,-0.696832,0.717053
87.333333,-8.155118,4.412079,3.992128,0.011388,-0.010950,-0.693018,0.720747
87.350000,-8.062403,4.416262,3.995024,0.011181,-0.010637,-0.689180,0.724426
87.366667,-7.969785,4.421414,3.997851,0.010970,-0.010325,-0.685316,0.728090
87.383333,-7.877269,4.427534,4.000609,0.010755,-0.010016,-0.681424,0.731741
87.400000,-7.784860,4.434623,4.003297,0.010537,-0.009708,-0.677501,0.735382
87.416667,-7.692562,4.442683,4.005916,0.010316,-0.009401,-0.673529,0.739029
87.433333,-7.600382,4.451720,4.008467,0.010092,-0.009099,-0.669533,0.742658
87.450000,-7.508325,4.461735,4.010950,0.009867,-0.008799,-0.665500,0.746281
87.466667,-7.416396,4.472734,4.013365,0.009639,-0.008502,-0.661426,0.749900
87.483333,-7.324602,4.484720,4.015713,0.009409,-0.008208,-0.657311,0.753516
87.500000,-7.232961,4.497784,4.017988,0.009178,-0.007917,-0.653154,0.757128
87.516667,-7.141474,4.511892,4.020194,0.008944,-0.007630,-0.648953,0.760737
87.533333,-7.050149,4.527002,4.022332,0.008709,-0.007346,-0.644709,0.764343
87.550000,-6.958995,4.543118,4.024405,0.008471,-0.007065,-0.640420,0.767946
87.566667,-6.868026,4.560244,4.026412,0.008232,-0.006787,-0.636081,0.771548
87.583333,-6.777257,4.578384,4.028352,0.007990,-0.006511,-0.631679,0.775161
87.600000,-6.686705,4.597540,4.030227,0.007747,-0.006240,-0.627250,0.778755
87.616667,-6.596385,4.617715,4.032035,0.007503,-0.005972,-0.622775,0.782342
87.633333,-6.506313,4.638910,4.033778,0.007256,-0.005708,-0.618255,0.785924
87.650000,-6.416508,4.661139,4.035455,0.007008,-0.005448,-0.613688,0.789498
87.666667,-6.326995,4.684524,4.037059,0.006759,-0.005191,-0.609076,0.793066
87.683333,-6.237780,4.708936,4.038598,0.006507,-0.004937,-0.604418,0.796626
87.700000,-6.148878,4.734375,4.040072,0.006254,-0.004687,-0.599712,0.800177
87.716667,-6.060306,4.760842,4.041482,0.006000,-0.004441,-0.594960,0.803720
87.733333,-5.972080,4.788337,4.042827,0.005742,-0.004197,-0.590121,0.807283
87.750000,-5.884217,4.816861,4.044108,0.005484,-0.003959,-0.585265,0.810814
87.766667,-5.796734,4.846413,4.045325,0.005225,-0.003724,-0.580360,0.814335
87.783333,-5.709647,4.876994,4.046478,0.004964,-0.003493,-0.575403,0.817847
87.800000,-5.622973,4.908603,4.047568,0.004702,-0.003265,-0.570399,0.821348
87.816667,-5.536767,4.941336,4.048590,0.004438,-0.003042,-0.565353,0.824832
87.833333,-5.450985,4.975164,4.049545,0.004173,-0.002823,-0.560276,0.828291
87.850000,-5.365670,5.010022,4.050438,0.003906,-0.002607,-0.555180,0.831717
87.866667,-5.280840,5.045908,4.051269,0.003637,-0.002396,-0.550077,0.835103
87.883333,-5.196511,5.082816,4.052037,0.003365,-0.002187,-0.544942,0.838464
87.900000,-5.112692,5.120728,4.052743,0.003092,-0.001983,-0.539839,0.841760
87.916667,-5.029391,5.159620,4.053388,0.002819,-0.001784,-0.534790,0.844978
87.933333,-4.946613,5.199466,4.053971,0.002544,-0.001589,-0.529787,0.848125
87.950000,-4.864362,5.240240,4.054493,0.002268,-0.001399,-0.524842,0.851196
87.966667,-4.782678,5.281989,4.054949,0.001991,-0.001212,-0.519964,0.854185
87.983333,-4.701498,5.324708,4.055341,0.001714,-0.001030,-0.515158,0.857093
88.000000,-4.620855,5.368277,4.055673,0.001435,-0.000852,-0.510426,0.859920
88.016667,-4.540751,5.412674,4.055946,0.001155,-0.000677,-0.505767,0.862669
88.033333,-4.461187,5.457874,4.056158,0.000871,-0.000505,-0.501129,0.865372
88.050000,-4.382164,5.503855,4.056312,0.000588,-0.000337,-0.496591,0.867984
88.066667,-4.303684,5.550592,4.056406,0.000306,-0.000173,-0.492159,0.870505
88.083333,-4.225745,5.598064,4.056442,0.000024,-0.000013,-0.487801,0.872955
88.100000,-4.148347,5.646248,4.056421,-0.000259,0.000143,-0.483518,0.875334
88.116667,-4.071551,5.695216,4.056333,-0.000542,0.000296,-0.479311,0.877645
88.133333,-3.995228,5.744917,4.056187,-0.000825,0.000446,-0.475179,0.879889
88.150000,-3.919440,5.795262,4.055984,-0.001109,0.000592,-0.471124,0.882066
88.166667,-3.844186,5.846230,4.055724,-0.001395,0.000737,-0.467112,0.884197
88.183333,-3.769462,5.897800,4.055407,-0.001683,0.000880,-0.463154,0.886276
88.200000,-3.695264,5.949951,4.055034,-0.001968,0.001017,-0.459333,0.888261
88.216667,-3.621589,6.002661,4.054606,-0.002251,0.001152,-0.455599,0.890181
88.233333,-3.548432,6.055911,4.054122,-0.002535,0.001284,-0.451945,0.892041
88.250000,-3.475830,6.109735,4.053578,-0.002818,0.001414,-0.448372,0.893841
88.266667,-3.403676,6.164159,4.052975,-0.003101,0.001540,-0.444879,0.895584
88.283333,-3.332023,6.219059,4.052318,-0.003384,0.001665,-0.441467,0.897269
88.300000,-3.260864,6.274417,4.051608,-0.003669,0.001788,-0.438095,0.898919
88.316667,-3.190194,6.330215,4.050843,-0.003956,0.001910,-0.434793,0.900520
88.333333,-3.120006,6.386433,4.050026,-0.004239,0.002028,-0.431607,0.902049
88.350000,-3.050294,6.443053,4.049157,-0.004520,0.002144,-0.428522,0.903518
88.366667,-2.981051,6.500059,4.048235,-0.004801,0.002257,-0.425514,0.904936
88.383333,-2.912322,6.557493,4.047254,-0.005080,0.002369,-0.422584,0.906307
88.400000,-2.843966,6.615369,4.046218,-0.005359,0.002478,-0.419730,0.907630
88.416667,-2.776057,6.673579,4.045131,-0.005639,0.002587,-0.416933,0.908916
88.433333,-2.708587,6.732106,4.043994,-0.005921,0.002694,-0.414185,0.910169
88.450000,-2.641550,6.790934,4.042806,-0.006202,0.002801,-0.411514,0.911378
88.466667,-2.574938,6.850050,4.041569,-0.006479,0.002904,-0.408962,0.912524
88.483333,-2.508744,6.909437,4.040282,-0.006754,0.003005,-0.406492,0.913624
88.500000,-2.442986,6.969108,4.038943,-0.007027,0.003104,-0.404096,0.914684
88.516667,-2.377564,7.029147,4.037548,-0.007300,0.003203,-0.401774,0.915704
88.533333,-2.312534,7.089411,4.036104,-0.007573,0.003301,-0.399509,0.916692
88.550000,-2.247887,7.149887,4.034613,-0.007849,0.003398,-0.397298,0.917650
88.566667,-2.183617,7.210562,4.033074,-0.008124,0.003495,-0.395162,0.918569
88.583333,-2.119715,7.271422,4.031489,-0.008396,0.003590,-0.393119,0.919442
88.600000,-2.056172,7.332454,4.029858,-0.008663,0.003682,-0.391174,0.920269
88.616667,-1.993004,7.393669,4.028176,-0.008929,0.003774,-0.389298,0.921061
88.633333,-1.930103,7.455156,4.026440,-0.009194,0.003865,-0.387492,0.921819
88.650000,-1.867533,7.516775,4.024659,-0.009462,0.003956,-0.385730,0.922555
88.666667,-1.805289,7.578515,4.022833,-0.009730,0.004047,-0.384032,0.923260
88.683333,-1.743362,7.640366,4.020963,-0.009997,0.004138,-0.382405,0.923932
88.700000,-1.681744,7.702315,4.019050,-0.010260,0.004226,-0.380864,0.924565
88.716667,-1.620428,7.764352,4.017093,-0.010519,0.004314,-0.379409,0.925159
88.733333,-1.559441,7.826501,4.015084,-0.010776,0.004400,-0.378019,0.925725
88.750000,-1.498636,7.888826,4.013028,-0.011035,0.004487,-0.376681,0.926266
88.766667,-1.438107,7.951206,4.010930,-0.011295,0.004575,-0.375400,0.926783
88.783333,-1.377844,8.013630,4.008790,-0.011554,0.004662,-0.374187,0.927269
88.800000,-1.317841,8.076089,4.006609,-0.011811,0.004749,-0.373041,0.927727
88.816667,-1.258089,8.138572,4.004387,-0.012062,0.004834,-0.371987,0.928147
88.833333,-1.198599,8.201086,4.002119,-0.012310,0.004919,-0.370997,0.928539
88.850000,-1.139246,8.263730,3.999802,-0.012561,0.005004,-0.370058,0.928910
88.866667,-1.080118,8.326367,3.997445,-0.012813,0.005090,-0.369172,0.929259
88.883333,-1.021207,8.388989,3.995050,-0.013064,0.005176,-0.368344,0.929583
88.900000,-0.962506,8.451588,3.992615,-0.013312,0.005262,-0.367573,0.929885
88.916667,-0.904009,8.514157,3.990143,-0.013556,0.005347,-0.366870,0.930158
88.933333,-0.845725,8.576701,3.987626,-0.013796,0.005430,-0.366226,0.930408
88.950000,-0.787529,8.639325,3.985063,-0.014040,0.005516,-0.365622,0.930641
88.966667,-0.729518,8.701898,3.982463,-0.014283,0.005602,-0.365066,0.930855
88.983333,-0.671687,8.764412,3.979826,-0.014525,0.005687,-0.364558,0.931050
89.000000,-0.614029,8.826862,3.977153,-0.014765,0.005773,-0.364097,0.931226
89.016667,-0.556540,8.889240,3.974444,-0.014999,0.005857,-0.363693,0.931380
89.033333,-0.499224,8.951552,3.971690,-0.015233,0.005941,-0.363339,0.931513
89.050000,-0.441952,9.013901,3.968895,-0.015468,0.006028,-0.363029,0.931630
89.066667,-0.384830,9.076159,3.966065,-0.015702,0.006114,-0.362765,0.931728
89.083333,-0.327851,9.138321,3.963201,-0.015935,0.006200,-0.362547,0.931808
89.100000,-0.271011,9.200380,3.960303,-0.016166,0.006286,-0.362376,0.931871
89.116667,-0.214307,9.262333,3.957368,-0.016390,0.006371,-0.362257,0.931912
89.133333,-0.157618,9.324297,3.954387,-0.016618,0.006458,-0.362188,0.931935
89.150000,-0.101049,9.386140,3.951373,-0.016844,0.006546,-0.362164,0.931939
89.166667,-0.044595,9.447856,3.948327,-0.017069,0.006634,-0.362185,0.931926
89.183333,0.011749,9.509440,3.945250,-0.017292,0.006722,-0.362252,0.931896
89.200000,0.067987,9.570887,3.942140,-0.017511,0.006809,-0.362363,0.931848
89.216667,0.124247,9.632312,3.938983,-0.017731,0.006899,-0.362531,0.931777
89.233333,0.180415,9.693587,3.935795,-0.017949,0.006988,-0.362744,0.931690
89.250000,0.236496,9.754707,3.932576,-0.018166,0.007079,-0.363000,0.931585
89.266667,0.292493,9.815667,3.929328,-0.018381,0.007169,-0.363300,0.931463
89.283333,0.348412,9.876463,3.926051,-0.018594,0.007260,-0.363644,0.931324
89.300000,0.404274,9.937075,3.922734,-0.018806,0.007352,-0.364045,0.931162
89.316667,0.460187,9.997637,3.919380,-0.019016,0.007445,-0.364489,0.930984
89.333333,0.516039,10.058018,3.915999,-0.019224,0.007538,-0.364974,0.930789
89.350000,0.571834,10.118214,3.912589,-0.019430,0.007632,-0.365500,0.930577
89.366667,0.627577,10.178219,3.909152,-0.019637,0.007727,-0.366074,0.930346
89.383333,0.683415,10.238133,3.905669,-0.019840,0.007822,-0.366696,0.930096
89.400000,0.739212,10.297845,3.902159,-0.020041,0.007918,-0.367357,0.929830
89.416667,0.794972,10.357351,3.898623,-0.020241,0.008015,-0.368055,0.929549
89.433333,0.850698,10.416649,3.895061,-0.020439,0.008112,-0.368788,0.929253
89.450000,0.906402,10.475726,3.891470,-0.020639,0.008211,-0.369577,0.928934
89.466667,0.962225,10.534687,3.887838,-0.020834,0.008310,-0.370398,0.928602
89.483333,1.018028,10.593426,3.884180,-0.021028,0.008410,-0.371250,0.928257
89.500000,1.073812,10.651941,3.880498,-0.021219,0.008510,-0.372134,0.927897
89.516667,1.129579,10.710227,3.876792,-0.021410,0.008611,-0.373055,0.927522
89.533333,1.185361,10.768257,3.873054,-0.021603,0.008716,-0.374037,0.927121
89.550000,1.241271,10.826160,3.869279,-0.021790,0.008818,-0.375033,0.926714
89.566667,1.297177,10.883823,3.865482,-0.021975,0.008922,-0.376057,0.926293
89.583333,1.353081,10.941244,3.861662,-0.022159,0.009025,-0.377112,0.925859
89.600000,1.408990,10.998414,3.857817,-0.022345,0.009133,-0.378231,0.925396
89.616667,1.465071,11.055413,3.853931,-0.022528,0.009240,-0.379373,0.924923
89.633333,1.521159,11.112159,3.850023,-0.022706,0.009346,-0.380525,0.924445
89.650000,1.577259,11.168647,3.846093,-0.022883,0.009453,-0.381690,0.923959
89.666667,1.633370,11.224878,3.842142,-0.023061,0.009562,-0.382880,0.923461
89.683333,1.689539,11.280804,3.838161,-0.023241,0.009672,-0.384085,0.922954
89.700000,1.745864,11.336569,3.834148,-0.023414,0.009778,-0.385238,0.922468
89.716667,1.802202,11.392075,3.830113,-0.023585,0.009884,-0.386366,0.921991
89.733333,1.858547,11.447326,3.826059,-0.023757,0.009989,-0.387470,0.921522
89.750000,1.914913,11.502307,3.821980,-0.023934,0.010097,-0.388557,0.921059
89.766667,1.971418,11.557143,3.817865,-0.024105,0.010200,-0.389555,0.920631
89.783333,2.027903,11.611752,3.813731,-0.024273,0.010300,-0.390481,0.920233
89.800000,2.084361,11.666140,3.809579,-0.024441,0.010398,-0.391349,0.919859
89.816667,2.140796,11.720304,3.805405,-0.024615,0.010498,-0.392172,0.919503
89.833333,2.197338,11.774353,3.801194,-0.024786,0.010595,-0.392909,0.919182
89.850000,2.253830,11.828208,3.796965,-0.024952,0.010687,-0.393563,0.918897
89.866667,2.310265,11.881875,3.792718,-0.025118,0.010777,-0.394159,0.918636
89.883333,2.366641,11.935357,3.788453,-0.025291,0.010869,-0.394703,0.918396
89.900000,2.423089,11.988760,3.784150,-0.025461,0.010958,-0.395174,0.918188
89.916667,2.479457,12.042002,3.779830,-0.025626,0.011042,-0.395562,0.918015
89.933333,2.535740,12.095087,3.775493,-0.025791,0.011124,-0.395892,0.917867
89.950000,2.591936,12.148021,3.771139,-0.025963,0.011207,-0.396158,0.917747
89.966667,2.648164,12.200916,3.766748,-0.026134,0.011288,-0.396355,0.917656
89.983333,2.704286,12.253681,3.762341,-0.026298,0.011363,-0.396471,0.917600
90.000000,2.760298,12.306321,3.757918,-0.026463,0.011436,-0.396523,0.917572
90.016667,2.816193,12.358843,3.753478,-0.026635,0.011509,-0.396498,0.917577
90.033333,2.872079,12.411372,3.749003,-0.026805,0.011580,-0.396403,0.917612
90.050000,2.927829,12.463805,3.744512,-0.026969,0.011645,-0.396234,0.917679
90.066667,2.983439,12.516147,3.740007,-0.027136,0.011708,-0.395989,0.917779
90.083333,3.038900,12.568410,3.735484,-0.027308,0.011771,-0.395659,0.917916
90.100000,3.094309,12.620726,3.730927,-0.027478,0.011830,-0.395260,0.918082
90.116667,3.149555,12.672979,3.726357,-0.027642,0.011884,-0.394800,0.918274
90.133333,3.204635,12.725174,3.721773,-0.027812,0.011937,-0.394245,0.918507
90.150000,3.259526,12.777334,3.717168,-0.027984,0.011988,-0.393610,0.918773
90.166667,3.314330,12.829584,3.712535,-0.028153,0.012036,-0.392913,0.919066
90.183333,3.368945,12.881802,3.707888,-0.028317,0.012079,-0.392165,0.919379
90.200000,3.423369,12.933992,3.703228,-0.028489,0.012121,-0.391298,0.919743
90.216667,3.477557,12.986201,3.698545,-0.028661,0.012160,-0.390373,0.920130
90.233333,3.531632,13.038524,3.693838,-0.028829,0.012195,-0.389411,0.920532
90.250000,3.585495,13.090844,3.689117,-0.028995,0.012228,-0.388402,0.920952
90.266667,3.639139,13.143167,3.684385,-0.029167,0.012261,-0.387327,0.921399
90.283333,3.692601,13.195674,3.679618,-0.029337,0.012291,-0.386227,0.921855
90.300000,3.745838,13.248191,3.674840,-0.029500,0.012319,-0.385144,0.922302
90.316667,3.798853,13.300718,3.670050,-0.029668,0.012347,-0.384025,0.922763
90.333333,3.851622,13.353280,3.665243,-0.029836,0.012374,-0.382897,0.923226
90.350000,3.904240,13.405989,3.660408,-0.030003,0.012401,-0.381781,0.923682
90.366667,3.956647,13.458699,3.655562,-0.030162,0.012427,-0.380727,0.924112
90.383333,4.008846,13.511408,3.650706,-0.030327,0.012454,-0.379657,0.924546
90.400000,4.060789,13.564164,3.645828,-0.030491,0.012481,-0.378611,0.924969
90.416667,4.112621,13.617027,3.640927,-0.030650,0.012507,-0.377613,0.925372
90.433333,4.164257,13.669880,3.636017,-0.030810,0.012535,-0.376635,0.925764
90.450000,4.215682,13.722739,3.631092,-0.030970,0.012562,-0.375668,0.926151
90.466667,4.266971,13.775727,3.626139,-0.031130,0.012590,-0.374724,0.926528
90.483333,4.318074,13.828697,3.621175,-0.031283,0.012617,-0.373835,0.926882
90.500000,4.368995,13.881651,3.616202,-0.031441,0.012646,-0.372947,0.927234
90.516667,4.419692,13.934625,3.611209,-0.031597,0.012675,-0.372084,0.927575
90.533333,4.470297,13.987687,3.606194,-0.031750,0.012703,-0.371261,0.927899
90.550000,4.520728,14.040724,3.601170,-0.031902,0.012733,-0.370474,0.928207
90.566667,4.570974,14.093751,3.596132,-0.032055,0.012764,-0.369719,0.928503
90.583333,4.621112,14.146879,3.591067,-0.032206,0.012795,-0.369000,0.928783
90.600000,4.671090,14.199973,3.585993,-0.032353,0.012828,-0.368347,0.929037
90.616667,4.720914,14.253033,3.580910,-0.032502,0.012862,-0.367738,0.929272
90.633333,4.770556,14.306084,3.575806,-0.032648,0.012897,-0.367177,0.929489
90.650000,4.820146,14.359183,3.570683,-0.032792,0.012933,-0.366676,0.929681
90.666667,4.869604,14.412229,3.565552,-0.032935,0.012973,-0.366252,0.929842
90.683333,4.918924,14.465232,3.560405,-0.033076,0.013013,-0.365884,0.929981
90.700000,4.968202,14.518271,3.555235,-0.033216,0.013055,-0.365570,0.930099
90.716667,5.017371,14.571242,3.550056,-0.033353,0.013100,-0.365345,0.930182
90.733333,5.066435,14.624145,3.544867,-0.033489,0.013147,-0.365179,0.930242
90.750000,5.115477,14.677065,3.539650,-0.033624,0.013195,-0.365066,0.930281
90.766667,5.164434,14.729900,3.534426,-0.033756,0.013245,-0.365027,0.930290
90.783333,5.213308,14.782651,3.529193,-0.033887,0.013298,-0.365061,0.930272
90.800000,5.262111,14.835309,3.523942,-0.034016,0.013352,-0.365147,0.930233
90.816667,5.310928,14.887951,3.518672,-0.034144,0.013409,-0.365293,0.930169
90.833333,5.359685,14.940493,3.513394,-0.034270,0.013468,-0.365523,0.930074
90.850000,5.408396,14.992925,3.508102,-0.034393,0.013529,-0.365802,0.929958
90.866667,5.457148,15.045317,3.502789,-0.034516,0.013591,-0.366130,0.929824
90.883333,5.505861,15.097596,3.497467,-0.034637,0.013657,-0.366546,0.929654
90.900000,5.554545,15.149754,3.492135,-0.034756,0.013724,-0.367009,0.929467
90.916667,5.603302,15.201841,3.486778,-0.034873,0.013792,-0.367516,0.929261
90.933333,5.652038,15.253804,3.481414,-0.034991,0.013864,-0.368102,0.929023
90.950000,5.700755,15.305642,3.476042,-0.035104,0.013937,-0.368736,0.928766
90.966667,5.749510,15.357306,3.470650,-0.035217,0.014011,-0.369412,0.928492
90.983333,5.798329,15.408906,3.465243,-0.035330,0.014090,-0.370160,0.928189
91.000000,5.847148,15.460372,3.459829,-0.035439,0.014168,-0.370957,0.927865
91.016667,5.896018,15.511655,3.454398,-0.035547,0.014249,-0.371793,0.927525
91.033333,5.944979,15.562849,3.448949,-0.035656,0.014333,-0.372700,0.927156
91.050000,5.993957,15.613898,3.443493,-0.035760,0.014418,-0.373655,0.926766
91.066667,6.042996,15.664760,3.438022,-0.035862,0.014504,-0.374648,0.926360
91.083333,6.092157,15.715501,3.432532,-0.035965,0.014593,-0.375702,0.925928
91.100000,6.141350,15.766088,3.427035,-0.036066,0.014685,-0.376825,0.925466
91.116667,6.190612,15.816487,3.421525,-0.036163,0.014777,-0.377974,0.924992
91.133333,6.240028,15.866732,3.415994,-0.036259,0.014871,-0.379169,0.924497
91.150000,6.289492,15.916812,3.410456,-0.036356,0.014970,-0.380459,0.923962
91.166667,6.339028,15.966706,3.404907,-0.036448,0.015068,-0.381755,0.923422
91.183333,6.388752,16.016410,3.399336,-0.036538,0.015167,-0.383084,0.922866
91.200000,6.438540,16.065938,3.393758,-0.036630,0.015272,-0.384518,0.922264
91.216667,6.488401,16.115284,3.388172,-0.036717,0.015375,-0.385940,0.921665
91.233333,6.538483,16.164403,3.382561,-0.036803,0.015479,-0.387388,0.921052
91.250000,6.588639,16.213342,3.376943,-0.036890,0.015589,-0.388939,0.920393
91.266667,6.638871,16.262101,3.371318,-0.036973,0.015696,-0.390465,0.919741
91.283333,6.689289,16.310568,3.365674,-0.037054,0.015805,-0.392011,0.919078
91.300000,6.739844,16.358891,3.360017,-0.037138,0.015919,-0.393659,0.918368
91.316667,6.790482,16.407032,3.354352,-0.037216,0.016030,-0.395270,0.917671
91.333333,6.841308,16.454882,3.348669,-0.037294,0.016142,-0.396898,0.916963
91.350000,6.892289,16.502565,3.342973,-0.037373,0.016260,-0.398628,0.916206
91.366667,6.943362,16.550062,3.337268,-0.037448,0.016376,-0.400325,0.915462
91.383333,6.994623,16.597272,3.331547,-0.037521,0.016491,-0.402034,0.914707
91.400000,7.046057,16.644290,3.325811,-0.037596,0.016613,-0.403837,0.913907
91.416667,7.097593,16.691117,3.320067,-0.037666,0.016732,-0.405627,0.913109
91.433333,7.149316,16.737661,3.314308,-0.037735,0.016852,-0.407417,0.912307
91.450000,7.201230,16.783988,3.308532,-0.037805,0.016976,-0.409292,0.911462
91.466667,7.253255,16.830119,3.302748,-0.037871,0.017100,-0.411176,0.910609
91.483333,7.305466,16.875971,3.296951,-0.037935,0.017223,-0.413044,0.909758
91.500000,7.357887,16.921580,3.291136,-0.038000,0.017351,-0.414991,0.908866
91.516667,7.410426,16.966989,3.285313,-0.038062,0.017480,-0.416965,0.907957
91.533333,7.463151,17.012121,3.279477,-0.038122,0.017606,-0.418911,0.907056
91.550000,7.516103,17.056985,3.273623,-0.038181,0.017737,-0.420927,0.906117
91.566667,7.569181,17.101644,3.267761,-0.038240,0.017870,-0.422990,0.905151
91.583333,7.622446,17.146029,3.261886,-0.038295,0.018000,-0.425011,0.904199
91.600000,7.675952,17.190120,3.255993,-0.038350,0.018134,-0.427094,0.903212
91.616667,7.729591,17.234002,3.250091,-0.038404,0.018272,-0.429245,0.902186
91.633333,7.783418,17.277613,3.244177,-0.038456,0.018406,-0.431339,0.901182
91.650000,7.837501,17.320903,3.238244,-0.038506,0.018544,-0.433488,0.900145
91.666667,7.891725,17.363979,3.232302,-0.038556,0.018686,-0.435725,0.899059
91.683333,7.946136,17.406786,3.226348,-0.038603,0.018824,-0.437893,0.898001
91.700000,8.000816,17.449246,3.220375,-0.038649,0.018965,-0.440107,0.896913
91.716667,8.055646,17.491486,3.214393,-0.038695,0.019112,-0.442430,0.895764
91.733333,8.110664,17.533461,3.208398,-0.038737,0.019253,-0.444671,0.894649
91.750000,8.165963,17.575059,3.202385,-0.038777,0.019397,-0.446950,0.893508
91.766667,8.221420,17.616432,3.196362,-0.038818,0.019549,-0.449359,0.892293
91.783333,8.277065,17.657542,3.190327,-0.038855,0.019694,-0.451672,0.891120
91.800000,8.333004,17.698247,3.184273,-0.038890,0.019841,-0.454015,0.889924
91.816667,8.389108,17.738719,3.178208,-0.038925,0.019997,-0.456512,0.888641
91.833333,8.445399,17.778931,3.172133,-0.038957,0.020145,-0.458900,0.887405
91.850000,8.501996,17.818707,3.166038,-0.038986,0.020295,-0.461310,0.886150
91.866667,8.558760,17.858240,3.159933,-0.039016,0.020456,-0.463898,0.884793
91.883333,8.615702,17.897511,3.153818,-0.039042,0.020609,-0.466366,0.883489
91.900000,8.672963,17.936311,3.147684,-0.039067,0.020763,-0.468853,0.882168
91.916667,8.730390,17.974853,3.141540,-0.039091,0.020929,-0.471533,0.880733
91.933333,8.787985,18.013130,3.135386,-0.039112,0.021086,-0.474086,0.879357
91.950000,8.845911,18.050899,3.129214,-0.039131,0.021245,-0.476658,0.877961
91.966667,8.904003,18.088394,3.123032,-0.039149,0.021415,-0.479430,0.876445
91.983333,8.962257,18.125613,3.116841,-0.039165,0.021578,-0.482070,0.874991
92.000000,9.020834,18.162293,3.110633,-0.039178,0.021741,-0.484730,0.873515
92.016667,9.079590,18.198684,3.104415,-0.039191,0.021916,-0.487595,0.871914
92.033333,9.138505,18.234783,3.098188,-0.039200,0.022083,-0.490322,0.870379
92.050000,9.197735,18.270327,3.091945,-0.039207,0.022251,-0.493068,0.868822
92.066667,9.257152,18.305555,3.085692,-0.039212,0.022430,-0.496020,0.867135
92.083333,9.316725,18.340477,3.079431,-0.039215,0.022601,-0.498836,0.865514
92.100000,9.376603,18.374827,3.073155,-0.039215,0.022773,-0.501665,0.863872
92.116667,9.436674,18.408834,3.066869,-0.039212,0.022956,-0.504699,0.862099
92.133333,9.496899,18.442519,3.060576,-0.039208,0.023132,-0.507609,0.860384
92.150000,9.557417,18.475617,3.054269,-0.039200,0.023307,-0.510522,0.858654
92.166667,9.618135,18.508344,3.047952,-0.039190,0.023495,-0.513644,0.856786
92.183333,9.679000,18.540735,3.041628,-0.039178,0.023675,-0.516654,0.854970
92.200000,9.740149,18.572520,3.035293,-0.039164,0.023855,-0.519660,0.853141
92.216667,9.801501,18.603907,3.028947,-0.039147,0.024048,-0.522881,0.851167
92.233333,9.862997,18.634939,3.022596,-0.039128,0.024235,-0.526001,0.849238
92.250000,9.924769,18.665341,3.016232,-0.039108,0.024421,-0.529111,0.847299
92.266667,9.986747,18.695314,3.009859,-0.039083,0.024621,-0.532442,0.845205
92.283333,10.048865,18.724913,3.003479,-0.039058,0.024815,-0.535682,0.843151
92.300000,10.111250,18.753851,2.997089,-0.039031,0.025008,-0.538905,0.841090
92.316667,10.173843,18.782331,2.990687,-0.039000,0.025215,-0.542356,0.838864
92.333333,10.236571,18.810418,2.984281,-0.038967,0.025416,-0.545717,0.836677
92.350000,10.299557,18.837812,2.977864,-0.038932,0.025615,-0.549053,0.834487
92.366667,10.362750,18.864720,2.971436,-0.038892,0.025829,-0.552624,0.832122
92.383333,10.426070,18.891214,2.965004,-0.038851,0.026037,-0.556104,0.829796
92.400000,10.489640,18.916982,2.958561,-0.038807,0.026242,-0.559550,0.827471
92.416667,10.553413,18.942236,2.952108,-0.038757,0.026461,-0.563241,0.824959
92.433333,10.617304,18.967056,2.945652,-0.038705,0.026674,-0.566832,0.822491
92.450000,10.681434,18.991114,2.939186,-0.038651,0.026884,-0.570382,0.820029
92.466667,10.745761,19.014633,2.932710,-0.038590,0.027108,-0.574176,0.817372
92.483333,10.810197,19.037700,2.926231,-0.038529,0.027325,-0.577845,0.814779
92.500000,10.874859,19.059962,2.919744,-0.038466,0.027537,-0.581454,0.812203
92.516667,10.939708,19.081667,2.913248,-0.038395,0.027764,-0.585297,0.809433
92.533333,11.004653,19.102905,2.906750,-0.038326,0.027981,-0.588982,0.806752
92.550000,11.069806,19.123309,2.900244,-0.038255,0.028193,-0.592591,0.804101
92.566667,11.135124,19.143167,2.893730,-0.038178,0.028419,-0.596428,0.801254
92.583333,11.200522,19.162560,2.887214,-0.038104,0.028634,-0.600070,0.798526
92.600000,11.266100,19.181110,2.880691,-0.038029,0.028844,-0.603624,0.795839
92.616667,11.331824,19.199132,2.874160,-0.037948,0.029068,-0.607406,0.792952
92.633333,11.397608,19.216693,2.867628,-0.037870,0.029280,-0.610963,0.790211
92.650000,11.463549,19.233396,2.861088,-0.037793,0.029487,-0.614437,0.787509
92.666667,11.529613,19.249595,2.854541,-0.037709,0.029709,-0.618153,0.784590
92.683333,11.595721,19.265338,2.847994,-0.037629,0.029918,-0.621623,0.781840
92.700000,11.661962,19.280203,2.841440,-0.037549,0.030123,-0.625035,0.779111
92.716667,11.728305,19.294593,2.834878,-0.037462,0.030344,-0.628680,0.776168
92.733333,11.794675,19.308532,2.828316,-0.037381,0.030549,-0.632065,0.773410
92.750000,11.861155,19.321569,2.821747,-0.037298,0.030754,-0.635426,0.770647
92.766667,11.927718,19.334163,2.815172,-0.037209,0.030972,-0.638996,0.767685
92.783333,11.994295,19.346289,2.808596,-0.037126,0.031174,-0.642290,0.764927
92.800000,12.061024,19.357543,2.802007,-0.037041,0.031377,-0.645595,0.762135
92.816667,12.127749,19.368356,2.795418,-0.036950,0.031591,-0.649064,0.759179
92.833333,12.194477,19.378667,2.788829,-0.036866,0.031787,-0.652236,0.756451
92.850000,12.261326,19.388151,2.782227,-0.036779,0.031986,-0.655451,0.753663
92.866667,12.328155,19.397209,2.775626,-0.036687,0.032192,-0.658770,0.750759
92.883333,12.394975,19.405736,2.769025,-0.036602,0.032380,-0.661797,0.748088
92.900000,12.461885,19.413516,2.762413,-0.036514,0.032572,-0.664885,0.745341
92.916667,12.528757,19.420891,2.755803,-0.036423,0.032767,-0.668011,0.742537
92.933333,12.595606,19.427718,2.749192,-0.036339,0.032946,-0.670863,0.739957
92.950000,12.662518,19.433881,2.742572,-0.036251,0.033129,-0.673795,0.737285
92.966667,12.729379,19.439663,2.735955,-0.036162,0.033312,-0.676703,0.734612
92.983333,12.796202,19.444878,2.729338,-0.036080,0.033480,-0.679374,0.732140
93.000000,12.863065,19.449514,2.722712,-0.035994,0.033655,-0.682148,0.729552
93.016667,12.929865,19.453792,2.716089,-0.035910,0.033827,-0.684843,0.727019
93.033333,12.996611,19.457483,2.709467,-0.035831,0.033986,-0.687338,0.724657
93.050000,13.063380,19.460680,2.702836,-0.035748,0.034154,-0.689960,0.722157
93.066667,13.130075,19.463543,2.696210,-0.035669,0.034315,-0.692450,0.719766
93.083333,13.196701,19.465800,2.689583,-0.035594,0.034467,-0.694789,0.717504
93.100000,13.263339,19.467647,2.682950,-0.035515,0.034629,-0.697255,0.715105
93.116667,13.329891,19.469183,2.676321,-0.035442,0.034780,-0.699547,0.712859
93.133333,13.396359,19.470093,2.669691,-0.035371,0.034928,-0.701761,0.710676
93.150000,13.462830,19.470677,2.663054,-0.035297,0.035082,-0.704063,0.708392
93.166667,13.529206,19.470947,2.656422,-0.035229,0.035224,-0.706175,0.706283
93.183333,13.595582,19.470621,2.649779,-0.035161,0.035367,-0.708278,0.704170
93.200000,13.661857,19.470024,2.643141,-0.035091,0.035513,-0.710433,0.701991
93.216667,13.728028,19.469072,2.636506,-0.035027,0.035647,-0.712383,0.700010
93.233333,13.794190,19.467614,2.629862,-0.034961,0.035784,-0.714390,0.697958
93.250000,13.860244,19.465901,2.623223,-0.034894,0.035922,-0.716402,0.695888
93.266667,13.926185,19.463792,2.616587,-0.034832,0.036047,-0.718219,0.694010
93.283333,13.992109,19.461266,2.609944,-0.034767,0.036180,-0.720141,0.692011
93.300000,14.057921,19.458501,2.603307,-0.034702,0.036308,-0.722004,0.690063
93.316667,14.123607,19.455300,2.596673,-0.034642,0.036428,-0.723732,0.688248
93.333333,14.189275,19.451768,2.590032,-0.034578,0.036554,-0.725556,0.686321
93.350000,14.254825,19.448013,2.583398,-0.034517,0.036674,-0.727274,0.684497
93.366667,14.320237,19.443783,2.576767,-0.034458,0.036789,-0.728930,0.682730
93.383333,14.385632,19.439307,2.570131,-0.034396,0.036909,-0.730642,0.680894
93.400000,14.450901,19.434586,2.563501,-0.034339,0.037020,-0.732220,0.679194
93.416667,14.516134,19.429419,2.556863,-0.034281,0.037132,-0.733806,0.677477
93.433333,14.581241,19.424059,2.550233,-0.034223,0.037245,-0.735409,0.675733
93.450000,14.646211,19.418406,2.543608,-0.034170,0.037348,-0.736851,0.674157
93.466667,14.711148,19.412399,2.536977,-0.034115,0.037457,-0.738369,0.672491
93.483333,14.775955,19.406214,2.530353,-0.034061,0.037563,-0.739849,0.670860
93.500000,14.840613,19.399690,2.523735,-0.034010,0.037662,-0.741210,0.669353
93.516667,14.905243,19.392903,2.517111,-0.033958,0.037765,-0.742637,0.667765
93.533333,14.969740,19.385952,2.510495,-0.033908,0.037863,-0.743986,0.666260
93.550000,15.034075,19.378618,2.503883,-0.033859,0.037959,-0.745292,0.664796
93.566667,15.098389,19.371105,2.497267,-0.033809,0.038057,-0.746625,0.663295
93.583333,15.162560,19.363387,2.490660,-0.033763,0.038147,-0.747850,0.661910
93.600000,15.226689,19.355338,2.484045,-0.033716,0.038239,-0.749104,0.660487
93.616667,15.290680,19.347149,2.477440,-0.033668,0.038331,-0.750349,0.659070
93.633333,15.354515,19.338705,2.470841,-0.033625,0.038415,-0.751480,0.657778
93.650000,15.418317,19.330017,2.464238,-0.033579,0.038503,-0.752663,0.656421
93.666667,15.481979,19.321202,2.457644,-0.033535,0.038587,-0.753797,0.655116
93.683333,15.545472,19.312085,2.451057,-0.033493,0.038667,-0.754876,0.653870
93.700000,15.608942,19.302808,2.444466,-0.033451,0.038750,-0.755976,0.652595
93.716667,15.672263,19.293375,2.437884,-0.033411,0.038826,-0.756995,0.651410
93.733333,15.735541,19.283660,2.431297,-0.033370,0.038904,-0.758028,0.650205
93.750000,15.798675,19.273841,2.424719,-0.033330,0.038981,-0.759048,0.649011
93.766667,15.861647,19.263816,2.418150,-0.033294,0.039052,-0.759983,0.647914
93.783333,15.924588,19.253594,2.411577,-0.033256,0.039126,-0.760945,0.646781
93.800000,15.987383,19.243279,2.405015,-0.033220,0.039197,-0.761866,0.645694
93.816667,16.050006,19.232714,2.398460,-0.033186,0.039265,-0.762747,0.644651
93.833333,16.112607,19.222032,2.391902,-0.033151,0.039334,-0.763633,0.643598
93.850000,16.175054,19.211216,2.385355,-0.033120,0.039399,-0.764456,0.642618
93.866667,16.237463,19.200190,2.378802,-0.033087,0.039465,-0.765288,0.641624
93.883333,16.299725,19.189090,2.372261,-0.033056,0.039529,-0.766103,0.640649
93.900000,16.361820,19.177812,2.365728,-0.033027,0.039589,-0.766856,0.639745
93.916667,16.423890,19.166400,2.359192,-0.032997,0.039650,-0.767620,0.638826
93.933333,16.485808,19.154908,2.352668,-0.032969,0.039708,-0.768342,0.637956
93.950000,16.547687,19.143204,2.346138,-0.032942,0.039765,-0.769055,0.637094
93.966667,16.609417,19.131444,2.339621,-0.032915,0.039822,-0.769755,0.636246
93.983333,16.670985,19.119558,2.333114,-0.032889,0.039875,-0.770410,0.635450
94.000000,16.732525,19.107535,2.326604,-0.032864,0.039928,-0.771063,0.634655
94.016667,16.793916,19.095464,2.320106,-0.032839,0.039979,-0.771694,0.633886
94.033333,16.855133,19.083228,2.313617,-0.032816,0.040028,-0.772295,0.633152
94.050000,16.916336,19.070922,2.307127,-0.032793,0.040076,-0.772888,0.632426
94.066667,16.977379,19.058528,2.300649,-0.032771,0.040123,-0.773450,0.631737
94.083333,17.038395,19.046005,2.294167,-0.032750,0.040168,-0.773998,0.631063
94.100000,17.099261,19.033450,2.287698,-0.032729,0.040212,-0.774534,0.630404
94.116667,17.159956,19.020771,2.281240,-0.032710,0.040254,-0.775033,0.629789
94.133333,17.220638,19.008027,2.274781,-0.032692,0.040295,-0.775524,0.629182
94.150000,17.281161,18.995222,2.268333,-0.032674,0.040335,-0.775993,0.628602
94.166667,17.341660,18.982306,2.261883,-0.032657,0.040373,-0.776442,0.628046
94.183333,17.402009,18.969371,2.255446,-0.032641,0.040411,-0.776880,0.627502
94.200000,17.462189,18.956346,2.249021,-0.032625,0.040447,-0.777295,0.626986
94.216667,17.522358,18.943266,2.242595,-0.032610,0.040482,-0.777705,0.626476
94.233333,17.582369,18.930145,2.236181,-0.032595,0.040517,-0.778107,0.625976
94.250000,17.642360,18.916936,2.229765,-0.032580,0.040550,-0.778503,0.625482
94.266667,17.702200,18.903719,2.223363,-0.032565,0.040584,-0.778896,0.624991
94.283333,17.761871,18.890424,2.216973,-0.032549,0.040618,-0.779296,0.624490
94.300000,17.821530,18.877077,2.210582,-0.032533,0.040651,-0.779696,0.623990
94.316667,17.881028,18.863687,2.204204,-0.032515,0.040685,-0.780110,0.623471
94.333333,17.940503,18.850200,2.197824,-0.032497,0.040718,-0.780530,0.622944
94.350000,17.999823,18.836703,2.191459,-0.032478,0.040752,-0.780959,0.622405
94.366667,18.058966,18.823103,2.185107,-0.032457,0.040786,-0.781411,0.621835
94.383333,18.118096,18.809452,2.178754,-0.032436,0.040821,-0.781863,0.621266
94.400000,18.177056,18.795738,2.172414,-0.032413,0.040856,-0.782342,0.620662
94.416667,18.235993,18.781924,2.166074,-0.032389,0.040891,-0.782820,0.620057
94.433333,18.294769,18.768089,2.159748,-0.032364,0.040927,-0.783319,0.619426
94.450000,18.353509,18.754100,2.153419,-0.032337,0.040962,-0.783826,0.618784
94.466667,18.412087,18.740097,2.147106,-0.032310,0.040997,-0.784334,0.618139
94.483333,18.470486,18.726003,2.140808,-0.032281,0.041034,-0.784879,0.617446
94.500000,18.528861,18.711814,2.134508,-0.032251,0.041070,-0.785412,0.616767
94.516667,18.587067,18.697580,2.128224,-0.032220,0.041107,-0.785979,0.616043
94.533333,18.645235,18.683196,2.121938,-0.032188,0.041143,-0.786537,0.615329
94.550000,18.703240,18.668797,2.115668,-0.032155,0.041180,-0.787105,0.614603
94.566667,18.761050,18.654268,2.109413,-0.032119,0.041218,-0.787709,0.613828
94.583333,18.818842,18.639663,2.103157,-0.032084,0.041254,-0.788293,0.613076
94.600000,18.876451,18.624977,2.096916,-0.032046,0.041293,-0.788927,0.612260
94.616667,18.934026,18.610158,2.090675,-0.032009,0.041330,-0.789536,0.611474
94.633333,18.991430,18.595310,2.084450,-0.031969,0.041369,-0.790181,0.610640
94.650000,19.048783,18.580267,2.078224,-0.031929,0.041407,-0.790825,0.609805
94.666667,19.105968,18.565207,2.072015,-0.031888,0.041444,-0.791464,0.608974
94.683333,19.162953,18.550015,2.065821,-0.031844,0.041485,-0.792163,0.608065
94.700000,19.219911,18.534721,2.059627,-0.031802,0.041523,-0.792822,0.607205
94.716667,19.276681,18.519348,2.053449,-0.031755,0.041565,-0.793548,0.606256
94.733333,19.333406,18.503810,2.047270,-0.031710,0.041604,-0.794232,0.605359
94.750000,19.389958,18.488249,2.041108,-0.031663,0.041645,-0.794959,0.604404
94.766667,19.446446,18.472459,2.034946,-0.031614,0.041686,-0.795688,0.603443
94.783333,19.502762,18.456652,2.028800,-0.031566,0.041726,-0.796407,0.602494
94.800000,19.558867,18.440697,2.022671,-0.031514,0.041769,-0.797192,0.601455
94.816667,19.614939,18.424629,2.016541,-0.031464,0.041809,-0.797922,0.600486
94.833333,19.670815,18.408467,2.010429,-0.031408,0.041854,-0.798740,0.599397
94.850000,19.726640,18.392129,2.004316,-0.031356,0.041894,-0.799492,0.598393
94.866667,19.782283,18.375756,1.998221,-0.031300,0.041938,-0.800306,0.597304
94.883333,19.837855,18.359140,1.992125,-0.031244,0.041980,-0.801106,0.596230
94.900000,19.893250,18.342510,1.986046,-0.031187,0.042022,-0.801910,0.595149
94.916667,19.948417,18.325696,1.979985,-0.031127,0.042067,-0.802763,0.593997
94.933333,20.003553,18.308781,1.973924,-0.031070,0.042107,-0.803554,0.592927
94.950000,20.058476,18.291738,1.967881,-0.031005,0.042154,-0.804458,0.591700
94.966667,20.113348,18.274530,1.961838,-0.030947,0.042194,-0.805263,0.590604
94.983333,20.168023,18.257253,1.955812,-0.030881,0.042239,-0.806160,0.589380
95.000000,20.222626,18.239747,1.949787,-0.030820,0.042281,-0.806993,0.588239
95.016667,20.277049,18.222231,1.943780,-0.030755,0.042324,-0.807866,0.587040
95.033333,20.331379,18.204425,1.937773,-0.030690,0.042366,-0.808734,0.585844
95.050000,20.385531,18.186614,1.931784,-0.030627,0.042407,-0.809578,0.584677
95.066667,20.439445,18.168625,1.925814,-0.030559,0.042451,-0.810476,0.583432
95.083333,20.493322,18.150523,1.919844,-0.030497,0.042490,-0.811286,0.582305
95.100000,20.546980,18.132300,1.913892,-0.030427,0.042534,-0.812210,0.581017
95.116667,20.600581,18.113911,1.907941,-0.030366,0.042571,-0.813004,0.579905
95.133333,20.653981,18.095457,1.902008,-0.030296,0.042614,-0.813901,0.578647
95.150000,20.707305,18.076786,1.896076,-0.030233,0.042652,-0.814716,0.577499
95.166667,20.760445,18.058104,1.890163,-0.030165,0.042692,-0.815580,0.576279
95.183333,20.813490,18.039155,1.884250,-0.030100,0.042730,-0.816417,0.575093
95.200000,20.866357,18.020213,1.878356,-0.030034,0.042768,-0.817249,0.573911
95.216667,20.918973,18.001082,1.872481,-0.029966,0.042807,-0.818107,0.572687
95.233333,20.971559,17.981871,1.866606,-0.029902,0.042843,-0.818907,0.571543
95.250000,21.023911,17.962518,1.860750,-0.029831,0.042883,-0.819785,0.570283
95.266667,21.076217,17.943040,1.854896,-0.029769,0.042917,-0.820556,0.569174
95.283333,21.128303,17.923468,1.849060,-0.029698,0.042956,-0.821435,0.567906
95.300000,21.180327,17.903730,1.843225,-0.029635,0.042989,-0.822199,0.566801
95.316667,21.232146,17.883941,1.837409,-0.029564,0.043026,-0.823063,0.565546
95.333333,21.283886,17.863945,1.831595,-0.029500,0.043060,-0.823843,0.564410
95.350000,21.335437,17.843942,1.825799,-0.029431,0.043095,-0.824676,0.563193
95.366667,21.386893,17.823693,1.820005,-0.029365,0.043129,-0.825466,0.562035
95.383333,21.438171,17.803469,1.814229,-0.029298,0.043162,-0.826265,0.560861
95.400000,21.489183,17.783046,1.808474,-0.029231,0.043194,-0.827060,0.559689
95.416667,21.540177,17.762579,1.802719,-0.029166,0.043225,-0.827822,0.558563
95.433333,21.590920,17.741956,1.796984,-0.029098,0.043257,-0.828615,0.557386
95.450000,21.641632,17.721258,1.791250,-0.029035,0.043285,-0.829337,0.556313
95.466667,21.692108,17.700445,1.785536,-0.028967,0.043315,-0.830118,0.555147
95.483333,21.742541,17.679530,1.779823,-0.028907,0.043340,-0.830801,0.554126
95.500000,21.792752,17.658537,1.774130,-0.028841,0.043368,-0.831552,0.553000
95.516667,21.842910,17.637417,1.768439,-0.028782,0.043391,-0.832212,0.552007
95.533333,21.892857,17.616252,1.762767,-0.028717,0.043417,-0.832931,0.550923
95.550000,21.942743,17.594941,1.757098,-0.028659,0.043438,-0.833569,0.549958
95.566667,21.992430,17.573614,1.751447,-0.028596,0.043461,-0.834258,0.548914
95.583333,22.042046,17.552123,1.745800,-0.028539,0.043481,-0.834875,0.547976
95.600000,22.091475,17.530645,1.740171,-0.028478,0.043502,-0.835532,0.546975
95.616667,22.140826,17.508987,1.734545,-0.028422,0.043521,-0.836136,0.546054
95.633333,22.189999,17.487364,1.728938,-0.028364,0.043539,-0.836756,0.545105
95.650000,22.239088,17.465551,1.723335,-0.028308,0.043556,-0.837344,0.544202
95.666667,22.288007,17.443793,1.717750,-0.028252,0.043572,-0.837929,0.543304
95.683333,22.336675,17.421911,1.712187,-0.028197,0.043588,-0.838502,0.542420
95.700000,22.385337,17.400013,1.706624,-0.028143,0.043602,-0.839052,0.541570
95.716667,22.433757,17.378015,1.701083,-0.028089,0.043616,-0.839609,0.540708
95.733333,22.482165,17.355988,1.695543,-0.028037,0.043628,-0.840128,0.539904
95.750000,22.530340,17.333882,1.690025,-0.027984,0.043641,-0.840667,0.539066
95.766667,22.578497,17.311738,1.684507,-0.027935,0.043652,-0.841158,0.538300
95.783333,22.626429,17.289532,1.679011,-0.027883,0.043662,-0.841675,0.537494
95.800000,22.674341,17.267281,1.673516,-0.027834,0.043672,-0.842152,0.536748
95.816667,22.722033,17.244984,1.668043,-0.027784,0.043682,-0.842650,0.535967
95.833333,22.769700,17.222634,1.662570,-0.027736,0.043690,-0.843116,0.535236
95.850000,22.817153,17.200250,1.657119,-0.027686,0.043698,-0.843601,0.534474
95.866667,22.864578,17.177807,1.651670,-0.027638,0.043706,-0.844059,0.533752
95.883333,22.911792,17.155337,1.646241,-0.027588,0.043713,-0.844533,0.533003
95.900000,22.958975,17.132803,1.640815,-0.027541,0.043720,-0.844986,0.532286
95.916667,23.005950,17.110252,1.635409,-0.027491,0.043726,-0.845453,0.531547
95.933333,23.052892,17.087631,1.630006,-0.027443,0.043732,-0.845903,0.530833
95.950000,23.099628,17.064999,1.624623,-0.027394,0.043738,-0.846362,0.530101
95.966667,23.146329,17.042295,1.619243,-0.027346,0.043743,-0.846809,0.529390
95.983333,23.192827,17.019585,1.613884,-0.027297,0.043748,-0.847262,0.528667
96.000000,23.239288,16.996800,1.608527,-0.027249,0.043752,-0.847705,0.527958
96.016667,23.285547,16.974015,1.603191,-0.027200,0.043756,-0.848151,0.527243
96.033333,23.331770,16.951154,1.597857,-0.027152,0.043760,-0.848591,0.526538
96.050000,23.377791,16.928295,1.592544,-0.027104,0.043763,-0.849030,0.525830
96.066667,23.423775,16.905361,1.587234,-0.027055,0.043765,-0.849466,0.525128
96.083333,23.469558,16.882430,1.581945,-0.027007,0.043768,-0.849900,0.524429
96.100000,23.515305,16.859426,1.576658,-0.026958,0.043770,-0.850332,0.523730
96.116667,23.560850,16.836427,1.571393,-0.026910,0.043771,-0.850759,0.523038
96.133333,23.606360,16.813356,1.566130,-0.026862,0.043773,-0.851188,0.522342
96.150000,23.651668,16.790290,1.560888,-0.026814,0.043774,-0.851608,0.521659
96.166667,23.696943,16.767156,1.555649,-0.026765,0.043774,-0.852034,0.520966
96.183333,23.742014,16.744025,1.550431,-0.026717,0.043774,-0.852450,0.520287
96.200000,23.787053,16.720831,1.545215,-0.026668,0.043774,-0.852879,0.519587
96.216667,23.831887,16.697637,1.540022,-0.026620,0.043774,-0.853299,0.518899
96.233333,23.876692,16.674386,1.534830,-0.026568,0.043775,-0.853745,0.518168
96.250000,23.921290,16.651131,1.529660,-0.026518,0.043775,-0.854182,0.517449
96.266667,23.965860,16.627823,1.524492,-0.026464,0.043777,-0.854660,0.516663
96.283333,24.010217,16.604499,1.519347,-0.026412,0.043779,-0.855126,0.515892
96.300000,24.054545,16.581122,1.514203,-0.026353,0.043782,-0.855651,0.515024
96.316667,24.098647,16.557707,1.509081,-0.026296,0.043786,-0.856160,0.514180
96.333333,24.142723,16.534242,1.503961,-0.026232,0.043792,-0.856746,0.513205
96.350000,24.186557,16.510713,1.498864,-0.026171,0.043798,-0.857308,0.512270
96.366667,24.230369,16.487142,1.493768,-0.026100,0.043807,-0.857963,0.511174
96.383333,24.273922,16.463475,1.488695,-0.026033,0.043816,-0.858589,0.510125
96.400000,24.317460,16.439780,1.483623,-0.025956,0.043827,-0.859307,0.508917
96.416667,24.360718,16.415953,1.478575,-0.025882,0.043838,-0.860004,0.507742
96.433333,24.403970,16.392117,1.473527,-0.025800,0.043851,-0.860773,0.506440
96.450000,24.446918,16.368108,1.468504,-0.025718,0.043864,-0.861543,0.505133
96.466667,24.489866,16.344100,1.463481,-0.025632,0.043879,-0.862357,0.503744
96.483333,24.532658,16.319813,1.458464,-0.025542,0.043895,-0.863201,0.502299
96.500000,24.575283,16.295602,1.453465,-0.025452,0.043911,-0.864055,0.500832
96.516667,24.617753,16.271120,1.448473,-0.025354,0.043928,-0.864976,0.499243
96.533333,24.660039,16.246685,1.443500,-0.025260,0.043945,-0.865864,0.497705
96.550000,24.702177,16.221994,1.438533,-0.025154,0.043963,-0.866855,0.495981
96.566667,24.744109,16.197315,1.433586,-0.025055,0.043981,-0.867780,0.494364
96.583333,24.785904,16.172404,1.428643,-0.024942,0.044000,-0.868834,0.492513
96.600000,24.827467,16.147462,1.423722,-0.024838,0.044018,-0.869797,0.490815
96.616667,24.868910,16.122319,1.418806,-0.024718,0.044037,-0.870912,0.488837
96.633333,24.910088,16.097094,1.413912,-0.024610,0.044055,-0.871910,0.487059
96.650000,24.951168,16.071709,1.409021,-0.024482,0.044075,-0.873085,0.484953
96.666667,24.991946,16.046184,1.404154,-0.024368,0.044093,-0.874125,0.483081
96.683333,25.032654,16.020548,1.399289,-0.024233,0.044115,-0.875359,0.480847
96.700000,25.073015,15.994706,1.394450,-0.024109,0.044134,-0.876482,0.478801
96.716667,25.113343,15.968811,1.389612,-0.023972,0.044158,-0.877740,0.476496
96.733333,25.153269,15.942633,1.384801,-0.023838,0.044181,-0.878959,0.474247
96.750000,25.193195,15.916456,1.379991,-0.023699,0.044208,-0.880240,0.471871
96.766667,25.232824,15.889829,1.375189,-0.023554,0.044237,-0.881569,0.469387
96.783333,25.272290,15.863288,1.370406,-0.023413,0.044269,-0.882870,0.466940
96.800000,25.311483,15.836347,1.365629,-0.023256,0.044305,-0.884322,0.464188
96.816667,25.350458,15.809411,1.360872,-0.023115,0.044342,-0.885640,0.461672
96.833333,25.389198,15.782140,1.356120,-0.022945,0.044387,-0.887219,0.458635
96.850000,25.427651,15.754778,1.351389,-0.022802,0.044428,-0.888555,0.456044
96.866667,25.465921,15.727163,1.346660,-0.022623,0.044482,-0.890229,0.452771
96.883333,25.503819,15.699345,1.341954,-0.022469,0.044529,-0.891666,0.449938
96.900000,25.541602,15.671374,1.337249,-0.022286,0.044587,-0.893377,0.446534
96.916667,25.578911,15.643073,1.332567,-0.022117,0.044640,-0.894942,0.443392
96.933333,25.616191,15.614734,1.327885,-0.021932,0.044701,-0.896651,0.439930
96.950000,25.652874,15.585922,1.323226,-0.021746,0.044760,-0.898350,0.436453
96.966667,25.689558,15.557110,1.318568,-0.021561,0.044821,-0.900041,0.432958
96.983333,25.725799,15.527743,1.313914,-0.021357,0.044886,-0.901880,0.429118
97.000000,25.761821,15.498396,1.309279,-0.021172,0.044946,-0.903538,0.425618
97.016667,25.797483,15.468615,1.304648,-0.020948,0.045016,-0.905521,0.421387
97.033333,25.832804,15.438709,1.300038,-0.020762,0.045073,-0.907154,0.417863
97.050000,25.867871,15.408508,1.295430,-0.020525,0.045145,-0.909210,0.413373
97.066667,25.902450,15.378022,1.290844,-0.020321,0.045204,-0.910955,0.409517
97.083333,25.936907,15.347399,1.286259,-0.020084,0.045271,-0.912961,0.405029
97.100000,25.970703,15.316315,1.281698,-0.019859,0.045332,-0.914839,0.400774
97.116667,26.004499,15.285230,1.277137,-0.019623,0.045393,-0.916777,0.396325
97.133333,26.037634,15.253442,1.272583,-0.019375,0.045454,-0.918789,0.391644
97.150000,26.070604,15.221744,1.268048,-0.019143,0.045507,-0.920638,0.387282
97.166667,26.103049,15.189512,1.263520,-0.018872,0.045567,-0.922771,0.382179
97.183333,26.135148,15.157186,1.259013,-0.018642,0.045615,-0.924554,0.377850
97.200000,26.166892,15.124517,1.254511,-0.018358,0.045672,-0.926729,0.372493
97.216667,26.198076,15.091558,1.250032,-0.018119,0.045717,-0.928529,0.367990
97.233333,26.229114,15.058462,1.245556,-0.017845,0.045767,-0.930557,0.362836
97.250000,26.259365,15.024887,1.241107,-0.017589,0.045812,-0.932431,0.358000
97.266667,26.289615,14.991312,1.236658,-0.017331,0.045855,-0.934295,0.353115
97.283333,26.319123,14.957082,1.232218,-0.017059,0.045900,-0.936231,0.347957
97.300000,26.348432,14.922920,1.227798,-0.016819,0.045938,-0.937913,0.343403
97.316667,26.377227,14.888326,1.223384,-0.016533,0.045984,-0.939904,0.337925
97.333333,26.405585,14.853604,1.218991,-0.016295,0.046022,-0.941530,0.333373
97.350000,26.433676,14.818668,1.214602,-0.016017,0.046065,-0.943409,0.328026
97.366667,26.461076,14.783412,1.210237,-0.015774,0.046103,-0.945026,0.323345
97.383333,26.488470,14.748153,1.205872,-0.015516,0.046141,-0.946719,0.318360
97.400000,26.514903,14.712391,1.201534,-0.015258,0.046181,-0.948395,0.313338
97.416667,26.541335,14.676628,1.197196,-0.015020,0.046215,-0.949908,0.308727
97.433333,26.567172,14.640436,1.192864,-0.014745,0.046256,-0.951643,0.303344
97.450000,26.592628,14.604193,1.188552,-0.014509,0.046290,-0.953101,0.298738
97.466667,26.617771,14.567734,1.184244,-0.014234,0.046329,-0.954777,0.293347
97.483333,26.642244,14.531036,1.179958,-0.014000,0.046364,-0.956187,0.288724
97.500000,26.666702,14.494328,1.175672,-0.013746,0.046398,-0.957686,0.283719
97.516667,26.690181,14.457198,1.171412,-0.013492,0.046434,-0.959161,0.278698
97.533333,26.713661,14.420069,1.167151,-0.013256,0.046465,-0.960506,0.274031
97.550000,26.736534,14.382566,1.162896,-0.012986,0.046502,-0.962026,0.268653
97.566667,26.759011,14.345031,1.158660,-0.012751,0.046534,-0.963326,0.263962
97.583333,26.781202,14.307328,1.154426,-0.012482,0.046568,-0.964783,0.258592
97.600000,26.802668,14.269410,1.150215,-0.012246,0.046600,-0.966037,0.253873
97.616667,26.824134,14.231493,1.146004,-0.011998,0.046629,-0.967330,0.248908
97.633333,26.844715,14.193088,1.141798,-0.011743,0.046662,-0.968640,0.243766
97.650000,26.865159,14.154813,1.137611,-0.011506,0.046689,-0.969827,0.239004
97.666667,26.885059,14.116255,1.133427,-0.011241,0.046718,-0.971126,0.233677
97.683333,26.904473,14.077646,1.129263,-0.011007,0.046742,-0.972256,0.228939
97.700000,26.923704,14.038948,1.125100,-0.010748,0.046764,-0.973468,0.223737
97.716667,26.942086,14.000034,1.120959,-0.010513,0.046785,-0.974546,0.218998
97.733333,26.960469,13.961120,1.116819,-0.010281,0.046799,-0.975589,0.214313
97.750000,26.978106,13.921864,1.112684,-0.010029,0.046813,-0.976690,0.209247
97.766667,26.995485,13.882685,1.108569,-0.009803,0.046822,-0.977658,0.204688
97.783333,27.012502,13.843350,1.104456,-0.009558,0.046827,-0.978680,0.199755
97.800000,27.028910,13.803947,1.100366,-0.009339,0.046828,-0.979568,0.195364
97.816667,27.045319,13.764543,1.096276,-0.009113,0.046825,-0.980466,0.190815
97.833333,27.060864,13.724790,1.092196,-0.008891,0.046820,-0.981326,0.186354
97.850000,27.076337,13.685199,1.088132,-0.008680,0.046811,-0.982123,0.182119
97.866667,27.091329,13.645425,1.084074,-0.008459,0.046799,-0.982942,0.177663
97.883333,27.105901,13.605681,1.080038,-0.008257,0.046786,-0.983669,0.173604
97.900000,27.120359,13.565895,1.076003,-0.008043,0.046767,-0.984420,0.169306
97.916667,27.134069,13.526031,1.071994,-0.007850,0.046750,-0.985086,0.165405
97.933333,27.147778,13.486166,1.067986,-0.007656,0.046730,-0.985735,0.161505
97.950000,27.160947,13.446120,1.063984,-0.007459,0.046707,-0.986383,0.157519
97.966667,27.173830,13.406165,1.060003,-0.007275,0.046685,-0.986972,0.153796
97.983333,27.186530,13.366152,1.056024,-0.007084,0.046658,-0.987567,0.149949
98.000000,27.198624,13.326133,1.052071,-0.006909,0.046634,-0.988101,0.146400
98.016667,27.210718,13.286114,1.048117,-0.006734,0.046607,-0.988625,0.142838
98.033333,27.222261,13.245932,1.044171,-0.006560,0.046580,-0.989133,0.139297
98.050000,27.233602,13.205875,1.040244,-0.006393,0.046553,-0.989606,0.135909
98.066667,27.244737,13.165760,1.036321,-0.006226,0.046524,-0.990072,0.132495
98.083333,27.255364,13.125686,1.032421,-0.006069,0.046498,-0.990499,0.129279
98.100000,27.265991,13.085613,1.028521,-0.005911,0.046469,-0.990917,0.126051
98.116667,27.276095,13.045404,1.024629,-0.005759,0.046442,-0.991312,0.122927
98.133333,27.286044,13.005336,1.020755,-0.005610,0.046415,-0.991688,0.119869
98.150000,27.295796,12.965220,1.016884,-0.005464,0.046387,-0.992050,0.116856
98.166667,27.305104,12.925175,1.013035,-0.005324,0.046362,-0.992389,0.113961
98.183333,27.314411,12.885130,1.009186,-0.005183,0.046334,-0.992720,0.111056
98.200000,27.323253,12.844980,1.005344,-0.005050,0.046309,-0.993027,0.108294
98.216667,27.331955,12.804975,1.001520,-0.004917,0.046283,-0.993326,0.105532
98.233333,27.340493,12.764936,0.997698,-0.004788,0.046257,-0.993609,0.102854
98.250000,27.348623,12.724987,0.993897,-0.004662,0.046231,-0.993880,0.100214
98.266667,27.356752,12.685038,0.990096,-0.004534,0.046203,-0.994146,0.097565
98.283333,27.364476,12.645008,0.986302,-0.004415,0.046175,-0.994390,0.095067
98.300000,27.372053,12.605124,0.982525,-0.004292,0.046146,-0.994632,0.092518
98.316667,27.379506,12.565218,0.978750,-0.004176,0.046116,-0.994857,0.090081
98.333333,27.386549,12.525410,0.974998,-0.004058,0.046084,-0.995079,0.087618
98.350000,27.393593,12.485602,0.971246,-0.003940,0.046051,-0.995296,0.085145
98.366667,27.400295,12.445735,0.967500,-0.003830,0.046018,-0.995492,0.082846
98.383333,27.406825,12.406011,0.963772,-0.003716,0.045981,-0.995690,0.080457
98.400000,27.413285,12.366277,0.960046,-0.003608,0.045946,-0.995871,0.078212
98.416667,27.419319,12.326646,0.956344,-0.003498,0.045908,-0.996051,0.075906
98.433333,27.425354,12.287015,0.952641,-0.003388,0.045868,-0.996227,0.073592
98.450000,27.431125,12.247346,0.948944,-0.003288,0.045830,-0.996383,0.071481
98.466667,27.436684,12.207816,0.945267,-0.003182,0.045789,-0.996543,0.069250
98.483333,27.442240,12.168285,0.941590,-0.003080,0.045747,-0.996692,0.067099
98.500000,27.447341,12.128863,0.937939,-0.002982,0.045706,-0.996831,0.065038
98.516667,27.452443,12.089441,0.934287,-0.002880,0.045662,-0.996972,0.062885
98.533333,27.457370,12.049997,0.930640,-0.002789,0.045620,-0.997094,0.060954
98.550000,27.462034,12.010689,0.927014,-0.002691,0.045575,-0.997220,0.058884
98.566667,27.466697,11.971381,0.923388,-0.002593,0.045528,-0.997343,0.056811
98.583333,27.471032,11.932035,0.919770,-0.002508,0.045485,-0.997446,0.055009
98.600000,27.475277,11.892847,0.916170,-0.002415,0.045437,-0.997556,0.053017
98.616667,27.479440,11.853650,0.912572,-0.002331,0.045394,-0.997651,0.051241
98.633333,27.483285,11.814588,0.908998,-0.002243,0.045345,-0.997749,0.049345
98.650000,27.487130,11.775525,0.905423,-0.002153,0.045295,-0.997845,0.047431
98.666667,27.490757,11.736442,0.901855,-0.002076,0.045251,-0.997923,0.045793
98.683333,27.494221,11.697510,0.898306,-0.001991,0.045201,-0.998008,0.043962
98.700000,27.497684,11.658578,0.894758,-0.001911,0.045152,-0.998085,0.042231
98.716667,27.500810,11.619616,0.891219,-0.001835,0.045106,-0.998155,0.040612
98.733333,27.503911,11.580819,0.887696,-0.001754,0.045054,-0.998227,0.038860
98.750000,27.506903,11.542013,0.884177,-0.001685,0.045009,-0.998286,0.037378
98.766667,27.509659,11.503353,0.880679,-0.001608,0.044957,-0.998349,0.035706
98.783333,27.512415,11.464694,0.877182,-0.001530,0.044904,-0.998410,0.034028
98.800000,27.514957,11.426020,0.873691,-0.001467,0.044860,-0.998458,0.032657
98.816667,27.517387,11.387502,0.870219,-0.001394,0.044806,-0.998512,0.031055
98.833333,27.519812,11.348985,0.866747,-0.001326,0.044757,-0.998559,0.029589
98.850000,27.521931,11.310612,0.863301,-0.001262,0.044707,-0.998602,0.028181
98.866667,27.524049,11.272238,0.859854,-0.001191,0.044653,-0.998646,0.026646
98.883333,27.526071,11.233860,0.856411,-0.001134,0.044607,-0.998681,0.025384
98.900000,27.527894,11.195634,0.852990,-0.001067,0.044551,-0.998720,0.023929
98.916667,27.529716,11.157407,0.849569,-0.001001,0.044495,-0.998757,0.022461
98.933333,27.531359,11.119172,0.846155,-0.000948,0.044449,-0.998784,0.021301
98.950000,27.532900,11.081095,0.842760,-0.000884,0.044391,-0.998816,0.019894
98.966667,27.534440,11.043017,0.839365,-0.000826,0.044338,-0.998843,0.018609
98.983333,27.535730,11.004929,0.835980,-0.000772,0.044287,-0.998867,0.017411
99.000000,27.537002,10.967002,0.832610,-0.000711,0.044228,-0.998892,0.016065
99.016667,27.538212,10.929072,0.829243,-0.000661,0.044178,-0.998912,0.014950
99.033333,27.539230,10.891297,0.825899,-0.000606,0.044122,-0.998932,0.013726
99.050000,27.540248,10.853522,0.822555,-0.000549,0.044061,-0.998951,0.012440
99.066667,27.541141,10.815743,0.819217,-0.000505,0.044014,-0.998965,0.011467
99.083333,27.541919,10.778121,0.815899,-0.000451,0.043954,-0.998981,0.010246
99.100000,27.542696,10.740499,0.812580,-0.000400,0.043896,-0.998995,0.009102
99.116667,27.543295,10.702872,0.809271,-0.000357,0.043846,-0.999005,0.008129
99.133333,27.543846,10.665404,0.805978,-0.000305,0.043784,-0.999017,0.006969
99.150000,27.544386,10.627936,0.802686,-0.000261,0.043730,-0.999026,0.005971
99.166667,27.544723,10.590622,0.799419,-0.000218,0.043675,-0.999033,0.004990
99.183333,27.545060,10.553309,0.796151,-0.000170,0.043612,-0.999041,0.003890
99.200000,27.545338,10.515994,0.792888,-0.000132,0.043562,-0.999046,0.003026
99.216667,27.545476,10.478836,0.789646,-0.000089,0.043502,-0.999051,0.002047
99.233333,27.545613,10.441677,0.786404,-0.000044,0.043440,-0.999056,0.001023
99.250000,27.545651,10.404518,0.783169,-0.000012,0.043392,-0.999058,0.000268
99.266667,27.545601,10.367515,0.779953,0.000030,0.043329,-0.999061,-0.000699
99.283333,27.545551,10.330512,0.776736,0.000069,0.043270,-0.999062,-0.001597
99.300000,27.545370,10.293509,0.773529,0.000101,0.043219,-0.999063,-0.002338
99.316667,27.545146,10.256661,0.770338,0.000140,0.043155,-0.999063,-0.003251
99.333333,27.544922,10.219813,0.767147,0.000174,0.043099,-0.999063,-0.004034
99.350000,27.544542,10.182966,0.763968,0.000205,0.043045,-0.999062,-0.004762
99.366667,27.544156,10.146273,0.760802,0.000242,0.042981,-0.999060,-0.005616
99.383333,27.543747,10.109581,0.757638,0.000270,0.042928,-0.999058,-0.006294
99.400000,27.543213,10.073043,0.754497,0.000301,0.042871,-0.999056,-0.007007
99.416667,27.542679,10.036506,0.751357,0.000335,0.042806,-0.999053,-0.007811
99.433333,27.542097,9.999968,0.748220,0.000360,0.042756,-0.999050,-0.008403
99.450000,27.541426,9.963585,0.745105,0.000389,0.042696,-0.999047,-0.009109
99.466667,27.540755,9.927202,0.741989,0.000420,0.042633,-0.999042,-0.009842
99.483333,27.540014,9.890820,0.738880,0.000443,0.042583,-0.999039,-0.010401
99.500000,27.539211,9.854591,0.735789,0.000473,0.042520,-0.999034,-0.011110
99.516667,27.538408,9.818362,0.732698,0.000501,0.042459,-0.999029,-0.011783
99.533333,27.537515,9.782134,0.729616,0.000523,0.042409,-0.999024,-0.012331
99.550000,27.536584,9.746058,0.726550,0.000553,0.042343,-0.999018,-0.013051
99.566667,27.535653,9.709982,0.723484,0.000579,0.042284,-0.999012,-0.013679
99.583333,27.534614,9.673909,0.720428,0.000602,0.042232,-0.999006,-0.014236
99.600000,27.533557,9.637986,0.717387,0.000631,0.042164,-0.998999,-0.014948
99.616667,27.532500,9.602063,0.714346,0.000655,0.042108,-0.998992,-0.015538
99.633333,27.531320,9.566144,0.711317,0.000678,0.042053,-0.998985,-0.016106
99.650000,27.530141,9.530373,0.708301,0.000706,0.041984,-0.998977,-0.016807
99.666667,27.528949,9.494603,0.705286,0.000729,0.041929,-0.998969,-0.017360
99.683333,27.527651,9.458985,0.702294,0.000752,0.041872,-0.998962,-0.017936
99.700000,27.526352,9.423366,0.699303,0.000779,0.041802,-0.998952,-0.018627
99.716667,27.525028,9.387749,0.696314,0.000800,0.041749,-0.998944,-0.019146
99.733333,27.523613,9.352281,0.693348,0.000823,0.041690,-0.998935,-0.019728
99.750000,27.522199,9.316814,0.690381,0.000850,0.041621,-0.998925,-0.020390
99.766667,27.520746,9.281348,0.687418,0.000870,0.041568,-0.998917,-0.020896
99.783333,27.519218,9.246031,0.684476,0.000893,0.041506,-0.998907,-0.021481
99.800000,27.517690,9.210714,0.681534,0.000917,0.041439,-0.998896,-0.022112
99.816667,27.516114,9.175399,0.678597,0.000937,0.041386,-0.998887,-0.022609
99.833333,27.514476,9.140232,0.675679,0.000960,0.041322,-0.998876,-0.023195
99.850000,27.512838,9.105065,0.672762,0.000983,0.041256,-0.998865,-0.023799
99.866667,27.511143,9.069900,0.669851,0.001002,0.041202,-0.998855,-0.024288
99.883333,27.509397,9.034882,0.666958,0.001024,0.041136,-0.998843,-0.024872
99.900000,27.507652,8.999864,0.664065,0.001047,0.041071,-0.998831,-0.025451
99.916667,27.505843,8.964848,0.661179,0.001065,0.041016,-0.998821,-0.025931
99.933333,27.503993,8.929979,0.658310,0.001087,0.040950,-0.998809,-0.026512
99.950000,27.502142,8.895109,0.655442,0.001108,0.040885,-0.998797,-0.027068
99.966667,27.500225,8.860242,0.652581,0.001126,0.040830,-0.998786,-0.027539
99.983333,27.498272,8.825520,0.649737,0.001147,0.040762,-0.998773,-0.028115
100.000000,27.496320,8.790798,0.646893,0.001167,0.040698,-0.998760,-0.028650
100.016667,27.494298,8.756079,0.644058,0.001185,0.040642,-0.998749,-0.029112
100.033333,27.492246,8.721503,0.641238,0.001206,0.040573,-0.998735,-0.029678
100.050000,27.490195,8.686927,0.638418,0.001225,0.040510,-0.998722,-0.030190
100.066667,27.488072,8.652355,0.635608,0.001241,0.040453,-0.998711,-0.030641
100.083333,27.485924,8.617925,0.632812,0.001261,0.040383,-0.998697,-0.031190
100.100000,27.483777,8.583495,0.630017,0.001279,0.040320,-0.998684,-0.031677
100.116667,27.481559,8.549069,0.627230,0.001295,0.040263,-0.998672,-0.032110
100.133333,27.479320,8.514784,0.624459,0.001313,0.040193,-0.998658,-0.032634
100.150000,27.477082,8.480499,0.621688,0.001330,0.040129,-0.998645,-0.033092
100.166667,27.474776,8.446217,0.618926,0.001344,0.040072,-0.998634,-0.033502
100.183333,27.472453,8.412075,0.616179,0.001362,0.040001,-0.998620,-0.033996
100.200000,27.470130,8.377934,0.613432,0.001377,0.039938,-0.998608,-0.034423
100.216667,27.467745,8.343795,0.610695,0.001390,0.039880,-0.998597,-0.034808
100.233333,27.465344,8.309796,0.607972,0.001406,0.039809,-0.998584,-0.035268
100.250000,27.462943,8.275796,0.605249,0.001420,0.039745,-0.998572,-0.035667
100.266667,27.460485,8.241800,0.602535,0.001432,0.039687,-0.998561,-0.036026
100.283333,27.458012,8.207941,0.599836,0.001446,0.039616,-0.998549,-0.036451
100.300000,27.455539,8.174082,0.597137,0.001459,0.039552,-0.998538,-0.036823
100.316667,27.453016,8.140226,0.594447,0.001470,0.039493,-0.998528,-0.037158
100.333333,27.450478,8.106507,0.591772,0.001482,0.039423,-0.998516,-0.037546
100.350000,27.447939,8.072788,0.589097,0.001494,0.039358,-0.998505,-0.037893
100.366667,27.445358,8.039071,0.586430,0.001504,0.039298,-0.998496,-0.038202
100.383333,27.442760,8.005490,0.583779,0.001515,0.039229,-0.998485,-0.038556
100.400000,27.440162,7.971909,0.581128,0.001525,0.039163,-0.998475,-0.038878
100.416667,27.437528,7.938330,0.578484,0.001534,0.039103,-0.998466,-0.039162
100.433333,27.434877,7.904885,0.575857,0.001543,0.039035,-0.998456,-0.039480
100.450000,27.432226,7.871440,0.573229,0.001552,0.038967,-0.998447,-0.039778
100.466667,27.429545,7.837997,0.570609,0.001560,0.038907,-0.998439,-0.040037
100.483333,27.426847,7.804688,0.568005,0.001568,0.038840,-0.998430,-0.040320
100.500000,27.424148,7.771378,0.565401,0.001576,0.038771,-0.998422,-0.040595
100.516667,27.421428,7.738070,0.562803,0.001583,0.038710,-0.998415,-0.040829
100.533333,27.418688,7.704894,0.560223,0.001590,0.038645,-0.998407,-0.041077
100.550000,27.415948,7.671718,0.557643,0.001597,0.038574,-0.998399,-0.041329
100.566667,27.413193,7.638543,0.555067,0.001602,0.038513,-0.998393,-0.041538
100.583333,27.410418,7.605499,0.552511,0.001608,0.038449,-0.998387,-0.041754
100.600000,27.407643,7.572455,0.549954,0.001614,0.038376,-0.998380,-0.041982
100.616667,27.404858,7.539412,0.547400,0.001618,0.038315,-0.998374,-0.042166
100.633333,27.402053,7.506498,0.544867,0.001623,0.038254,-0.998369,-0.042350
100.650000,27.399248,7.473584,0.542334,0.001627,0.038179,-0.998363,-0.042556
100.666667,27.396439,7.440671,0.539802,0.001631,0.038117,-0.998359,-0.042715
100.683333,27.393610,7.407886,0.537292,0.001634,0.038055,-0.998354,-0.042875
100.700000,27.390781,7.375101,0.534782,0.001638,0.037980,-0.998349,-0.043060
100.716667,27.387952,7.342316,0.532272,0.001641,0.037918,-0.998345,-0.043205
100.733333,27.385093,7.309533,0.529775,0.001644,0.037856,-0.998341,-0.043349
100.750000,27.382245,7.276875,0.527288,0.001647,0.037781,-0.998336,-0.043524
100.766667,27.379398,7.244217,0.524801,0.001650,0.037718,-0.998333,-0.043667
100.783333,27.376524,7.211561,0.522326,0.001652,0.037656,-0.998329,-0.043810
100.800000,27.373657,7.179029,0.519862,0.001656,0.037582,-0.998324,-0.043985
100.816667,27.370789,7.146497,0.517399,0.001659,0.037518,-0.998319,-0.044140
100.833333,27.367898,7.113967,0.514944,0.001662,0.037455,-0.998315,-0.044296
100.850000,27.365008,7.081560,0.512504,0.001665,0.037384,-0.998309,-0.044474
100.866667,27.362118,7.049153,0.510063,0.001669,0.037317,-0.998304,-0.044653
100.883333,27.359208,7.016748,0.507630,0.001673,0.037253,-0.998299,-0.044825
100.900000,27.356292,6.984465,0.505212,0.001677,0.037185,-0.998293,-0.045009
100.916667,27.353375,6.952182,0.502794,0.001681,0.037115,-0.998286,-0.045213
100.933333,27.350444,6.919901,0.500381,0.001685,0.037050,-0.998280,-0.045402
100.950000,27.347498,6.887742,0.497986,0.001689,0.036986,-0.998274,-0.045591
100.966667,27.344552,6.855582,0.495591,0.001694,0.036911,-0.998266,-0.045822
100.983333,27.341598,6.823423,0.493199,0.001699,0.036846,-0.998259,-0.046027
101.000000,27.338618,6.791387,0.490827,0.001703,0.036781,-0.998252,-0.046233
101.016667,27.335639,6.759350,0.488454,0.001709,0.036707,-0.998243,-0.046477
101.033333,27.332660,6.727313,0.486082,0.001714,0.036642,-0.998235,-0.046699
101.050000,27.329634,6.695279,0.483724,0.001719,0.036576,-0.998227,-0.046921
101.066667,27.326618,6.663364,0.481374,0.001725,0.036502,-0.998218,-0.047178
101.083333,27.323603,6.631448,0.479025,0.001731,0.036436,-0.998209,-0.047417
101.100000,27.320548,6.599536,0.476686,0.001736,0.036370,-0.998200,-0.047656
101.116667,27.317492,6.567741,0.474359,0.001743,0.036296,-0.998190,-0.047924
101.133333,27.314436,6.535946,0.472032,0.001749,0.036229,-0.998180,-0.048181
101.150000,27.311351,6.504153,0.469713,0.001755,0.036162,-0.998170,-0.048437
101.166667,27.308252,6.472478,0.467409,0.001761,0.036094,-0.998160,-0.048699
101.183333,27.305154,6.440803,0.465105,0.001768,0.036022,-0.998148,-0.048990
101.200000,27.302037,6.409129,0.462805,0.001775,0.035954,-0.998137,-0.049262
101.216667,27.298892,6.377572,0.460523,0.001781,0.035887,-0.998126,-0.049535
101.233333,27.295747,6.346016,0.458241,0.001788,0.035813,-0.998113,-0.049844
101.250000,27.292597,6.314460,0.455960,0.001795,0.035745,-0.998101,-0.050133
101.266667,27.289403,6.283021,0.453701,0.001802,0.035677,-0.998089,-0.050422
101.283333,27.286208,6.251582,0.451441,0.001810,0.035604,-0.998075,-0.050742
101.300000,27.283014,6.220144,0.449182,0.001817,0.035535,-0.998062,-0.051047
101.316667,27.279767,6.188709,0.446934,0.001825,0.035466,-0.998049,-0.051353
101.333333,27.276519,6.157388,0.444697,0.001833,0.035393,-0.998034,-0.051683
101.350000,27.273272,6.126066,0.442460,0.001841,0.035324,-0.998020,-0.052005
101.366667,27.269988,6.094748,0.440230,0.001849,0.035255,-0.998006,-0.052328
101.383333,27.266684,6.063542,0.438016,0.001856,0.035186,-0.997991,-0.052652
101.400000,27.263381,6.032336,0.435801,0.001865,0.035112,-0.997974,-0.053017
101.416667,27.260059,6.001133,0.433590,0.001874,0.035042,-0.997958,-0.053367
101.433333,27.256696,5.970042,0.431397,0.001883,0.034972,-0.997942,-0.053717
101.450000,27.253334,5.938952,0.429204,0.001892,0.034899,-0.997923,-0.054111
101.466667,27.249971,5.907861,0.427012,0.001902,0.034829,-0.997904,-0.054506
101.483333,27.246530,5.876778,0.424833,0.001912,0.034759,-0.997885,-0.054901
101.500000,27.243099,5.845803,0.422662,0.001923,0.034686,-0.997864,-0.055329
101.516667,27.239668,5.814828,0.420492,0.001935,0.034616,-0.997841,-0.055786
101.533333,27.236173,5.783859,0.418331,0.001947,0.034545,-0.997817,-0.056245
101.550000,27.232659,5.752999,0.416182,0.001959,0.034474,-0.997793,-0.056709
101.566667,27.229145,5.722139,0.414033,0.001974,0.034402,-0.997765,-0.057243
101.583333,27.225593,5.691283,0.411889,0.001988,0.034331,-0.997737,-0.057774
101.600000,27.221981,5.660539,0.409762,0.002002,0.034260,-0.997709,-0.058306
101.616667,27.218370,5.629795,0.407635,0.002018,0.034188,-0.997677,-0.058890
101.633333,27.214755,5.599052,0.405509,0.002034,0.034116,-0.997643,-0.059493
101.650000,27.211032,5.568425,0.403403,0.002051,0.034045,-0.997610,-0.060097
101.666667,27.207309,5.537798,0.401298,0.002068,0.033973,-0.997574,-0.060724
101.683333,27.203586,5.507171,0.399193,0.002087,0.033901,-0.997535,-0.061399
101.700000,27.199768,5.476554,0.397097,0.002105,0.033829,-0.997496,-0.062076
101.716667,27.195919,5.446045,0.395014,0.002124,0.033757,-0.997456,-0.062749
101.733333,27.192070,5.415535,0.392930,0.002144,0.033685,-0.997411,-0.063491
101.750000,27.188170,5.385032,0.390851,0.002165,0.033612,-0.997366,-0.064239
101.766667,27.184181,5.354641,0.388788,0.002186,0.033539,-0.997320,-0.064989
101.783333,27.180193,5.324250,0.386726,0.002207,0.033468,-0.997271,-0.065766
101.800000,27.176204,5.293859,0.384663,0.002230,0.033395,-0.997219,-0.066587
101.816667,27.172052,5.263489,0.382615,0.002253,0.033321,-0.997166,-0.067409
101.833333,27.167910,5.233218,0.380574,0.002275,0.033250,-0.997113,-0.068221
101.850000,27.163768,5.202947,0.378533,0.002300,0.033176,-0.997054,-0.069114
101.866667,27.159516,5.172691,0.376501,0.002324,0.033102,-0.996994,-0.070008
101.883333,27.155206,5.142541,0.374481,0.002349,0.033027,-0.996933,-0.070904
101.900000,27.150897,5.112391,0.372461,0.002374,0.032956,-0.996870,-0.071821
101.916667,27.146543,5.082247,0.370445,0.002401,0.032880,-0.996802,-0.072787
101.933333,27.142053,5.052220,0.368446,0.002427,0.032805,-0.996734,-0.073755
101.950000,27.137562,5.022193,0.366447,0.002453,0.032734,-0.996665,-0.074703
101.966667,27.133072,4.992166,0.364449,0.002482,0.032658,-0.996589,-0.075741
101.983333,27.128407,4.962165,0.362462,0.002510,0.032581,-0.996512,-0.076781
102.000000,27.123723,4.932262,0.360485,0.002537,0.032510,-0.996439,-0.077757
102.016667,27.119038,4.902360,0.358507,0.002567,0.032433,-0.996354,-0.078867
102.033333,27.114257,4.872473,0.356536,0.002597,0.032355,-0.996268,-0.079978
102.050000,27.109365,4.842697,0.354580,0.002628,0.032278,-0.996180,-0.081092
102.066667,27.104473,4.812922,0.352624,0.002657,0.032206,-0.996095,-0.082165
102.083333,27.099577,4.783147,0.350668,0.002689,0.032127,-0.995999,-0.083348
102.100000,27.094464,4.753501,0.348732,0.002720,0.032049,-0.995901,-0.084533
102.116667,27.089351,4.723854,0.346797,0.002750,0.031977,-0.995810,-0.085629
102.133333,27.084239,4.694208,0.344862,0.002783,0.031897,-0.995704,-0.086884
102.150000,27.078979,4.664587,0.342936,0.002817,0.031817,-0.995596,-0.088142
102.166667,27.073633,4.635073,0.341022,0.002850,0.031737,-0.995486,-0.089395
102.183333,27.068286,4.605559,0.339108,0.002882,0.031665,-0.995380,-0.090591
102.200000,27.062900,4.576052,0.337196,0.002917,0.031584,-0.995261,-0.091924
102.216667,27.057307,4.546673,0.335303,0.002952,0.031503,-0.995139,-0.093259
102.233333,27.051714,4.517294,0.333410,0.002984,0.031431,-0.995027,-0.094473
102.250000,27.046122,4.487915,0.331517,0.003021,0.031350,-0.994894,-0.095885
102.266667,27.040332,4.458573,0.329635,0.003058,0.031269,-0.994759,-0.097299
102.283333,27.034478,4.429333,0.327763,0.003093,0.031191,-0.994629,-0.098646
102.300000,27.028625,4.400093,0.325891,0.003130,0.031115,-0.994493,-0.100030
102.316667,27.022697,4.370868,0.324023,0.003169,0.031034,-0.994344,-0.101527
102.333333,27.016567,4.341770,0.322172,0.003207,0.030952,-0.994192,-0.103026
102.350000,27.010438,4.312673,0.320321,0.003242,0.030881,-0.994054,-0.104363
102.366667,27.004308,4.283576,0.318469,0.003283,0.030799,-0.993890,-0.105943
102.383333,26.997937,4.254531,0.316630,0.003324,0.030717,-0.993722,-0.107525
102.400000,26.991516,4.225581,0.314799,0.003361,0.030641,-0.993565,-0.108984
102.416667,26.985096,4.196632,0.312969,0.003401,0.030563,-0.993395,-0.110545
102.433333,26.978577,4.167705,0.311143,0.003444,0.030481,-0.993211,-0.112211
102.450000,26.971852,4.138909,0.309332,0.003486,0.030397,-0.993023,-0.113879
102.466667,26.965127,4.110113,0.307522,0.003523,0.030327,-0.992858,-0.115332
102.483333,26.958402,4.081316,0.305712,0.003567,0.030243,-0.992655,-0.117081
102.500000,26.951399,4.052586,0.303914,0.003611,0.030159,-0.992450,-0.118833
102.516667,26.944355,4.023948,0.302124,0.003651,0.030084,-0.992261,-0.120415
102.533333,26.937311,3.995311,0.300334,0.003694,0.030004,-0.992053,-0.122135
102.550000,26.930152,3.966702,0.298549,0.003740,0.029920,-0.991828,-0.123969
102.566667,26.922775,3.938229,0.296779,0.003785,0.029834,-0.991599,-0.125806
102.583333,26.915398,3.909756,0.295009,0.003824,0.029763,-0.991401,-0.127368
102.600000,26.908021,3.881284,0.293239,0.003871,0.029678,-0.991156,-0.129286
102.616667,26.900343,3.852890,0.291482,0.003918,0.029591,-0.990906,-0.131206
102.633333,26.892619,3.824589,0.289733,0.003960,0.029514,-0.990678,-0.132930
102.650000,26.884894,3.796288,0.287983,0.004005,0.029433,-0.990430,-0.134780
102.666667,26.877054,3.768019,0.286238,0.004054,0.029345,-0.990158,-0.136783
102.683333,26.868970,3.739897,0.284509,0.004102,0.029257,-0.989881,-0.138789
102.700000,26.860885,3.711775,0.282780,0.004142,0.029185,-0.989649,-0.140449
102.716667,26.852800,3.683653,0.281050,0.004192,0.029096,-0.989353,-0.142535
102.733333,26.844408,3.655621,0.279333,0.004241,0.029006,-0.989052,-0.144623
102.750000,26.835949,3.627685,0.277624,0.004286,0.028925,-0.988777,-0.146510
102.766667,26.827491,3.599750,0.275915,0.004332,0.028843,-0.988489,-0.148457
102.783333,26.818932,3.571845,0.274210,0.004383,0.028752,-0.988163,-0.150627
102.800000,26.810088,3.544105,0.272521,0.004433,0.028660,-0.987832,-0.152799
102.816667,26.801243,3.516365,0.270832,0.004474,0.028587,-0.987562,-0.154545
102.833333,26.792398,3.488624,0.269143,0.004526,0.028493,-0.987209,-0.156796
102.850000,26.783258,3.460980,0.267466,0.004577,0.028400,-0.986851,-0.159050
102.866667,26.774014,3.433444,0.265798,0.004624,0.028313,-0.986516,-0.161128
102.883333,26.764770,3.405908,0.264129,0.004670,0.028231,-0.986190,-0.163128
102.900000,26.755462,3.378394,0.262464,0.004722,0.028135,-0.985803,-0.165462
102.916667,26.745808,3.351072,0.260816,0.004775,0.028039,-0.985411,-0.167798
102.933333,26.736153,3.323750,0.259168,0.004815,0.027964,-0.985102,-0.169616
102.950000,26.726498,3.296427,0.257521,0.004869,0.027867,-0.984685,-0.172032
102.966667,26.716584,3.269199,0.255883,0.004922,0.027770,-0.984262,-0.174451
102.983333,26.706506,3.242101,0.254256,0.004972,0.027677,-0.983853,-0.176757
103.000000,26.696429,3.215003,0.252629,0.005016,0.027598,-0.983492,-0.178762
103.016667,26.686348,3.187906,0.251002,0.005071,0.027501,-0.983037,-0.181266
103.033333,26.675836,3.161043,0.249395,0.005125,0.027403,-0.982574,-0.183771
103.050000,26.665324,3.134181,0.247789,0.005169,0.027324,-0.982192,-0.185809
103.066667,26.654812,3.107318,0.246182,0.005222,0.027233,-0.981730,-0.188250
103.083333,26.644101,3.080535,0.244582,0.005278,0.027135,-0.981231,-0.190843
103.100000,26.633141,3.053920,0.242996,0.005333,0.027037,-0.980727,-0.193432
103.116667,26.622181,3.027305,0.241409,0.005375,0.026966,-0.980338,-0.195402
103.133333,26.611222,3.000690,0.239822,0.005432,0.026869,-0.979801,-0.198085
103.150000,26.599861,2.974244,0.238249,0.005489,0.026772,-0.979257,-0.200771
103.166667,26.588441,2.947890,0.236681,0.005538,0.026688,-0.978780,-0.203093
103.183333,26.577022,2.921537,0.235114,0.005589,0.026604,-0.978278,-0.205506
103.200000,26.565489,2.895233,0.233550,0.005647,0.026507,-0.977693,-0.208283
103.216667,26.553597,2.869154,0.232002,0.005705,0.026409,-0.977099,-0.211062
103.233333,26.541706,2.843076,0.230454,0.005747,0.026338,-0.976658,-0.213103
103.250000,26.529814,2.816998,0.228906,0.005807,0.026241,-0.976029,-0.215974
103.266667,26.517608,2.791066,0.227368,0.005866,0.026144,-0.975391,-0.218847
103.283333,26.505232,2.765278,0.225838,0.005920,0.026052,-0.974792,-0.221511
103.300000,26.492855,2.739490,0.224309,0.005968,0.025975,-0.974260,-0.223845
103.316667,26.480479,2.713703,0.222780,0.006028,0.025877,-0.973576,-0.226812
103.333333,26.467606,2.688222,0.221270,0.006088,0.025777,-0.972882,-0.229781
103.350000,26.454734,2.662741,0.219759,0.006136,0.025698,-0.972319,-0.232160
103.366667,26.441862,2.637260,0.218249,0.006192,0.025607,-0.971647,-0.234964
103.383333,26.428788,2.611883,0.216744,0.006253,0.025508,-0.970903,-0.238027
103.400000,26.415408,2.586726,0.215252,0.006314,0.025407,-0.970149,-0.241091
103.416667,26.402028,2.561570,0.213761,0.006357,0.025335,-0.969601,-0.243294
103.433333,26.388649,2.536413,0.212269,0.006419,0.025235,-0.968805,-0.246454
103.450000,26.374860,2.511479,0.210789,0.006481,0.025133,-0.967997,-0.249615
103.466667,26.360962,2.486665,0.209315,0.006534,0.025043,-0.967279,-0.252390
103.483333,26.347064,2.461851,0.207842,0.006586,0.024958,-0.966579,-0.255066
103.500000,26.333101,2.437074,0.206371,0.006648,0.024855,-0.965716,-0.258323
103.516667,26.318674,2.412622,0.204916,0.006710,0.024750,-0.964841,-0.261580
103.533333,26.304247,2.388171,0.203462,0.006756,0.024671,-0.964170,-0.264048
103.550000,26.289821,2.363719,0.202007,0.006816,0.024572,-0.963300,-0.267214
103.566667,26.275124,2.339430,0.200560,0.006878,0.024466,-0.962366,-0.270567
103.583333,26.260159,2.315362,0.199124,0.006938,0.024362,-0.961455,-0.273792
103.600000,26.245195,2.291293,0.197688,0.006983,0.024284,-0.960745,-0.276279
103.616667,26.230230,2.267224,0.196252,0.007046,0.024176,-0.959749,-0.279727
103.633333,26.214787,2.243460,0.194830,0.007108,0.024066,-0.958740,-0.283175
103.650000,26.199276,2.219795,0.193413,0.007160,0.023973,-0.957876,-0.286089
103.666667,26.183765,2.196131,0.191996,0.007213,0.023880,-0.956988,-0.289054
103.683333,26.168146,2.172539,0.190582,0.007275,0.023768,-0.955917,-0.292583
103.700000,26.152081,2.149302,0.189184,0.007336,0.023655,-0.954832,-0.296111
103.716667,26.136015,2.126065,0.187786,0.007380,0.023573,-0.954033,-0.298682
103.733333,26.119950,2.102828,0.186388,0.007438,0.023465,-0.952962,-0.302089
103.750000,26.103578,2.079808,0.184999,0.007498,0.023351,-0.951827,-0.305655
103.766667,26.086959,2.057017,0.183621,0.007554,0.023242,-0.950747,-0.309002
103.783333,26.070339,2.034227,0.182242,0.007597,0.023158,-0.949896,-0.311613
103.800000,26.053720,2.011436,0.180863,0.007655,0.023043,-0.948725,-0.315170
103.816667,26.036612,1.989010,0.179500,0.007712,0.022927,-0.947538,-0.318726
103.833333,26.019453,1.966675,0.178140,0.007758,0.022830,-0.946551,-0.321650
103.850000,26.002293,1.944340,0.176781,0.007804,0.022734,-0.945544,-0.324607
103.866667,25.985028,1.922088,0.175425,0.007859,0.022618,-0.944332,-0.328122
103.883333,25.967345,1.900216,0.174085,0.007912,0.022500,-0.943106,-0.331636
103.900000,25.949662,1.878344,0.172745,0.007949,0.022417,-0.942227,-0.334129
103.916667,25.931978,1.856472,0.171405,0.007998,0.022308,-0.941059,-0.337412
103.933333,25.914020,1.834827,0.170074,0.008049,0.022191,-0.939809,-0.340884
103.950000,25.895828,1.813425,0.168753,0.008096,0.022081,-0.938628,-0.344130
103.966667,25.877637,1.792023,0.167432,0.008131,0.021998,-0.937723,-0.346591
103.983333,25.859445,1.770621,0.166111,0.008179,0.021881,-0.936449,-0.350025
104.000000,25.840822,1.749594,0.164805,0.008226,0.021764,-0.935162,-0.353456
104.016667,25.822137,1.728669,0.163503,0.008264,0.021667,-0.934087,-0.356292
104.033333,25.803451,1.707745,0.162201,0.008302,0.021572,-0.933025,-0.359068
104.050000,25.784694,1.686885,0.160902,0.008347,0.021455,-0.931714,-0.362462
104.066667,25.765529,1.666444,0.159619,0.008390,0.021337,-0.930390,-0.365855
104.083333,25.746364,1.646004,0.158336,0.008421,0.021252,-0.929426,-0.368299
104.100000,25.727199,1.625564,0.157053,0.008460,0.021146,-0.928203,-0.371377
104.116667,25.707817,1.605331,0.155778,0.008502,0.021029,-0.926854,-0.374735
104.133333,25.688186,1.585382,0.154514,0.008541,0.020916,-0.925558,-0.377931
104.150000,25.668556,1.565432,0.153250,0.008568,0.020837,-0.924630,-0.380201
104.166667,25.648925,1.545482,0.151986,0.008607,0.020720,-0.923257,-0.383527
104.183333,25.628942,1.525887,0.150735,0.008646,0.020603,-0.921872,-0.386851
104.200000,25.608860,1.506435,0.149490,0.008678,0.020503,-0.920683,-0.389676
104.216667,25.588777,1.486983,0.148245,0.008706,0.020412,-0.919596,-0.392239
104.233333,25.568677,1.467549,0.147000,0.008743,0.020296,-0.918186,-0.395533
104.250000,25.548156,1.448601,0.145773,0.008778,0.020178,-0.916763,-0.398825
104.266667,25.527635,1.429653,0.144547,0.008804,0.020090,-0.915687,-0.401293
104.283333,25.507114,1.410705,0.143320,0.008834,0.019988,-0.914435,-0.404143
104.300000,25.486446,1.391919,0.142099,0.008867,0.019872,-0.912987,-0.407408
104.316667,25.465499,1.373482,0.140891,0.008899,0.019756,-0.911546,-0.410627
104.333333,25.444552,1.355045,0.139683,0.008921,0.019678,-0.910569,-0.412793
104.350000,25.423605,1.336607,0.138475,0.008951,0.019566,-0.909145,-0.415923
104.366667,25.402392,1.318478,0.137278,0.008982,0.019449,-0.907660,-0.419159
104.383333,25.381031,1.300559,0.136088,0.009008,0.019344,-0.906327,-0.422038
104.400000,25.359670,1.282639,0.134898,0.009029,0.019260,-0.905236,-0.424376
104.416667,25.338309,1.264719,0.133709,0.009058,0.019144,-0.903725,-0.427590
104.433333,25.316573,1.247257,0.132535,0.009085,0.019027,-0.902201,-0.430801
104.450000,25.294810,1.229862,0.131363,0.009107,0.018934,-0.900981,-0.433350
104.466667,25.273048,1.212467,0.130192,0.009129,0.018839,-0.899720,-0.435964
104.483333,25.251213,1.195164,0.129023,0.009155,0.018723,-0.898171,-0.439152
104.500000,25.229061,1.178300,0.127870,0.009179,0.018606,-0.896610,-0.442335
104.516667,25.206908,1.161436,0.126717,0.009196,0.018525,-0.895509,-0.444562
104.533333,25.184756,1.144573,0.125564,0.009218,0.018419,-0.894077,-0.447439
104.550000,25.162425,1.127948,0.124418,0.009241,0.018303,-0.892495,-0.450591
104.566667,25.139895,1.111621,0.123283,0.009261,0.018193,-0.890996,-0.453552
104.583333,25.117366,1.095294,0.122148,0.009275,0.018115,-0.889928,-0.455646
104.600000,25.094836,1.078968,0.121013,0.009295,0.017999,-0.888330,-0.458758
104.616667,25.072032,1.063028,0.119891,0.009315,0.017883,-0.886721,-0.461865
104.633333,25.049141,1.047240,0.118774,0.009330,0.017784,-0.885349,-0.464493
104.650000,25.026249,1.031452,0.117657,0.009343,0.017695,-0.884121,-0.466829
104.666667,25.003355,1.015667,0.116540,0.009360,0.017579,-0.882500,-0.469891
104.683333,24.980116,1.000419,0.115441,0.009376,0.017462,-0.880868,-0.472947
104.700000,24.956876,0.985171,0.114342,0.009387,0.017374,-0.879630,-0.475248
104.716667,24.933637,0.969923,0.113243,0.009399,0.017276,-0.878239,-0.477817
104.733333,24.910302,0.954824,0.112150,0.009412,0.017160,-0.876596,-0.480829
104.750000,24.886730,0.940118,0.111069,0.009424,0.017043,-0.874945,-0.483830
104.766667,24.863157,0.925411,0.109988,0.009432,0.016965,-0.873843,-0.485821
104.783333,24.839585,0.910705,0.108908,0.009442,0.016857,-0.872286,-0.488614
104.800000,24.815832,0.896294,0.107837,0.009452,0.016741,-0.870622,-0.491578
104.816667,24.791940,0.882130,0.106775,0.009460,0.016635,-0.869104,-0.494259
104.833333,24.768048,0.867966,0.105712,0.009466,0.016554,-0.867938,-0.496307
104.850000,24.744157,0.853802,0.104650,0.009474,0.016439,-0.866263,-0.499229
104.866667,24.720008,0.840081,0.103602,0.009480,0.016323,-0.864577,-0.502145
104.883333,24.695810,0.826460,0.102558,0.009485,0.016228,-0.863197,-0.504518
104.900000,24.671612,0.812839,0.101514,0.009489,0.016137,-0.861866,-0.506791
104.916667,24.647387,0.799268,0.100472,0.009493,0.016022,-0.860170,-0.509668
104.933333,24.622897,0.786192,0.099446,0.009497,0.015906,-0.858464,-0.512539
104.950000,24.598406,0.773115,0.098420,0.009499,0.015823,-0.857223,-0.514614
104.966667,24.573915,0.760039,0.097394,0.009501,0.015722,-0.855723,-0.517107
104.983333,24.549322,0.747159,0.096374,0.009502,0.015607,-0.854007,-0.519941
105.000000,24.524550,0.734628,0.095367,0.009502,0.015496,-0.852334,-0.522682
105.016667,24.499779,0.722097,0.094359,0.009502,0.015419,-0.851183,-0.524556
105.033333,24.475008,0.709565,0.093351,0.009502,0.015309,-0.849511,-0.527264
105.050000,24.450066,0.697379,0.092355,0.009500,0.015194,-0.847774,-0.530055
105.066667,24.425027,0.685394,0.091365,0.009498,0.015094,-0.846240,-0.532503
105.083333,24.399987,0.673408,0.090376,0.009496,0.015011,-0.844975,-0.534511
105.100000,24.374947,0.661423,0.089386,0.009492,0.014898,-0.843226,-0.537268
105.116667,24.349677,0.649932,0.088413,0.009488,0.014784,-0.841469,-0.540020
105.133333,24.324382,0.638495,0.087441,0.009484,0.014694,-0.840077,-0.542185
105.150000,24.299087,0.627057,0.086470,0.009479,0.014602,-0.838638,-0.544411
105.166667,24.273750,0.615716,0.085502,0.009473,0.014489,-0.836868,-0.547130
105.183333,24.248213,0.604828,0.084548,0.009465,0.014376,-0.835090,-0.549844
105.200000,24.222677,0.593940,0.083595,0.009460,0.014297,-0.833844,-0.551734
105.216667,24.197140,0.583052,0.082642,0.009452,0.014195,-0.832226,-0.554174
105.233333,24.171501,0.572411,0.081697,0.009443,0.014083,-0.830435,-0.556858
105.250000,24.145738,0.562076,0.080762,0.009434,0.013977,-0.828740,-0.559379
105.266667,24.119974,0.551740,0.079827,0.009427,0.013902,-0.827539,-0.561157
105.283333,24.094211,0.541405,0.078892,0.009416,0.013791,-0.825742,-0.563801
105.300000,24.068292,0.531469,0.077970,0.009404,0.013679,-0.823934,-0.566442
105.316667,24.042316,0.521688,0.077054,0.009393,0.013584,-0.822392,-0.568682
105.333333,24.016340,0.511907,0.076137,0.009383,0.013499,-0.821023,-0.570658
105.350000,23.990364,0.502127,0.075221,0.009368,0.013388,-0.819227,-0.573236
105.366667,23.964188,0.492895,0.074322,0.009353,0.013277,-0.817423,-0.575808
105.383333,23.938015,0.483666,0.073424,0.009340,0.013193,-0.816057,-0.577745
105.400000,23.911843,0.474437,0.072526,0.009325,0.013099,-0.814548,-0.579873
105.416667,23.885620,0.465354,0.071634,0.009306,0.012989,-0.812779,-0.582354
105.433333,23.859271,0.456662,0.070754,0.009286,0.012878,-0.811002,-0.584829
105.450000,23.832921,0.447969,0.069875,0.009272,0.012804,-0.809834,-0.586446
105.466667,23.806572,0.439276,0.068996,0.009251,0.012701,-0.808212,-0.588682
105.483333,23.780132,0.430867,0.068127,0.009228,0.012591,-0.806489,-0.591043
105.500000,23.753625,0.422692,0.067267,0.009205,0.012491,-0.804923,-0.593176
105.516667,23.727118,0.414516,0.066408,0.009187,0.012415,-0.803738,-0.594783
105.533333,23.700611,0.406341,0.065548,0.009160,0.012306,-0.802073,-0.597029
105.550000,23.673982,0.398575,0.064703,0.009133,0.012198,-0.800401,-0.599271
105.566667,23.647335,0.390898,0.063863,0.009109,0.012109,-0.799046,-0.601080
105.583333,23.620689,0.383221,0.063022,0.009085,0.012024,-0.797759,-0.602787
105.600000,23.594029,0.375591,0.062184,0.009054,0.011916,-0.796149,-0.604916
105.616667,23.567260,0.368392,0.061363,0.009022,0.011809,-0.794532,-0.607040
105.633333,23.540490,0.361193,0.060542,0.008998,0.011731,-0.793379,-0.608549
105.650000,23.513721,0.353994,0.059721,0.008968,0.011638,-0.792006,-0.610337
105.666667,23.486908,0.346964,0.058908,0.008933,0.011532,-0.790453,-0.612349
105.683333,23.460031,0.340222,0.058107,0.008899,0.011429,-0.788950,-0.614287
105.700000,23.433155,0.333480,0.057306,0.008874,0.011359,-0.787934,-0.615591
105.716667,23.406279,0.326739,0.056505,0.008838,0.011257,-0.786489,-0.617439
105.733333,23.379335,0.320276,0.055716,0.008799,0.011153,-0.784996,-0.619338
105.750000,23.352366,0.313970,0.054935,0.008765,0.011061,-0.783695,-0.620986
105.766667,23.325397,0.307665,0.054154,0.008736,0.010986,-0.782643,-0.622313
105.783333,23.298428,0.301360,0.053373,0.008695,0.010884,-0.781217,-0.624104
105.800000,23.271374,0.295430,0.052610,0.008653,0.010781,-0.779787,-0.625892
105.816667,23.244326,0.289540,0.051849,0.008620,0.010700,-0.778677,-0.627274
105.833333,23.217278,0.283650,0.051088,0.008585,0.010618,-0.777560,-0.628660
105.850000,23.190216,0.277828,0.050330,0.008540,0.010517,-0.776199,-0.630343
105.866667,23.163101,0.272333,0.049589,0.008496,0.010415,-0.774833,-0.632023
105.883333,23.135987,0.266837,0.048848,0.008464,0.010345,-0.773903,-0.633163
105.900000,23.108872,0.261341,0.048107,0.008423,0.010256,-0.772735,-0.634590
105.916667,23.081725,0.256006,0.047375,0.008376,0.010157,-0.771440,-0.636166
105.933333,23.054555,0.250883,0.046654,0.008331,0.010063,-0.770220,-0.637644
105.950000,23.027385,0.245760,0.045933,0.008299,0.009997,-0.769379,-0.638661
105.966667,23.000215,0.240637,0.045212,0.008251,0.009901,-0.768173,-0.640112
105.983333,22.973001,0.235754,0.044505,0.008201,0.009804,-0.766945,-0.641585
106.000000,22.945786,0.230982,0.043805,0.008159,0.009721,-0.765904,-0.642830
106.016667,22.918571,0.226210,0.043104,0.008121,0.009650,-0.765036,-0.643864
106.033333,22.891356,0.221438,0.042403,0.008070,0.009554,-0.763879,-0.645238
106.050000,22.864088,0.216975,0.041721,0.008018,0.009458,-0.762720,-0.646610
106.066667,22.836837,0.212532,0.041040,0.007978,0.009385,-0.761844,-0.647643
106.083333,22.809587,0.208090,0.040360,0.007935,0.009308,-0.760942,-0.648705
106.100000,22.782326,0.203708,0.039683,0.007881,0.009214,-0.759854,-0.649981
106.116667,22.755049,0.199574,0.039023,0.007827,0.009119,-0.758763,-0.651256
106.133333,22.727772,0.195439,0.038362,0.007790,0.009056,-0.758039,-0.652099
106.150000,22.700495,0.191304,0.037702,0.007740,0.008972,-0.757110,-0.653179
106.166667,22.673198,0.187298,0.037050,0.007685,0.008879,-0.756085,-0.654368
106.183333,22.645902,0.183451,0.036410,0.007632,0.008793,-0.755131,-0.655471
106.200000,22.618606,0.179604,0.035769,0.007594,0.008731,-0.754468,-0.656235
106.216667,22.591310,0.175756,0.035129,0.007538,0.008641,-0.753514,-0.657331
106.233333,22.563988,0.172098,0.034502,0.007480,0.008549,-0.752545,-0.658443
106.250000,22.536679,0.168522,0.033882,0.007430,0.008471,-0.751729,-0.659376
106.266667,22.509370,0.164946,0.033262,0.007387,0.008404,-0.751043,-0.660158
106.283333,22.482062,0.161370,0.032642,0.007327,0.008313,-0.750126,-0.661202
106.300000,22.454722,0.158035,0.032041,0.007267,0.008221,-0.749208,-0.662244
106.316667,22.427407,0.154716,0.031441,0.007221,0.008152,-0.748517,-0.663027
106.333333,22.400092,0.151396,0.030841,0.007171,0.008078,-0.747802,-0.663834
106.350000,22.372771,0.148124,0.030245,0.007109,0.007987,-0.746936,-0.664810
106.366667,22.345455,0.145045,0.029666,0.007047,0.007896,-0.746068,-0.665786
106.383333,22.318139,0.141966,0.029087,0.007004,0.007834,-0.745492,-0.666431
106.400000,22.290823,0.138888,0.028508,0.006947,0.007754,-0.744759,-0.667253
106.416667,22.263496,0.135907,0.027938,0.006883,0.007664,-0.743944,-0.668162
106.433333,22.236185,0.133054,0.027379,0.006823,0.007579,-0.743186,-0.669007
106.450000,22.208873,0.130201,0.026821,0.006780,0.007520,-0.742661,-0.669591
106.466667,22.181561,0.127347,0.026262,0.006716,0.007432,-0.741919,-0.670415
106.483333,22.154234,0.124636,0.025718,0.006650,0.007343,-0.741157,-0.671258
106.500000,22.126932,0.121992,0.025180,0.006594,0.007267,-0.740515,-0.671968
106.516667,22.099629,0.119349,0.024643,0.006546,0.007203,-0.739992,-0.672545
106.533333,22.072326,0.116706,0.024105,0.006479,0.007114,-0.739285,-0.673323
106.550000,22.045006,0.114239,0.023586,0.006411,0.007025,-0.738577,-0.674102
106.566667,22.017717,0.111790,0.023069,0.006359,0.006956,-0.738043,-0.674688
106.583333,21.990427,0.109341,0.022553,0.006305,0.006886,-0.737513,-0.675268
106.600000,21.963135,0.106919,0.022039,0.006236,0.006797,-0.736861,-0.675982
106.616667,21.935863,0.104649,0.021544,0.006167,0.006709,-0.736207,-0.676695
106.633333,21.908591,0.102378,0.021048,0.006118,0.006648,-0.735771,-0.677170
106.650000,21.881319,0.100108,0.020552,0.006057,0.006571,-0.735245,-0.677742
106.666667,21.854041,0.097899,0.020064,0.005987,0.006483,-0.734647,-0.678392
106.683333,21.826791,0.095792,0.019590,0.005920,0.006400,-0.734083,-0.679004
106.700000,21.799540,0.093685,0.019115,0.005873,0.006342,-0.733703,-0.679416
106.716667,21.772289,0.091578,0.018641,0.005805,0.006259,-0.733190,-0.679971
106.733333,21.745031,0.089559,0.018179,0.005733,0.006172,-0.732648,-0.680556
106.750000,21.717805,0.087599,0.017725,0.005670,0.006096,-0.732181,-0.681059
106.766667,21.690578,0.085639,0.017272,0.005621,0.006037,-0.731833,-0.681434
106.783333,21.663352,0.083680,0.016818,0.005548,0.005950,-0.731348,-0.681955
106.800000,21.636118,0.081827,0.016382,0.005475,0.005863,-0.730863,-0.682477
106.816667,21.608920,0.079999,0.015950,0.005416,0.005794,-0.730486,-0.682881
106.833333,21.581722,0.078172,0.015518,0.005361,0.005729,-0.730151,-0.683241
106.850000,21.554523,0.076348,0.015086,0.005287,0.005643,-0.729723,-0.683700
106.866667,21.527356,0.074637,0.014675,0.005212,0.005556,-0.729293,-0.684159
106.883333,21.500188,0.072925,0.014265,0.005158,0.005493,-0.728998,-0.684474
106.900000,21.473021,0.071214,0.013854,0.005097,0.005423,-0.728684,-0.684810
106.916667,21.445852,0.069527,0.013448,0.005021,0.005337,-0.728311,-0.685207
106.933333,21.418718,0.067916,0.013058,0.004947,0.005252,-0.727944,-0.685599
106.950000,21.391585,0.066306,0.012669,0.004896,0.005195,-0.727714,-0.685844
106.966667,21.364451,0.064695,0.012279,0.004829,0.005119,-0.727421,-0.686155
106.983333,21.337315,0.063122,0.011899,0.004752,0.005033,-0.727093,-0.686504
107.000000,21.310218,0.061598,0.011531,0.004682,0.004955,-0.726795,-0.686820
107.016667,21.283121,0.060073,0.011163,0.004631,0.004897,-0.726591,-0.687037
107.033333,21.256024,0.058549,0.010795,0.004558,0.004816,-0.726307,-0.687339
107.050000,21.228924,0.057074,0.010440,0.004481,0.004731,-0.726006,-0.687657
107.066667,21.201865,0.055630,0.010093,0.004415,0.004658,-0.725753,-0.687926
107.083333,21.174806,0.054185,0.009746,0.004363,0.004600,-0.725556,-0.688134
107.100000,21.147747,0.052740,0.009400,0.004285,0.004514,-0.725266,-0.688440
107.116667,21.120685,0.051359,0.009070,0.004207,0.004428,-0.724976,-0.688747
107.133333,21.093666,0.049993,0.008745,0.004146,0.004361,-0.724749,-0.688986
107.150000,21.066648,0.048627,0.008420,0.004088,0.004298,-0.724539,-0.689208
107.166667,21.039629,0.047262,0.008095,0.004010,0.004212,-0.724254,-0.689509
107.183333,21.012652,0.045973,0.007791,0.003932,0.004126,-0.723968,-0.689810
107.200000,20.985675,0.044683,0.007487,0.003875,0.004064,-0.723763,-0.690025
107.216667,20.958698,0.043394,0.007184,0.003812,0.003996,-0.723541,-0.690260
107.233333,20.931721,0.042119,0.006884,0.003733,0.003910,-0.723260,-0.690555
107.250000,20.904787,0.040905,0.006602,0.003655,0.003825,-0.722980,-0.690848
107.266667,20.877854,0.039691,0.006319,0.003602,0.003767,-0.722795,-0.691043
107.283333,20.850921,0.038477,0.006037,0.003535,0.003695,-0.722561,-0.691288
107.300000,20.823986,0.037289,0.005763,0.003455,0.003608,-0.722284,-0.691578
107.316667,20.797098,0.036149,0.005502,0.003380,0.003528,-0.722026,-0.691848
107.333333,20.770210,0.035009,0.005241,0.003327,0.003470,-0.721844,-0.692040
107.350000,20.743322,0.033869,0.004981,0.003255,0.003393,-0.721599,-0.692295
107.366667,20.716432,0.032767,0.004731,0.003175,0.003307,-0.721328,-0.692579
107.383333,20.689591,0.031699,0.004492,0.003104,0.003231,-0.721089,-0.692828
107.400000,20.662749,0.030632,0.004253,0.003051,0.003173,-0.720910,-0.693015
107.416667,20.635908,0.029564,0.004014,0.002974,0.003092,-0.720656,-0.693279
107.433333,20.609065,0.028544,0.003789,0.002893,0.003005,-0.720389,-0.693558
107.450000,20.582272,0.027548,0.003572,0.002827,0.002934,-0.720170,-0.693786
107.466667,20.555480,0.026551,0.003355,0.002772,0.002876,-0.719993,-0.693970
107.483333,20.528687,0.025555,0.003137,0.002691,0.002790,-0.719732,-0.694241
107.500000,20.501892,0.024615,0.002937,0.002610,0.002704,-0.719469,-0.694514
107.516667,20.475150,0.023688,0.002742,0.002547,0.002637,-0.719268,-0.694723
107.533333,20.448407,0.022761,0.002546,0.002489,0.002576,-0.719084,-0.694914
107.550000,20.421665,0.021834,0.002350,0.002407,0.002489,-0.718826,-0.695181
107.566667,20.394920,0.020972,0.002175,0.002325,0.002403,-0.718568,-0.695449
107.583333,20.368229,0.020113,0.002001,0.002266,0.002340,-0.718383,-0.695640
107.600000,20.341539,0.019254,0.001827,0.002204,0.002275,-0.718192,-0.695837
107.616667,20.314848,0.018403,0.001655,0.002122,0.002188,-0.717939,-0.696099
107.633333,20.288210,0.017610,0.001502,0.002039,0.002102,-0.717685,-0.696361
107.650000,20.261573,0.016818,0.001350,0.001983,0.002043,-0.717516,-0.696536
107.666667,20.234936,0.016025,0.001197,0.001918,0.001975,-0.717319,-0.696739
107.683333,20.208299,0.015248,0.001050,0.001835,0.001888,-0.717071,-0.696996
107.700000,20.181716,0.014521,0.000919,0.001755,0.001804,-0.716831,-0.697242
107.716667,20.155134,0.013793,0.000788,0.001699,0.001746,-0.716667,-0.697411
107.733333,20.128552,0.013066,0.000657,0.001630,0.001674,-0.716465,-0.697619
107.750000,20.101970,0.012361,0.000534,0.001547,0.001587,-0.716221,-0.697870
107.766667,20.075444,0.011697,0.000425,0.001470,0.001507,-0.715997,-0.698100
107.783333,20.048919,0.011033,0.000316,0.001414,0.001449,-0.715836,-0.698266
107.800000,20.022394,0.010369,0.000207,0.001342,0.001375,-0.715630,-0.698477
107.816667,19.995867,0.009734,0.000108,0.001260,0.001290,-0.715392,-0.698721
107.833333,19.969400,0.009132,0.000020,0.001187,0.001215,-0.715183,-0.698935
107.850000,19.942933,0.008530,-0.000068,0.001132,0.001158,-0.715026,-0.699096
107.866667,19.916466,0.007929,-0.000155,0.001061,0.001085,-0.714820,-0.699307
107.883333,19.889998,0.007360,-0.000231,0.000982,0.001003,-0.714590,-0.699542
107.900000,19.863591,0.006818,-0.000298,0.000915,0.000935,-0.714397,-0.699739
107.916667,19.837184,0.006276,-0.000365,0.000864,0.000882,-0.714246,-0.699893
107.933333,19.810777,0.005733,-0.000432,0.000796,0.000812,-0.714043,-0.700101
107.950000,19.784369,0.005228,-0.000487,0.000722,0.000736,-0.713823,-0.700326
107.966667,19.758024,0.004743,-0.000535,0.000664,0.000676,-0.713646,-0.700505
107.983333,19.731678,0.004257,-0.000584,0.000617,0.000628,-0.713503,-0.700652
108.000000,19.705332,0.003771,-0.000632,0.000554,0.000564,-0.713305,-0.700853
108.016667,19.678986,0.003325,-0.000668,0.000487,0.000495,-0.713095,-0.701067
108.033333,19.652704,0.002893,-0.000699,0.000437,0.000444,-0.712934,-0.701230
108.050000,19.626421,0.002461,-0.000731,0.000394,0.000401,-0.712798,-0.701369
108.066667,19.600139,0.002029,-0.000762,0.000336,0.000342,-0.712606,-0.701564
108.083333,19.573856,0.001638,-0.000782,0.000277,0.000281,-0.712408,-0.701766
108.100000,19.547638,0.001257,-0.000798,0.000233,0.000237,-0.712261,-0.701915
108.116667,19.521420,0.000875,-0.000815,0.000196,0.000199,-0.712132,-0.702046
108.133333,19.495202,0.000494,-0.000831,0.000144,0.000146,-0.711948,-0.702233
108.150000,19.468984,0.000154,-0.000836,0.000091,0.000092,-0.711760,-0.702423
108.166667,19.442832,-0.000179,-0.000839,0.000054,0.000055,-0.711626,-0.702558
108.183333,19.416681,-0.000513,-0.000842,0.000021,0.000021,-0.711504,-0.702682
108.200000,19.390529,-0.000847,-0.000846,-0.000025,-0.000025,-0.711328,-0.702860
108.216667,19.364377,-0.001139,-0.000838,-0.000071,-0.000071,-0.711151,-0.703039
108.233333,19.338293,-0.001428,-0.000830,-0.000101,-0.000102,-0.711030,-0.703162
108.250000,19.312209,-0.001717,-0.000822,-0.000130,-0.000131,-0.710914,-0.703279
108.266667,19.286126,-0.002006,-0.000814,-0.000168,-0.000170,-0.710749,-0.703446
108.283333,19.260041,-0.002255,-0.000796,-0.000208,-0.000210,-0.710582,-0.703614
108.300000,19.234027,-0.002502,-0.000778,-0.000232,-0.000234,-0.710472,-0.703725
108.316667,19.208012,-0.002750,-0.000761,-0.000256,-0.000258,-0.710363,-0.703835
108.333333,19.181998,-0.002996,-0.000743,-0.000288,-0.000291,-0.710208,-0.703992
108.350000,19.156054,-0.003205,-0.000717,-0.000320,-0.000323,-0.710053,-0.704148
108.366667,19.130110,-0.003413,-0.000692,-0.000339,-0.000342,-0.709952,-0.704249
108.383333,19.104166,-0.003622,-0.000666,-0.000359,-0.000361,-0.709850,-0.704352
108.400000,19.078223,-0.003829,-0.000641,-0.000383,-0.000386,-0.709707,-0.704497
108.416667,19.052351,-0.004002,-0.000609,-0.000408,-0.000411,-0.709564,-0.704641
108.433333,19.026479,-0.004175,-0.000578,-0.000423,-0.000425,-0.709471,-0.704734
108.450000,19.000608,-0.004347,-0.000546,-0.000437,-0.000440,-0.709377,-0.704829
108.466667,18.974736,-0.004519,-0.000515,-0.000455,-0.000458,-0.709244,-0.704963
108.483333,18.948939,-0.004658,-0.000479,-0.000472,-0.000475,-0.709113,-0.705095
108.500000,18.923141,-0.004798,-0.000443,-0.000482,-0.000485,-0.709028,-0.705180
108.516667,18.897343,-0.004938,-0.000407,-0.000492,-0.000494,-0.708942,-0.705267
108.533333,18.871545,-0.005076,-0.000371,-0.000503,-0.000505,-0.708820,-0.705389
108.550000,18.845822,-0.005186,-0.000333,-0.000513,-0.000515,-0.708700,-0.705509
108.566667,18.820100,-0.005296,-0.000295,-0.000518,-0.000520,-0.708623,-0.705587
108.583333,18.794377,-0.005406,-0.000257,-0.000523,-0.000525,-0.708545,-0.705665
108.600000,18.768654,-0.005515,-0.000218,-0.000527,-0.000529,-0.708434,-0.705776
108.616667,18.743008,-0.005597,-0.000179,-0.000530,-0.000532,-0.708325,-0.705886
108.633333,18.717362,-0.005680,-0.000140,-0.000531,-0.000532,-0.708255,-0.705956
108.650000,18.691716,-0.005763,-0.000101,-0.000531,-0.000532,-0.708185,-0.706027
108.666667,18.666070,-0.005845,-0.000062,-0.000529,-0.000530,-0.708085,-0.706127
108.683333,18.640502,-0.005903,-0.000024,-0.000527,-0.000528,-0.707985,-0.706227
108.700000,18.614934,-0.005962,0.000014,-0.000524,-0.000525,-0.707921,-0.706292
108.716667,18.589366,-0.006020,0.000052,-0.000521,-0.000522,-0.707856,-0.706356
108.733333,18.563798,-0.006078,0.000091,-0.000516,-0.000517,-0.707765,-0.706447
108.750000,18.538230,-0.006115,0.000127,-0.000511,-0.000512,-0.707672,-0.706541
108.766667,18.512741,-0.006151,0.000164,-0.000507,-0.000508,-0.707612,-0.706601
108.783333,18.487253,-0.006187,0.000200,-0.000503,-0.000504,-0.707552,-0.706661
108.800000,18.461764,-0.006223,0.000237,-0.000497,-0.000498,-0.707467,-0.706746
108.816667,18.436276,-0.006239,0.000272,-0.000491,-0.000492,-0.707379,-0.706834
108.833333,18.410868,-0.006253,0.000307,-0.000487,-0.000487,-0.707321,-0.706892
108.850000,18.385460,-0.006268,0.000342,-0.000483,-0.000483,-0.707264,-0.706949
108.866667,18.360053,-0.006283,0.000377,-0.000477,-0.000478,-0.707186,-0.707028
108.883333,18.334645,-0.006280,0.000411,-0.000471,-0.000471,-0.707102,-0.707111
108.900000,18.309320,-0.006275,0.000444,-0.000467,-0.000467,-0.707046,-0.707168
108.916667,18.283994,-0.006269,0.000478,-0.000463,-0.000463,-0.706991,-0.707222
108.933333,18.258669,-0.006264,0.000511,-0.000458,-0.000458,-0.706919,-0.707294
108.950000,18.233344,-0.006243,0.000543,-0.000452,-0.000452,-0.706840,-0.707373
108.966667,18.208102,-0.006219,0.000575,-0.000448,-0.000448,-0.706785,-0.707428
108.983333,18.182860,-0.006195,0.000607,-0.000444,-0.000444,-0.706734,-0.707479
109.000000,18.157619,-0.006171,0.000639,-0.000439,-0.000438,-0.706668,-0.707545
109.016667,18.132377,-0.006134,0.000670,-0.000433,-0.000432,-0.706594,-0.707619
109.033333,18.107221,-0.006092,0.000700,-0.000429,-0.000428,-0.706540,-0.707673
109.050000,18.082064,-0.006050,0.000731,-0.000425,-0.000424,-0.706491,-0.707721
109.066667,18.056908,-0.006008,0.000761,-0.000420,-0.000419,-0.706432,-0.707780
109.083333,18.031751,-0.005957,0.000791,-0.000414,-0.000414,-0.706362,-0.707851
109.100000,18.006681,-0.005898,0.000819,-0.000410,-0.000409,-0.706309,-0.707903
109.116667,17.981612,-0.005840,0.000848,-0.000406,-0.000405,-0.706264,-0.707949
109.133333,17.956542,-0.005782,0.000877,-0.000402,-0.000401,-0.706211,-0.708001
109.150000,17.931472,-0.005716,0.000906,-0.000396,-0.000395,-0.706145,-0.708067
109.166667,17.906490,-0.005642,0.000933,-0.000391,-0.000390,-0.706093,-0.708118
109.183333,17.881508,-0.005569,0.000960,-0.000388,-0.000387,-0.706051,-0.708161
109.200000,17.856526,-0.005495,0.000988,-0.000384,-0.000382,-0.706005,-0.708207
109.216667,17.831544,-0.005416,0.001015,-0.000378,-0.000377,-0.705943,-0.708268
109.233333,17.806651,-0.005328,0.001041,-0.000373,-0.000372,-0.705892,-0.708319
109.250000,17.781759,-0.005241,0.001067,-0.000370,-0.000368,-0.705853,-0.708358
109.266667,17.756866,-0.005153,0.001093,-0.000366,-0.000364,-0.705813,-0.708398
109.283333,17.731974,-0.005062,0.001119,-0.000360,-0.000359,-0.705756,-0.708455
109.300000,17.707172,-0.004962,0.001143,-0.000355,-0.000354,-0.705706,-0.708504
109.316667,17.682370,-0.004861,0.001168,-0.000352,-0.000350,-0.705670,-0.708541
109.333333,17.657568,-0.004760,0.001193,-0.000348,-0.000347,-0.705633,-0.708577
109.350000,17.632767,-0.004659,0.001217,-0.000343,-0.000341,-0.705583,-0.708627
109.366667,17.608057,-0.004547,0.001241,-0.000338,-0.000336,-0.705534,-0.708676
109.383333,17.583347,-0.004434,0.001264,-0.000334,-0.000333,-0.705501,-0.708709
109.400000,17.558638,-0.004321,0.001287,-0.000331,-0.000329,-0.705467,-0.708742
109.416667,17.533928,-0.004209,0.001310,-0.000326,-0.000324,-0.705424,-0.708786
109.433333,17.509219,-0.004087,0.001333,-0.000320,-0.000319,-0.705377,-0.708833
109.450000,17.484603,-0.003963,0.001355,-0.000317,-0.000315,-0.705346,-0.708863
109.466667,17.459987,-0.003840,0.001377,-0.000313,-0.000312,-0.705316,-0.708893
109.483333,17.435371,-0.003717,0.001399,-0.000309,-0.000307,-0.705279,-0.708930
109.500000,17.410755,-0.003587,0.001420,-0.000304,-0.000302,-0.705235,-0.708973
109.516667,17.386234,-0.003454,0.001440,-0.000300,-0.000298,-0.705206,-0.709003
109.533333,17.361713,-0.003321,0.001461,-0.000297,-0.000295,-0.705178,-0.709030
109.550000,17.337192,-0.003189,0.001482,-0.000293,-0.000291,-0.705148,-0.709060
109.566667,17.312671,-0.003052,0.001502,-0.000287,-0.000286,-0.705108,-0.709100
109.583333,17.288246,-0.002910,0.001521,-0.000283,-0.000282,-0.705078,-0.709130
109.600000,17.263822,-0.002769,0.001540,-0.000280,-0.000278,-0.705052,-0.709155
109.616667,17.239397,-0.002628,0.001560,-0.000277,-0.000275,-0.705027,-0.709180
109.633333,17.214972,-0.002484,0.001579,-0.000271,-0.000270,-0.704990,-0.709217
109.650000,17.190646,-0.002335,0.001597,-0.000267,-0.000265,-0.704959,-0.709248
109.666667,17.166319,-0.002186,0.001615,-0.000264,-0.000262,-0.704935,-0.709272
109.683333,17.141992,-0.002037,0.001633,-0.000260,-0.000259,-0.704911,-0.709296
109.700000,17.117665,-0.001888,0.001651,-0.000256,-0.000254,-0.704878,-0.709328
109.716667,17.093338,-0.001731,0.001668,-0.000251,-0.000249,-0.704845,-0.709361
109.733333,17.069111,-0.001574,0.001685,-0.000248,-0.000246,-0.704822,-0.709384
109.750000,17.044883,-0.001418,0.001702,-0.000244,-0.000243,-0.704799,-0.709407
109.766667,17.020655,-0.001261,0.001719,-0.000240,-0.000239,-0.704770,-0.709436
109.783333,16.996428,-0.001098,0.001735,-0.000235,-0.000234,-0.704735,-0.709470
109.800000,16.972301,-0.000935,0.001751,-0.000232,-0.000231,-0.704713,-0.709493
109.816667,16.948174,-0.000771,0.001766,-0.000229,-0.000227,-0.704690,-0.709515
109.833333,16.924047,-0.000607,0.001782,-0.000225,-0.000224,-0.704665,-0.709540
109.850000,16.899920,-0.000440,0.001797,-0.000220,-0.000219,-0.704632,-0.709573
109.866667,16.875895,-0.000269,0.001812,-0.000217,-0.000215,-0.704607,-0.709598
109.883333,16.851870,-0.000098,0.001826,-0.000214,-0.000212,-0.704585,-0.709620
109.900000,16.827845,0.000072,0.001841,-0.000210,-0.000209,-0.704563,-0.709642
109.916667,16.803820,0.000244,0.001855,-0.000206,-0.000204,-0.704532,-0.709673
109.933333,16.779898,0.000422,0.001868,-0.000202,-0.000200,-0.704504,-0.709700
109.950000,16.755977,0.000599,0.001882,-0.000199,-0.000197,-0.704483,-0.709721
109.966667,16.732055,0.000776,0.001895,-0.000195,-0.000194,-0.704462,-0.709742
109.983333,16.708133,0.000953,0.001909,-0.000191,-0.000190,-0.704435,-0.709769
110.000000,16.684212,0.001137,0.001921,-0.000187,-0.000186,-0.704405,-0.709798
110.016667,16.660395,0.001320,0.001933,-0.000184,-0.000182,-0.704385,-0.709819
110.033333,16.636578,0.001504,0.001946,-0.000181,-0.000179,-0.704364,-0.709839
110.050000,16.612761,0.001687,0.001958,-0.000177,-0.000176,-0.704341,-0.709861
110.066667,16.588945,0.001874,0.001970,-0.000173,-0.000171,-0.704311,-0.709892
110.083333,16.565234,0.002064,0.001981,-0.000169,-0.000168,-0.704289,-0.709913
110.100000,16.541523,0.002253,0.001992,-0.000166,-0.000165,-0.704269,-0.709933
110.116667,16.517813,0.002443,0.002003,-0.000163,-0.000162,-0.704249,-0.709953
110.133333,16.494102,0.002634,0.002014,-0.000159,-0.000158,-0.704222,-0.709980
110.150000,16.470499,0.002829,0.002024,-0.000155,-0.000154,-0.704198,-0.710004
110.166667,16.446896,0.003024,0.002034,-0.000152,-0.000151,-0.704178,-0.710023
110.183333,16.423293,0.003219,0.002044,-0.000149,-0.000148,-0.704159,-0.710042
110.200000,16.399690,0.003414,0.002055,-0.000146,-0.000145,-0.704136,-0.710065
110.216667,16.376087,0.003615,0.002064,-0.000142,-0.000140,-0.704109,-0.710092
110.233333,16.352593,0.003815,0.002073,-0.000139,-0.000137,-0.704091,-0.710110
110.250000,16.329099,0.004016,0.002082,-0.000136,-0.000135,-0.704072,-0.710129
110.266667,16.305605,0.004216,0.002091,-0.000133,-0.000132,-0.704053,-0.710147
110.283333,16.282111,0.004419,0.002100,-0.000128,-0.000127,-0.704026,-0.710174
110.300000,16.258728,0.004625,0.002108,-0.000125,-0.000124,-0.704006,-0.710194
110.316667,16.235344,0.004831,0.002116,-0.000122,-0.000121,-0.703988,-0.710212
110.333333,16.211961,0.005036,0.002124,-0.000119,-0.000118,-0.703970,-0.710229
110.350000,16.188577,0.005242,0.002132,-0.000116,-0.000115,-0.703948,-0.710252
110.366667,16.165194,0.005453,0.002139,-0.000112,-0.000111,-0.703925,-0.710274
110.383333,16.141922,0.005664,0.002146,-0.000109,-0.000108,-0.703908,-0.710291
110.400000,16.118650,0.005874,0.002154,-0.000106,-0.000105,-0.703890,-0.710309
110.416667,16.095378,0.006085,0.002161,-0.000103,-0.000103,-0.703872,-0.710327
110.433333,16.072107,0.006298,0.002167,-0.000099,-0.000098,-0.703847,-0.710352
110.450000,16.048948,0.006513,0.002173,-0.000096,-0.000096,-0.703830,-0.710368
110.466667,16.025790,0.006728,0.002180,-0.000094,-0.000093,-0.703814,-0.710385
110.483333,16.002631,0.006943,0.002186,-0.000091,-0.000090,-0.703797,-0.710401
110.500000,15.979472,0.007158,0.002192,-0.000087,-0.000086,-0.703776,-0.710422
110.516667,15.956429,0.007378,0.002197,-0.000084,-0.000083,-0.703756,-0.710441
110.533333,15.933385,0.007597,0.002202,-0.000081,-0.000080,-0.703741,-0.710457
110.550000,15.910341,0.007816,0.002208,-0.000079,-0.000078,-0.703725,-0.710473
110.566667,15.887297,0.008035,0.002213,-0.000076,-0.000075,-0.703708,-0.710489
110.583333,15.864253,0.008257,0.002217,-0.000072,-0.000071,-0.703686,-0.710511
110.600000,15.841325,0.008480,0.002222,-0.000069,-0.000068,-0.703672,-0.710525
110.616667,15.818397,0.008703,0.002226,-0.000066,-0.000066,-0.703657,-0.710540
110.633333,15.795469,0.008926,0.002231,-0.000064,-0.000063,-0.703642,-0.710554
110.650000,15.772541,0.009150,0.002235,-0.000060,-0.000060,-0.703624,-0.710573
110.666667,15.749731,0.009376,0.002238,-0.000057,-0.000057,-0.703607,-0.710589
110.683333,15.726920,0.009602,0.002242,-0.000055,-0.000054,-0.703594,-0.710602
110.700000,15.704109,0.009829,0.002245,-0.000052,-0.000051,-0.703580,-0.710616
110.716667,15.681299,0.010055,0.002249,-0.000049,-0.000049,-0.703566,-0.710629
110.733333,15.658488,0.010284,0.002252,-0.000046,-0.000045,-0.703548,-0.710648
110.750000,15.635797,0.010513,0.002254,-0.000043,-0.000043,-0.703536,-0.710660
110.766667,15.613105,0.010742,0.002257,-0.000041,-0.000040,-0.703523,-0.710672
110.783333,15.590413,0.010972,0.002260,-0.000038,-0.000038,-0.703511,-0.710684
110.800000,15.567722,0.011201,0.002262,-0.000035,-0.000034,-0.703496,-0.710699
110.816667,15.545150,0.011433,0.002264,-0.000032,-0.000032,-0.703483,-0.710713
110.833333,15.522578,0.011665,0.002266,-0.000029,-0.000029,-0.703471,-0.710724
110.850000,15.500007,0.011896,0.002268,-0.000027,-0.000027,-0.703460,-0.710735
110.866667,15.477435,0.012128,0.002269,-0.000024,-0.000024,-0.703449,-0.710746
110.883333,15.454864,0.012361,0.002271,-0.000021,-0.000021,-0.703434,-0.710760
110.900000,15.432414,0.012595,0.002272,-0.000018,-0.000018,-0.703424,-0.710770
110.916667,15.409964,0.012829,0.002273,-0.000016,-0.000016,-0.703414,-0.710780
110.933333,15.387514,0.013063,0.002274,-0.000014,-0.000013,-0.703404,-0.710790
110.950000,15.365064,0.013297,0.002275,-0.000011,-0.000011,-0.703393,-0.710801
110.966667,15.342614,0.013533,0.002275,-0.000008,-0.000008,-0.703382,-0.710812
110.983333,15.320287,0.013769,0.002276,-0.000005,-0.000005,-0.703373,-0.710821
111.000000,15.297960,0.014004,0.002276,-0.000003,-0.000003,-0.703364,-0.710829
111.016667,15.275633,0.014240,0.002276,-0.000001,-0.000001,-0.703356,-0.710838
111.033333,15.253306,0.014476,0.002276,0.000002,0.000002,-0.703345,-0.710849
111.050000,15.231104,0.014713,0.002276,0.000005,0.000005,-0.703337,-0.710857
111.066667,15.208901,0.014950,0.002275,0.000007,0.000007,-0.703329,-0.710864
111.083333,15.186699,0.015186,0.002275,0.000010,0.000009,-0.703322,-0.710872
111.100000,15.164496,0.015423,0.002274,0.000012,0.000012,-0.703314,-0.710879
111.116667,15.142294,0.015661,0.002273,0.000015,0.000015,-0.703305,-0.710888
111.133333,15.120217,0.015899,0.002272,0.000017,0.000017,-0.703298,-0.710895
111.150000,15.098140,0.016136,0.002271,0.000019,0.000019,-0.703292,-0.710901
111.166667,15.076063,0.016374,0.002270,0.000022,0.000022,-0.703286,-0.710907
111.183333,15.053987,0.016611,0.002269,0.000024,0.000024,-0.703279,-0.710914
111.200000,15.031910,0.016851,0.002267,0.000027,0.000027,-0.703272,-0.710921
111.216667,15.009960,0.017089,0.002265,0.000029,0.000029,-0.703267,-0.710926
111.233333,14.988011,0.017327,0.002263,0.000031,0.000031,-0.703262,-0.710931
111.250000,14.966061,0.017565,0.002261,0.000034,0.000033,-0.703257,-0.710936
111.266667,14.944111,0.017803,0.002259,0.000036,0.000036,-0.703251,-0.710942
111.283333,14.922290,0.018041,0.002257,0.000039,0.000038,-0.703246,-0.710946
111.300000,14.900469,0.018279,0.002254,0.000041,0.000040,-0.703242,-0.710950
111.316667,14.878648,0.018517,0.002252,0.000043,0.000042,-0.703238,-0.710954
111.333333,14.856827,0.018755,0.002249,0.000045,0.000045,-0.703234,-0.710958
111.350000,14.835006,0.018993,0.002246,0.000048,0.000047,-0.703230,-0.710962
111.366667,14.813315,0.019231,0.002243,0.000050,0.000049,-0.703227,-0.710965
111.383333,14.791624,0.019469,0.002240,0.000052,0.000051,-0.703225,-0.710968
111.400000,14.769933,0.019706,0.002237,0.000054,0.000053,-0.703222,-0.710971
111.416667,14.748242,0.019944,0.002234,0.000056,0.000055,-0.703219,-0.710973
111.433333,14.726551,0.020182,0.002230,0.000059,0.000058,-0.703216,-0.710976
111.450000,14.704991,0.020419,0.002226,0.000061,0.000060,-0.703215,-0.710977
111.466667,14.683432,0.020656,0.002223,0.000063,0.000062,-0.703213,-0.710979
111.483333,14.661872,0.020893,0.002219,0.000065,0.000064,-0.703212,-0.710981
111.500000,14.640312,0.021129,0.002215,0.000067,0.000066,-0.703210,-0.710982
111.516667,14.618753,0.021367,0.002211,0.000069,0.000068,-0.703209,-0.710983
111.533333,14.597326,0.021602,0.002206,0.000071,0.000070,-0.703209,-0.710983
111.550000,14.575899,0.021838,0.002202,0.000073,0.000072,-0.703208,-0.710984
111.566667,14.554472,0.022074,0.002198,0.000075,0.000074,-0.703208,-0.710984
111.583333,14.533045,0.022309,0.002193,0.000077,0.000077,-0.703208,-0.710985
111.600000,14.511752,0.022544,0.002188,0.000079,0.000078,-0.703208,-0.710984
111.616667,14.490459,0.022778,0.002183,0.000081,0.000080,-0.703209,-0.710983
111.633333,14.469167,0.023012,0.002179,0.000083,0.000082,-0.703209,-0.710983
111.650000,14.447874,0.023246,0.002174,0.000085,0.000084,-0.703210,-0.710982
111.666667,14.426581,0.023480,0.002169,0.000087,0.000086,-0.703211,-0.710981
111.683333,14.405424,0.023713,0.002163,0.000089,0.000088,-0.703213,-0.710979
111.700000,14.384267,0.023945,0.002158,0.000091,0.000090,-0.703215,-0.710978
111.716667,14.363110,0.024177,0.002152,0.000093,0.000092,-0.703216,-0.710976
111.733333,14.341952,0.024410,0.002147,0.000095,0.000094,-0.703218,-0.710974
111.750000,14.320795,0.024642,0.002141,0.000097,0.000096,-0.703220,-0.710972
111.766667,14.299775,0.024872,0.002135,0.000099,0.000098,-0.703223,-0.710969
111.783333,14.278755,0.025102,0.002129,0.000100,0.000099,-0.703226,-0.710966
111.800000,14.257734,0.025332,0.002123,0.000102,0.000101,-0.703229,-0.710964
111.816667,14.236714,0.025562,0.002117,0.000104,0.000103,-0.703231,-0.710961
111.833333,14.215694,0.025792,0.002111,0.000106,0.000105,-0.703235,-0.710958
111.850000,14.194812,0.026020,0.002105,0.000108,0.000107,-0.703239,-0.710954
111.866667,14.173930,0.026248,0.002098,0.000109,0.000108,-0.703243,-0.710950
111.883333,14.153048,0.026475,0.002092,0.000111,0.000110,-0.703246,-0.710946
111.900000,14.132166,0.026703,0.002085,0.000113,0.000112,-0.703250,-0.710942
111.916667,14.111284,0.026930,0.002079,0.000115,0.000114,-0.703255,-0.710938
111.933333,14.090542,0.027155,0.002072,0.000116,0.000115,-0.703260,-0.710933
111.950000,14.069800,0.027380,0.002065,0.000118,0.000117,-0.703265,-0.710928
111.966667,14.049058,0.027605,0.002058,0.000120,0.000119,-0.703269,-0.710923
111.983333,14.028315,0.027830,0.002051,0.000122,0.000120,-0.703274,-0.710919
112.000000,14.007573,0.028054,0.002044,0.000123,0.000122,-0.703280,-0.710913
112.016667,13.986972,0.028275,0.002037,0.000125,0.000124,-0.703286,-0.710907
112.033333,13.966371,0.028497,0.002029,0.000127,0.000125,-0.703292,-0.710901
112.050000,13.945770,0.028719,0.002022,0.000128,0.000127,-0.703298,-0.710895
112.066667,13.925169,0.028941,0.002015,0.000130,0.000128,-0.703304,-0.710890
112.083333,13.904568,0.029162,0.002007,0.000131,0.000130,-0.703310,-0.710883
112.100000,13.884109,0.029380,0.001999,0.000133,0.000132,-0.703317,-0.710876
112.116667,13.863651,0.029598,0.001991,0.000135,0.000133,-0.703324,-0.710869
112.133333,13.843192,0.029817,0.001984,0.000136,0.000135,-0.703331,-0.710862
112.150000,13.822734,0.030035,0.001976,0.000138,0.000136,-0.703338,-0.710856
112.166667,13.802275,0.030252,0.001968,0.000139,0.000138,-0.703345,-0.710848
112.183333,13.781961,0.030467,0.001960,0.000141,0.000139,-0.703353,-0.710840
112.200000,13.761646,0.030682,0.001952,0.000142,0.000141,-0.703361,-0.710833
112.216667,13.741332,0.030897,0.001944,0.000144,0.000142,-0.703369,-0.710825
112.233333,13.721017,0.031111,0.001935,0.000145,0.000144,-0.703377,-0.710817
112.250000,13.700702,0.031325,0.001927,0.000147,0.000145,-0.703385,-0.710809
112.266667,13.680533,0.031536,0.001919,0.000148,0.000147,-0.703394,-0.710800
112.283333,13.660364,0.031746,0.001910,0.000150,0.000148,-0.703403,-0.710791
112.300000,13.640194,0.031957,0.001902,0.000151,0.000149,-0.703412,-0.710782
112.316667,13.620025,0.032168,0.001893,0.000153,0.000151,-0.703422,-0.710773
112.333333,13.599856,0.032378,0.001884,0.000154,0.000152,-0.703430,-0.710765
112.350000,13.579833,0.032584,0.001876,0.000155,0.000154,-0.703440,-0.710755
112.366667,13.559811,0.032791,0.001867,0.000157,0.000155,-0.703450,-0.710745
112.383333,13.539788,0.032997,0.001858,0.000158,0.000156,-0.703460,-0.710735
112.400000,13.519766,0.033204,0.001849,0.000159,0.000158,-0.703471,-0.710724
112.416667,13.499743,0.033409,0.001840,0.000161,0.000159,-0.703479,-0.710716
112.433333,13.479869,0.033611,0.001831,0.000162,0.000160,-0.703490,-0.710705
112.450000,13.459994,0.033813,0.001822,0.000163,0.000162,-0.703501,-0.710694
112.466667,13.440120,0.034015,0.001813,0.000165,0.000163,-0.703513,-0.710683
112.483333,13.420245,0.034217,0.001804,0.000166,0.000164,-0.703524,-0.710671
112.500000,13.400371,0.034419,0.001794,0.000167,0.000166,-0.703534,-0.710661
112.516667,13.380646,0.034617,0.001785,0.000168,0.000167,-0.703545,-0.710651
112.533333,13.360921,0.034814,0.001775,0.000170,0.000168,-0.703557,-0.710638
112.550000,13.341196,0.035011,0.001766,0.000171,0.000169,-0.703570,-0.710626
112.566667,13.321471,0.035208,0.001756,0.000172,0.000171,-0.703582,-0.710614
112.583333,13.301746,0.035405,0.001747,0.000174,0.000172,-0.703594,-0.710602
112.600000,13.282021,0.035600,0.001737,0.000174,0.000173,-0.703604,-0.710592
112.616667,13.262447,0.035792,0.001728,0.000176,0.000174,-0.703618,-0.710579
112.633333,13.242873,0.035984,0.001718,0.000177,0.000175,-0.703631,-0.710566
112.650000,13.223299,0.036176,0.001708,0.000178,0.000176,-0.703644,-0.710552
112.666667,13.203725,0.036368,0.001698,0.000179,0.000178,-0.703658,-0.710539
112.683333,13.184151,0.036558,0.001688,0.000180,0.000179,-0.703668,-0.710529
112.700000,13.164729,0.036745,0.001678,0.000181,0.000180,-0.703682,-0.710515
112.716667,13.145308,0.036932,0.001668,0.000183,0.000181,-0.703696,-0.710501
112.733333,13.125886,0.037119,0.001658,0.000184,0.000182,-0.703711,-0.710486
112.750000,13.106464,0.037306,0.001648,0.000185,0.000183,-0.703725,-0.710472
112.766667,13.087043,0.037492,0.001638,0.000186,0.000184,-0.703736,-0.710461
112.783333,13.067774,0.037673,0.001628,0.000187,0.000185,-0.703751,-0.710447
112.800000,13.048506,0.037854,0.001618,0.000188,0.000186,-0.703766,-0.710432
112.816667,13.029238,0.038036,0.001608,0.000189,0.000187,-0.703782,-0.710416
112.833333,13.009970,0.038217,0.001597,0.000190,0.000189,-0.703797,-0.710401
112.850000,12.990702,0.038398,0.001587,0.000191,0.000190,-0.703811,-0.710387
112.866667,12.971434,0.038576,0.001577,0.000192,0.000190,-0.703823,-0.710375
112.883333,12.952321,0.038751,0.001566,0.000193,0.000191,-0.703840,-0.710359
112.900000,12.933208,0.038927,0.001556,0.000194,0.000192,-0.703856,-0.710342
112.916667,12.914096,0.039102,0.001545,0.000195,0.000194,-0.703873,-0.710326
112.933333,12.894983,0.039278,0.001535,0.000196,0.000195,-0.703890,-0.710309
112.950000,12.875870,0.039451,0.001524,0.000197,0.000195,-0.703900,-0.710299
112.966667,12.856913,0.039621,0.001514,0.000198,0.000196,-0.703917,-0.710282
112.983333,12.837957,0.039790,0.001503,0.000199,0.000197,-0.703935,-0.710264
113.000000,12.819000,0.039960,0.001492,0.000200,0.000198,-0.703953,-0.710247
113.016667,12.800044,0.040129,0.001482,0.000201,0.000199,-0.703971,-0.710229
113.033333,12.781087,0.040299,0.001471,0.000202,0.000200,-0.703985,-0.710215
113.050000,12.762289,0.040462,0.001460,0.000203,0.000201,-0.703999,-0.710201
113.066667,12.743490,0.040625,0.001449,0.000203,0.000202,-0.704018,-0.710182
113.083333,12.724692,0.040788,0.001439,0.000204,0.000203,-0.704036,-0.710164
113.100000,12.705893,0.040952,0.001428,0.000205,0.000204,-0.704055,-0.710145
113.116667,12.687095,0.041115,0.001417,0.000206,0.000205,-0.704074,-0.710127
113.133333,12.668296,0.041275,0.001406,0.000207,0.000205,-0.704084,-0.710117
113.150000,12.649657,0.041432,0.001395,0.000208,0.000206,-0.704104,-0.710097
113.166667,12.631018,0.041589,0.001384,0.000209,0.000207,-0.704123,-0.710077
113.183333,12.612378,0.041745,0.001373,0.000209,0.000208,-0.704143,-0.710058
113.200000,12.593739,0.041902,0.001362,0.000210,0.000209,-0.704163,-0.710038
113.216667,12.575100,0.042059,0.001351,0.000211,0.000209,-0.704178,-0.710023
113.233333,12.556460,0.042210,0.001340,0.000212,0.000210,-0.704193,-0.710008
113.250000,12.537982,0.042360,0.001329,0.000212,0.000211,-0.704214,-0.709988
113.266667,12.519503,0.042511,0.001318,0.000213,0.000212,-0.704235,-0.709967
113.283333,12.501025,0.042661,0.001307,0.000214,0.000212,-0.704256,-0.709946
113.300000,12.482546,0.042811,0.001296,0.000215,0.000213,-0.704277,-0.709925
113.316667,12.464068,0.042958,0.001284,0.000215,0.000214,-0.704288,-0.709914
113.333333,12.445751,0.043102,0.001273,0.000216,0.000214,-0.704308,-0.709895
113.350000,12.427435,0.043245,0.001262,0.000217,0.000215,-0.704330,-0.709873
113.366667,12.409118,0.043388,0.001251,0.000218,0.000216,-0.704352,-0.709851
113.383333,12.390802,0.043531,0.001240,0.000218,0.000217,-0.704374,-0.709829
113.400000,12.372485,0.043674,0.001228,0.000219,0.000217,-0.704392,-0.709811
113.416667,12.354168,0.043813,0.001217,0.000219,0.000218,-0.704404,-0.709799
113.433333,12.336015,0.043949,0.001206,0.000220,0.000219,-0.704427,-0.709776
113.450000,12.317862,0.044085,0.001194,0.000221,0.000219,-0.704451,-0.709753
113.466667,12.299709,0.044221,0.001183,0.000222,0.000220,-0.704474,-0.709730
113.483333,12.281556,0.044357,0.001172,0.000222,0.000221,-0.704497,-0.709707
113.500000,12.263403,0.044493,0.001161,0.000223,0.000221,-0.704512,-0.709692
113.516667,12.245415,0.044622,0.001149,0.000223,0.000222,-0.704528,-0.709676
113.533333,12.227427,0.044750,0.001138,0.000224,0.000222,-0.704552,-0.709652
113.550000,12.209439,0.044879,0.001126,0.000225,0.000223,-0.704577,-0.709628
113.566667,12.191451,0.045008,0.001115,0.000225,0.000224,-0.704601,-0.709604
113.583333,12.173463,0.045137,0.001104,0.000226,0.000224,-0.704624,-0.709581
113.600000,12.155474,0.045263,0.001092,0.000226,0.000225,-0.704637,-0.709568
113.616667,12.137653,0.045385,0.001081,0.000227,0.000225,-0.704657,-0.709548
113.633333,12.119831,0.045506,0.001069,0.000227,0.000226,-0.704682,-0.709523
113.650000,12.102009,0.045628,0.001058,0.000228,0.000226,-0.704707,-0.709498
113.666667,12.084187,0.045749,0.001046,0.000228,0.000227,-0.704733,-0.709473
113.683333,12.066365,0.045870,0.001035,0.000229,0.000227,-0.704754,-0.709452
113.700000,12.048543,0.045988,0.001023,0.000229,0.000228,-0.704767,-0.709439
113.716667,12.030889,0.046102,0.001012,0.000230,0.000228,-0.704790,-0.709416
113.733333,12.013235,0.046215,0.001001,0.000230,0.000229,-0.704816,-0.709390
113.750000,11.995580,0.046329,0.000989,0.000231,0.000229,-0.704843,-0.709364
113.766667,11.977926,0.046443,0.000978,0.000231,0.000230,-0.704869,-0.709337
113.783333,11.960272,0.046557,0.000966,0.000232,0.000230,-0.704888,-0.709318
113.800000,11.942618,0.046666,0.000955,0.000232,0.000231,-0.704902,-0.709305
113.816667,11.925133,0.046772,0.000943,0.000233,0.000231,-0.704927,-0.709280
113.833333,11.907647,0.046878,0.000932,0.000233,0.000232,-0.704955,-0.709252
113.850000,11.890162,0.046984,0.000920,0.000233,0.000232,-0.704982,-0.709225
113.866667,11.872677,0.047090,0.000909,0.000234,0.000233,-0.705010,-0.709197
113.883333,11.855192,0.047196,0.000897,0.000234,0.000233,-0.705028,-0.709180
113.900000,11.837707,0.047296,0.000885,0.000235,0.000233,-0.705042,-0.709166
113.916667,11.820392,0.047394,0.000874,0.000235,0.000234,-0.705069,-0.709139
113.933333,11.803078,0.047492,0.000862,0.000235,0.000234,-0.705097,-0.709111
113.950000,11.785763,0.047590,0.000851,0.000236,0.000234,-0.705126,-0.709082
113.966667,11.768448,0.047688,0.000839,0.000236,0.000235,-0.705155,-0.709053
113.983333,11.751133,0.047787,0.000828,0.000236,0.000235,-0.705172,-0.709036
114.000000,11.733819,0.047878,0.000816,0.000237,0.000235,-0.705186,-0.709022
114.016667,11.716676,0.047968,0.000805,0.000237,0.000236,-0.705214,-0.708994
114.033333,11.699533,0.048058,0.000793,0.000237,0.000236,-0.705244,-0.708965
114.050000,11.682390,0.048149,0.000782,0.000238,0.000237,-0.705274,-0.708935
114.066667,11.665248,0.048239,0.000770,0.000238,0.000237,-0.705303,-0.708905
114.083333,11.648105,0.048329,0.000759,0.000238,0.000237,-0.705320,-0.708889
114.100000,11.630962,0.048412,0.000747,0.000239,0.000237,-0.705336,-0.708874
114.116667,11.613992,0.048494,0.000736,0.000239,0.000238,-0.705363,-0.708846
114.133333,11.597023,0.048576,0.000724,0.000239,0.000238,-0.705394,-0.708816
114.150000,11.580053,0.048658,0.000713,0.000240,0.000238,-0.705425,-0.708785
114.166667,11.563084,0.048740,0.000701,0.000240,0.000239,-0.705456,-0.708754
114.183333,11.546114,0.048822,0.000690,0.000240,0.000239,-0.705473,-0.708736
114.200000,11.529145,0.048898,0.000679,0.000240,0.000239,-0.705489,-0.708721
114.216667,11.512350,0.048971,0.000667,0.000240,0.000239,-0.705515,-0.708694
114.233333,11.495555,0.049045,0.000656,0.000241,0.000240,-0.705547,-0.708663
114.250000,11.478760,0.049119,0.000644,0.000241,0.000240,-0.705579,-0.708631
114.266667,11.461965,0.049192,0.000633,0.000241,0.000240,-0.705611,-0.708599
114.283333,11.445170,0.049266,0.000621,0.000241,0.000240,-0.705631,-0.708579
114.300000,11.428375,0.049334,0.000610,0.000241,0.000240,-0.705647,-0.708563
114.316667,11.411709,0.049400,0.000599,0.000242,0.000241,-0.705671,-0.708539
114.333333,11.395042,0.049465,0.000587,0.000242,0.000241,-0.705704,-0.708506
114.350000,11.378376,0.049531,0.000576,0.000242,0.000241,-0.705737,-0.708473
114.366667,11.361709,0.049596,0.000564,0.000242,0.000241,-0.705770,-0.708440
114.383333,11.345043,0.049661,0.000553,0.000242,0.000241,-0.705793,-0.708418
114.400000,11.328376,0.049723,0.000542,0.000242,0.000242,-0.705810,-0.708401
114.416667,11.311709,0.049781,0.000530,0.000243,0.000242,-0.705831,-0.708380
114.433333,11.295043,0.049838,0.000519,0.000243,0.000242,-0.705865,-0.708346
114.450000,11.278376,0.049896,0.000507,0.000243,0.000242,-0.705899,-0.708312
114.466667,11.261710,0.049953,0.000496,0.000243,0.000242,-0.705934,-0.708278
114.483333,11.245043,0.050011,0.000485,0.000243,0.000242,-0.705960,-0.708252
114.500000,11.228377,0.050066,0.000473,0.000243,0.000242,-0.705977,-0.708234
114.516667,11.211710,0.050115,0.000462,0.000243,0.000242,-0.705996,-0.708216
114.533333,11.195043,0.050165,0.000450,0.000243,0.000243,-0.706031,-0.708181
114.550000,11.178377,0.050214,0.000439,0.000243,0.000243,-0.706066,-0.708146
114.566667,11.161710,0.050263,0.000427,0.000244,0.000243,-0.706102,-0.708111
114.583333,11.145044,0.050313,0.000416,0.000244,0.000243,-0.706132,-0.708080
114.600000,11.128377,0.050361,0.000404,0.000244,0.000243,-0.706150,-0.708062
114.616667,11.111710,0.050402,0.000393,0.000244,0.000243,-0.706168,-0.708044
114.633333,11.095044,0.050443,0.000381,0.000244,0.000243,-0.706202,-0.708010
114.650000,11.078377,0.050484,0.000370,0.000244,0.000243,-0.706238,-0.707974
114.666667,11.061711,0.050525,0.000358,0.000244,0.000243,-0.706274,-0.707938
114.683333,11.045044,0.050566,0.000347,0.000244,0.000243,-0.706309,-0.707903
114.700000,11.028377,0.050607,0.000335,0.000244,0.000243,-0.706328,-0.707885
114.716667,11.011711,0.050640,0.000324,0.000244,0.000243,-0.706346,-0.707866
114.733333,10.995044,0.050672,0.000313,0.000244,0.000243,-0.706378,-0.707835
114.750000,10.978378,0.050705,0.000301,0.000244,0.000243,-0.706415,-0.707798
114.766667,10.961711,0.050737,0.000290,0.000244,0.000243,-0.706452,-0.707761
114.783333,10.945044,0.050769,0.000278,0.000244,0.000243,-0.706490,-0.707723
114.800000,10.928378,0.050801,0.000267,0.000244,0.000243,-0.706511,-0.707702
114.816667,10.911711,0.050828,0.000255,0.000244,0.000243,-0.706530,-0.707683
114.833333,10.895044,0.050851,0.000244,0.000244,0.000243,-0.706558,-0.707655
114.850000,10.878378,0.050874,0.000232,0.000244,0.000243,-0.706597,-0.707616
114.866667,10.861711,0.050898,0.000221,0.000243,0.000243,-0.706635,-0.707578
114.883333,10.845044,0.050921,0.000209,0.000243,0.000243,-0.706674,-0.707540
114.900000,10.828378,0.050944,0.000198,0.000243,0.000243,-0.706699,-0.707514
114.916667,10.811711,0.050963,0.000186,0.000243,0.000243,-0.706719,-0.707495
114.933333,10.795044,0.050977,0.000175,0.000243,0.000243,-0.706744,-0.707469
114.950000,10.778378,0.050991,0.000163,0.000243,0.000243,-0.706783,-0.707430
114.966667,10.761711,0.051006,0.000152,0.000243,0.000243,-0.706823,-0.707390
114.983333,10.745044,0.051020,0.000140,0.000243,0.000243,-0.706863,-0.707351
115.000000,10.728378,0.051034,0.000129,0.000243,0.000243,-0.706893,-0.707321
115.016667,10.711711,0.051045,0.000118,0.000243,0.000242,-0.706913,-0.707301
115.033333,10.695045,0.051050,0.000106,0.000243,0.000242,-0.706935,-0.707279
115.050000,10.678378,0.051055,0.000095,0.000242,0.000242,-0.706975,-0.707238
115.066667,10.661711,0.051059,0.000083,0.000242,0.000242,-0.707016,-0.707198
115.083333,10.645045,0.051064,0.000072,0.000242,0.000242,-0.707056,-0.707157
115.100000,10.628378,0.051069,0.000060,0.000242,0.000242,-0.707091,-0.707122
115.116667,10.611711,0.051073,0.000049,0.000242,0.000242,-0.707112,-0.707102
115.133333,10.595045,0.051068,0.000038,0.000242,0.000242,-0.707132,-0.707081
115.150000,10.578378,0.051063,0.000026,0.000241,0.000241,-0.707172,-0.707042
115.166667,10.561711,0.051058,0.000015,0.000241,0.000241,-0.707214,-0.707000
115.183333,10.545045,0.051053,0.000004,0.000241,0.000241,-0.707255,-0.706958
115.200000,10.528378,0.051048,-0.000008,0.000241,0.000241,-0.707295,-0.706919
115.216667,10.511711,0.051043,-0.000019,0.000240,0.000241,-0.707316,-0.706897
115.233333,10.495045,0.051029,-0.000030,0.000240,0.000240,-0.707337,-0.706876
115.250000,10.478378,0.051014,-0.000042,0.000240,0.000240,-0.707374,-0.706840
115.266667,10.461711,0.050999,-0.000053,0.000240,0.000240,-0.707416,-0.706797
115.283333,10.445045,0.050984,-0.000064,0.000239,0.000240,-0.707459,-0.706754
115.300000,10.428378,0.050969,-0.000076,0.000239,0.000239,-0.707502,-0.706711
115.316667,10.411711,0.050954,-0.000087,0.000239,0.000239,-0.707525,-0.706688
115.333333,10.395045,0.050932,-0.000098,0.000239,0.000239,-0.707547,-0.706666
115.350000,10.378378,0.050907,-0.000110,0.000239,0.000239,-0.707580,-0.706633
115.366667,10.361711,0.050882,-0.000121,0.000238,0.000239,-0.707624,-0.706589
115.383333,10.345045,0.050856,-0.000132,0.000238,0.000238,-0.707668,-0.706545
115.400000,10.328378,0.050831,-0.000143,0.000237,0.000238,-0.707712,-0.706501
115.416667,10.311711,0.050806,-0.000154,0.000237,0.000238,-0.707740,-0.706473
115.433333,10.295045,0.050776,-0.000166,0.000237,0.000237,-0.707762,-0.706451
115.450000,10.278378,0.050740,-0.000177,0.000237,0.000237,-0.707792,-0.706421
115.466667,10.261712,0.050704,-0.000188,0.000236,0.000237,-0.707837,-0.706376
115.483333,10.245045,0.050669,-0.000199,0.000236,0.000236,-0.707881,-0.706331
115.500000,10.228378,0.050633,-0.000210,0.000236,0.000236,-0.707926,-0.706286
115.516667,10.211712,0.050598,-0.000221,0.000235,0.000236,-0.707960,-0.706253
115.533333,10.195045,0.050559,-0.000232,0.000235,0.000236,-0.707983,-0.706230
115.550000,10.178378,0.050512,-0.000244,0.000235,0.000235,-0.708008,-0.706204
115.566667,10.161712,0.050466,-0.000255,0.000234,0.000235,-0.708054,-0.706158
115.583333,10.145045,0.050420,-0.000266,0.000234,0.000234,-0.708100,-0.706112
115.600000,10.128379,0.050373,-0.000277,0.000233,0.000234,-0.708146,-0.706066
115.616667,10.111712,0.050327,-0.000288,0.000233,0.000234,-0.708185,-0.706027
115.633333,10.095045,0.050279,-0.000299,0.000233,0.000233,-0.708208,-0.706004
115.650000,10.078379,0.050222,-0.000310,0.000232,0.000233,-0.708231,-0.705980
115.666667,10.061712,0.050165,-0.000321,0.000232,0.000233,-0.708277,-0.705935
115.683333,10.045046,0.050107,-0.000331,0.000231,0.000232,-0.708324,-0.705888
115.700000,10.028379,0.050050,-0.000342,0.000231,0.000232,-0.708371,-0.705840
115.716667,10.011713,0.049993,-0.000353,0.000230,0.000231,-0.708415,-0.705796
115.733333,9.995046,0.049935,-0.000364,0.000230,0.000231,-0.708439,-0.705772
115.750000,9.978380,0.049868,-0.000375,0.000230,0.000231,-0.708463,-0.705748
115.766667,9.961713,0.049799,-0.000386,0.000229,0.000230,-0.708504,-0.705706
115.783333,9.945047,0.049730,-0.000397,0.000229,0.000230,-0.708552,-0.705658
115.800000,9.928380,0.049662,-0.000407,0.000228,0.000229,-0.708600,-0.705610
115.816667,9.911713,0.049593,-0.000418,0.000227,0.000228,-0.708649,-0.705562
115.833333,9.895047,0.049525,-0.000429,0.000227,0.000228,-0.708675,-0.705535
115.850000,9.878380,0.049448,-0.000440,0.000227,0.000228,-0.708699,-0.705511
115.866667,9.861714,0.049368,-0.000450,0.000226,0.000227,-0.708737,-0.705473
115.883333,9.845048,0.049288,-0.000461,0.000226,0.000227,-0.708786,-0.705424
115.900000,9.828381,0.049208,-0.000472,0.000225,0.000226,-0.708835,-0.705374
115.916667,9.811715,0.049128,-0.000482,0.000224,0.000226,-0.708884,-0.705325
115.933333,9.795048,0.049048,-0.000493,0.000224,0.000225,-0.708916,-0.705293
115.950000,9.778382,0.048961,-0.000504,0.000224,0.000225,-0.708940,-0.705268
115.966667,9.761715,0.048869,-0.000514,0.000223,0.000224,-0.708974,-0.705235
115.983333,9.745049,0.048778,-0.000525,0.000223,0.000224,-0.709024,-0.705184
116.000000,9.728382,0.048686,-0.000535,0.000222,0.000223,-0.709075,-0.705133
116.016667,9.711716,0.048594,-0.000546,0.000221,0.000222,-0.709125,-0.705083
116.033333,9.695050,0.048502,-0.000556,0.000221,0.000222,-0.709162,-0.705046
116.050000,9.678383,0.048406,-0.000567,0.000220,0.000222,-0.709187,-0.705020
116.066667,9.661717,0.048302,-0.000577,0.000220,0.000221,-0.709216,-0.704991
116.083333,9.645051,0.048199,-0.000587,0.000219,0.000220,-0.709268,-0.704939
116.100000,9.628384,0.048095,-0.000598,0.000218,0.000220,-0.709319,-0.704888
116.116667,9.611718,0.047991,-0.000608,0.000218,0.000219,-0.709370,-0.704836
116.133333,9.595052,0.047887,-0.000618,0.000217,0.000218,-0.709413,-0.704793
116.150000,9.578385,0.047782,-0.000629,0.000217,0.000218,-0.709439,-0.704767
116.166667,9.561719,0.047666,-0.000639,0.000216,0.000218,-0.709465,-0.704741
116.183333,9.545053,0.047550,-0.000649,0.000215,0.000217,-0.709516,-0.704689
116.200000,9.528386,0.047433,-0.000659,0.000215,0.000216,-0.709568,-0.704637
116.216667,9.511720,0.047317,-0.000669,0.000214,0.000215,-0.709621,-0.704584
116.233333,9.495054,0.047201,-0.000679,0.000213,0.000215,-0.709669,-0.704535
116.250000,9.478388,0.047085,-0.000689,0.000213,0.000214,-0.709696,-0.704508
116.266667,9.461721,0.046957,-0.000699,0.000212,0.000214,-0.709722,-0.704482
116.283333,9.445055,0.046829,-0.000709,0.000211,0.000213,-0.709769,-0.704434
116.300000,9.428389,0.046700,-0.000719,0.000210,0.000212,-0.709823,-0.704380
116.316667,9.411723,0.046571,-0.000729,0.000210,0.000211,-0.709876,-0.704326
116.333333,9.395057,0.046443,-0.000739,0.000209,0.000210,-0.709930,-0.704273
116.350000,9.378391,0.046314,-0.000749,0.000208,0.000210,-0.709958,-0.704244
116.366667,9.361725,0.046176,-0.000759,0.000208,0.000210,-0.709985,-0.704217
116.383333,9.345058,0.046035,-0.000769,0.000207,0.000209,-0.710027,-0.704174
116.400000,9.328392,0.045893,-0.000779,0.000206,0.000208,-0.710082,-0.704119
116.416667,9.311726,0.045752,-0.000788,0.000205,0.000207,-0.710136,-0.704064
116.433333,9.295060,0.045611,-0.000798,0.000204,0.000206,-0.710191,-0.704009
116.450000,9.278394,0.045469,-0.000808,0.000204,0.000206,-0.710225,-0.703975
116.466667,9.261728,0.045320,-0.000817,0.000203,0.000205,-0.710252,-0.703947
116.483333,9.245062,0.045166,-0.000827,0.000203,0.000204,-0.710290,-0.703909
116.500000,9.228396,0.045012,-0.000836,0.000202,0.000204,-0.710346,-0.703853
116.516667,9.211730,0.044857,-0.000846,0.000201,0.000203,-0.710402,-0.703797
116.533333,9.195064,0.044703,-0.000856,0.000200,0.000202,-0.710457,-0.703740
116.550000,9.178398,0.044548,-0.000865,0.000199,0.000201,-0.710497,-0.703700
116.566667,9.161733,0.044389,-0.000874,0.000198,0.000200,-0.710525,-0.703672
116.583333,9.145067,0.044221,-0.000884,0.000198,0.000200,-0.710558,-0.703638
116.600000,9.128401,0.044054,-0.000893,0.000197,0.000199,-0.710615,-0.703581
116.616667,9.111735,0.043886,-0.000902,0.000196,0.000198,-0.710672,-0.703524
116.633333,9.095069,0.043718,-0.000912,0.000195,0.000197,-0.710728,-0.703467
116.650000,9.078403,0.043551,-0.000921,0.000194,0.000196,-0.710774,-0.703420
116.666667,9.061738,0.043381,-0.000930,0.000193,0.000195,-0.710803,-0.703391
116.683333,9.045072,0.043199,-0.000939,0.000193,0.000195,-0.710832,-0.703362
116.700000,9.028406,0.043018,-0.000948,0.000192,0.000194,-0.710889,-0.703304
116.716667,9.011741,0.042837,-0.000957,0.000191,0.000193,-0.710947,-0.703246
116.733333,8.995075,0.042656,-0.000966,0.000190,0.000192,-0.711004,-0.703188
116.750000,8.978409,0.042474,-0.000975,0.000189,0.000191,-0.711057,-0.703134
116.766667,8.961744,0.042293,-0.000984,0.000188,0.000190,-0.711086,-0.703105
116.783333,8.945078,0.042098,-0.000993,0.000187,0.000190,-0.711115,-0.703076
116.800000,8.928413,0.041903,-0.001002,0.000186,0.000189,-0.711168,-0.703022
116.816667,8.911747,0.041708,-0.001011,0.000185,0.000187,-0.711226,-0.702963
116.833333,8.895082,0.041513,-0.001020,0.000184,0.000186,-0.711285,-0.702904
116.850000,8.878416,0.041318,-0.001028,0.000183,0.000185,-0.711344,-0.702844
116.866667,8.861750,0.041123,-0.001037,0.000182,0.000185,-0.711374,-0.702814
116.883333,8.845085,0.040917,-0.001046,0.000182,0.000184,-0.711404,-0.702784
116.900000,8.828420,0.040708,-0.001054,0.000181,0.000183,-0.711451,-0.702735
116.916667,8.811754,0.040499,-0.001063,0.000180,0.000182,-0.711511,-0.702675
116.933333,8.795089,0.040290,-0.001071,0.000178,0.000181,-0.711571,-0.702614
116.950000,8.778424,0.040081,-0.001080,0.000177,0.000180,-0.711631,-0.702554
116.966667,8.761758,0.039872,-0.001088,0.000177,0.000179,-0.711667,-0.702517
116.983333,8.745093,0.039654,-0.001097,0.000176,0.000178,-0.711697,-0.702486
117.000000,8.728428,0.039431,-0.001105,0.000175,0.000177,-0.711740,-0.702443
117.016667,8.711763,0.039207,-0.001113,0.000174,0.000176,-0.711801,-0.702382
117.033333,8.695098,0.038984,-0.001121,0.000173,0.000175,-0.711861,-0.702320
117.050000,8.678432,0.038760,-0.001129,0.000171,0.000174,-0.711922,-0.702258
117.066667,8.661767,0.038537,-0.001138,0.000170,0.000173,-0.711965,-0.702215
117.083333,8.645102,0.038308,-0.001146,0.000170,0.000172,-0.711996,-0.702184
117.100000,8.628437,0.038070,-0.001154,0.000169,0.000171,-0.712033,-0.702146
117.116667,8.611772,0.037832,-0.001162,0.000168,0.000170,-0.712095,-0.702083
117.133333,8.595107,0.037594,-0.001170,0.000166,0.000169,-0.712157,-0.702020
117.150000,8.578442,0.037356,-0.001177,0.000165,0.000167,-0.712219,-0.701957
117.166667,8.561777,0.037118,-0.001185,0.000164,0.000166,-0.712268,-0.701907
117.183333,8.545112,0.036877,-0.001193,0.000163,0.000166,-0.712300,-0.701875
117.200000,8.528448,0.036624,-0.001201,0.000163,0.000165,-0.712331,-0.701843
117.216667,8.511783,0.036371,-0.001208,0.000161,0.000164,-0.712394,-0.701780
117.233333,8.495118,0.036118,-0.001216,0.000160,0.000162,-0.712457,-0.701716
117.250000,8.478453,0.035866,-0.001224,0.000158,0.000161,-0.712520,-0.701652
117.266667,8.461789,0.035613,-0.001231,0.000157,0.000160,-0.712577,-0.701594
117.283333,8.445124,0.035360,-0.001239,0.000157,0.000159,-0.712608,-0.701562
117.300000,8.428459,0.035092,-0.001246,0.000156,0.000158,-0.712640,-0.701530
117.316667,8.411795,0.034824,-0.001253,0.000155,0.000157,-0.712698,-0.701471
117.333333,8.395130,0.034556,-0.001261,0.000153,0.000156,-0.712762,-0.701406
117.350000,8.378466,0.034288,-0.001268,0.000152,0.000154,-0.712826,-0.701341
117.366667,8.361801,0.034020,-0.001275,0.000150,0.000153,-0.712890,-0.701276
117.383333,8.345137,0.033753,-0.001283,0.000150,0.000152,-0.712922,-0.701243
117.400000,8.328473,0.033472,-0.001290,0.000149,0.000151,-0.712955,-0.701210
117.416667,8.311808,0.033189,-0.001296,0.000148,0.000150,-0.713007,-0.701157
117.433333,8.295144,0.032906,-0.001303,0.000146,0.000149,-0.713072,-0.701091
117.450000,8.278480,0.032622,-0.001310,0.000145,0.000147,-0.713137,-0.701024
117.466667,8.261815,0.032339,-0.001317,0.000143,0.000146,-0.713202,-0.700958
117.483333,8.245151,0.032056,-0.001324,0.000142,0.000145,-0.713241,-0.700919
117.500000,8.228487,0.031763,-0.001331,0.000142,0.000144,-0.713274,-0.700885
117.516667,8.211823,0.031464,-0.001337,0.000141,0.000143,-0.713321,-0.700838
117.533333,8.195159,0.031165,-0.001344,0.000139,0.000141,-0.713387,-0.700770
117.550000,8.178495,0.030867,-0.001351,0.000137,0.000140,-0.713453,-0.700703
117.566667,8.161831,0.030568,-0.001357,0.000136,0.000138,-0.713519,-0.700636
117.583333,8.145167,0.030269,-0.001364,0.000135,0.000137,-0.713565,-0.700589
117.600000,8.128503,0.029963,-0.001370,0.000134,0.000137,-0.713598,-0.700555
117.616667,8.111840,0.029649,-0.001376,0.000133,0.000136,-0.713639,-0.700513
117.633333,8.095176,0.029334,-0.001383,0.000131,0.000134,-0.713707,-0.700445
117.650000,8.078512,0.029019,-0.001389,0.000130,0.000132,-0.713774,-0.700376
117.666667,8.061849,0.028705,-0.001395,0.000128,0.000131,-0.713841,-0.700308
117.683333,8.045185,0.028390,-0.001401,0.000127,0.000130,-0.713894,-0.700254
117.700000,8.028521,0.028072,-0.001407,0.000126,0.000129,-0.713928,-0.700219
117.716667,8.011858,0.027741,-0.001413,0.000125,0.000128,-0.713963,-0.700184
117.733333,7.995194,0.027410,-0.001419,0.000124,0.000126,-0.714031,-0.700114
117.750000,7.978531,0.027079,-0.001425,0.000122,0.000125,-0.714099,-0.700045
117.766667,7.961868,0.026749,-0.001431,0.000120,0.000123,-0.714167,-0.699975
117.783333,7.945204,0.026418,-0.001437,0.000119,0.000121,-0.714228,-0.699913
117.800000,7.928541,0.026087,-0.001442,0.000118,0.000121,-0.714262,-0.699878
117.816667,7.911878,0.025739,-0.001448,0.000117,0.000120,-0.714296,-0.699843
117.833333,7.895215,0.025392,-0.001453,0.000116,0.000118,-0.714360,-0.699778
117.850000,7.878552,0.025045,-0.001459,0.000114,0.000117,-0.714429,-0.699708
117.866667,7.861889,0.024698,-0.001464,0.000112,0.000115,-0.714499,-0.699637
117.883333,7.845226,0.024351,-0.001470,0.000111,0.000113,-0.714567,-0.699567
117.900000,7.828563,0.024004,-0.001475,0.000110,0.000112,-0.714602,-0.699532
117.916667,7.811900,0.023643,-0.001480,0.000109,0.000111,-0.714636,-0.699496
117.933333,7.795237,0.023279,-0.001485,0.000108,0.000110,-0.714694,-0.699437
117.950000,7.778575,0.022915,-0.001490,0.000106,0.000108,-0.714764,-0.699365
117.966667,7.761912,0.022551,-0.001495,0.000104,0.000106,-0.714835,-0.699293
117.983333,7.745249,0.022188,-0.001500,0.000102,0.000105,-0.714905,-0.699222
118.000000,7.728586,0.021824,-0.001505,0.000101,0.000104,-0.714946,-0.699180
118.016667,7.711924,0.021449,-0.001510,0.000100,0.000103,-0.714981,-0.699144
118.033333,7.695262,0.021069,-0.001515,0.000099,0.000101,-0.715033,-0.699091
118.050000,7.678599,0.020688,-0.001519,0.000097,0.000100,-0.715104,-0.699018
118.066667,7.661937,0.020307,-0.001524,0.000095,0.000098,-0.715176,-0.698945
118.083333,7.645275,0.019927,-0.001528,0.000094,0.000096,-0.715247,-0.698872
118.100000,7.628612,0.019546,-0.001533,0.000092,0.000095,-0.715295,-0.698822
118.116667,7.611950,0.019158,-0.001537,0.000092,0.000094,-0.715331,-0.698786
118.133333,7.595288,0.018760,-0.001542,0.000090,0.000093,-0.715376,-0.698739
118.150000,7.578626,0.018362,-0.001546,0.000089,0.000091,-0.715449,-0.698665
118.166667,7.561964,0.017965,-0.001550,0.000087,0.000089,-0.715521,-0.698591
118.183333,7.545303,0.017567,-0.001554,0.000085,0.000087,-0.715593,-0.698517
118.200000,7.528641,0.017169,-0.001558,0.000083,0.000085,-0.715650,-0.698460
118.216667,7.511979,0.016767,-0.001562,0.000082,0.000084,-0.715686,-0.698422
118.233333,7.495317,0.016352,-0.001566,0.000081,0.000083,-0.715725,-0.698383
118.250000,7.478656,0.015937,-0.001570,0.000079,0.000081,-0.715798,-0.698307
118.266667,7.461994,0.015521,-0.001573,0.000078,0.000080,-0.715871,-0.698232
118.283333,7.445333,0.015106,-0.001577,0.000076,0.000078,-0.715945,-0.698157
118.300000,7.428671,0.014691,-0.001581,0.000074,0.000076,-0.716009,-0.698091
118.316667,7.412010,0.014275,-0.001585,0.000073,0.000075,-0.716046,-0.698053
118.333333,7.395349,0.013842,-0.001588,0.000072,0.000074,-0.716083,-0.698015
118.350000,7.378688,0.013409,-0.001591,0.000070,0.000072,-0.716152,-0.697944
118.366667,7.362027,0.012977,-0.001594,0.000068,0.000070,-0.716226,-0.697868
118.383333,7.345366,0.012544,-0.001598,0.000066,0.000068,-0.716301,-0.697792
118.400000,7.328705,0.012111,-0.001601,0.000064,0.000066,-0.716373,-0.697718
118.416667,7.312044,0.011678,-0.001604,0.000063,0.000065,-0.716410,-0.697679
118.433333,7.295383,0.011230,-0.001607,0.000062,0.000064,-0.716448,-0.697641
118.450000,7.278722,0.010780,-0.001610,0.000061,0.000062,-0.716511,-0.697576
118.466667,7.262062,0.010329,-0.001612,0.000059,0.000060,-0.716586,-0.697499
118.483333,7.245401,0.009878,-0.001615,0.000057,0.000058,-0.716662,-0.697421
118.500000,7.228741,0.009428,-0.001618,0.000055,0.000056,-0.716737,-0.697344
118.516667,7.212080,0.008977,-0.001621,0.000053,0.000055,-0.716780,-0.697299
118.533333,7.195420,0.008514,-0.001623,0.000052,0.000054,-0.716818,-0.697260
118.550000,7.178760,0.008045,-0.001626,0.000051,0.000052,-0.716874,-0.697202
118.566667,7.162100,0.007577,-0.001628,0.000049,0.000050,-0.716951,-0.697124
118.583333,7.145440,0.007108,-0.001630,0.000047,0.000048,-0.717027,-0.697045
118.600000,7.128780,0.006639,-0.001632,0.000045,0.000046,-0.717104,-0.696967
118.616667,7.112120,0.006170,-0.001635,0.000043,0.000045,-0.717155,-0.696914
118.633333,7.095460,0.005693,-0.001637,0.000042,0.000043,-0.717193,-0.696875
118.650000,7.078800,0.005206,-0.001639,0.000041,0.000042,-0.717242,-0.696824
118.666667,7.062141,0.004718,-0.001640,0.000039,0.000040,-0.717320,-0.696744
118.683333,7.045481,0.004231,-0.001642,0.000037,0.000038,-0.717397,-0.696664
118.700000,7.028822,0.003744,-0.001644,0.000035,0.000036,-0.717475,-0.696584
118.716667,7.012162,0.003257,-0.001646,0.000033,0.000034,-0.717534,-0.696524
118.733333,6.995503,0.002764,-0.001647,0.000032,0.000033,-0.717573,-0.696483
118.750000,6.978844,0.002259,-0.001649,0.000031,0.000032,-0.717615,-0.696440
118.766667,6.962185,0.001753,-0.001650,0.000028,0.000029,-0.717694,-0.696359
118.783333,6.945526,0.001247,-0.001651,0.000026,0.000027,-0.717772,-0.696278
118.800000,6.928867,0.000741,-0.001653,0.000024,0.000025,-0.717851,-0.696197
118.816667,6.912208,0.000235,-0.001654,0.000022,0.000023,-0.717918,-0.696127
118.833333,6.895549,-0.000272,-0.001655,0.000021,0.000022,-0.717958,-0.696087
118.850000,6.878890,-0.000797,-0.001656,0.000020,0.000021,-0.717997,-0.696046
118.866667,6.862232,-0.001322,-0.001657,0.000018,0.000018,-0.718072,-0.695968
118.883333,6.845573,-0.001846,-0.001657,0.000016,0.000016,-0.718152,-0.695886
118.900000,6.828915,-0.002371,-0.001658,0.000013,0.000014,-0.718231,-0.695804
118.916667,6.812257,-0.002896,-0.001659,0.000011,0.000012,-0.718307,-0.695726
118.933333,6.795598,-0.003421,-0.001660,0.000010,0.000010,-0.718347,-0.695684
118.950000,6.778940,-0.003962,-0.001660,0.000009,0.000009,-0.718387,-0.695643
118.966667,6.762283,-0.004506,-0.001660,0.000007,0.000007,-0.718456,-0.695573
118.983333,6.745625,-0.005050,-0.001660,0.000005,0.000005,-0.718536,-0.695489
119.000000,6.728967,-0.005594,-0.001660,0.000002,0.000003,-0.718617,-0.695406
119.016667,6.712309,-0.006138,-0.001661,0.000000,0.000000,-0.718697,-0.695323
119.033333,6.695651,-0.006682,-0.001661,-0.000001,-0.000001,-0.718742,-0.695277
119.050000,6.678994,-0.007239,-0.001661,-0.000002,-0.000002,-0.718783,-0.695235
119.066667,6.662337,-0.007803,-0.001660,-0.000004,-0.000004,-0.718844,-0.695172
119.083333,6.645680,-0.008366,-0.001660,-0.000006,-0.000007,-0.718925,-0.695087
119.100000,6.629023,-0.008929,-0.001660,-0.000009,-0.000009,-0.719007,-0.695003
119.116667,6.612366,-0.009493,-0.001659,-0.000011,-0.000011,-0.719088,-0.694919
119.133333,6.595708,-0.010056,-0.001659,-0.000013,-0.000013,-0.719142,-0.694864
119.150000,6.579052,-0.010629,-0.001658,-0.000014,-0.000014,-0.719183,-0.694821
119.166667,6.562395,-0.011212,-0.001657,-0.000015,-0.000016,-0.719236,-0.694765
119.183333,6.545739,-0.011795,-0.001657,-0.000018,-0.000018,-0.719319,-0.694680
119.200000,6.529082,-0.012378,-0.001656,-0.000020,-0.000021,-0.719401,-0.694594
119.216667,6.512426,-0.012961,-0.001655,-0.000022,-0.000023,-0.719484,-0.694509
119.233333,6.495769,-0.013544,-0.001654,-0.000024,-0.000025,-0.719546,-0.694445
119.250000,6.479113,-0.014133,-0.001653,-0.000025,-0.000026,-0.719587,-0.694402
119.266667,6.462457,-0.014736,-0.001651,-0.000027,-0.000028,-0.719634,-0.694354
119.283333,6.445801,-0.015339,-0.001650,-0.000029,-0.000030,-0.719717,-0.694267
119.300000,6.429146,-0.015942,-0.001648,-0.000032,-0.000033,-0.719801,-0.694181
119.316667,6.412490,-0.016544,-0.001647,-0.000034,-0.000035,-0.719884,-0.694094
119.333333,6.395834,-0.017147,-0.001645,-0.000036,-0.000038,-0.719955,-0.694021
119.350000,6.379179,-0.017753,-0.001644,-0.000037,-0.000039,-0.719997,-0.693977
119.366667,6.362524,-0.018376,-0.001642,-0.000039,-0.000040,-0.720039,-0.693934
119.383333,6.345869,-0.018999,-0.001639,-0.000041,-0.000043,-0.720120,-0.693849
119.400000,6.329213,-0.019622,-0.001637,-0.000044,-0.000045,-0.720205,-0.693762
119.416667,6.312558,-0.020245,-0.001635,-0.000046,-0.000048,-0.720289,-0.693674
119.433333,6.295903,-0.020868,-0.001633,-0.000048,-0.000050,-0.720369,-0.693591
119.450000,6.279248,-0.021491,-0.001631,-0.000050,-0.000052,-0.720411,-0.693547
119.466667,6.262594,-0.022133,-0.001628,-0.000051,-0.000053,-0.720454,-0.693503
119.483333,6.245940,-0.022776,-0.001626,-0.000053,-0.000055,-0.720528,-0.693426
119.500000,6.229286,-0.023420,-0.001623,-0.000056,-0.000058,-0.720613,-0.693337
119.516667,6.212631,-0.024063,-0.001620,-0.000058,-0.000061,-0.720699,-0.693249
119.533333,6.195977,-0.024706,-0.001618,-0.000061,-0.000063,-0.720784,-0.693160
119.550000,6.179323,-0.025350,-0.001615,-0.000062,-0.000065,-0.720831,-0.693111
119.566667,6.162669,-0.026008,-0.001612,-0.000063,-0.000066,-0.720874,-0.693067
119.583333,6.146016,-0.026672,-0.001609,-0.000065,-0.000068,-0.720940,-0.692998
119.600000,6.129362,-0.027337,-0.001605,-0.000068,-0.000071,-0.721026,-0.692908
119.616667,6.112709,-0.028001,-0.001602,-0.000071,-0.000074,-0.721113,-0.692818
119.633333,6.096056,-0.028665,-0.001599,-0.000073,-0.000076,-0.721199,-0.692728
119.650000,6.079402,-0.029329,-0.001595,-0.000075,-0.000078,-0.721254,-0.692670
119.666667,6.062749,-0.030004,-0.001592,-0.000076,-0.000079,-0.721298,-0.692625
119.683333,6.046097,-0.030689,-0.001588,-0.000078,-0.000081,-0.721356,-0.692564
119.700000,6.029444,-0.031374,-0.001584,-0.000081,-0.000084,-0.721444,-0.692473
119.716667,6.012791,-0.032059,-0.001580,-0.000083,-0.000087,-0.721531,-0.692382
119.733333,5.996139,-0.032744,-0.001576,-0.000086,-0.000090,-0.721618,-0.692291
119.750000,5.979486,-0.033429,-0.001572,-0.000088,-0.000092,-0.721683,-0.692224
119.766667,5.962834,-0.034121,-0.001568,-0.000089,-0.000093,-0.721727,-0.692178
119.783333,5.946182,-0.034828,-0.001563,-0.000091,-0.000095,-0.721777,-0.692126
119.800000,5.929531,-0.035534,-0.001558,-0.000094,-0.000098,-0.721866,-0.692033
119.816667,5.912879,-0.036240,-0.001554,-0.000096,-0.000100,-0.721954,-0.691941
119.833333,5.896227,-0.036946,-0.001549,-0.000099,-0.000103,-0.722042,-0.691849
119.850000,5.879575,-0.037652,-0.001545,-0.000101,-0.000106,-0.722116,-0.691772
119.866667,5.862924,-0.038362,-0.001540,-0.000103,-0.000107,-0.722161,-0.691725
119.883333,5.846273,-0.039089,-0.001535,-0.000104,-0.000109,-0.722205,-0.691679
119.900000,5.829622,-0.039817,-0.001529,-0.000107,-0.000111,-0.722292,-0.691588
119.916667,5.812972,-0.040544,-0.001524,-0.000109,-0.000114,-0.722381,-0.691495
119.933333,5.796321,-0.041272,-0.001519,-0.000112,-0.000117,-0.722471,-0.691401
119.950000,5.779670,-0.042000,-0.001514,-0.000115,-0.000120,-0.722554,-0.691314
119.966667,5.763019,-0.042727,-0.001508,-0.000116,-0.000121,-0.722599,-0.691267
119.983333,5.746369,-0.043475,-0.001502,-0.000117,-0.000123,-0.722644,-0.691220
120.000000,5.729720,-0.044225,-0.001497,-0.000120,-0.000125,-0.722723,-0.691138
120.016667,5.713070,-0.044974,-0.001491,-0.000123,-0.000128,-0.722813,-0.691043
120.033333,5.696420,-0.045723,-0.001485,-0.000126,-0.000131,-0.722904,-0.690949
120.050000,5.679770,-0.046472,-0.001479,-0.000128,-0.000134,-0.722994,-0.690854
120.066667,5.663120,-0.047222,-0.001473,-0.000130,-0.000136,-0.723042,-0.690804
120.083333,5.646471,-0.047987,-0.001466,-0.000131,-0.000137,-0.723088,-0.690756
120.100000,5.629822,-0.048758,-0.001460,-0.000133,-0.000140,-0.723159,-0.690682
120.116667,5.613174,-0.049530,-0.001453,-0.000136,-0.000143,-0.723250,-0.690586
120.133333,5.596525,-0.050301,-0.001446,-0.000139,-0.000146,-0.723341,-0.690491
120.150000,5.579876,-0.051072,-0.001440,-0.000142,-0.000149,-0.723433,-0.690395
120.166667,5.563227,-0.051843,-0.001433,-0.000144,-0.000151,-0.723490,-0.690335
120.183333,5.546579,-0.052627,-0.001426,-0.000145,-0.000152,-0.723536,-0.690287
120.200000,5.529931,-0.053420,-0.001419,-0.000147,-0.000154,-0.723599,-0.690221
120.216667,5.513283,-0.054213,-0.001411,-0.000150,-0.000158,-0.723691,-0.690124
120.233333,5.496636,-0.055007,-0.001404,-0.000153,-0.000161,-0.723783,-0.690027
120.250000,5.479988,-0.055800,-0.001397,-0.000156,-0.000164,-0.723876,-0.689930
120.266667,5.463340,-0.056593,-0.001389,-0.000158,-0.000166,-0.723942,-0.689860
120.283333,5.446693,-0.057395,-0.001382,-0.000160,-0.000168,-0.723989,-0.689812
120.300000,5.430046,-0.058210,-0.001374,-0.000161,-0.000169,-0.724043,-0.689755
120.316667,5.413399,-0.059026,-0.001366,-0.000164,-0.000172,-0.724136,-0.689657
120.333333,5.396753,-0.059842,-0.001358,-0.000167,-0.000176,-0.724230,-0.689559
120.350000,5.380106,-0.060657,-0.001350,-0.000170,-0.000179,-0.724323,-0.689461
120.366667,5.363459,-0.061473,-0.001342,-0.000173,-0.000181,-0.724400,-0.689380
120.383333,5.346813,-0.062293,-0.001334,-0.000174,-0.000183,-0.724447,-0.689331
120.400000,5.330167,-0.063131,-0.001325,-0.000176,-0.000185,-0.724493,-0.689282
120.416667,5.313522,-0.063969,-0.001316,-0.000179,-0.000188,-0.724586,-0.689184
120.433333,5.296876,-0.064808,-0.001307,-0.000182,-0.000191,-0.724681,-0.689085
120.450000,5.280230,-0.065646,-0.001298,-0.000185,-0.000194,-0.724775,-0.688986
120.466667,5.263585,-0.066485,-0.001290,-0.000187,-0.000197,-0.724861,-0.688895
120.483333,5.246939,-0.067323,-0.001281,-0.000189,-0.000199,-0.724909,-0.688845
120.500000,5.230295,-0.068184,-0.001271,-0.000190,-0.000200,-0.724956,-0.688795
120.516667,5.213650,-0.069045,-0.001262,-0.000193,-0.000203,-0.725041,-0.688706
120.533333,5.197006,-0.069906,-0.001252,-0.000196,-0.000207,-0.725136,-0.688606
120.550000,5.180362,-0.070767,-0.001243,-0.000199,-0.000210,-0.725231,-0.688505
120.566667,5.163717,-0.071629,-0.001233,-0.000202,-0.000213,-0.725326,-0.688405
120.583333,5.147073,-0.072490,-0.001224,-0.000204,-0.000215,-0.725376,-0.688353
120.600000,5.130429,-0.073369,-0.001214,-0.000205,-0.000217,-0.725424,-0.688303
120.616667,5.113786,-0.074254,-0.001203,-0.000208,-0.000219,-0.725500,-0.688223
120.633333,5.097143,-0.075138,-0.001193,-0.000211,-0.000223,-0.725596,-0.688121
120.650000,5.080500,-0.076022,-0.001183,-0.000214,-0.000226,-0.725692,-0.688020
120.666667,5.063857,-0.076907,-0.001173,-0.000217,-0.000229,-0.725788,-0.687918
120.683333,5.047214,-0.077791,-0.001162,-0.000219,-0.000231,-0.725847,-0.687856
120.700000,5.030571,-0.078689,-0.001152,-0.000221,-0.000233,-0.725896,-0.687805
120.716667,5.013929,-0.079597,-0.001141,-0.000223,-0.000235,-0.725963,-0.687734
120.733333,4.997287,-0.080505,-0.001130,-0.000226,-0.000239,-0.726060,-0.687631
120.750000,4.980645,-0.081413,-0.001119,-0.000229,-0.000242,-0.726157,-0.687529
120.766667,4.964003,-0.082321,-0.001108,-0.000232,-0.000246,-0.726254,-0.687426
120.783333,4.947362,-0.083228,-0.001097,-0.000235,-0.000248,-0.726323,-0.687353
120.800000,4.930720,-0.084145,-0.001085,-0.000236,-0.000250,-0.726372,-0.687301
120.816667,4.914079,-0.085077,-0.001073,-0.000238,-0.000252,-0.726430,-0.687240
120.833333,4.897439,-0.086008,-0.001062,-0.000241,-0.000255,-0.726529,-0.687136
120.850000,4.880798,-0.086940,-0.001050,-0.000245,-0.000259,-0.726627,-0.687032
120.866667,4.864158,-0.087871,-0.001038,-0.000248,-0.000262,-0.726725,-0.686929
120.883333,4.847517,-0.088803,-0.001026,-0.000250,-0.000265,-0.726804,-0.686845
120.900000,4.830877,-0.089739,-0.001014,-0.000252,-0.000267,-0.726853,-0.686792
120.916667,4.814237,-0.090694,-0.001001,-0.000254,-0.000268,-0.726903,-0.686740
120.933333,4.797598,-0.091649,-0.000989,-0.000257,-0.000272,-0.727002,-0.686636
120.950000,4.780959,-0.092605,-0.000976,-0.000260,-0.000276,-0.727101,-0.686531
120.966667,4.764320,-0.093560,-0.000964,-0.000263,-0.000279,-0.727200,-0.686426
120.983333,4.747680,-0.094515,-0.000951,-0.000266,-0.000282,-0.727290,-0.686331
121.000000,4.731041,-0.095471,-0.000938,-0.000268,-0.000284,-0.727339,-0.686278
121.016667,4.714403,-0.096450,-0.000925,-0.000270,-0.000286,-0.727389,-0.686225
121.033333,4.697765,-0.097430,-0.000912,-0.000273,-0.000289,-0.727479,-0.686130
121.050000,4.681128,-0.098409,-0.000898,-0.000276,-0.000293,-0.727579,-0.686024
121.066667,4.664490,-0.099389,-0.000885,-0.000279,-0.000296,-0.727679,-0.685917
121.083333,4.647852,-0.100368,-0.000871,-0.000283,-0.000300,-0.727779,-0.685811
121.100000,4.631214,-0.101348,-0.000858,-0.000284,-0.000302,-0.727830,-0.685758
121.116667,4.614577,-0.102347,-0.000844,-0.000286,-0.000303,-0.727880,-0.685704
121.133333,4.597941,-0.103351,-0.000830,-0.000289,-0.000306,-0.727961,-0.685618
121.150000,4.581305,-0.104355,-0.000815,-0.000292,-0.000310,-0.728062,-0.685511
121.166667,4.564668,-0.105358,-0.000801,-0.000295,-0.000314,-0.728163,-0.685404
121.183333,4.548032,-0.106362,-0.000787,-0.000299,-0.000317,-0.728264,-0.685297
121.200000,4.531395,-0.107366,-0.000773,-0.000301,-0.000320,-0.728325,-0.685232
121.216667,4.514760,-0.108385,-0.000758,-0.000302,-0.000321,-0.728375,-0.685178
121.233333,4.498125,-0.109414,-0.000743,-0.000305,-0.000324,-0.728447,-0.685102
121.250000,4.481490,-0.110442,-0.000728,-0.000308,-0.000328,-0.728549,-0.684993
121.266667,4.464855,-0.111471,-0.000713,-0.000312,-0.000332,-0.728651,-0.684885
121.283333,4.448220,-0.112499,-0.000698,-0.000315,-0.000335,-0.728753,-0.684776
121.300000,4.431585,-0.113528,-0.000682,-0.000317,-0.000338,-0.728824,-0.684701
121.316667,4.414951,-0.114566,-0.000667,-0.000319,-0.000340,-0.728875,-0.684646
121.333333,4.398318,-0.115620,-0.000651,-0.000321,-0.000342,-0.728938,-0.684580
121.350000,4.381684,-0.116673,-0.000635,-0.000325,-0.000346,-0.729041,-0.684470
121.366667,4.365051,-0.117727,-0.000619,-0.000328,-0.000350,-0.729144,-0.684360
121.383333,4.348418,-0.118780,-0.000603,-0.000332,-0.000353,-0.729247,-0.684251
121.400000,4.331784,-0.119833,-0.000587,-0.000334,-0.000356,-0.729328,-0.684164
121.416667,4.315151,-0.120892,-0.000571,-0.000336,-0.000358,-0.729380,-0.684109
121.433333,4.298520,-0.121971,-0.000555,-0.000338,-0.000360,-0.729433,-0.684052
121.450000,4.281888,-0.123049,-0.000538,-0.000341,-0.000364,-0.729537,-0.683941
121.466667,4.265256,-0.124128,-0.000521,-0.000345,-0.000368,-0.729641,-0.683831
121.483333,4.248625,-0.125206,-0.000504,-0.000348,-0.000372,-0.729744,-0.683720
121.500000,4.231993,-0.126285,-0.000487,-0.000351,-0.000375,-0.729837,-0.683621
121.516667,4.215361,-0.127364,-0.000471,-0.000353,-0.000377,-0.729889,-0.683565
121.533333,4.198731,-0.128468,-0.000453,-0.000355,-0.000379,-0.729941,-0.683510
121.550000,4.182101,-0.129572,-0.000435,-0.000358,-0.000383,-0.730037,-0.683407
121.566667,4.165471,-0.130676,-0.000418,-0.000362,-0.000387,-0.730142,-0.683295
121.583333,4.148841,-0.131780,-0.000400,-0.000365,-0.000391,-0.730247,-0.683183
121.600000,4.132211,-0.132884,-0.000382,-0.000369,-0.000394,-0.730350,-0.683073
121.616667,4.115581,-0.133987,-0.000365,-0.000371,-0.000396,-0.730403,-0.683016
121.633333,4.098952,-0.135113,-0.000346,-0.000372,-0.000398,-0.730455,-0.682960
121.650000,4.082324,-0.136242,-0.000328,-0.000375,-0.000402,-0.730542,-0.682868
121.666667,4.065695,-0.137372,-0.000309,-0.000379,-0.000406,-0.730647,-0.682755
121.683333,4.049067,-0.138501,-0.000291,-0.000383,-0.000410,-0.730753,-0.682642
121.700000,4.032439,-0.139631,-0.000272,-0.000386,-0.000414,-0.730859,-0.682529
121.716667,4.015810,-0.140760,-0.000253,-0.000388,-0.000416,-0.730921,-0.682462
121.733333,3.999183,-0.141906,-0.000234,-0.000390,-0.000418,-0.730974,-0.682405
121.750000,3.982557,-0.143061,-0.000215,-0.000393,-0.000421,-0.731051,-0.682323
121.766667,3.965930,-0.144217,-0.000195,-0.000394,-0.000422,-0.731092,-0.682278
121.783333,3.949304,-0.145372,-0.000176,-0.000396,-0.000424,-0.731144,-0.682222
121.800000,3.932677,-0.146528,-0.000157,-0.000398,-0.000427,-0.731211,-0.682151
121.816667,3.916050,-0.147683,-0.000137,-0.000399,-0.000428,-0.731245,-0.682115
121.833333,3.899425,-0.148850,-0.000117,-0.000400,-0.000428,-0.731253,-0.682106
