timestamp,tx,ty,tz,qx,qy,qz,qw
0.000000,0.000000,0.000000,0.000000,0.023369,0.023160,0.703538,0.709896
0.016667,-0.016630,0.000150,0.001096,0.023369,0.023160,0.703538,0.709896
0.033333,-0.033260,0.000299,0.002192,0.023045,0.022810,0.703110,0.710341
0.050000,-0.049890,0.000449,0.003288,0.022366,0.022081,0.702215,0.711271
0.066667,-0.066520,0.000598,0.004384,0.021837,0.021516,0.701517,0.711993
0.083333,-0.083150,0.000748,0.005481,0.021412,0.021064,0.700958,0.712569
0.100000,-0.099779,0.000898,0.006577,0.020833,0.020449,0.700196,0.713354
0.116667,-0.116413,0.001191,0.007562,0.020252,0.019835,0.699432,0.714137
0.133333,-0.133052,0.001705,0.008377,0.019670,0.019223,0.698667,0.714918
0.150000,-0.149690,0.002219,0.009192,0.018682,0.018187,0.697318,0.716288
0.166667,-0.166329,0.002733,0.010007,0.017572,0.017033,0.695793,0.717825
0.183333,-0.182968,0.003247,0.010822,0.016456,0.015882,0.694264,0.719357
0.200000,-0.199607,0.003760,0.011637,0.015570,0.014975,0.693036,0.720579
0.216667,-0.216246,0.004274,0.012452,0.015040,0.014434,0.692275,0.721333
0.233333,-0.232881,0.005064,0.013072,0.014509,0.013894,0.691512,0.722085
0.250000,-0.249515,0.005935,0.013634,0.013913,0.013292,0.690648,0.722935
0.266667,-0.266150,0.006806,0.014197,0.012908,0.012279,0.689130,0.724419
0.283333,-0.282784,0.007677,0.014760,0.011898,0.011270,0.687608,0.725897
0.300000,-0.299419,0.008548,0.015323,0.010884,0.010266,0.686082,0.727370
0.316667,-0.316053,0.009418,0.015886,0.010284,0.009675,0.685150,0.728266
0.333333,-0.332685,0.010336,0.016419,0.009806,0.009206,0.684390,0.728992
0.350000,-0.349304,0.011557,0.016758,0.009327,0.008738,0.683630,0.729717
0.366667,-0.365922,0.012777,0.017098,0.008648,0.008076,0.682512,0.730779
0.383333,-0.382541,0.013998,0.017438,0.007747,0.007205,0.680999,0.732208
0.400000,-0.399159,0.015218,0.017777,0.006842,0.006337,0.679482,0.733633
0.416667,-0.415777,0.016439,0.018117,0.006000,0.005535,0.678065,0.734957
0.433333,-0.432396,0.017659,0.018457,0.005576,0.005134,0.677310,0.735659
0.450000,-0.449002,0.019043,0.018704,0.005152,0.004733,0.676554,0.736360
0.466667,-0.465595,0.020607,0.018849,0.004727,0.004334,0.675797,0.737060
0.483333,-0.482187,0.022170,0.018994,0.004009,0.003662,0.674442,0.738308
0.500000,-0.498780,0.023733,0.019139,0.003217,0.002927,0.672935,0.739689
0.516667,-0.515372,0.025296,0.019285,0.002422,0.002194,0.671425,0.741065
0.533333,-0.531965,0.026859,0.019430,0.001829,0.001652,0.670277,0.742107
0.550000,-0.548557,0.028422,0.019575,0.001461,0.001317,0.669526,0.742786
0.566667,-0.565122,0.030255,0.019587,0.001092,0.000983,0.668774,0.743464
0.583333,-0.581680,0.032153,0.019567,0.000689,0.000619,0.667940,0.744214
0.600000,-0.598239,0.034052,0.019546,0.000011,0.000010,0.666445,0.745554
0.616667,-0.614797,0.035951,0.019525,-0.000669,-0.000596,0.664947,0.746890
0.633333,-0.631355,0.037850,0.019505,-0.001352,-0.001199,0.663445,0.748223
0.650000,-0.647913,0.039749,0.019484,-0.001736,-0.001536,0.662549,0.749015
0.666667,-0.664467,0.041684,0.019448,-0.002048,-0.001808,0.661803,0.749673
0.683333,-0.680983,0.043911,0.019290,-0.002359,-0.002079,0.661055,0.750331
0.700000,-0.697499,0.046139,0.019131,-0.002772,-0.002435,0.660012,0.751246
0.716667,-0.714016,0.048367,0.018973,-0.003335,-0.002919,0.658525,0.752546
0.733333,-0.730532,0.050595,0.018815,-0.003901,-0.003400,0.657035,0.753842
0.750000,-0.747048,0.052823,0.018656,-0.004434,-0.003850,0.655625,0.755064
0.766667,-0.763564,0.055051,0.018498,-0.004686,-0.004061,0.654884,0.755704
0.783333,-0.780061,0.057409,0.018296,-0.004939,-0.004272,0.654142,0.756343
0.800000,-0.796530,0.059959,0.018027,-0.005193,-0.004482,0.653400,0.756982
0.816667,-0.812998,0.062510,0.017759,-0.005576,-0.004797,0.652160,0.758046
0.833333,-0.829466,0.065061,0.017491,-0.006023,-0.005161,0.650682,0.759309
0.850000,-0.845934,0.067612,0.017223,-0.006471,-0.005523,0.649201,0.760569
0.866667,-0.862402,0.070163,0.016955,-0.006817,-0.005801,0.648018,0.761573
0.883333,-0.878870,0.072713,0.016687,-0.007010,-0.005954,0.647281,0.762196
0.900000,-0.895302,0.075479,0.016363,-0.007204,-0.006106,0.646544,0.762818
0.916667,-0.911716,0.078347,0.016013,-0.007398,-0.006258,0.645806,0.763440
0.933333,-0.928131,0.081215,0.015662,-0.007716,-0.006503,0.644382,0.764637
0.950000,-0.944545,0.084083,0.015312,-0.008043,-0.006752,0.642912,0.765868
0.966667,-0.960959,0.086951,0.014962,-0.008371,-0.007000,0.641440,0.767095
0.983333,-0.977374,0.089819,0.014612,-0.008567,-0.007145,0.640470,0.767903
1.000000,-0.993788,0.092686,0.014261,-0.008700,-0.007242,0.639737,0.768510
1.016667,-1.010147,0.095848,0.013860,-0.008833,-0.007338,0.639004,0.769117
1.033333,-1.026502,0.099027,0.013455,-0.008980,-0.007443,0.638130,0.769840
1.050000,-1.042858,0.102207,0.013050,-0.009184,-0.007583,0.636671,0.771044
1.066667,-1.059214,0.105386,0.012645,-0.009388,-0.007722,0.635210,0.772244
1.083333,-1.075569,0.108566,0.012240,-0.009594,-0.007861,0.633746,0.773442
1.100000,-1.091925,0.111745,0.011835,-0.009673,-0.007909,0.632975,0.774071
1.116667,-1.108268,0.114985,0.011425,-0.009744,-0.007952,0.632247,0.774665
1.133333,-1.124560,0.118471,0.010992,-0.009815,-0.007995,0.631518,0.775258
1.150000,-1.140852,0.121957,0.010560,-0.009890,-0.008034,0.630472,0.776108
1.166667,-1.157145,0.125443,0.010128,-0.009970,-0.008068,0.629020,0.777284
1.183333,-1.173437,0.128929,0.009695,-0.010050,-0.008102,0.627566,0.778457
1.200000,-1.189729,0.132415,0.009263,-0.010116,-0.008127,0.626252,0.779513
1.216667,-1.206021,0.135902,0.008831,-0.010125,-0.008119,0.625528,0.780094
1.233333,-1.222284,0.139521,0.008398,-0.010133,-0.008110,0.624803,0.780675
1.250000,-1.238509,0.143309,0.007965,-0.010141,-0.008101,0.624077,0.781255
1.266667,-1.254733,0.147097,0.007533,-0.010112,-0.008052,0.622864,0.782223
1.283333,-1.270958,0.150885,0.007100,-0.010065,-0.007984,0.621418,0.783374
1.300000,-1.287183,0.154673,0.006667,-0.010018,-0.007917,0.619969,0.784522
1.316667,-1.303407,0.158462,0.006234,-0.009967,-0.007853,0.618840,0.785415
1.333333,-1.319632,0.162250,0.005802,-0.009911,-0.007795,0.618118,0.785984
1.350000,-1.335808,0.166240,0.005387,-0.009856,-0.007736,0.617395,0.786553
1.366667,-1.351961,0.170326,0.004981,-0.009800,-0.007678,0.616673,0.787121
1.383333,-1.368114,0.174412,0.004575,-0.009634,-0.007521,0.615294,0.788203
1.400000,-1.384267,0.178498,0.004169,-0.009458,-0.007355,0.613852,0.789330
1.416667,-1.400420,0.182585,0.003763,-0.009281,-0.007190,0.612408,0.790455
1.433333,-1.416573,0.186671,0.003357,-0.009141,-0.007065,0.611455,0.791195
1.450000,-1.432726,0.190757,0.002951,-0.009020,-0.006958,0.610735,0.791753
1.466667,-1.448809,0.195111,0.002594,-0.008899,-0.006852,0.610014,0.792311
1.483333,-1.464886,0.199491,0.002241,-0.008750,-0.006722,0.609187,0.792950
1.500000,-1.480963,0.203871,0.001889,-0.008442,-0.006461,0.607749,0.794058
1.516667,-1.497040,0.208252,0.001536,-0.008133,-0.006202,0.606310,0.795163
1.533333,-1.513117,0.212632,0.001184,-0.007823,-0.005943,0.604868,0.796265
1.550000,-1.529194,0.217012,0.000831,-0.007625,-0.005780,0.604086,0.796861
1.566667,-1.545259,0.221435,0.000491,-0.007437,-0.005627,0.603367,0.797409
1.583333,-1.561255,0.226105,0.000219,-0.007249,-0.005475,0.602647,0.797956
1.600000,-1.577252,0.230776,-0.000052,-0.006963,-0.005245,0.601652,0.798711
1.616667,-1.593249,0.235446,-0.000324,-0.006520,-0.004893,0.600214,0.799798
1.633333,-1.609245,0.240117,-0.000596,-0.006076,-0.004542,0.598774,0.800882
1.650000,-1.625242,0.244787,-0.000867,-0.005658,-0.004216,0.597439,0.801883
1.666667,-1.641238,0.249458,-0.001139,-0.005402,-0.004017,0.596720,0.802421
1.683333,-1.657202,0.254238,-0.001369,-0.005146,-0.003820,0.596000,0.802959
1.700000,-1.673114,0.259196,-0.001533,-0.004889,-0.003622,0.595280,0.803496
1.716667,-1.689025,0.264153,-0.001697,-0.004431,-0.003272,0.594111,0.804364
1.733333,-1.704937,0.269111,-0.001861,-0.003849,-0.002832,0.592671,0.805431
1.750000,-1.720848,0.274068,-0.002025,-0.003266,-0.002394,0.591228,0.806494
1.766667,-1.736759,0.279026,-0.002188,-0.002781,-0.002032,0.590062,0.807351
1.783333,-1.752671,0.283984,-0.002352,-0.002455,-0.001791,0.589341,0.807879
1.800000,-1.768526,0.289118,-0.002432,-0.002129,-0.001550,0.588619,0.808406
1.816667,-1.784347,0.294360,-0.002460,-0.001802,-0.001310,0.587897,0.808933
1.833333,-1.800168,0.299601,-0.002489,-0.001132,-0.000820,0.586547,0.809914
1.850000,-1.815989,0.304843,-0.002517,-0.000408,-0.000295,0.585101,0.810960
1.866667,-1.831810,0.310084,-0.002546,0.000317,0.000228,0.583653,0.812003
1.883333,-1.847631,0.315325,-0.002575,0.000838,0.000601,0.582657,0.812718
1.900000,-1.863452,0.320567,-0.002603,0.001236,0.000884,0.581932,0.813236
1.916667,-1.879189,0.326053,-0.002490,0.001634,0.001167,0.581207,0.813753
1.933333,-1.894914,0.331575,-0.002356,0.002090,0.001490,0.580392,0.814333
1.950000,-1.910639,0.337097,-0.002222,0.002957,0.002099,0.578941,0.815362
1.966667,-1.926363,0.342619,-0.002088,0.003826,0.002706,0.577487,0.816387
1.983333,-1.942088,0.348141,-0.001954,0.004697,0.003310,0.576030,0.817408
2.000000,-1.957813,0.353663,-0.001820,0.005219,0.003670,0.575207,0.817983
2.016667,-1.973524,0.359220,-0.001662,0.005690,0.003994,0.574477,0.818491
2.033333,-1.989146,0.365020,-0.001337,0.006162,0.004317,0.573748,0.818998
2.050000,-2.004768,0.370820,-0.001013,0.006844,0.004782,0.572734,0.819699
2.066667,-2.020389,0.376620,-0.000688,0.007860,0.005471,0.571271,0.820706
2.083333,-2.036011,0.382419,-0.000364,0.008878,0.006156,0.569805,0.821709
2.100000,-2.051632,0.388219,-0.000039,0.009839,0.006798,0.568428,0.822646
2.116667,-2.067254,0.394019,0.000286,0.010385,0.007162,0.567693,0.823144
2.133333,-2.082833,0.399925,0.000695,0.010931,0.007524,0.566957,0.823641
2.150000,-2.098344,0.406000,0.001238,0.011478,0.007886,0.566220,0.824136
2.166667,-2.113854,0.412074,0.001781,0.012435,0.008516,0.564994,0.824957
2.183333,-2.129365,0.418148,0.002324,0.013603,0.009281,0.563516,0.825941
2.200000,-2.144876,0.424222,0.002867,0.014774,0.010042,0.562034,0.826921
2.216667,-2.160387,0.430296,0.003410,0.015734,0.010661,0.560838,0.827707
2.233333,-2.175898,0.436371,0.003953,0.016356,0.011062,0.560094,0.828193
2.250000,-2.191330,0.442624,0.004659,0.016980,0.011461,0.559350,0.828678
2.266667,-2.206721,0.448969,0.005449,0.017604,0.011860,0.558605,0.829162
2.283333,-2.222112,0.455314,0.006239,0.018890,0.012679,0.557150,0.830100
2.300000,-2.237504,0.461659,0.007028,0.020215,0.013516,0.555652,0.831059
2.316667,-2.252895,0.468004,0.007818,0.021542,0.014348,0.554151,0.832013
2.333333,-2.268286,0.474349,0.008608,0.022455,0.014918,0.553145,0.832649
2.350000,-2.283678,0.480694,0.009397,0.023157,0.015354,0.552391,0.833122
2.366667,-2.298946,0.487293,0.010448,0.023860,0.015789,0.551636,0.833594
2.383333,-2.314208,0.493905,0.011512,0.024754,0.016342,0.550694,0.834180
2.400000,-2.329470,0.500516,0.012577,0.026236,0.017253,0.549177,0.835116
2.416667,-2.344732,0.507128,0.013642,0.027720,0.018158,0.547656,0.836047
2.433333,-2.359994,0.513740,0.014706,0.029208,0.019058,0.546131,0.836973
2.450000,-2.375256,0.520352,0.015771,0.030026,0.019552,0.545327,0.837458
2.466667,-2.390483,0.527029,0.016911,0.030808,0.020022,0.544560,0.837917
2.483333,-2.405604,0.533903,0.018279,0.031591,0.020491,0.543793,0.838374
2.500000,-2.420726,0.540778,0.019647,0.032853,0.021245,0.542595,0.839083
2.516667,-2.435847,0.547652,0.021015,0.034498,0.022221,0.541050,0.839989
2.533333,-2.450968,0.554526,0.022383,0.036146,0.023191,0.539502,0.840889
2.550000,-2.466089,0.561401,0.023751,0.037602,0.024042,0.538140,0.841673
2.566667,-2.481210,0.568275,0.025119,0.038466,0.024545,0.537360,0.842118
2.583333,-2.496246,0.575293,0.026672,0.039330,0.025047,0.536579,0.842561
2.600000,-2.511214,0.582424,0.028372,0.040195,0.025547,0.535797,0.843003
2.616667,-2.526181,0.589556,0.030072,0.041888,0.026524,0.534321,0.843826
2.633333,-2.541149,0.596687,0.031771,0.043698,0.027560,0.532745,0.844698
2.650000,-2.556116,0.603819,0.033471,0.045512,0.028590,0.531163,0.845563
2.666667,-2.571084,0.610950,0.035171,0.046844,0.029341,0.530017,0.846183
2.683333,-2.586052,0.618082,0.036871,0.047791,0.029874,0.529221,0.846610
2.700000,-2.600872,0.625434,0.038887,0.048739,0.030406,0.528423,0.847036
2.716667,-2.615672,0.632816,0.040947,0.049901,0.031055,0.527455,0.847547
2.733333,-2.630471,0.640199,0.043007,0.051876,0.032154,0.525847,0.848386
2.750000,-2.645271,0.647581,0.045067,0.053855,0.033245,0.524234,0.849219
2.766667,-2.660071,0.654964,0.047127,0.055837,0.034329,0.522614,0.850046
2.783333,-2.674871,0.662347,0.049186,0.056983,0.034954,0.521701,0.850505
2.800000,-2.689632,0.669780,0.051327,0.058015,0.035514,0.520885,0.850912
2.816667,-2.704248,0.677407,0.053775,0.059047,0.036071,0.520068,0.851318
2.833333,-2.718864,0.685033,0.056223,0.060686,0.036955,0.518797,0.851939
2.850000,-2.733480,0.692659,0.058670,0.062830,0.038104,0.517148,0.852736
2.866667,-2.748095,0.700286,0.061118,0.064978,0.039244,0.515492,0.853525
2.883333,-2.762711,0.707912,0.063566,0.066913,0.040263,0.514003,0.854226
2.900000,-2.777327,0.715539,0.066013,0.068028,0.040848,0.513167,0.854613
2.916667,-2.791833,0.723294,0.068688,0.069143,0.041432,0.512329,0.854998
2.933333,-2.806247,0.731156,0.071550,0.070260,0.042013,0.511489,0.855381
2.950000,-2.820662,0.739018,0.074413,0.072435,0.043143,0.509895,0.856095
2.966667,-2.835076,0.746880,0.077276,0.074747,0.044333,0.508199,0.856844
2.983333,-2.849490,0.754741,0.080138,0.077062,0.045513,0.506496,0.857585
3.000000,-2.863905,0.762603,0.083001,0.078766,0.046377,0.505252,0.858117
3.016667,-2.878319,0.770465,0.085863,0.079962,0.046981,0.504393,0.858479
3.033333,-2.892538,0.778527,0.089117,0.081160,0.047583,0.503531,0.858840
3.050000,-2.906731,0.786615,0.092420,0.082636,0.048322,0.502469,0.859279
3.066667,-2.920925,0.794702,0.095722,0.085041,0.049517,0.500742,0.859985
3.083333,-2.935119,0.802789,0.099025,0.087449,0.050701,0.499007,0.860682
3.100000,-2.949313,0.810877,0.102327,0.089860,0.051876,0.497264,0.861373
3.116667,-2.963507,0.818964,0.105630,0.091204,0.052526,0.496295,0.861751
3.133333,-2.977647,0.827101,0.109034,0.092415,0.053109,0.495421,0.862089
3.150000,-2.991606,0.835403,0.112776,0.093626,0.053689,0.494546,0.862425
3.166667,-3.005565,0.843704,0.116517,0.095492,0.054574,0.493179,0.862947
3.183333,-3.019524,0.852006,0.120259,0.097883,0.055698,0.491416,0.863613
3.200000,-3.033483,0.860308,0.124000,0.100266,0.056806,0.489652,0.864269
3.216667,-3.047443,0.868610,0.127742,0.102361,0.057770,0.488093,0.864841
3.233333,-3.061402,0.876911,0.131484,0.103521,0.058298,0.487216,0.865162
3.250000,-3.075224,0.885329,0.135459,0.104676,0.058821,0.486341,0.865480
3.266667,-3.089254,0.894028,0.139707,0.105866,0.059357,0.485438,0.865806
3.283333,-3.103285,0.902727,0.143955,0.108140,0.060368,0.483677,0.866440
3.300000,-3.117315,0.911426,0.148203,0.110395,0.061359,0.481926,0.867061
3.316667,-3.131346,0.920125,0.152451,0.112631,0.062332,0.480185,0.867670
3.333333,-3.145377,0.928825,0.156699,0.114209,0.063011,0.478943,0.868101
3.350000,-3.159398,0.937531,0.160961,0.115304,0.063477,0.478070,0.868403
3.366667,-3.173526,0.946653,0.165718,0.116394,0.063938,0.477200,0.868703
3.383333,-3.187654,0.955775,0.170475,0.118168,0.064680,0.475760,0.869198
3.400000,-3.201782,0.964897,0.175232,0.120306,0.065563,0.474013,0.869793
3.416667,-3.215910,0.974019,0.179990,0.122424,0.066428,0.472275,0.870377
3.433333,-3.230038,0.983141,0.184747,0.124486,0.067261,0.470578,0.870939
3.450000,-3.244166,0.992263,0.189504,0.125521,0.067673,0.469708,0.871229
3.466667,-3.258121,1.001515,0.194510,0.126552,0.068080,0.468840,0.871515
3.483333,-3.272325,1.011056,0.199764,0.127989,0.068641,0.467613,0.871920
3.500000,-3.286529,1.020597,0.205018,0.130007,0.069418,0.465872,0.872492
3.516667,-3.300733,1.030138,0.210271,0.132007,0.070179,0.464140,0.873054
3.533333,-3.314937,1.039680,0.215525,0.133990,0.070924,0.462417,0.873606
3.550000,-3.329140,1.049221,0.220779,0.135290,0.071405,0.461274,0.873971
3.566667,-3.343232,1.058842,0.226182,0.136258,0.071759,0.460412,0.874246
3.583333,-3.357493,1.068799,0.231918,0.137509,0.072210,0.459284,0.874606
3.600000,-3.371753,1.078756,0.237654,0.139400,0.072882,0.457555,0.875157
3.616667,-3.386014,1.088712,0.243390,0.141274,0.073539,0.455836,0.875698
3.633333,-3.400274,1.098669,0.249126,0.143133,0.074182,0.454126,0.876230
3.650000,-3.414535,1.108626,0.254861,0.144579,0.074675,0.452783,0.876646
3.666667,-3.428710,1.118641,0.260702,0.145484,0.074977,0.451928,0.876911
3.683333,-3.443009,1.129010,0.266903,0.146668,0.075367,0.450794,0.877264
3.700000,-3.457309,1.139379,0.273104,0.148430,0.075937,0.449081,0.877797
3.716667,-3.471608,1.149747,0.279306,0.150178,0.076494,0.447376,0.878322
3.733333,-3.485908,1.160116,0.285507,0.151911,0.077038,0.445681,0.878838
3.750000,-3.500207,1.170484,0.291709,0.153353,0.077483,0.444260,0.879268
3.766667,-3.514415,1.180915,0.298013,0.154195,0.077737,0.443412,0.879526
3.783333,-3.528738,1.191692,0.304662,0.155399,0.078093,0.442177,0.879905
3.800000,-3.543061,1.202469,0.311311,0.157033,0.078564,0.440481,0.880423
3.816667,-3.557384,1.213247,0.317959,0.158653,0.079025,0.438794,0.880934
3.833333,-3.571707,1.224024,0.324608,0.160260,0.079475,0.437115,0.881437
3.850000,-3.586030,1.234802,0.331257,0.161582,0.079837,0.435723,0.881852
3.866667,-3.600223,1.245664,0.338039,0.162359,0.080044,0.434884,0.882104
3.883333,-3.614555,1.256848,0.345116,0.163645,0.080375,0.433462,0.882536
3.900000,-3.628887,1.268031,0.352193,0.165150,0.080754,0.431785,0.883044
3.916667,-3.643219,1.279215,0.359269,0.166643,0.081123,0.430116,0.883544
3.933333,-3.657551,1.290398,0.366346,0.168124,0.081482,0.428455,0.884037
3.950000,-3.671883,1.301581,0.373422,0.169239,0.081746,0.427189,0.884412
3.966667,-3.686018,1.312893,0.380686,0.169988,0.081916,0.426318,0.884673
3.983333,-3.700346,1.324480,0.388169,0.171372,0.082214,0.424656,0.885178
4.000000,-3.714674,1.336067,0.395653,0.172746,0.082504,0.423001,0.885676
4.016667,-3.729003,1.347654,0.403136,0.174109,0.082785,0.421355,0.886167
4.033333,-3.743331,1.359241,0.410620,0.175462,0.083059,0.419717,0.886652
4.050000,-3.757645,1.370838,0.418116,0.176311,0.083223,0.418666,0.886965
4.066667,-3.771959,1.382826,0.425984,0.177264,0.083392,0.417439,0.887337
4.083333,-3.786272,1.394815,0.433853,0.178517,0.083605,0.415801,0.887835
4.100000,-3.800585,1.406803,0.441721,0.179762,0.083811,0.414170,0.888327
4.116667,-3.814899,1.418792,0.449590,0.180996,0.084010,0.412547,0.888812
4.133333,-3.829212,1.430781,0.457458,0.182188,0.084197,0.410974,0.889280
4.150000,-3.843385,1.442861,0.465436,0.182806,0.084283,0.410124,0.889537
4.166667,-3.857673,1.455250,0.473667,0.183939,0.084423,0.408502,0.890037
4.183333,-3.871961,1.467639,0.481897,0.185063,0.084556,0.406888,0.890530
4.200000,-3.886249,1.480028,0.490128,0.186179,0.084684,0.405281,0.891018
4.216667,-3.900537,1.492417,0.498358,0.187286,0.084805,0.403682,0.891500
4.233333,-3.914811,1.504815,0.506598,0.188094,0.084887,0.402495,0.891859
4.250000,-3.929065,1.517603,0.515166,0.188951,0.084948,0.401148,0.892279
4.266667,-3.943319,1.530391,0.523734,0.189955,0.085012,0.399551,0.892776
4.283333,-3.957572,1.543179,0.532302,0.190951,0.085071,0.397961,0.893268
4.300000,-3.971826,1.555968,0.540870,0.191939,0.085125,0.396379,0.893754
4.316667,-3.986079,1.568756,0.549439,0.192894,0.085172,0.394844,0.894224
4.333333,-4.000143,1.581673,0.558124,0.193544,0.085183,0.393723,0.894576
4.350000,-4.014354,1.594860,0.567005,0.194447,0.085189,0.392140,0.895075
4.366667,-4.028564,1.608047,0.575886,0.195342,0.085190,0.390564,0.895569
4.383333,-4.042775,1.621235,0.584767,0.196231,0.085187,0.388995,0.896058
4.400000,-4.056986,1.634422,0.593647,0.197113,0.085181,0.387433,0.896541
4.416667,-4.071081,1.647688,0.602593,0.197777,0.085167,0.386229,0.896916
4.433333,-4.085238,1.661272,0.611768,0.198637,0.085141,0.384652,0.897406
4.450000,-4.099395,1.674856,0.620944,0.199490,0.085112,0.383082,0.897891
4.466667,-4.113553,1.688440,0.630120,0.200336,0.085079,0.381519,0.898371
4.483333,-4.127710,1.702024,0.639295,0.201176,0.085042,0.379963,0.898846
4.500000,-4.141799,1.715653,0.648508,0.201900,0.085008,0.378622,0.899253
4.516667,-4.155885,1.729627,0.657978,0.202762,0.084970,0.377043,0.899725
4.533333,-4.169972,1.743602,0.667448,0.203617,0.084929,0.375471,0.900194
4.550000,-4.184059,1.757576,0.676917,0.204466,0.084883,0.373905,0.900657
4.566667,-4.198145,1.771550,0.686387,0.205308,0.084835,0.372346,0.901116
4.583333,-4.212188,1.785552,0.695880,0.206104,0.084786,0.370875,0.901546
4.600000,-4.226187,1.799909,0.705645,0.206972,0.084738,0.369294,0.902000
4.616667,-4.240185,1.814266,0.715410,0.207834,0.084686,0.367719,0.902450
4.633333,-4.254184,1.828623,0.725175,0.208690,0.084630,0.366150,0.902896
4.650000,-4.268182,1.842981,0.734940,0.209539,0.084570,0.364587,0.903337
4.666667,-4.282140,1.857362,0.744726,0.210406,0.084507,0.362994,0.903783
4.683333,-4.296034,1.872093,0.754788,0.211280,0.084447,0.361411,0.904219
4.700000,-4.309927,1.886825,0.764849,0.212149,0.084384,0.359833,0.904650
4.716667,-4.323820,1.901557,0.774910,0.213011,0.084317,0.358261,0.905078
4.733333,-4.337713,1.916289,0.784971,0.213867,0.084246,0.356695,0.905501
4.750000,-4.351547,1.931054,0.795064,0.214802,0.084167,0.354987,0.905958
4.766667,-4.365318,1.946151,0.805423,0.215683,0.084096,0.353402,0.906375
4.783333,-4.379089,1.961249,0.815781,0.216557,0.084021,0.351822,0.906788
4.800000,-4.392861,1.976347,0.826139,0.217425,0.083943,0.350247,0.907197
4.816667,-4.406632,1.991445,0.836498,0.218287,0.083860,0.348677,0.907602
4.833333,-4.420304,2.006595,0.846909,0.219289,0.083764,0.346863,0.908065
4.850000,-4.433936,2.022049,0.857565,0.220174,0.083681,0.345275,0.908463
4.866667,-4.447569,2.037504,0.868221,0.221054,0.083594,0.343693,0.908858
4.883333,-4.461202,2.052958,0.878877,0.221928,0.083503,0.342115,0.909248
4.900000,-4.474835,2.068413,0.889534,0.222795,0.083408,0.340542,0.909635
4.916667,-4.488307,2.083948,0.900275,0.223861,0.083294,0.338628,0.910099
4.933333,-4.501785,2.099749,0.911230,0.224752,0.083198,0.337038,0.910478
4.950000,-4.515264,2.115550,0.922184,0.225636,0.083098,0.335453,0.910854
4.966667,-4.528743,2.131352,0.933138,0.226515,0.082995,0.333872,0.911226
4.983333,-4.542221,2.147153,0.944093,0.227415,0.082885,0.332250,0.911604
5.000000,-4.555456,2.163070,0.955176,0.228521,0.082753,0.330276,0.912057
5.016667,-4.568765,2.179208,0.966429,0.229416,0.082644,0.328686,0.912417
5.033333,-4.582074,2.195346,0.977682,0.230304,0.082531,0.327100,0.912773
5.050000,-4.595383,2.211484,0.988934,0.231186,0.082415,0.325518,0.913126
5.066667,-4.608673,2.227631,1.000197,0.232254,0.082272,0.323608,0.913546
5.083333,-4.621798,2.244095,1.011749,0.233259,0.082139,0.321828,0.913931
5.100000,-4.634922,2.260559,1.023300,0.234156,0.082016,0.320237,0.914272
5.116667,-4.648047,2.277024,1.034852,0.235048,0.081891,0.318649,0.914609
5.133333,-4.661171,2.293488,1.046403,0.235934,0.081761,0.317066,0.914942
5.150000,-4.674155,2.310011,1.058028,0.237166,0.081580,0.314877,0.915396
5.166667,-4.687081,2.326790,1.069878,0.238073,0.081448,0.313280,0.915720
5.183333,-4.700006,2.343569,1.081728,0.238974,0.081312,0.311686,0.916041
5.200000,-4.712931,2.360349,1.093578,0.239869,0.081172,0.310096,0.916359
5.216667,-4.725857,2.377128,1.105428,0.240887,0.081010,0.308289,0.916716
5.233333,-4.738501,2.394017,1.117423,0.242052,0.080823,0.306233,0.917115
5.250000,-4.751213,2.411099,1.129571,0.242961,0.080677,0.304635,0.917420
5.266667,-4.763925,2.428182,1.141719,0.243865,0.080526,0.303039,0.917721
5.283333,-4.776638,2.445265,1.153867,0.244763,0.080372,0.301447,0.918020
5.300000,-4.789254,2.462382,1.166064,0.246014,0.080156,0.299242,0.918426
5.316667,-4.801740,2.479757,1.178510,0.247003,0.079985,0.297507,0.918739
5.333333,-4.814225,2.497131,1.190955,0.247914,0.079823,0.295907,0.919024
5.350000,-4.826711,2.514505,1.203400,0.248820,0.079658,0.294310,0.919307
5.366667,-4.839196,2.531880,1.215846,0.249864,0.079464,0.292470,0.919628
5.383333,-4.851410,2.549346,1.228431,0.251104,0.079232,0.290290,0.920000
5.400000,-4.863655,2.566999,1.241172,0.252021,0.079058,0.288685,0.920270
5.416667,-4.875901,2.584653,1.253914,0.252933,0.078881,0.287083,0.920536
5.433333,-4.888146,2.602306,1.266656,0.253839,0.078700,0.285483,0.920799
5.450000,-4.900282,2.619994,1.279454,0.255143,0.078433,0.283176,0.921174
5.466667,-4.912275,2.637915,1.292491,0.256154,0.078222,0.281386,0.921460
5.483333,-4.924268,2.655835,1.305528,0.257062,0.078028,0.279775,0.921714
5.500000,-4.936261,2.673756,1.318565,0.257965,0.077831,0.278166,0.921965
5.516667,-4.948254,2.691677,1.331602,0.259081,0.077578,0.276163,0.922276
5.533333,-4.959927,2.709692,1.344797,0.260285,0.077296,0.273986,0.922610
5.550000,-4.971655,2.727870,1.358123,0.261177,0.077081,0.272361,0.922857
5.566667,-4.983382,2.746048,1.371449,0.262065,0.076862,0.270739,0.923101
5.583333,-4.995110,2.764226,1.384775,0.263004,0.076623,0.269011,0.923359
5.600000,-5.006658,2.782455,1.398186,0.264320,0.076277,0.266566,0.923720
5.616667,-5.018109,2.800882,1.411793,0.265241,0.076026,0.264838,0.923974
5.633333,-5.029559,2.819309,1.425401,0.266108,0.075784,0.263202,0.924212
5.650000,-5.041010,2.837735,1.439008,0.266970,0.075538,0.261567,0.924448
5.666667,-5.052411,2.856176,1.452638,0.268171,0.075184,0.259269,0.924777
5.683333,-5.063573,2.874843,1.466519,0.269239,0.074859,0.257203,0.925069
5.700000,-5.074734,2.893510,1.480400,0.270087,0.074593,0.255552,0.925301
5.716667,-5.085895,2.912177,1.494281,0.270929,0.074324,0.253902,0.925531
5.733333,-5.097057,2.930844,1.508162,0.271978,0.073980,0.251830,0.925817
5.750000,-5.107913,2.949590,1.522176,0.273171,0.073577,0.249452,0.926142
5.766667,-5.118774,2.968488,1.536322,0.273997,0.073289,0.247784,0.926368
5.783333,-5.129634,2.987387,1.550468,0.274820,0.072997,0.246119,0.926591
5.800000,-5.140495,3.006285,1.564614,0.275734,0.072665,0.244252,0.926839
5.816667,-5.151161,3.025232,1.578842,0.276951,0.072210,0.241742,0.927170
5.833333,-5.161710,3.044353,1.593245,0.277833,0.071871,0.239906,0.927410
5.850000,-5.172258,3.063473,1.607647,0.278633,0.071556,0.238225,0.927627
5.866667,-5.182807,3.082594,1.622050,0.279429,0.071238,0.236545,0.927842
5.883333,-5.193262,3.101737,1.636490,0.280615,0.070750,0.234013,0.928164
5.900000,-5.203488,3.121071,1.651141,0.281590,0.070338,0.231909,0.928428
5.916667,-5.213714,3.140405,1.665792,0.282369,0.070000,0.230214,0.928639
5.933333,-5.223940,3.159739,1.680442,0.283143,0.069660,0.228519,0.928847
5.950000,-5.234166,3.179073,1.695093,0.284211,0.069177,0.226153,0.929136
5.966667,-5.244058,3.198611,1.709983,0.285262,0.068691,0.223802,0.929419
5.983333,-5.253951,3.218149,1.724872,0.286019,0.068331,0.222090,0.929624
6.000000,-5.263843,3.237687,1.739762,0.286771,0.067968,0.220379,0.929826
6.016667,-5.273736,3.257225,1.754652,0.287736,0.067490,0.218158,0.930086
6.033333,-5.283316,3.276829,1.769656,0.288846,0.066929,0.215579,0.930384
6.050000,-5.292865,3.296562,1.784775,0.289580,0.066546,0.213850,0.930582
6.066667,-5.302414,3.316294,1.799895,0.290310,0.066161,0.212122,0.930778
6.083333,-5.311963,3.336027,1.815014,0.291185,0.065689,0.210028,0.931013
6.100000,-5.321274,3.355808,1.830217,0.292262,0.065094,0.207423,0.931301
6.116667,-5.330469,3.375725,1.845556,0.293047,0.064648,0.205498,0.931512
6.133333,-5.339664,3.395643,1.860896,0.293753,0.064241,0.203754,0.931701
6.150000,-5.348859,3.415561,1.876236,0.294548,0.063774,0.201773,0.931913
6.166667,-5.357884,3.435511,1.891632,0.295589,0.063146,0.199143,0.932192
6.183333,-5.366716,3.455604,1.907182,0.296416,0.062636,0.197030,0.932413
6.200000,-5.375548,3.475697,1.922733,0.297098,0.062207,0.195268,0.932595
6.216667,-5.384380,3.495790,1.938283,0.297821,0.061744,0.193385,0.932787
6.233333,-5.393101,3.515903,1.953868,0.298827,0.061084,0.190730,0.933056
6.250000,-5.401561,3.536162,1.969619,0.299682,0.060511,0.188444,0.933283
6.266667,-5.410020,3.556420,1.985370,0.300340,0.060060,0.186666,0.933458
6.283333,-5.418479,3.576679,2.001121,0.301000,0.059600,0.184866,0.933633
6.300000,-5.426881,3.596947,2.016890,0.301969,0.058909,0.182185,0.933891
6.316667,-5.434959,3.617362,2.032832,0.302841,0.058273,0.179744,0.934122
6.333333,-5.443037,3.637776,2.048773,0.303473,0.057800,0.177948,0.934290
6.350000,-5.451114,3.658190,2.064715,0.304100,0.057325,0.176152,0.934456
6.366667,-5.459182,3.678606,2.080660,0.305006,0.056623,0.173521,0.934695
6.383333,-5.466869,3.699166,2.096782,0.305883,0.055928,0.170944,0.934925
6.400000,-5.474557,3.719727,2.112905,0.306489,0.055437,0.169136,0.935085
6.416667,-5.482244,3.740287,2.129027,0.307090,0.054943,0.167329,0.935242
6.433333,-5.489932,3.760847,2.145149,0.307932,0.054237,0.164765,0.935462
6.450000,-5.497228,3.781466,2.161377,0.308803,0.053490,0.162077,0.935687
6.466667,-5.504520,3.802160,2.177670,0.309381,0.052984,0.160270,0.935837
6.483333,-5.511812,3.822855,2.193962,0.309953,0.052475,0.158462,0.935983
6.500000,-5.519104,3.843550,2.210254,0.310735,0.051767,0.155964,0.936183
6.516667,-5.526042,3.864294,2.226638,0.311571,0.050994,0.153258,0.936395
6.533333,-5.532935,3.885111,2.243089,0.312139,0.050458,0.151395,0.936538
6.550000,-5.539829,3.905929,2.259540,0.312682,0.049938,0.149594,0.936674
6.566667,-5.546722,3.926747,2.275992,0.313408,0.049229,0.147159,0.936854
6.583333,-5.553293,3.947606,2.292522,0.314201,0.048440,0.144464,0.937049
6.600000,-5.559787,3.968535,2.309121,0.314761,0.047870,0.142532,0.937187
6.616667,-5.566280,3.989464,2.325721,0.315275,0.047339,0.140739,0.937312
6.633333,-5.572774,4.010392,2.342321,0.315950,0.046630,0.138358,0.937475
6.650000,-5.578971,4.031356,2.358989,0.316699,0.045825,0.135675,0.937654
6.666667,-5.585063,4.052384,2.375726,0.317245,0.045226,0.133688,0.937783
6.683333,-5.591155,4.073413,2.392463,0.317731,0.044685,0.131903,0.937898
6.700000,-5.597248,4.094441,2.409199,0.318358,0.043973,0.129567,0.938044
6.716667,-5.603065,4.115498,2.425997,0.319063,0.043155,0.126897,0.938207
6.733333,-5.608755,4.136615,2.442860,0.319592,0.042529,0.124867,0.938329
6.750000,-5.614446,4.157731,2.459723,0.320049,0.041980,0.123091,0.938432
6.766667,-5.620136,4.178848,2.476586,0.320631,0.041266,0.120795,0.938564
6.783333,-5.625569,4.199989,2.493503,0.321294,0.040435,0.118138,0.938711
6.800000,-5.630857,4.221181,2.510481,0.321800,0.039787,0.116074,0.938823
6.816667,-5.636145,4.242374,2.527460,0.322228,0.039230,0.114308,0.938916
6.833333,-5.641433,4.263567,2.544439,0.322768,0.038513,0.112046,0.939033
6.850000,-5.646479,4.284781,2.561465,0.323389,0.037672,0.109403,0.939165
6.866667,-5.651365,4.306039,2.578548,0.323870,0.037004,0.107315,0.939267
6.883333,-5.656251,4.327297,2.595631,0.324270,0.036439,0.105558,0.939350
6.900000,-5.661137,4.348555,2.612715,0.324770,0.035720,0.103327,0.939453
6.916667,-5.665792,4.369830,2.629840,0.325348,0.034869,0.100699,0.939571
6.933333,-5.670277,4.391142,2.647017,0.325802,0.034185,0.098594,0.939661
6.950000,-5.674761,4.412454,2.664194,0.326174,0.033615,0.096847,0.939735
6.966667,-5.679246,4.433766,2.681371,0.326635,0.032893,0.094642,0.939825
6.983333,-5.683510,4.455092,2.698586,0.327171,0.032034,0.092030,0.939927
7.000000,-5.687594,4.476446,2.715846,0.327597,0.031335,0.089914,0.940007
7.016667,-5.691678,4.497801,2.733106,0.327941,0.030760,0.088177,0.940071
7.033333,-5.695763,4.519156,2.750366,0.328364,0.030036,0.085998,0.940148
7.050000,-5.699635,4.540521,2.767659,0.328859,0.029170,0.083401,0.940237
7.066667,-5.703320,4.561908,2.784991,0.329255,0.028461,0.081279,0.940306
7.083333,-5.707006,4.583294,2.802323,0.329571,0.027881,0.079553,0.940360
7.100000,-5.710691,4.604680,2.819655,0.329958,0.027156,0.077399,0.940425
7.116667,-5.714172,4.626076,2.837018,0.330412,0.026284,0.074817,0.940499
7.133333,-5.717461,4.647483,2.854411,0.330778,0.025565,0.072693,0.940557
7.150000,-5.720749,4.668890,2.871804,0.331067,0.024982,0.070977,0.940602
7.166667,-5.724038,4.690297,2.889198,0.331419,0.024257,0.068847,0.940656
7.183333,-5.727129,4.711710,2.906618,0.331832,0.023380,0.066281,0.940716
7.200000,-5.730023,4.733131,2.924065,0.332167,0.022653,0.064158,0.940764
7.216667,-5.732917,4.754551,2.941512,0.332429,0.022067,0.062453,0.940799
7.233333,-5.735811,4.775971,2.958959,0.332745,0.021344,0.060350,0.940842
7.250000,-5.738515,4.797397,2.976429,0.333118,0.020466,0.057805,0.940889
7.266667,-5.741019,4.818827,2.993925,0.333420,0.019733,0.055689,0.940925
7.283333,-5.743522,4.840257,3.011420,0.333655,0.019148,0.054000,0.940953
7.300000,-5.746025,4.861687,3.028916,0.333935,0.018429,0.051931,0.940984
7.316667,-5.748346,4.883120,3.046432,0.334264,0.017554,0.049419,0.941019
7.333333,-5.750464,4.904556,3.063970,0.334532,0.016822,0.047320,0.941045
7.350000,-5.752582,4.925992,3.081509,0.334737,0.016241,0.045658,0.941065
7.366667,-5.754701,4.947429,3.099048,0.334979,0.015531,0.043632,0.941086
7.383333,-5.756645,4.968866,3.116604,0.335265,0.014664,0.041163,0.941110
7.400000,-5.758386,4.990306,3.134180,0.335496,0.013936,0.039092,0.941127
7.416667,-5.760127,5.011745,3.151756,0.335672,0.013362,0.037462,0.941139
7.433333,-5.761868,5.033185,3.169332,0.335877,0.012664,0.035486,0.941152
7.450000,-5.763443,5.054625,3.186922,0.336119,0.011809,0.033066,0.941165
7.466667,-5.764815,5.076065,3.204531,0.336315,0.011087,0.031027,0.941173
7.483333,-5.766187,5.097505,3.222139,0.336462,0.010521,0.029430,0.941178
7.500000,-5.767559,5.118945,3.239747,0.336632,0.009837,0.027504,0.941183
7.516667,-5.768773,5.140384,3.257367,0.336831,0.008995,0.025134,0.941186
7.533333,-5.769784,5.161822,3.275001,0.336993,0.008281,0.023128,0.941187
7.550000,-5.770795,5.183261,3.292636,0.337112,0.007724,0.021566,0.941186
7.566667,-5.771807,5.204699,3.310271,0.337248,0.007055,0.019690,0.941183
7.583333,-5.772667,5.226135,3.327915,0.337407,0.006228,0.017372,0.941178
7.600000,-5.773326,5.247570,3.345571,0.337535,0.005523,0.015400,0.941171
7.616667,-5.773985,5.269004,3.363228,0.337628,0.004976,0.013872,0.941164
7.633333,-5.774644,5.290438,3.380884,0.337732,0.004323,0.012047,0.941155
7.650000,-5.775160,5.311870,3.398547,0.337852,0.003511,0.009781,0.941142
7.666667,-5.775474,5.333298,3.416220,0.337947,0.002817,0.007846,0.941128
7.683333,-5.775789,5.354726,3.433893,0.338015,0.002282,0.006353,0.941117
7.700000,-5.776104,5.376154,3.451566,0.338088,0.001645,0.004579,0.941102
7.716667,-5.776283,5.397579,3.469244,0.338171,0.000850,0.002366,0.941081
7.733333,-5.776262,5.419000,3.486930,0.338235,0.000168,0.000467,0.941061
7.750000,-5.776240,5.440421,3.504615,0.338279,-0.000356,-0.000991,0.941045
7.766667,-5.776219,5.461841,3.522300,0.338324,-0.000976,-0.002714,0.941025
7.783333,-5.776070,5.483258,3.539988,0.338371,-0.001752,-0.004873,0.940999
7.800000,-5.775721,5.504670,3.557681,0.338405,-0.002422,-0.006735,0.940973
7.816667,-5.775372,5.526081,3.575373,0.338425,-0.002934,-0.008157,0.940953
7.833333,-5.775023,5.547492,3.593066,0.338443,-0.003535,-0.009828,0.940929
7.850000,-5.774554,5.568900,3.610760,0.338456,-0.004293,-0.011934,0.940897
7.866667,-5.773886,5.590301,3.628456,0.338461,-0.004949,-0.013758,0.940867
7.883333,-5.773218,5.611702,3.646152,0.338459,-0.005448,-0.015144,0.940843
7.900000,-5.772549,5.633104,3.663848,0.338452,-0.006031,-0.016764,0.940815
7.916667,-5.771768,5.654501,3.681544,0.338433,-0.006769,-0.018815,0.940778
7.933333,-5.770789,5.675890,3.699239,0.338410,-0.007411,-0.020601,0.940744
7.950000,-5.769809,5.697280,3.716934,0.338387,-0.007896,-0.021951,0.940718
7.966667,-5.768830,5.718670,3.734629,0.338355,-0.008460,-0.023520,0.940686
7.983333,-5.767744,5.740056,3.752323,0.338306,-0.009177,-0.025517,0.940645
8.000000,-5.766462,5.761434,3.770013,0.338257,-0.009805,-0.027264,0.940608
8.016667,-5.765180,5.782811,3.787704,0.338214,-0.010276,-0.028577,0.940579
8.033333,-5.763899,5.804189,3.805394,0.338159,-0.010821,-0.030097,0.940545
8.050000,-5.762516,5.825563,3.823082,0.338081,-0.011517,-0.032040,0.940501
8.066667,-5.760940,5.846928,3.840764,0.338006,-0.012129,-0.033747,0.940461
8.083333,-5.759363,5.868293,3.858446,0.337944,-0.012586,-0.035024,0.940430
8.100000,-5.757787,5.889658,3.876128,0.337868,-0.013112,-0.036495,0.940394
8.116667,-5.756116,5.911019,3.893806,0.337763,-0.013787,-0.038383,0.940347
8.133333,-5.754253,5.932371,3.911475,0.337664,-0.014383,-0.040052,0.940304
8.150000,-5.752390,5.953723,3.929145,0.337584,-0.014825,-0.041293,0.940272
8.166667,-5.750527,5.975075,3.946815,0.337489,-0.015332,-0.042716,0.940235
8.183333,-5.748576,5.996423,3.964480,0.337359,-0.015986,-0.044552,0.940185
8.200000,-5.746434,6.017761,3.982135,0.337237,-0.016565,-0.046181,0.940140
8.216667,-5.744292,6.039100,3.999789,0.337142,-0.016994,-0.047387,0.940107
8.233333,-5.742151,6.060439,4.017443,0.337030,-0.017483,-0.048764,0.940068
8.250000,-5.739926,6.081773,4.035092,0.336876,-0.018115,-0.050548,0.940017
8.266667,-5.737513,6.103098,4.052729,0.336735,-0.018678,-0.052138,0.939969
8.283333,-5.735100,6.124423,4.070365,0.336625,-0.019092,-0.053310,0.939935
8.300000,-5.732687,6.145748,4.088001,0.336496,-0.019562,-0.054642,0.939895
8.316667,-5.730197,6.167068,4.105631,0.336322,-0.020173,-0.056374,0.939842
8.333333,-5.727520,6.188379,4.123246,0.336161,-0.020719,-0.057924,0.939793
8.350000,-5.724844,6.209690,4.140861,0.336037,-0.021119,-0.059061,0.939758
8.366667,-5.722168,6.231001,4.158476,0.335894,-0.021571,-0.060348,0.939717
8.383333,-5.719418,6.252308,4.176084,0.335699,-0.022160,-0.062028,0.939663
8.400000,-5.716486,6.273605,4.193675,0.335520,-0.022688,-0.063538,0.939614
8.416667,-5.713554,6.294902,4.211267,0.335384,-0.023074,-0.064641,0.939578
8.433333,-5.710621,6.316198,4.228858,0.335227,-0.023507,-0.065882,0.939537
8.450000,-5.707621,6.337491,4.246442,0.335014,-0.024074,-0.067511,0.939483
8.466667,-5.704440,6.358774,4.264007,0.334817,-0.024584,-0.068979,0.939433
8.483333,-5.701259,6.380057,4.281571,0.334669,-0.024955,-0.070047,0.939397
8.500000,-5.698079,6.401340,4.299136,0.334499,-0.025370,-0.071244,0.939357
8.516667,-5.694834,6.422620,4.316694,0.334269,-0.025914,-0.072820,0.939303
8.533333,-5.691413,6.443889,4.334230,0.334056,-0.026406,-0.074246,0.939253
8.550000,-5.687991,6.465158,4.351766,0.333896,-0.026762,-0.075279,0.939218
8.566667,-5.684570,6.486428,4.369302,0.333715,-0.027158,-0.076432,0.939178
8.583333,-5.681089,6.507694,4.386830,0.333468,-0.027681,-0.077955,0.939125
8.600000,-5.677435,6.528950,4.404335,0.333240,-0.028154,-0.079339,0.939076
8.616667,-5.673780,6.550206,4.421840,0.333070,-0.028495,-0.080337,0.939041
8.633333,-5.670126,6.571462,4.439345,0.332878,-0.028873,-0.081446,0.939002
8.650000,-5.666416,6.592715,4.456842,0.332617,-0.029373,-0.082918,0.938951
8.666667,-5.662536,6.613959,4.474314,0.332374,-0.029828,-0.084259,0.938903
8.683333,-5.658655,6.635202,4.491785,0.332195,-0.030154,-0.085222,0.938869
8.700000,-5.654775,6.656446,4.509257,0.331993,-0.030513,-0.086287,0.938831
8.716667,-5.650844,6.677686,4.526721,0.331717,-0.030991,-0.087706,0.938782
8.733333,-5.646746,6.698918,4.544157,0.331461,-0.031427,-0.089004,0.938735
8.750000,-5.642647,6.720150,4.561593,0.331272,-0.031738,-0.089933,0.938703
8.766667,-5.638549,6.741381,4.579030,0.331062,-0.032079,-0.090955,0.938667
8.783333,-5.634404,6.762610,4.596458,0.330773,-0.032535,-0.092322,0.938620
8.800000,-5.630095,6.783831,4.613857,0.330504,-0.032952,-0.093577,0.938576
8.816667,-5.625786,6.805051,4.631256,0.330308,-0.033248,-0.094471,0.938545
8.833333,-5.621477,6.826272,4.648655,0.330089,-0.033571,-0.095450,0.938511
8.850000,-5.617125,6.847490,4.666046,0.329788,-0.034004,-0.096765,0.938467
8.866667,-5.612613,6.868700,4.683406,0.329508,-0.034402,-0.097976,0.938425
8.883333,-5.608101,6.889911,4.700766,0.329303,-0.034683,-0.098835,0.938397
8.900000,-5.603589,6.911121,4.718126,0.329077,-0.034990,-0.099773,0.938365
8.916667,-5.599037,6.932330,4.735477,0.328765,-0.035400,-0.101036,0.938324
8.933333,-5.594330,6.953531,4.752797,0.328474,-0.035779,-0.102204,0.938285
8.950000,-5.589622,6.974732,4.770116,0.328262,-0.036046,-0.103028,0.938259
8.966667,-5.584915,6.995933,4.787435,0.328030,-0.036335,-0.103925,0.938230
8.983333,-5.580170,7.017133,4.804745,0.327707,-0.036724,-0.105136,0.938193
9.000000,-5.575275,7.038327,4.822022,0.327405,-0.037084,-0.106262,0.938157
9.016667,-5.570379,7.059520,4.839298,0.327187,-0.037336,-0.107053,0.938133
9.033333,-5.565483,7.080713,4.856575,0.326949,-0.037608,-0.107909,0.938108
9.050000,-5.560554,7.101906,4.873843,0.326617,-0.037977,-0.109072,0.938074
9.066667,-5.555477,7.123092,4.891075,0.326305,-0.038319,-0.110156,0.938042
9.083333,-5.550400,7.144279,4.908308,0.326081,-0.038557,-0.110916,0.938020
9.100000,-5.545323,7.165466,4.925540,0.325837,-0.038814,-0.111735,0.937997
9.116667,-5.540215,7.186652,4.942764,0.325497,-0.039162,-0.112852,0.937967
9.133333,-5.534963,7.207833,4.959951,0.325175,-0.039487,-0.113897,0.937939
9.150000,-5.529711,7.229014,4.977137,0.324945,-0.039713,-0.114627,0.937920
9.166667,-5.524459,7.250195,4.994324,0.324696,-0.039954,-0.115410,0.937900
9.183333,-5.519179,7.271376,5.011502,0.324348,-0.040283,-0.116483,0.937874
9.200000,-5.513759,7.292553,5.028642,0.324018,-0.040591,-0.117489,0.937849
9.216667,-5.508339,7.313730,5.045781,0.323783,-0.040804,-0.118189,0.937833
9.233333,-5.502918,7.334907,5.062920,0.323529,-0.041031,-0.118937,0.937816
9.250000,-5.497473,7.356084,5.080052,0.323172,-0.041341,-0.119965,0.937795
9.266667,-5.491890,7.377258,5.097143,0.322835,-0.041632,-0.120933,0.937774
9.283333,-5.486308,7.398432,5.114234,0.322594,-0.041832,-0.121603,0.937761
9.300000,-5.480725,7.419606,5.131324,0.322337,-0.042045,-0.122317,0.937747
9.316667,-5.475119,7.440780,5.148408,0.321973,-0.042336,-0.123301,0.937730
9.333333,-5.469381,7.461953,5.165449,0.321628,-0.042610,-0.124229,0.937714
9.350000,-5.463643,7.483126,5.182490,0.321383,-0.042797,-0.124870,0.937704
9.366667,-5.457904,7.504298,5.199531,0.321122,-0.042996,-0.125550,0.937694
9.383333,-5.452145,7.525471,5.216564,0.320752,-0.043268,-0.126489,0.937681
9.400000,-5.446257,7.546644,5.233554,0.320400,-0.043525,-0.127379,0.937670
9.416667,-5.440369,7.567816,5.250544,0.320151,-0.043700,-0.127990,0.937663
9.433333,-5.434481,7.588989,5.267534,0.319887,-0.043885,-0.128636,0.937656
9.450000,-5.428574,7.610162,5.284517,0.319511,-0.044139,-0.129531,0.937649
9.466667,-5.422543,7.631336,5.301454,0.319152,-0.044379,-0.130382,0.937642
9.483333,-5.416512,7.652511,5.318392,0.318900,-0.044542,-0.130964,0.937639
9.500000,-5.410481,7.673685,5.335329,0.318633,-0.044713,-0.131576,0.937636
9.516667,-5.404433,7.694860,5.352260,0.318252,-0.044948,-0.132427,0.937635
9.533333,-5.398265,7.716037,5.369144,0.317887,-0.045172,-0.133239,0.937633
9.550000,-5.392097,7.737215,5.386028,0.317631,-0.045323,-0.133791,0.937633
9.566667,-5.385928,7.758393,5.402912,0.317361,-0.045480,-0.134370,0.937634
9.583333,-5.379745,7.779571,5.419790,0.316976,-0.045698,-0.135178,0.937638
9.600000,-5.373446,7.800753,5.436619,0.316605,-0.045905,-0.135950,0.937642
9.616667,-5.367148,7.821936,5.453448,0.316346,-0.046044,-0.136474,0.937646
9.633333,-5.360849,7.843118,5.470278,0.316075,-0.046188,-0.137020,0.937651
9.650000,-5.354537,7.864301,5.487101,0.315684,-0.046388,-0.137784,0.937660
9.666667,-5.348113,7.885491,5.503875,0.315308,-0.046579,-0.138517,0.937670
9.683333,-5.341690,7.906680,5.520649,0.315047,-0.046706,-0.139011,0.937678
9.700000,-5.335266,7.927869,5.537423,0.314774,-0.046838,-0.139525,0.937687
9.716667,-5.328832,7.949059,5.554191,0.314379,-0.047020,-0.140246,0.937702
9.733333,-5.322290,7.970257,5.570908,0.313998,-0.047194,-0.140939,0.937717
9.750000,-5.315748,7.991455,5.587626,0.313734,-0.047310,-0.141405,0.937730
9.766667,-5.309206,8.012653,5.604343,0.313460,-0.047429,-0.141887,0.937743
9.783333,-5.302655,8.033851,5.621055,0.313062,-0.047594,-0.142565,0.937765
9.800000,-5.296001,8.055059,5.637715,0.312676,-0.047752,-0.143219,0.937786
9.816667,-5.289347,8.076267,5.654374,0.312410,-0.047856,-0.143656,0.937802
9.833333,-5.282693,8.097476,5.671034,0.312134,-0.047963,-0.144107,0.937819
9.850000,-5.276031,8.118685,5.687689,0.311733,-0.048111,-0.144741,0.937847
9.866667,-5.269271,8.139905,5.704290,0.311343,-0.048253,-0.145356,0.937875
9.883333,-5.262511,8.161126,5.720892,0.311075,-0.048346,-0.145765,0.937895
9.900000,-5.255751,8.182346,5.737493,0.310798,-0.048441,-0.146184,0.937917
9.916667,-5.248984,8.203568,5.754090,0.310393,-0.048573,-0.146778,0.937951
9.933333,-5.242125,8.224803,5.770632,0.309999,-0.048700,-0.147354,0.937985
9.950000,-5.235265,8.246037,5.787173,0.309728,-0.048782,-0.147736,0.938010
9.966667,-5.228405,8.267272,5.803715,0.309450,-0.048866,-0.148126,0.938036
9.983333,-5.221540,8.288508,5.820254,0.309042,-0.048982,-0.148680,0.938077
10.000000,-5.214586,8.309759,5.836735,0.308643,-0.049094,-0.149220,0.938117
10.016667,-5.207632,8.331010,5.853216,0.308370,-0.049166,-0.149576,0.938146
10.033333,-5.200678,8.352261,5.869698,0.308091,-0.049239,-0.149939,0.938176
10.050000,-5.193719,8.373513,5.886176,0.307679,-0.049340,-0.150454,0.938223
10.066667,-5.186676,8.394782,5.902596,0.307275,-0.049438,-0.150958,0.938269
10.083333,-5.179633,8.416052,5.919016,0.306999,-0.049500,-0.151290,0.938303
10.100000,-5.172590,8.437321,5.935436,0.306718,-0.049563,-0.151626,0.938337
10.116667,-5.165544,8.458591,5.951854,0.306303,-0.049649,-0.152104,0.938391
10.133333,-5.158417,8.479881,5.968212,0.305894,-0.049732,-0.152573,0.938444
10.150000,-5.151291,8.501170,5.984569,0.305616,-0.049785,-0.152879,0.938482
10.166667,-5.144164,8.522460,6.000927,0.305334,-0.049838,-0.153188,0.938520
10.183333,-5.137035,8.543750,6.017283,0.304915,-0.049909,-0.153629,0.938581
10.200000,-5.129831,8.565062,6.033577,0.304502,-0.049979,-0.154063,0.938640
10.216667,-5.122626,8.586374,6.049871,0.304221,-0.050022,-0.154344,0.938683
10.233333,-5.115421,8.607685,6.066166,0.303938,-0.050065,-0.154628,0.938725
10.250000,-5.108215,8.628998,6.082458,0.303516,-0.050122,-0.155032,0.938792
10.266667,-5.100937,8.650334,6.098688,0.303098,-0.050179,-0.155430,0.938858
10.283333,-5.093660,8.671670,6.114919,0.302816,-0.050212,-0.155687,0.938905
10.300000,-5.086383,8.693006,6.131149,0.302532,-0.050245,-0.155944,0.938952
10.316667,-5.079104,8.714343,6.147378,0.302106,-0.050289,-0.156311,0.939026
10.333333,-5.071759,8.735705,6.163542,0.301684,-0.050331,-0.156674,0.939099
10.350000,-5.064415,8.757068,6.179707,0.301400,-0.050356,-0.156906,0.939150
10.366667,-5.057070,8.778430,6.195872,0.301115,-0.050380,-0.157138,0.939201
10.383333,-5.049724,8.799793,6.212036,0.300686,-0.050409,-0.157468,0.939282
10.400000,-5.042317,8.821184,6.228135,0.300260,-0.050438,-0.157796,0.939362
10.416667,-5.034911,8.842575,6.244234,0.299973,-0.050453,-0.158003,0.939418
10.433333,-5.027504,8.863966,6.260333,0.299687,-0.050468,-0.158211,0.939473
10.450000,-5.020097,8.885357,6.276431,0.299256,-0.050485,-0.158504,0.939560
10.466667,-5.012633,8.906778,6.292463,0.298826,-0.050500,-0.158796,0.939647
10.483333,-5.005170,8.928200,6.308495,0.298538,-0.050506,-0.158979,0.939707
10.500000,-4.997706,8.949622,6.324526,0.298249,-0.050513,-0.159163,0.939768
10.516667,-4.990242,8.971043,6.340558,0.297817,-0.050515,-0.159418,0.939861
10.533333,-4.982728,8.992497,6.356522,0.297383,-0.050518,-0.159675,0.939955
10.550000,-4.975213,9.013951,6.372486,0.297092,-0.050515,-0.159834,0.940020
10.566667,-4.967698,9.035406,6.388450,0.296802,-0.050513,-0.159993,0.940085
10.583333,-4.960183,9.056860,6.404414,0.296369,-0.050503,-0.160213,0.940185
10.600000,-4.952622,9.078349,6.420310,0.295931,-0.050492,-0.160433,0.940285
10.616667,-4.945061,9.099838,6.436205,0.295638,-0.050481,-0.160569,0.940355
10.633333,-4.937500,9.121327,6.452100,0.295346,-0.050470,-0.160704,0.940424
10.650000,-4.929939,9.142816,6.467995,0.294911,-0.050447,-0.160887,0.940531
10.666667,-4.922338,9.164342,6.483822,0.294471,-0.050424,-0.161071,0.940638
10.683333,-4.914737,9.185868,6.499647,0.294175,-0.050404,-0.161184,0.940713
10.700000,-4.907135,9.207394,6.515472,0.293881,-0.050385,-0.161295,0.940787
10.716667,-4.899533,9.228920,6.531297,0.293445,-0.050350,-0.161442,0.940899
10.733333,-4.891897,9.250485,6.547054,0.293002,-0.050314,-0.161590,0.941014
10.750000,-4.884260,9.272050,6.562809,0.292703,-0.050286,-0.161679,0.941093
10.766667,-4.876623,9.293615,6.578564,0.292407,-0.050258,-0.161766,0.941172
10.783333,-4.868986,9.315181,6.594319,0.291970,-0.050212,-0.161882,0.941290
10.800000,-4.861320,9.336786,6.610005,0.291525,-0.050166,-0.161998,0.941410
10.816667,-4.853652,9.358393,6.625688,0.291223,-0.050131,-0.162067,0.941494
10.833333,-4.845985,9.379999,6.641372,0.290926,-0.050096,-0.162134,0.941576
10.850000,-4.838318,9.401606,6.657055,0.290488,-0.050043,-0.162228,0.941698
10.866667,-4.830626,9.423254,6.672670,0.290042,-0.049989,-0.162323,0.941821
10.883333,-4.822932,9.444903,6.688281,0.289739,-0.049950,-0.162383,0.941907
10.900000,-4.815239,9.466553,6.703892,0.289441,-0.049912,-0.162441,0.941990
10.916667,-4.807545,9.488202,6.719504,0.289005,-0.049857,-0.162525,0.942112
10.933333,-4.799827,9.509892,6.735047,0.288559,-0.049800,-0.162611,0.942237
10.950000,-4.792108,9.531584,6.750586,0.288255,-0.049760,-0.162670,0.942322
10.966667,-4.784388,9.553276,6.766126,0.287958,-0.049722,-0.162727,0.942405
10.983333,-4.776669,9.574968,6.781665,0.287524,-0.049666,-0.162810,0.942526
11.000000,-4.768925,9.596700,6.797137,0.287079,-0.049609,-0.162896,0.942650
11.016667,-4.761180,9.618434,6.812604,0.286774,-0.049570,-0.162954,0.942735
11.033333,-4.753435,9.640168,6.828071,0.286478,-0.049531,-0.163011,0.942817
11.050000,-4.745690,9.661903,6.843539,0.286046,-0.049476,-0.163094,0.942937
11.066667,-4.737921,9.683676,6.858939,0.285602,-0.049418,-0.163180,0.943060
11.083333,-4.730150,9.705452,6.874334,0.285297,-0.049379,-0.163239,0.943144
11.100000,-4.722379,9.727228,6.889730,0.285001,-0.049341,-0.163296,0.943225
11.116667,-4.714608,9.749004,6.905125,0.284572,-0.049285,-0.163379,0.943344
11.133333,-4.706813,9.770818,6.920454,0.284129,-0.049228,-0.163465,0.943465
11.150000,-4.699017,9.792636,6.935778,0.283823,-0.049188,-0.163524,0.943549
11.166667,-4.691220,9.814454,6.951101,0.283528,-0.049150,-0.163581,0.943630
11.183333,-4.683423,9.836271,6.966424,0.283100,-0.049095,-0.163664,0.943747
11.200000,-4.675603,9.858127,6.981683,0.282658,-0.049038,-0.163749,0.943867
11.216667,-4.667781,9.879985,6.996934,0.282352,-0.048998,-0.163809,0.943951
11.233333,-4.659959,9.901844,7.012186,0.282057,-0.048960,-0.163866,0.944031
11.250000,-4.652137,9.923703,7.027437,0.281632,-0.048905,-0.163949,0.944146
11.266667,-4.644291,9.945599,7.042624,0.281191,-0.048848,-0.164034,0.944266
11.283333,-4.636443,9.967498,7.057803,0.280884,-0.048808,-0.164094,0.944349
11.300000,-4.628595,9.989398,7.072983,0.280590,-0.048770,-0.164151,0.944428
11.316667,-4.620747,10.011297,7.088163,0.280167,-0.048715,-0.164234,0.944542
11.333333,-4.612877,10.033233,7.103278,0.279727,-0.048657,-0.164320,0.944661
11.350000,-4.605003,10.055173,7.118386,0.279420,-0.048617,-0.164380,0.944743
11.366667,-4.597130,10.077113,7.133494,0.279127,-0.048579,-0.164437,0.944822
11.383333,-4.589256,10.099053,7.148602,0.278706,-0.048525,-0.164520,0.944935
11.400000,-4.581360,10.121029,7.163647,0.278267,-0.048467,-0.164606,0.945052
11.416667,-4.573461,10.143009,7.178683,0.277959,-0.048427,-0.164666,0.945134
11.433333,-4.565562,10.164989,7.193719,0.277666,-0.048389,-0.164723,0.945212
11.450000,-4.557663,10.186969,7.208755,0.277248,-0.048335,-0.164805,0.945324
11.466667,-4.549742,10.208984,7.223728,0.276809,-0.048278,-0.164891,0.945440
11.483333,-4.541818,10.231004,7.238693,0.276501,-0.048237,-0.164952,0.945522
11.500000,-4.533893,10.253024,7.253657,0.276209,-0.048199,-0.165010,0.945599
11.516667,-4.525969,10.275044,7.268622,0.275792,-0.048145,-0.165092,0.945709
11.533333,-4.518022,10.297097,7.283524,0.275355,-0.048088,-0.165178,0.945824
11.550000,-4.510073,10.319157,7.298417,0.275046,-0.048047,-0.165239,0.945906
11.566667,-4.502123,10.341216,7.313310,0.274755,-0.048009,-0.165296,0.945982
11.583333,-4.494173,10.363275,7.328202,0.274341,-0.047955,-0.165378,0.946091
11.600000,-4.486201,10.385368,7.343034,0.273904,-0.047898,-0.165464,0.946205
11.616667,-4.478226,10.407466,7.357855,0.273595,-0.047858,-0.165525,0.946286
11.633333,-4.470251,10.429564,7.372676,0.273304,-0.047819,-0.165583,0.946362
11.650000,-4.462276,10.451663,7.387497,0.272892,-0.047766,-0.165665,0.946469
11.666667,-4.454279,10.473794,7.402258,0.272457,-0.047708,-0.165751,0.946582
11.683333,-4.446278,10.495931,7.417007,0.272146,-0.047668,-0.165813,0.946663
11.700000,-4.438278,10.518068,7.431757,0.271857,-0.047630,-0.165870,0.946738
11.716667,-4.430277,10.540204,7.446507,0.271447,-0.047576,-0.165952,0.946844
11.733333,-4.422255,10.562374,7.461196,0.271012,-0.047519,-0.166038,0.946956
11.750000,-4.414229,10.584549,7.475874,0.270702,-0.047478,-0.166100,0.947036
11.766667,-4.406204,10.606724,7.490553,0.270413,-0.047440,-0.166157,0.947110
11.783333,-4.398178,10.628899,7.505231,0.270005,-0.047386,-0.166239,0.947215
11.800000,-4.390131,10.651106,7.519850,0.269572,-0.047329,-0.166325,0.947326
11.816667,-4.382080,10.673320,7.534456,0.269261,-0.047288,-0.166387,0.947406
11.833333,-4.374029,10.695533,7.549063,0.268972,-0.047250,-0.166444,0.947480
11.850000,-4.365978,10.717746,7.563670,0.268567,-0.047197,-0.166525,0.947583
11.866667,-4.357906,10.739990,7.578218,0.268135,-0.047140,-0.166611,0.947693
11.883333,-4.349830,10.762241,7.592753,0.267823,-0.047099,-0.166673,0.947772
11.900000,-4.341754,10.784492,7.607289,0.267536,-0.047061,-0.166730,0.947845
11.916667,-4.333678,10.806743,7.621824,0.267133,-0.047007,-0.166811,0.947948
11.933333,-4.325581,10.829024,7.636302,0.266702,-0.046950,-0.166896,0.948057
11.950000,-4.317480,10.851312,7.650766,0.266390,-0.046909,-0.166958,0.948135
11.966667,-4.309379,10.873601,7.665230,0.266104,-0.046871,-0.167016,0.948208
11.983333,-4.301278,10.895889,7.679694,0.265703,-0.046818,-0.167095,0.948309
12.000000,-4.293157,10.918207,7.694101,0.265274,-0.046761,-0.167181,0.948417
12.016667,-4.285031,10.940532,7.708494,0.264961,-0.046719,-0.167243,0.948495
12.033333,-4.276905,10.962857,7.722887,0.264676,-0.046681,-0.167300,0.948566
12.050000,-4.268779,10.985182,7.737281,0.264277,-0.046628,-0.167380,0.948666
12.066667,-4.260633,11.007536,7.751617,0.263849,-0.046571,-0.167465,0.948773
12.083333,-4.252482,11.029898,7.765939,0.263537,-0.046530,-0.167527,0.948851
12.100000,-4.244331,11.052260,7.780261,0.263252,-0.046491,-0.167584,0.948922
12.116667,-4.236180,11.074622,7.794583,0.262855,-0.046439,-0.167663,0.949020
12.133333,-4.228010,11.097012,7.808849,0.262429,-0.046382,-0.167748,0.949126
12.150000,-4.219835,11.119410,7.823101,0.262116,-0.046340,-0.167811,0.949204
12.166667,-4.211659,11.141808,7.837352,0.261832,-0.046302,-0.167867,0.949274
12.183333,-4.203484,11.164206,7.851603,0.261438,-0.046249,-0.167946,0.949371
12.200000,-4.195289,11.186632,7.865799,0.261012,-0.046192,-0.168031,0.949476
12.216667,-4.187089,11.209066,7.879979,0.260699,-0.046150,-0.168093,0.949553
12.233333,-4.178889,11.231500,7.894160,0.260416,-0.046112,-0.168150,0.949623
12.250000,-4.170689,11.253934,7.908340,0.260024,-0.046059,-0.168228,0.949719
12.266667,-4.162469,11.276395,7.922466,0.259600,-0.046002,-0.168312,0.949822
12.283333,-4.154245,11.298864,7.936575,0.259287,-0.045960,-0.168375,0.949899
12.300000,-4.146020,11.321334,7.950685,0.259004,-0.045922,-0.168431,0.949968
12.316667,-4.137796,11.343803,7.964795,0.258615,-0.045870,-0.168509,0.950063
12.333333,-4.129552,11.366300,7.978850,0.258191,-0.045812,-0.168594,0.950166
12.350000,-4.121303,11.388805,7.992890,0.257878,-0.045770,-0.168656,0.950242
12.366667,-4.113054,11.411309,8.006929,0.257596,-0.045732,-0.168712,0.950310
12.383333,-4.104805,11.433814,8.020968,0.257209,-0.045680,-0.168790,0.950403
12.400000,-4.096538,11.456345,8.034954,0.256787,-0.045623,-0.168874,0.950505
12.416667,-4.088265,11.478885,8.048922,0.256473,-0.045580,-0.168937,0.950581
12.433333,-4.079991,11.501424,8.062891,0.256193,-0.045542,-0.168993,0.950649
12.450000,-4.071718,11.523964,8.076859,0.255808,-0.045490,-0.169070,0.950741
12.466667,-4.063427,11.546530,8.090775,0.255387,-0.045433,-0.169154,0.950842
12.483333,-4.055129,11.569104,8.104673,0.255073,-0.045390,-0.169217,0.950917
12.500000,-4.046832,11.591678,8.118572,0.254793,-0.045352,-0.169273,0.950984
12.516667,-4.038534,11.614252,8.132470,0.254411,-0.045300,-0.169349,0.951075
12.533333,-4.030219,11.636852,8.146316,0.253991,-0.045243,-0.169433,0.951175
12.550000,-4.021897,11.659460,8.160144,0.253677,-0.045201,-0.169496,0.951250
12.566667,-4.013575,11.682069,8.173972,0.253397,-0.045163,-0.169552,0.951316
12.583333,-4.005254,11.704677,8.187800,0.253017,-0.045111,-0.169628,0.951406
12.600000,-3.996914,11.727311,8.201577,0.252599,-0.045054,-0.169711,0.951505
12.616667,-3.988569,11.749953,8.215334,0.252284,-0.045011,-0.169774,0.951579
12.633333,-3.980223,11.772595,8.229092,0.252006,-0.044973,-0.169830,0.951645
12.650000,-3.971878,11.795238,8.242850,0.251628,-0.044921,-0.169906,0.951734
12.666667,-3.963515,11.817905,8.256557,0.251211,-0.044864,-0.169989,0.951832
12.683333,-3.955145,11.840581,8.270245,0.250896,-0.044821,-0.170052,0.951906
12.700000,-3.946775,11.863256,8.283933,0.250618,-0.044783,-0.170108,0.951971
12.716667,-3.938406,11.885932,8.297620,0.250243,-0.044732,-0.170183,0.952058
12.733333,-3.930019,11.908632,8.311258,0.249827,-0.044675,-0.170267,0.952155
12.750000,-3.921626,11.931342,8.324876,0.249512,-0.044631,-0.170330,0.952229
12.766667,-3.913232,11.954051,8.338494,0.249235,-0.044593,-0.170385,0.952293
12.783333,-3.904839,11.976760,8.352111,0.248862,-0.044542,-0.170460,0.952380
12.800000,-3.896429,11.999493,8.365680,0.248448,-0.044485,-0.170544,0.952476
12.816667,-3.888011,12.022235,8.379228,0.248132,-0.044442,-0.170607,0.952548
12.833333,-3.879594,12.044977,8.392776,0.247857,-0.044404,-0.170662,0.952612
12.850000,-3.871177,12.067719,8.406324,0.247486,-0.044353,-0.170737,0.952697
12.866667,-3.862743,12.090484,8.419823,0.247072,-0.044296,-0.170820,0.952792
12.883333,-3.854302,12.113259,8.433302,0.246757,-0.044253,-0.170884,0.952865
12.900000,-3.845862,12.136034,8.446780,0.246482,-0.044215,-0.170939,0.952928
12.916667,-3.837421,12.158808,8.460258,0.246113,-0.044164,-0.171014,0.953012
12.933333,-3.828964,12.181606,8.473689,0.245702,-0.044107,-0.171097,0.953106
12.950000,-3.820499,12.204413,8.487097,0.245386,-0.044063,-0.171160,0.953178
12.966667,-3.812035,12.227220,8.500506,0.245112,-0.044026,-0.171216,0.953240
12.983333,-3.803570,12.250027,8.513915,0.244746,-0.043975,-0.171290,0.953323
13.000000,-3.795090,12.272856,8.527277,0.244335,-0.043918,-0.171372,0.953417
13.016667,-3.786602,12.295695,8.540616,0.244019,-0.043874,-0.171436,0.953488
13.033333,-3.778114,12.318534,8.553955,0.243746,-0.043837,-0.171491,0.953550
13.050000,-3.769626,12.341372,8.567295,0.243382,-0.043786,-0.171565,0.953632
13.066667,-3.761122,12.364233,8.580588,0.242973,-0.043729,-0.171648,0.953724
13.083333,-3.752611,12.387103,8.593858,0.242657,-0.043686,-0.171712,0.953795
13.100000,-3.744099,12.409974,8.607128,0.242385,-0.043648,-0.171767,0.953856
13.116667,-3.735588,12.432845,8.620398,0.242023,-0.043598,-0.171840,0.953937
13.133333,-3.727061,12.455736,8.633622,0.241615,-0.043541,-0.171923,0.954028
13.150000,-3.718526,12.478638,8.646823,0.241299,-0.043497,-0.171987,0.954098
13.166667,-3.709991,12.501540,8.660024,0.241027,-0.043459,-0.172042,0.954159
13.183333,-3.701457,12.524442,8.673225,0.240668,-0.043409,-0.172115,0.954238
13.200000,-3.692907,12.547364,8.686381,0.240261,-0.043352,-0.172198,0.954329
13.216667,-3.684349,12.570297,8.699513,0.239945,-0.043308,-0.172262,0.954398
13.233333,-3.675791,12.593230,8.712645,0.239674,-0.043271,-0.172317,0.954458
13.250000,-3.667233,12.616162,8.725777,0.239317,-0.043221,-0.172390,0.954537
13.266667,-3.658659,12.639115,8.738864,0.238912,-0.043164,-0.172473,0.954626
13.283333,-3.650078,12.662079,8.751927,0.238596,-0.043120,-0.172537,0.954696
13.300000,-3.641497,12.685042,8.764990,0.238326,-0.043082,-0.172592,0.954755
13.316667,-3.632916,12.708006,8.778054,0.237971,-0.043033,-0.172664,0.954832
13.333333,-3.624320,12.730989,8.791073,0.237567,-0.042976,-0.172747,0.954921
13.350000,-3.615715,12.753982,8.804067,0.237250,-0.042932,-0.172811,0.954990
13.366667,-3.607111,12.776976,8.817062,0.236981,-0.042894,-0.172866,0.955048
13.383333,-3.598507,12.799970,8.830056,0.236629,-0.042845,-0.172939,0.955125
13.400000,-3.589888,12.822983,8.843007,0.236226,-0.042788,-0.173021,0.955212
13.416667,-3.581261,12.846007,8.855933,0.235910,-0.042744,-0.173086,0.955281
13.433333,-3.572633,12.869030,8.868859,0.235641,-0.042706,-0.173140,0.955338
13.450000,-3.564006,12.892054,8.881785,0.235291,-0.042657,-0.173212,0.955414
13.466667,-3.555364,12.915097,8.894668,0.234889,-0.042601,-0.173295,0.955500
13.483333,-3.546714,12.938150,8.907525,0.234573,-0.042556,-0.173359,0.955568
13.500000,-3.538064,12.961204,8.920383,0.234306,-0.042519,-0.173414,0.955626
13.516667,-3.529413,12.984257,8.933240,0.233958,-0.042470,-0.173486,0.955700
13.533333,-3.520749,13.007329,8.946055,0.233557,-0.042413,-0.173568,0.955786
13.550000,-3.512076,13.030412,8.958844,0.233241,-0.042369,-0.173633,0.955853
13.566667,-3.503402,13.053495,8.971633,0.232974,-0.042331,-0.173688,0.955910
13.583333,-3.494729,13.076577,8.984423,0.232628,-0.042282,-0.173759,0.955983
13.600000,-3.486042,13.099678,8.997170,0.232229,-0.042226,-0.173841,0.956068
13.616667,-3.477346,13.122790,9.009891,0.231913,-0.042181,-0.173906,0.956135
13.633333,-3.468650,13.145902,9.022612,0.231647,-0.042144,-0.173961,0.956191
13.650000,-3.459954,13.169014,9.035333,0.231304,-0.042095,-0.174032,0.956263
13.666667,-3.451245,13.192143,9.048013,0.230906,-0.042039,-0.174114,0.956347
13.683333,-3.442526,13.215284,9.060666,0.230590,-0.041994,-0.174179,0.956413
13.700000,-3.433807,13.238424,9.073319,0.230325,-0.041957,-0.174234,0.956469
13.716667,-3.425088,13.261565,9.085972,0.229984,-0.041908,-0.174304,0.956540
13.733333,-3.416356,13.284723,9.098585,0.229587,-0.041852,-0.174386,0.956623
13.750000,-3.407615,13.307892,9.111170,0.229271,-0.041807,-0.174452,0.956689
13.766667,-3.398874,13.331061,9.123755,0.229007,-0.041770,-0.174506,0.956744
13.783333,-3.390132,13.354230,9.136340,0.228668,-0.041722,-0.174576,0.956814
13.800000,-3.381378,13.377415,9.148886,0.228273,-0.041666,-0.174658,0.956896
13.816667,-3.372614,13.400613,9.161403,0.227957,-0.041621,-0.174724,0.956961
13.833333,-3.363850,13.423810,9.173921,0.227694,-0.041583,-0.174778,0.957016
13.850000,-3.355086,13.447007,9.186438,0.227357,-0.041535,-0.174848,0.957085
13.866667,-3.346309,13.470220,9.198917,0.226964,-0.041479,-0.174930,0.957166
13.883333,-3.337523,13.493446,9.211367,0.226647,-0.041434,-0.174995,0.957231
13.900000,-3.328737,13.516671,9.223817,0.226385,-0.041397,-0.175050,0.957284
13.916667,-3.319950,13.539896,9.236267,0.226051,-0.041349,-0.175120,0.957353
13.933333,-3.311151,13.563136,9.248678,0.225659,-0.041293,-0.175201,0.957433
13.950000,-3.302342,13.586389,9.261061,0.225342,-0.041248,-0.175267,0.957497
13.966667,-3.293534,13.609641,9.273444,0.225081,-0.041211,-0.175321,0.957550
13.983333,-3.284725,13.632894,9.285826,0.224749,-0.041163,-0.175391,0.957618
14.000000,-3.275903,13.656162,9.298171,0.224358,-0.041108,-0.175472,0.957697
14.016667,-3.267072,13.679442,9.310487,0.224042,-0.041062,-0.175538,0.957761
14.033333,-3.258241,13.702721,9.322802,0.223782,-0.041025,-0.175592,0.957813
14.050000,-3.249410,13.726001,9.335118,0.223452,-0.040978,-0.175661,0.957880
14.066667,-3.240567,13.749296,9.347396,0.223062,-0.040922,-0.175743,0.957958
14.083333,-3.231714,13.772602,9.359644,0.222746,-0.040877,-0.175809,0.958021
14.100000,-3.222860,13.795909,9.371893,0.222487,-0.040839,-0.175863,0.958073
14.116667,-3.214007,13.819216,9.384141,0.222159,-0.040792,-0.175932,0.958139
14.133333,-3.205142,13.842537,9.396353,0.221771,-0.040737,-0.176013,0.958216
14.150000,-3.196266,13.865870,9.408535,0.221454,-0.040691,-0.176080,0.958279
14.166667,-3.187391,13.889203,9.420716,0.221196,-0.040654,-0.176134,0.958330
14.183333,-3.178515,13.912536,9.432898,0.220871,-0.040607,-0.176202,0.958395
14.200000,-3.169628,13.935884,9.445044,0.220484,-0.040552,-0.176283,0.958471
14.216667,-3.160730,13.959243,9.457159,0.220168,-0.040506,-0.176350,0.958533
14.233333,-3.151833,13.982603,9.469274,0.219910,-0.040469,-0.176404,0.958584
14.250000,-3.142935,14.005962,9.481388,0.219587,-0.040423,-0.176472,0.958648
14.266667,-3.134026,14.029336,9.493468,0.219202,-0.040367,-0.176553,0.958723
14.283333,-3.125106,14.052721,9.505517,0.218885,-0.040321,-0.176620,0.958785
14.300000,-3.116187,14.076107,9.517565,0.218629,-0.040284,-0.176674,0.958835
14.316667,-3.107267,14.099492,9.529613,0.218308,-0.040238,-0.176742,0.958898
14.333333,-3.098336,14.122891,9.541627,0.217924,-0.040183,-0.176823,0.958972
14.350000,-3.089395,14.146302,9.553609,0.217608,-0.040137,-0.176890,0.959034
14.366667,-3.080453,14.169714,9.565591,0.217352,-0.040100,-0.176944,0.959083
14.383333,-3.071512,14.193125,9.577573,0.217033,-0.040054,-0.177011,0.959145
14.400000,-3.062559,14.216549,9.589521,0.216651,-0.039998,-0.177092,0.959219
14.416667,-3.053596,14.239986,9.601437,0.216335,-0.039952,-0.177159,0.959280
14.433333,-3.044632,14.263422,9.613353,0.216080,-0.039916,-0.177213,0.959329
14.450000,-3.035669,14.286859,9.625269,0.215763,-0.039870,-0.177280,0.959390
14.466667,-3.026695,14.310308,9.637151,0.215382,-0.039814,-0.177361,0.959463
14.483333,-3.017709,14.333770,9.649001,0.215066,-0.039768,-0.177428,0.959523
14.500000,-3.008724,14.357232,9.660851,0.214812,-0.039732,-0.177482,0.959571
14.516667,-2.999739,14.380694,9.672701,0.214498,-0.039686,-0.177549,0.959631
14.533333,-2.990743,14.404168,9.684518,0.214118,-0.039631,-0.177630,0.959703
14.550000,-2.981736,14.427654,9.696302,0.213802,-0.039585,-0.177697,0.959763
14.566667,-2.972729,14.451141,9.708086,0.213550,-0.039548,-0.177751,0.959811
14.583333,-2.963722,14.474627,9.719870,0.213237,-0.039503,-0.177818,0.959870
14.600000,-2.954705,14.498126,9.731622,0.212859,-0.039447,-0.177898,0.959941
14.616667,-2.945677,14.521637,9.743340,0.212543,-0.039401,-0.177966,0.960001
14.633333,-2.936648,14.545148,9.755059,0.212291,-0.039365,-0.178020,0.960048
14.650000,-2.927620,14.568659,9.766777,0.211981,-0.039319,-0.178086,0.960106
14.666667,-2.918581,14.592182,9.778464,0.211604,-0.039265,-0.178167,0.960176
14.683333,-2.909531,14.615717,9.790117,0.211288,-0.039218,-0.178234,0.960235
14.700000,-2.900481,14.639252,9.801770,0.211038,-0.039182,-0.178288,0.960282
14.716667,-2.891431,14.662788,9.813423,0.210730,-0.039137,-0.178354,0.960339
14.733333,-2.882370,14.686334,9.825045,0.210354,-0.039082,-0.178435,0.960409
14.750000,-2.873299,14.709894,9.836633,0.210039,-0.039036,-0.178503,0.960467
14.766667,-2.864227,14.733453,9.848220,0.209789,-0.038999,-0.178556,0.960513
14.783333,-2.855156,14.757012,9.859808,0.209483,-0.038954,-0.178622,0.960569
14.800000,-2.846074,14.780582,9.871365,0.209109,-0.038900,-0.178703,0.960638
14.816667,-2.836981,14.804165,9.882888,0.208794,-0.038853,-0.178771,0.960696
14.833333,-2.827888,14.827748,9.894410,0.208545,-0.038817,-0.178824,0.960741
14.850000,-2.818795,14.851331,9.905933,0.208241,-0.038772,-0.178890,0.960797
14.866667,-2.809693,14.874925,9.917426,0.207868,-0.038718,-0.178971,0.960865
14.883333,-2.800578,14.898531,9.928883,0.207553,-0.038671,-0.179039,0.960922
14.900000,-2.791464,14.922137,9.940341,0.207305,-0.038635,-0.179092,0.960967
14.916667,-2.782350,14.945744,9.951798,0.207004,-0.038590,-0.179158,0.961022
14.933333,-2.773226,14.969360,9.963227,0.206633,-0.038536,-0.179238,0.961089
14.950000,-2.764090,14.992990,9.974620,0.206317,-0.038490,-0.179306,0.961146
14.966667,-2.754954,15.016619,9.986013,0.206070,-0.038453,-0.179360,0.961190
14.983333,-2.745819,15.040248,9.997406,0.205771,-0.038409,-0.179425,0.961244
15.000000,-2.736674,15.063888,10.008770,0.205401,-0.038355,-0.179505,0.961310
15.016667,-2.727517,15.087540,10.020099,0.205086,-0.038308,-0.179574,0.961366
15.033333,-2.718360,15.111192,10.031427,0.204840,-0.038272,-0.179627,0.961410
15.050000,-2.709203,15.134844,10.042755,0.204543,-0.038228,-0.179692,0.961463
15.066667,-2.700038,15.158506,10.054056,0.204175,-0.038174,-0.179773,0.961529
15.083333,-2.690860,15.182181,10.065320,0.203860,-0.038127,-0.179841,0.961584
15.100000,-2.681682,15.205856,10.076584,0.203615,-0.038091,-0.179895,0.961628
15.116667,-2.672504,15.229530,10.087848,0.203320,-0.038047,-0.179959,0.961680
15.133333,-2.663317,15.253214,10.099085,0.202953,-0.037993,-0.180040,0.961744
15.150000,-2.654118,15.276911,10.110285,0.202638,-0.037946,-0.180108,0.961800
15.166667,-2.644919,15.300608,10.121484,0.202394,-0.037910,-0.180162,0.961843
15.183333,-2.635720,15.324305,10.132684,0.202101,-0.037867,-0.180226,0.961894
15.200000,-2.626512,15.348012,10.143858,0.201736,-0.037813,-0.180306,0.961958
15.216667,-2.617292,15.371730,10.154993,0.201421,-0.037766,-0.180375,0.962012
15.233333,-2.608072,15.395449,10.166129,0.201178,-0.037730,-0.180429,0.962055
15.250000,-2.598852,15.419168,10.177265,0.200887,-0.037687,-0.180493,0.962105
15.266667,-2.589623,15.442896,10.188375,0.200523,-0.037633,-0.180573,0.962168
15.283333,-2.580382,15.466637,10.199447,0.200209,-0.037586,-0.180642,0.962222
15.300000,-2.571141,15.490377,10.210519,0.199967,-0.037550,-0.180696,0.962264
15.316667,-2.561900,15.514118,10.221591,0.199678,-0.037507,-0.180759,0.962314
15.333333,-2.552651,15.537867,10.232638,0.199315,-0.037453,-0.180840,0.962376
15.350000,-2.543389,15.561629,10.243646,0.199001,-0.037407,-0.180909,0.962430
15.366667,-2.534127,15.585391,10.254655,0.198760,-0.037371,-0.180962,0.962471
15.383333,-2.524865,15.609154,10.265663,0.198474,-0.037328,-0.181026,0.962520
15.400000,-2.515595,15.632924,10.276647,0.198112,-0.037274,-0.181106,0.962581
15.416667,-2.506313,15.656707,10.287592,0.197798,-0.037227,-0.181176,0.962635
15.433333,-2.497030,15.680490,10.298537,0.197558,-0.037191,-0.181229,0.962675
15.450000,-2.487747,15.704274,10.309482,0.197274,-0.037149,-0.181292,0.962723
15.466667,-2.478457,15.728065,10.320403,0.196914,-0.037095,-0.181372,0.962784
15.483333,-2.469153,15.751869,10.331285,0.196600,-0.037048,-0.181442,0.962837
15.500000,-2.459850,15.775673,10.342167,0.196361,-0.037013,-0.181495,0.962877
15.516667,-2.450546,15.799477,10.353049,0.196079,-0.036970,-0.181558,0.962924
15.533333,-2.441235,15.823289,10.363907,0.195720,-0.036917,-0.181638,0.962984
15.550000,-2.431911,15.847114,10.374726,0.195407,-0.036870,-0.181708,0.963036
15.566667,-2.422587,15.870938,10.385545,0.195168,-0.036834,-0.181762,0.963076
15.583333,-2.413263,15.894763,10.396364,0.194888,-0.036792,-0.181825,0.963122
15.600000,-2.403931,15.918595,10.407160,0.194531,-0.036739,-0.181905,0.963182
15.616667,-2.394586,15.942440,10.417916,0.194218,-0.036692,-0.181975,0.963233
15.633333,-2.385242,15.966285,10.428672,0.193981,-0.036656,-0.182028,0.963272
15.650000,-2.375897,15.990131,10.439428,0.193703,-0.036614,-0.182090,0.963318
15.666667,-2.366545,16.013983,10.450162,0.193347,-0.036561,-0.182170,0.963376
15.683333,-2.357180,16.037848,10.460855,0.193034,-0.036514,-0.182241,0.963428
15.700000,-2.347814,16.061713,10.471548,0.192798,-0.036479,-0.182294,0.963466
15.716667,-2.338449,16.085578,10.482242,0.192522,-0.036437,-0.182356,0.963511
15.733333,-2.329077,16.109450,10.492914,0.192167,-0.036384,-0.182436,0.963569
15.750000,-2.319691,16.133335,10.503545,0.191855,-0.036337,-0.182507,0.963619
15.766667,-2.310305,16.157220,10.514176,0.191619,-0.036301,-0.182560,0.963658
15.783333,-2.300919,16.181105,10.524807,0.191345,-0.036260,-0.182622,0.963702
15.800000,-2.291527,16.204997,10.535417,0.190993,-0.036207,-0.182702,0.963759
15.816667,-2.282120,16.228902,10.545985,0.190681,-0.036160,-0.182773,0.963809
15.833333,-2.272714,16.252806,10.556554,0.190446,-0.036124,-0.182826,0.963846
15.850000,-2.263308,16.276711,10.567123,0.190174,-0.036083,-0.182888,0.963890
15.866667,-2.253895,16.300622,10.577671,0.189823,-0.036030,-0.182968,0.963946
15.883333,-2.244468,16.324546,10.588178,0.189511,-0.035983,-0.183039,0.963996
15.900000,-2.235042,16.348469,10.598685,0.189277,-0.035948,-0.183092,0.964033
15.916667,-2.225615,16.372393,10.609192,0.189007,-0.035907,-0.183153,0.964076
15.933333,-2.216182,16.396323,10.619679,0.188657,-0.035854,-0.183233,0.964131
15.950000,-2.206735,16.420266,10.630124,0.188346,-0.035807,-0.183304,0.964180
15.966667,-2.197288,16.444209,10.640569,0.188113,-0.035772,-0.183358,0.964217
15.983333,-2.187841,16.468152,10.651014,0.187845,-0.035731,-0.183419,0.964259
16.000000,-2.178388,16.492101,10.661439,0.187497,-0.035679,-0.183499,0.964313
16.016667,-2.168921,16.516063,10.671823,0.187186,-0.035632,-0.183570,0.964362
16.033333,-2.159454,16.540024,10.682206,0.186954,-0.035596,-0.183623,0.964398
16.050000,-2.149987,16.563986,10.692590,0.186688,-0.035556,-0.183684,0.964439
16.066667,-2.140513,16.587953,10.702954,0.186341,-0.035503,-0.183764,0.964493
16.083333,-2.131026,16.611933,10.713276,0.186030,-0.035456,-0.183836,0.964541
16.100000,-2.121539,16.635914,10.723598,0.185799,-0.035421,-0.183889,0.964577
16.116667,-2.112051,16.659894,10.733920,0.185536,-0.035381,-0.183950,0.964618
16.133333,-2.102558,16.683880,10.744224,0.185190,-0.035329,-0.184030,0.964671
16.150000,-2.093051,16.707878,10.754485,0.184879,-0.035281,-0.184101,0.964718
16.166667,-2.083543,16.731877,10.764746,0.184649,-0.035246,-0.184155,0.964754
16.183333,-2.074036,16.755875,10.775007,0.184388,-0.035207,-0.184215,0.964793
16.200000,-2.064523,16.779879,10.785250,0.184044,-0.035154,-0.184295,0.964846
16.216667,-2.054995,16.803895,10.795450,0.183733,-0.035107,-0.184367,0.964893
16.233333,-2.045467,16.827912,10.805650,0.183504,-0.035072,-0.184420,0.964928
16.250000,-2.035940,16.851928,10.815850,0.183245,-0.035032,-0.184480,0.964967
16.266667,-2.026407,16.875950,10.826033,0.182902,-0.034980,-0.184560,0.965019
16.283333,-2.016859,16.899984,10.836172,0.182592,-0.034933,-0.184632,0.965065
16.300000,-2.007312,16.924019,10.846311,0.182364,-0.034898,-0.184686,0.965099
16.316667,-1.997764,16.948053,10.856450,0.182106,-0.034859,-0.184746,0.965138
16.333333,-1.988211,16.972092,10.866572,0.181765,-0.034807,-0.184826,0.965189
16.350000,-1.978644,16.996144,10.876651,0.181455,-0.034759,-0.184898,0.965235
16.366667,-1.969076,17.020196,10.886729,0.181228,-0.034724,-0.184951,0.965269
16.383333,-1.959509,17.044247,10.896808,0.180973,-0.034685,-0.185011,0.965307
16.400000,-1.949936,17.068304,10.906871,0.180633,-0.034633,-0.185091,0.965357
16.416667,-1.940348,17.092373,10.916889,0.180324,-0.034586,-0.185164,0.965402
16.433333,-1.930761,17.116442,10.926907,0.180098,-0.034551,-0.185217,0.965436
16.450000,-1.921174,17.140511,10.936925,0.179844,-0.034512,-0.185276,0.965473
16.466667,-1.911581,17.164585,10.946928,0.179505,-0.034461,-0.185356,0.965522
16.483333,-1.901974,17.188671,10.956886,0.179197,-0.034413,-0.185429,0.965567
16.500000,-1.892366,17.212757,10.966844,0.178971,-0.034379,-0.185482,0.965600
16.516667,-1.882759,17.236843,10.976802,0.178720,-0.034340,-0.185542,0.965637
16.533333,-1.873147,17.260933,10.986745,0.178383,-0.034288,-0.185622,0.965686
16.550000,-1.863520,17.285036,10.996643,0.178074,-0.034241,-0.185695,0.965730
16.566667,-1.853893,17.309139,11.006541,0.177850,-0.034206,-0.185748,0.965762
16.583333,-1.844266,17.333242,11.016439,0.177600,-0.034168,-0.185807,0.965798
16.600000,-1.834634,17.357349,11.026323,0.177265,-0.034116,-0.185887,0.965846
16.616667,-1.824987,17.381469,11.036162,0.176957,-0.034069,-0.185960,0.965890
16.633333,-1.815340,17.405588,11.046000,0.176733,-0.034035,-0.186013,0.965922
16.650000,-1.805694,17.429708,11.055838,0.176486,-0.033996,-0.186073,0.965958
16.666667,-1.796042,17.453831,11.065663,0.176152,-0.033945,-0.186152,0.966005
16.683333,-1.786376,17.477967,11.075442,0.175844,-0.033898,-0.186226,0.966049
16.700000,-1.776709,17.502103,11.085221,0.175621,-0.033863,-0.186279,0.966080
16.716667,-1.767043,17.526238,11.095000,0.175376,-0.033825,-0.186338,0.966115
16.733333,-1.757372,17.550378,11.104765,0.175043,-0.033774,-0.186418,0.966161
16.750000,-1.747686,17.574530,11.114485,0.174736,-0.033727,-0.186492,0.966204
16.766667,-1.737999,17.598682,11.124204,0.174514,-0.033692,-0.186545,0.966235
16.783333,-1.728313,17.622833,11.133924,0.174271,-0.033655,-0.186603,0.966269
16.800000,-1.718623,17.646989,11.143631,0.173939,-0.033603,-0.186683,0.966315
16.816667,-1.708917,17.671156,11.153291,0.173632,-0.033556,-0.186757,0.966358
16.833333,-1.699211,17.695324,11.162952,0.173412,-0.033522,-0.186811,0.966388
16.850000,-1.689506,17.719492,11.172612,0.173170,-0.033484,-0.186869,0.966422
16.866667,-1.679796,17.743663,11.182261,0.172840,-0.033433,-0.186949,0.966467
16.883333,-1.670071,17.767846,11.191862,0.172534,-0.033386,-0.187023,0.966509
16.900000,-1.660345,17.792029,11.201464,0.172314,-0.033352,-0.187076,0.966539
16.916667,-1.650620,17.816213,11.211066,0.172074,-0.033315,-0.187135,0.966572
16.933333,-1.640891,17.840399,11.220656,0.171746,-0.033264,-0.187215,0.966617
16.950000,-1.631146,17.864598,11.230199,0.171440,-0.033216,-0.187289,0.966658
16.966667,-1.621401,17.888796,11.239742,0.171221,-0.033182,-0.187342,0.966688
16.983333,-1.611656,17.912995,11.249284,0.170983,-0.033145,-0.187400,0.966720
17.000000,-1.601908,17.937197,11.258816,0.170656,-0.033095,-0.187480,0.966764
17.016667,-1.592144,17.961410,11.268301,0.170351,-0.033047,-0.187555,0.966805
17.033333,-1.582379,17.985624,11.277785,0.170133,-0.033013,-0.187608,0.966834
17.050000,-1.572615,18.009838,11.287270,0.169897,-0.032977,-0.187666,0.966866
17.066667,-1.562847,18.034054,11.296744,0.169571,-0.032926,-0.187746,0.966909
17.083333,-1.553064,18.058283,11.306170,0.169266,-0.032878,-0.187821,0.966949
17.100000,-1.543280,18.082512,11.315597,0.169049,-0.032845,-0.187874,0.966978
17.116667,-1.533497,18.106741,11.325023,0.168815,-0.032808,-0.187932,0.967009
17.133333,-1.523710,18.130972,11.334439,0.168491,-0.032758,-0.188012,0.967052
17.150000,-1.513907,18.155215,11.343807,0.168186,-0.032710,-0.188087,0.967092
17.166667,-1.504104,18.179459,11.353176,0.167971,-0.032676,-0.188140,0.967120
17.183333,-1.494301,18.203702,11.362544,0.167738,-0.032640,-0.188198,0.967150
17.200000,-1.484494,18.227948,11.371903,0.167416,-0.032590,-0.188278,0.967193
17.216667,-1.474672,18.252206,11.381213,0.167111,-0.032542,-0.188353,0.967232
17.233333,-1.464850,18.276463,11.390524,0.166897,-0.032509,-0.188406,0.967260
17.250000,-1.455028,18.300721,11.399834,0.166666,-0.032473,-0.188464,0.967290
17.266667,-1.445202,18.324981,11.409136,0.166345,-0.032422,-0.188544,0.967331
17.283333,-1.435361,18.349253,11.418389,0.166041,-0.032375,-0.188619,0.967370
17.300000,-1.425519,18.373525,11.427642,0.165827,-0.032341,-0.188673,0.967398
17.316667,-1.415678,18.397797,11.436895,0.165599,-0.032306,-0.188730,0.967427
17.333333,-1.405833,18.422071,11.446139,0.165279,-0.032256,-0.188810,0.967468
17.350000,-1.395973,18.446357,11.455335,0.164975,-0.032208,-0.188886,0.967506
17.366667,-1.386112,18.470644,11.464530,0.164762,-0.032175,-0.188939,0.967533
17.383333,-1.376251,18.494930,11.473726,0.164536,-0.032139,-0.188996,0.967562
17.400000,-1.366388,18.519218,11.482914,0.164217,-0.032089,-0.189076,0.967602
17.416667,-1.356508,18.543517,11.492052,0.163914,-0.032042,-0.189152,0.967640
17.433333,-1.346628,18.567817,11.501190,0.163702,-0.032008,-0.189205,0.967666
17.450000,-1.336748,18.592117,11.510329,0.163478,-0.031973,-0.189262,0.967695
17.466667,-1.326865,18.616419,11.519460,0.163160,-0.031923,-0.189342,0.967734
17.483333,-1.316966,18.640732,11.528541,0.162858,-0.031876,-0.189418,0.967772
17.500000,-1.307067,18.665045,11.537623,0.162647,-0.031842,-0.189472,0.967798
17.516667,-1.297168,18.689359,11.546704,0.162424,-0.031807,-0.189528,0.967825
17.533333,-1.287267,18.713674,11.555779,0.162108,-0.031758,-0.189608,0.967864
17.550000,-1.277349,18.738000,11.564804,0.161806,-0.031710,-0.189685,0.967901
17.566667,-1.267431,18.762327,11.573828,0.161596,-0.031677,-0.189738,0.967927
17.583333,-1.257513,18.786654,11.582853,0.161375,-0.031642,-0.189794,0.967954
17.600000,-1.247593,18.810982,11.591872,0.161061,-0.031593,-0.189874,0.967992
17.616667,-1.237655,18.835322,11.600840,0.160759,-0.031545,-0.189951,0.968029
17.633333,-1.227718,18.859662,11.609808,0.160550,-0.031512,-0.190005,0.968054
17.650000,-1.217781,18.884002,11.618776,0.160331,-0.031477,-0.190061,0.968081
17.666667,-1.207842,18.908343,11.627739,0.160018,-0.031428,-0.190141,0.968118
17.683333,-1.197886,18.932696,11.636651,0.159717,-0.031380,-0.190218,0.968154
17.700000,-1.187930,18.957048,11.645563,0.159509,-0.031347,-0.190271,0.968179
17.716667,-1.177974,18.981401,11.654475,0.159291,-0.031313,-0.190327,0.968205
17.733333,-1.168016,19.005755,11.663382,0.158980,-0.031264,-0.190407,0.968242
17.750000,-1.158041,19.030121,11.672238,0.158679,-0.031216,-0.190484,0.968278
17.766667,-1.148066,19.054486,11.681094,0.158472,-0.031183,-0.190538,0.968302
17.783333,-1.138091,19.078852,11.689950,0.158257,-0.031149,-0.190594,0.968328
17.800000,-1.128114,19.103218,11.698801,0.157946,-0.031100,-0.190674,0.968364
17.816667,-1.118120,19.127596,11.707601,0.157646,-0.031053,-0.190751,0.968399
17.833333,-1.108126,19.151974,11.716401,0.157440,-0.031020,-0.190805,0.968423
17.850000,-1.098132,19.176352,11.725201,0.157226,-0.030986,-0.190860,0.968448
17.866667,-1.088137,19.200731,11.733997,0.156918,-0.030937,-0.190940,0.968484
17.883333,-1.078124,19.225121,11.742741,0.156618,-0.030889,-0.191018,0.968519
17.900000,-1.068112,19.249511,11.751486,0.156413,-0.030857,-0.191072,0.968542
17.916667,-1.058099,19.273902,11.760230,0.156201,-0.030823,-0.191127,0.968567
17.933333,-1.048085,19.298293,11.768971,0.155893,-0.030774,-0.191207,0.968602
17.950000,-1.038053,19.322695,11.777660,0.155594,-0.030727,-0.191285,0.968636
17.966667,-1.028022,19.347097,11.786349,0.155390,-0.030694,-0.191339,0.968660
17.983333,-1.017990,19.371499,11.795038,0.155180,-0.030661,-0.191394,0.968683
18.000000,-1.007957,19.395902,11.803724,0.154874,-0.030612,-0.191474,0.968718
18.016667,-0.997907,19.420317,11.812358,0.154575,-0.030564,-0.191552,0.968752
18.033333,-0.987857,19.444731,11.820992,0.154372,-0.030532,-0.191606,0.968775
18.050000,-0.977806,19.469145,11.829626,0.154164,-0.030499,-0.191661,0.968798
18.066667,-0.967755,19.493560,11.838257,0.153859,-0.030450,-0.191741,0.968832
18.083333,-0.957686,19.517985,11.846836,0.153561,-0.030403,-0.191820,0.968865
18.100000,-0.947617,19.542411,11.855415,0.153359,-0.030370,-0.191874,0.968888
18.116667,-0.937548,19.566837,11.863994,0.153152,-0.030337,-0.191928,0.968911
18.133333,-0.927478,19.591263,11.872571,0.152849,-0.030289,-0.192009,0.968944
18.150000,-0.917390,19.615701,11.881095,0.152551,-0.030241,-0.192088,0.968977
18.166667,-0.907302,19.640138,11.889619,0.152350,-0.030209,-0.192142,0.968999
18.183333,-0.897215,19.664575,11.898144,0.152145,-0.030177,-0.192196,0.969021
18.200000,-0.887126,19.689013,11.906666,0.151843,-0.030128,-0.192277,0.969054
18.216667,-0.877020,19.713461,11.915136,0.151546,-0.030081,-0.192356,0.969086
18.233333,-0.866913,19.737910,11.923606,0.151346,-0.030049,-0.192410,0.969108
18.250000,-0.856807,19.762358,11.932076,0.151143,-0.030016,-0.192465,0.969130
18.266667,-0.846700,19.786807,11.940544,0.150842,-0.029968,-0.192545,0.969162
18.283333,-0.836575,19.811266,11.948959,0.150546,-0.029921,-0.192625,0.969194
18.300000,-0.826450,19.835726,11.957375,0.150346,-0.029889,-0.192679,0.969215
18.316667,-0.816325,19.860185,11.965791,0.150145,-0.029856,-0.192733,0.969236
18.333333,-0.806199,19.884645,11.974205,0.149846,-0.029809,-0.192814,0.969268
18.350000,-0.796055,19.909115,11.982566,0.149550,-0.029761,-0.192894,0.969299
18.366667,-0.785912,19.933585,11.990928,0.149352,-0.029729,-0.192949,0.969320
18.383333,-0.775768,19.958056,11.999290,0.149152,-0.029697,-0.193003,0.969341
18.400000,-0.765624,19.982526,12.007650,0.148855,-0.029650,-0.193084,0.969372
18.416667,-0.755461,20.007007,12.015958,0.148559,-0.029602,-0.193164,0.969403
18.433333,-0.745299,20.031488,12.024266,0.148361,-0.029570,-0.193219,0.969423
18.450000,-0.735137,20.055969,12.032573,0.148164,-0.029539,-0.193273,0.969444
18.466667,-0.724974,20.080450,12.040881,0.147868,-0.029491,-0.193354,0.969474
18.483333,-0.714793,20.104941,12.049135,0.147573,-0.029444,-0.193435,0.969504
18.500000,-0.704612,20.129432,12.057389,0.147376,-0.029412,-0.193489,0.969524
18.516667,-0.694431,20.153923,12.065643,0.147179,-0.029380,-0.193543,0.969544
18.533333,-0.684250,20.178415,12.073897,0.146885,-0.029333,-0.193624,0.969574
18.550000,-0.674051,20.202916,12.082098,0.146591,-0.029286,-0.193706,0.969604
18.566667,-0.663851,20.227418,12.090299,0.146395,-0.029254,-0.193760,0.969623
18.583333,-0.653652,20.251919,12.098500,0.146199,-0.029223,-0.193814,0.969643
18.600000,-0.643452,20.276420,12.106701,0.145908,-0.029176,-0.193896,0.969672
18.616667,-0.633234,20.300932,12.114849,0.145614,-0.029128,-0.193977,0.969701
18.633333,-0.623016,20.325443,12.122996,0.145419,-0.029097,-0.194032,0.969721
18.650000,-0.612798,20.349955,12.131144,0.145224,-0.029065,-0.194086,0.969740
18.666667,-0.602580,20.374466,12.139292,0.144935,-0.029019,-0.194167,0.969769
18.683333,-0.592344,20.398987,12.147387,0.144643,-0.028972,-0.194249,0.969797
18.700000,-0.582107,20.423508,12.155482,0.144448,-0.028940,-0.194304,0.969816
18.716667,-0.571870,20.448030,12.163577,0.144253,-0.028909,-0.194358,0.969835
18.733333,-0.561634,20.472551,12.171672,0.143966,-0.028863,-0.194439,0.969863
18.750000,-0.551379,20.497082,12.179715,0.143676,-0.028816,-0.194521,0.969891
18.766667,-0.541124,20.521612,12.187757,0.143481,-0.028784,-0.194576,0.969910
18.783333,-0.530869,20.546143,12.195799,0.143287,-0.028753,-0.194631,0.969928
18.800000,-0.520613,20.570674,12.203841,0.143002,-0.028707,-0.194712,0.969955
18.816667,-0.510340,20.595214,12.211833,0.142713,-0.028660,-0.194794,0.969983
18.833333,-0.500067,20.619754,12.219822,0.142518,-0.028628,-0.194849,0.970001
18.850000,-0.489793,20.644294,12.227812,0.142326,-0.028597,-0.194904,0.970019
18.866667,-0.479519,20.668835,12.235801,0.142043,-0.028551,-0.194985,0.970046
18.883333,-0.469228,20.693384,12.243741,0.141755,-0.028505,-0.195067,0.970073
18.900000,-0.458936,20.717933,12.251678,0.141561,-0.028473,-0.195122,0.970091
18.916667,-0.448643,20.742482,12.259616,0.141369,-0.028442,-0.195177,0.970109
18.933333,-0.438351,20.767032,12.267553,0.141088,-0.028396,-0.195256,0.970136
18.950000,-0.428042,20.791590,12.275441,0.140801,-0.028350,-0.195337,0.970162
18.966667,-0.417731,20.816148,12.283326,0.140606,-0.028318,-0.195391,0.970181
18.983333,-0.407421,20.840707,12.291212,0.140415,-0.028286,-0.195445,0.970198
19.000000,-0.397110,20.865265,12.299097,0.140136,-0.028240,-0.195522,0.970225
19.016667,-0.386783,20.889833,12.306933,0.139850,-0.028193,-0.195600,0.970251
19.033333,-0.376454,20.914400,12.314767,0.139654,-0.028161,-0.195653,0.970270
19.050000,-0.366126,20.938968,12.322600,0.139464,-0.028130,-0.195705,0.970288
19.066667,-0.355798,20.963536,12.330433,0.139185,-0.028083,-0.195779,0.970314
19.083333,-0.345453,20.988112,12.338218,0.138900,-0.028036,-0.195855,0.970341
19.100000,-0.335108,21.012689,12.346000,0.138704,-0.028003,-0.195906,0.970360
19.116667,-0.324762,21.037265,12.353781,0.138514,-0.027971,-0.195956,0.970378
19.133333,-0.314416,21.061842,12.361562,0.138237,-0.027925,-0.196027,0.970404
19.150000,-0.304055,21.086428,12.369296,0.137952,-0.027877,-0.196101,0.970431
19.166667,-0.293692,21.111014,12.377025,0.137756,-0.027844,-0.196150,0.970450
19.183333,-0.283330,21.135600,12.384755,0.137566,-0.027812,-0.196198,0.970468
19.200000,-0.272967,21.160186,12.392484,0.137290,-0.027765,-0.196267,0.970495
19.216667,-0.262590,21.184781,12.400166,0.137006,-0.027716,-0.196337,0.970522
19.233333,-0.252211,21.209376,12.407844,0.136809,-0.027683,-0.196385,0.970541
19.250000,-0.241832,21.233972,12.415522,0.136620,-0.027650,-0.196431,0.970559
19.266667,-0.231453,21.258567,12.423199,0.136345,-0.027603,-0.196497,0.970586
19.283333,-0.221060,21.283171,12.430830,0.136061,-0.027555,-0.196564,0.970613
19.300000,-0.210665,21.307776,12.438456,0.135864,-0.027521,-0.196611,0.970633
19.316667,-0.200270,21.332381,12.446082,0.135675,-0.027488,-0.196655,0.970651
19.333333,-0.189876,21.356986,12.453708,0.135402,-0.027441,-0.196718,0.970678
19.350000,-0.179467,21.381599,12.461287,0.135119,-0.027391,-0.196783,0.970706
19.366667,-0.169057,21.406213,12.468861,0.134921,-0.027357,-0.196827,0.970725
19.383333,-0.158647,21.430828,12.476436,0.134732,-0.027324,-0.196869,0.970744
19.400000,-0.148237,21.455442,12.484010,0.134460,-0.027276,-0.196929,0.970770
19.416667,-0.137813,21.480065,12.491538,0.134178,-0.027227,-0.196992,0.970798
19.433333,-0.127388,21.504689,12.499061,0.133980,-0.027192,-0.197034,0.970818
19.450000,-0.116963,21.529313,12.506583,0.133791,-0.027159,-0.197075,0.970837
19.466667,-0.106538,21.553937,12.514106,0.133521,-0.027111,-0.197132,0.970864
19.483333,-0.096101,21.578569,12.521583,0.133238,-0.027061,-0.197191,0.970892
19.500000,-0.085661,21.603203,12.529054,0.133040,-0.027026,-0.197232,0.970912
19.516667,-0.075222,21.627836,12.536525,0.132852,-0.026993,-0.197271,0.970930
19.533333,-0.064783,21.652470,12.543996,0.132583,-0.026945,-0.197326,0.970957
19.550000,-0.054331,21.677111,12.551422,0.132301,-0.026894,-0.197382,0.970986
19.566667,-0.043878,21.701755,12.558841,0.132102,-0.026859,-0.197422,0.971006
19.583333,-0.033425,21.726398,12.566261,0.131915,-0.026825,-0.197458,0.971025
19.600000,-0.022971,21.751041,12.573680,0.131647,-0.026777,-0.197510,0.971052
19.616667,-0.012507,21.775693,12.581055,0.131365,-0.026726,-0.197564,0.971081
19.633333,-0.002040,21.800346,12.588423,0.131166,-0.026690,-0.197601,0.971101
19.650000,0.008427,21.824999,12.595791,0.130979,-0.026656,-0.197637,0.971120
19.666667,0.018893,21.849652,12.603159,0.130712,-0.026608,-0.197685,0.971147
19.683333,0.029371,21.874313,12.610483,0.130431,-0.026557,-0.197737,0.971176
19.700000,0.039850,21.898976,12.617799,0.130232,-0.026520,-0.197772,0.971196
19.716667,0.050330,21.923638,12.625116,0.130045,-0.026486,-0.197806,0.971216
19.733333,0.060809,21.948301,12.632432,0.129779,-0.026437,-0.197852,0.971243
19.750000,0.071299,21.972972,12.639705,0.129499,-0.026386,-0.197900,0.971272
19.766667,0.081791,21.997645,12.646970,0.129299,-0.026349,-0.197934,0.971293
19.783333,0.092283,22.022318,12.654236,0.129113,-0.026315,-0.197966,0.971312
19.800000,0.102775,22.046991,12.661501,0.128848,-0.026266,-0.198009,0.971340
19.816667,0.113277,22.071672,12.668723,0.128569,-0.026214,-0.198055,0.971369
19.833333,0.123781,22.096354,12.675937,0.128368,-0.026177,-0.198087,0.971390
19.850000,0.134285,22.121037,12.683151,0.128182,-0.026142,-0.198116,0.971409
19.866667,0.144789,22.145720,12.690365,0.127919,-0.026093,-0.198157,0.971437
19.883333,0.155302,22.170411,12.697536,0.127640,-0.026041,-0.198200,0.971466
19.900000,0.165817,22.195103,12.704699,0.127439,-0.026004,-0.198230,0.971487
19.916667,0.176332,22.219796,12.711861,0.127254,-0.025969,-0.198258,0.971507
19.933333,0.186847,22.244489,12.719024,0.126992,-0.025920,-0.198296,0.971535
19.950000,0.197372,22.269190,12.726144,0.126713,-0.025867,-0.198336,0.971565
19.966667,0.207898,22.293893,12.733256,0.126512,-0.025829,-0.198364,0.971586
19.983333,0.218424,22.318596,12.740368,0.126327,-0.025794,-0.198390,0.971606
20.000000,0.228950,22.343299,12.747479,0.126066,-0.025745,-0.198425,0.971634
20.016667,0.239484,22.368010,12.754549,0.125788,-0.025692,-0.198462,0.971664
20.033333,0.250021,22.392723,12.761609,0.125587,-0.025654,-0.198488,0.971685
20.050000,0.260557,22.417436,12.768670,0.125402,-0.025619,-0.198512,0.971705
20.066667,0.271094,22.442149,12.775730,0.125143,-0.025569,-0.198544,0.971733
20.083333,0.281638,22.466871,12.782749,0.124866,-0.025516,-0.198579,0.971763
20.100000,0.292184,22.491594,12.789759,0.124664,-0.025477,-0.198603,0.971785
20.116667,0.302730,22.516318,12.796768,0.124479,-0.025442,-0.198625,0.971805
20.133333,0.313277,22.541041,12.803778,0.124222,-0.025392,-0.198654,0.971834
20.150000,0.323830,22.565773,12.810747,0.123945,-0.025339,-0.198686,0.971864
20.166667,0.334386,22.590507,12.817705,0.123743,-0.025300,-0.198708,0.971886
20.183333,0.344941,22.615241,12.824664,0.123558,-0.025264,-0.198728,0.971906
20.200000,0.355497,22.639975,12.831622,0.123302,-0.025215,-0.198755,0.971935
20.216667,0.366060,22.664717,12.838540,0.123026,-0.025161,-0.198784,0.971965
20.233333,0.376624,22.689461,12.845448,0.122823,-0.025121,-0.198804,0.971988
20.250000,0.387188,22.714205,12.852356,0.122639,-0.025086,-0.198822,0.972008
20.266667,0.397753,22.738950,12.859263,0.122384,-0.025036,-0.198846,0.972037
20.283333,0.408324,22.763703,12.866131,0.122109,-0.024982,-0.198872,0.972068
20.300000,0.418896,22.788457,12.872988,0.121906,-0.024942,-0.198890,0.972090
20.316667,0.429469,22.813212,12.879845,0.121722,-0.024906,-0.198907,0.972111
20.333333,0.440041,22.837967,12.886702,0.121468,-0.024856,-0.198928,0.972140
20.350000,0.450620,22.862731,12.893519,0.121193,-0.024802,-0.198951,0.972171
20.366667,0.461201,22.887496,12.900325,0.120990,-0.024762,-0.198967,0.972194
20.383333,0.471781,22.912262,12.907132,0.120807,-0.024725,-0.198982,0.972214
20.400000,0.482361,22.937027,12.913938,0.120555,-0.024675,-0.199000,0.972243
20.416667,0.492947,22.961801,12.920705,0.120280,-0.024621,-0.199020,0.972274
20.433333,0.503535,22.986578,12.927460,0.120077,-0.024580,-0.199035,0.972298
20.450000,0.514123,23.011354,12.934216,0.119894,-0.024544,-0.199047,0.972319
20.466667,0.524710,23.036131,12.940971,0.119643,-0.024494,-0.199063,0.972347
20.483333,0.535303,23.060915,12.947688,0.119369,-0.024439,-0.199081,0.972379
20.500000,0.545898,23.085702,12.954393,0.119165,-0.024398,-0.199093,0.972402
20.516667,0.556492,23.110490,12.961098,0.118983,-0.024362,-0.199103,0.972424
20.533333,0.567086,23.135277,12.967803,0.118732,-0.024311,-0.199117,0.972453
20.550000,0.577685,23.160072,12.974470,0.118459,-0.024256,-0.199131,0.972484
20.566667,0.588286,23.184871,12.981125,0.118255,-0.024215,-0.199141,0.972508
20.583333,0.598887,23.209669,12.987779,0.118073,-0.024178,-0.199150,0.972529
20.600000,0.609487,23.234467,12.994434,0.117824,-0.024128,-0.199161,0.972559
20.616667,0.620092,23.259273,13.001051,0.117551,-0.024073,-0.199173,0.972591
20.633333,0.630698,23.284083,13.007655,0.117347,-0.024031,-0.199181,0.972615
20.650000,0.641305,23.308892,13.014259,0.117165,-0.023994,-0.199187,0.972636
20.666667,0.651911,23.333701,13.020863,0.116918,-0.023944,-0.199196,0.972665
20.683333,0.662521,23.358518,13.027430,0.116646,-0.023889,-0.199205,0.972698
20.700000,0.673133,23.383339,13.033983,0.116441,-0.023847,-0.199211,0.972722
20.716667,0.683744,23.408159,13.040537,0.116260,-0.023810,-0.199216,0.972744
20.733333,0.694356,23.432980,13.047091,0.116013,-0.023759,-0.199221,0.972773
20.750000,0.704971,23.457808,13.053608,0.115742,-0.023704,-0.199227,0.972805
20.766667,0.715587,23.482640,13.060111,0.115537,-0.023661,-0.199231,0.972830
20.783333,0.726203,23.507471,13.066614,0.115356,-0.023624,-0.199234,0.972852
20.800000,0.736819,23.532303,13.073118,0.115111,-0.023574,-0.199237,0.972881
20.816667,0.747438,23.557143,13.079585,0.114840,-0.023518,-0.199241,0.972914
20.833333,0.758059,23.581985,13.086038,0.114635,-0.023475,-0.199242,0.972939
20.850000,0.768679,23.606828,13.092492,0.114454,-0.023438,-0.199244,0.972961
20.866667,0.779299,23.631671,13.098945,0.114211,-0.023388,-0.199244,0.972991
20.883333,0.789922,23.656522,13.105362,0.113940,-0.023331,-0.199245,0.973024
20.900000,0.800546,23.681377,13.111766,0.113735,-0.023289,-0.199244,0.973049
20.916667,0.811170,23.706231,13.118169,0.113555,-0.023251,-0.199244,0.973071
20.933333,0.821794,23.731085,13.124572,0.113313,-0.023201,-0.199242,0.973101
20.950000,0.832420,23.755947,13.130940,0.113043,-0.023144,-0.199239,0.973134
20.966667,0.843048,23.780813,13.137293,0.112837,-0.023101,-0.199237,0.973159
20.983333,0.853675,23.805679,13.143646,0.112658,-0.023064,-0.199234,0.973181
21.000000,0.864302,23.830545,13.149999,0.112416,-0.023013,-0.199230,0.973211
21.016667,0.874931,23.855419,13.156318,0.112147,-0.022957,-0.199225,0.973245
21.033333,0.885560,23.880296,13.162621,0.111942,-0.022913,-0.199220,0.973270
21.050000,0.896190,23.905173,13.168924,0.111762,-0.022876,-0.199216,0.973293
21.066667,0.906820,23.930051,13.175227,0.111523,-0.022825,-0.199209,0.973323
21.083333,0.917451,23.954936,13.181496,0.111254,-0.022769,-0.199201,0.973357
21.100000,0.928083,23.979825,13.187750,0.111048,-0.022725,-0.199194,0.973383
21.116667,0.938715,24.004714,13.194003,0.110869,-0.022687,-0.199188,0.973405
21.133333,0.949347,24.029603,13.200257,0.110631,-0.022637,-0.199179,0.973435
21.150000,0.959980,24.054500,13.206476,0.110363,-0.022580,-0.199168,0.973469
21.166667,0.970613,24.079401,13.212680,0.110156,-0.022536,-0.199159,0.973495
21.183333,0.981247,24.104302,13.218884,0.109978,-0.022498,-0.199151,0.973518
21.200000,0.991880,24.129202,13.225087,0.109741,-0.022448,-0.199139,0.973548
21.216667,1.002514,24.154111,13.231258,0.109474,-0.022391,-0.199126,0.973583
21.233333,1.013149,24.179024,13.237412,0.109267,-0.022346,-0.199115,0.973609
21.250000,1.023783,24.203936,13.243566,0.109089,-0.022308,-0.199105,0.973632
21.266667,1.034418,24.228849,13.249720,0.108853,-0.022258,-0.199091,0.973662
21.283333,1.045053,24.253770,13.255841,0.108587,-0.022201,-0.199074,0.973697
21.300000,1.055688,24.278694,13.261946,0.108380,-0.022156,-0.199061,0.973724
21.316667,1.066323,24.303619,13.268050,0.108202,-0.022118,-0.199049,0.973747
21.333333,1.076958,24.328543,13.274155,0.107967,-0.022068,-0.199033,0.973777
21.350000,1.087593,24.353476,13.280227,0.107702,-0.022010,-0.199014,0.973812
21.366667,1.098229,24.378412,13.286282,0.107494,-0.021966,-0.198998,0.973839
21.383333,1.108864,24.403349,13.292337,0.107317,-0.021928,-0.198985,0.973862
21.400000,1.119499,24.428286,13.298392,0.107084,-0.021877,-0.198966,0.973893
21.416667,1.130134,24.453230,13.304415,0.106819,-0.021820,-0.198944,0.973928
21.433333,1.140769,24.478179,13.310421,0.106611,-0.021775,-0.198926,0.973955
21.450000,1.151403,24.503127,13.316426,0.106435,-0.021737,-0.198911,0.973978
21.466667,1.162038,24.528076,13.322432,0.106202,-0.021686,-0.198889,0.974009
21.483333,1.172672,24.553033,13.328406,0.105938,-0.021629,-0.198865,0.974044
21.500000,1.183306,24.577994,13.334362,0.105730,-0.021583,-0.198845,0.974072
21.516667,1.193940,24.602955,13.340319,0.105554,-0.021545,-0.198827,0.974095
21.533333,1.204574,24.627916,13.346275,0.105323,-0.021495,-0.198804,0.974126
21.550000,1.215206,24.652884,13.352201,0.105059,-0.021437,-0.198776,0.974162
21.566667,1.225839,24.677858,13.358108,0.104851,-0.021392,-0.198754,0.974190
21.583333,1.236471,24.702831,13.364015,0.104675,-0.021353,-0.198735,0.974213
21.600000,1.247103,24.727804,13.369922,0.104445,-0.021303,-0.198709,0.974244
21.616667,1.257734,24.752785,13.375799,0.104182,-0.021245,-0.198679,0.974280
21.633333,1.268365,24.777771,13.381657,0.103974,-0.021200,-0.198654,0.974308
21.650000,1.278995,24.802756,13.387515,0.103799,-0.021161,-0.198633,0.974332
21.666667,1.289625,24.827742,13.393373,0.103570,-0.021111,-0.198605,0.974363
21.683333,1.300254,24.852735,13.399201,0.103307,-0.021053,-0.198572,0.974399
21.700000,1.310882,24.877734,13.405010,0.103099,-0.021007,-0.198546,0.974427
21.716667,1.321510,24.902732,13.410820,0.102924,-0.020969,-0.198523,0.974451
21.733333,1.332138,24.927730,13.416629,0.102697,-0.020918,-0.198492,0.974483
21.750000,1.342764,24.952736,13.422408,0.102435,-0.020860,-0.198456,0.974519
21.766667,1.353389,24.977746,13.428168,0.102227,-0.020814,-0.198427,0.974548
21.783333,1.364013,25.002757,13.433929,0.102052,-0.020776,-0.198403,0.974572
21.800000,1.374638,25.027768,13.439689,0.101826,-0.020726,-0.198370,0.974603
21.816667,1.385261,25.052786,13.445420,0.101565,-0.020668,-0.198331,0.974639
21.833333,1.395882,25.077810,13.451131,0.101356,-0.020621,-0.198300,0.974668
21.850000,1.406504,25.102833,13.456843,0.101182,-0.020583,-0.198274,0.974693
21.866667,1.417125,25.127856,13.462554,0.100958,-0.020533,-0.198239,0.974724
21.883333,1.427744,25.152887,13.468237,0.100697,-0.020475,-0.198197,0.974761
21.900000,1.438361,25.177924,13.473900,0.100488,-0.020428,-0.198164,0.974790
21.916667,1.448979,25.202960,13.479563,0.100315,-0.020389,-0.198135,0.974815
21.933333,1.459596,25.227996,13.485225,0.100091,-0.020340,-0.198098,0.974846
21.950000,1.470211,25.253040,13.490860,0.099831,-0.020281,-0.198054,0.974883
21.966667,1.480823,25.278089,13.496474,0.099622,-0.020235,-0.198018,0.974913
21.983333,1.491436,25.303138,13.502088,0.099449,-0.020196,-0.197988,0.974937
22.000000,1.502049,25.328187,13.507702,0.099227,-0.020146,-0.197949,0.974969
22.016667,1.512659,25.353243,13.513289,0.098968,-0.020088,-0.197902,0.975006
22.033333,1.523267,25.378305,13.518855,0.098759,-0.020041,-0.197864,0.975036
22.050000,1.533874,25.403367,13.524420,0.098586,-0.020002,-0.197832,0.975061
22.066667,1.544482,25.428429,13.529986,0.098365,-0.019953,-0.197790,0.975093
22.083333,1.555087,25.453499,13.535524,0.098106,-0.019894,-0.197740,0.975130
22.100000,1.565689,25.478574,13.541042,0.097897,-0.019847,-0.197700,0.975160
22.116667,1.576291,25.503649,13.546559,0.097725,-0.019808,-0.197666,0.975185
22.133333,1.586893,25.528724,13.552076,0.097505,-0.019759,-0.197622,0.975217
22.150000,1.597492,25.553806,13.557567,0.097247,-0.019701,-0.197570,0.975254
22.166667,1.608088,25.578894,13.563036,0.097038,-0.019653,-0.197527,0.975285
22.183333,1.618684,25.603982,13.568505,0.096866,-0.019614,-0.197491,0.975310
22.200000,1.629280,25.629071,13.573974,0.096648,-0.019565,-0.197445,0.975342
22.216667,1.639873,25.654166,13.579417,0.096390,-0.019507,-0.197390,0.975380
22.233333,1.650462,25.679267,13.584837,0.096180,-0.019459,-0.197345,0.975411
22.250000,1.661052,25.704369,13.590258,0.096009,-0.019420,-0.197307,0.975436
22.266667,1.671642,25.729470,13.595679,0.095792,-0.019371,-0.197259,0.975468
22.283333,1.682227,25.754579,13.601074,0.095535,-0.019313,-0.197201,0.975506
22.300000,1.692810,25.779694,13.606447,0.095325,-0.019265,-0.197154,0.975537
22.316667,1.703392,25.804808,13.611820,0.095154,-0.019226,-0.197114,0.975562
22.333333,1.713975,25.829923,13.617193,0.094939,-0.019177,-0.197064,0.975595
22.350000,1.724553,25.855045,13.622540,0.094683,-0.019119,-0.197003,0.975633
22.366667,1.735128,25.880173,13.627865,0.094473,-0.019071,-0.196953,0.975664
22.383333,1.745703,25.905301,13.633190,0.094302,-0.019032,-0.196912,0.975690
22.400000,1.756278,25.930429,13.638515,0.094088,-0.018983,-0.196860,0.975722
22.416667,1.766848,25.955564,13.643814,0.093832,-0.018925,-0.196796,0.975761
22.433333,1.777415,25.980706,13.649091,0.093622,-0.018877,-0.196744,0.975792
22.450000,1.787982,26.005848,13.654368,0.093452,-0.018838,-0.196701,0.975818
22.466667,1.798549,26.030989,13.659645,0.093239,-0.018789,-0.196646,0.975850
22.483333,1.809111,26.056138,13.664898,0.092984,-0.018730,-0.196580,0.975889
22.500000,1.819669,26.081293,13.670127,0.092773,-0.018682,-0.196526,0.975921
22.516667,1.830227,26.106448,13.675356,0.092604,-0.018643,-0.196481,0.975947
22.533333,1.840786,26.131604,13.680585,0.092392,-0.018595,-0.196424,0.975979
22.550000,1.851339,26.156766,13.685790,0.092138,-0.018536,-0.196355,0.976018
22.566667,1.861888,26.181935,13.690972,0.091927,-0.018488,-0.196298,0.976051
22.583333,1.872437,26.207103,13.696154,0.091758,-0.018449,-0.196252,0.976077
22.600000,1.882986,26.232272,13.701335,0.091547,-0.018401,-0.196193,0.976109
22.616667,1.893531,26.257448,13.706493,0.091294,-0.018342,-0.196121,0.976148
22.633333,1.904070,26.282631,13.711627,0.091083,-0.018294,-0.196062,0.976181
22.650000,1.914610,26.307813,13.716761,0.090914,-0.018255,-0.196013,0.976207
22.666667,1.925149,26.332996,13.721895,0.090705,-0.018206,-0.195952,0.976240
22.683333,1.935683,26.358186,13.727006,0.090452,-0.018148,-0.195878,0.976279
22.700000,1.946213,26.383382,13.732093,0.090242,-0.018100,-0.195816,0.976312
22.716667,1.956742,26.408579,13.737180,0.090073,-0.018061,-0.195766,0.976338
22.733333,1.967271,26.433775,13.742266,0.089865,-0.018013,-0.195703,0.976371
22.750000,1.977796,26.458978,13.747330,0.089613,-0.017954,-0.195627,0.976410
22.766667,1.988314,26.484189,13.752369,0.089402,-0.017905,-0.195562,0.976444
22.783333,1.998833,26.509399,13.757409,0.089234,-0.017867,-0.195510,0.976470
22.800000,2.009352,26.534610,13.762448,0.089028,-0.017819,-0.195445,0.976503
22.816667,2.019865,26.559827,13.767465,0.088776,-0.017760,-0.195366,0.976543
22.833333,2.030373,26.585051,13.772457,0.088565,-0.017712,-0.195299,0.976576
22.850000,2.040880,26.610276,13.777449,0.088398,-0.017673,-0.195245,0.976603
22.866667,2.051388,26.635500,13.782442,0.088192,-0.017625,-0.195178,0.976636
22.883333,2.061890,26.660731,13.787412,0.087942,-0.017567,-0.195096,0.976676
22.900000,2.072386,26.685970,13.792357,0.087731,-0.017518,-0.195026,0.976709
22.916667,2.082882,26.711208,13.797302,0.087564,-0.017479,-0.194971,0.976736
22.933333,2.093378,26.736447,13.802247,0.087359,-0.017431,-0.194902,0.976769
22.950000,2.103868,26.761692,13.807171,0.087109,-0.017373,-0.194817,0.976809
22.966667,2.114352,26.786945,13.812069,0.086898,-0.017324,-0.194745,0.976843
22.983333,2.124836,26.812198,13.816967,0.086732,-0.017285,-0.194688,0.976870
23.000000,2.135320,26.837451,13.821865,0.086529,-0.017238,-0.194617,0.976903
23.016667,2.145798,26.862710,13.826742,0.086279,-0.017180,-0.194529,0.976944
23.033333,2.156269,26.887977,13.831594,0.086068,-0.017131,-0.194455,0.976978
23.050000,2.166740,26.913244,13.836445,0.085902,-0.017092,-0.194396,0.977005
23.066667,2.177211,26.938511,13.841296,0.085700,-0.017045,-0.194323,0.977038
23.083333,2.187676,26.963784,13.846127,0.085451,-0.016987,-0.194233,0.977079
23.100000,2.198134,26.989066,13.850931,0.085240,-0.016937,-0.194156,0.977113
23.116667,2.208592,27.014347,13.855736,0.085075,-0.016899,-0.194095,0.977141
23.133333,2.219050,27.039629,13.860541,0.084874,-0.016852,-0.194020,0.977174
23.150000,2.229502,27.064916,13.865325,0.084626,-0.016794,-0.193927,0.977215
23.166667,2.239947,27.090212,13.870083,0.084414,-0.016744,-0.193848,0.977250
23.183333,2.250391,27.115508,13.874841,0.084249,-0.016706,-0.193785,0.977277
23.200000,2.260835,27.140804,13.879599,0.084050,-0.016659,-0.193708,0.977310
23.216667,2.271274,27.166106,13.884337,0.083802,-0.016601,-0.193613,0.977351
23.233333,2.281704,27.191417,13.889049,0.083591,-0.016552,-0.193531,0.977387
23.250000,2.292134,27.216727,13.893760,0.083426,-0.016513,-0.193466,0.977414
23.266667,2.302564,27.242037,13.898472,0.083228,-0.016467,-0.193388,0.977447
23.283333,2.312988,27.267354,13.903164,0.082981,-0.016409,-0.193289,0.977489
23.300000,2.323404,27.292679,13.907829,0.082770,-0.016359,-0.193205,0.977524
23.316667,2.333819,27.318004,13.912494,0.082606,-0.016321,-0.193138,0.977552
23.333333,2.344235,27.343329,13.917159,0.082409,-0.016274,-0.193058,0.977585
23.350000,2.354644,27.368660,13.921805,0.082163,-0.016217,-0.192957,0.977627
23.366667,2.365045,27.394000,13.926424,0.081951,-0.016167,-0.192870,0.977662
23.383333,2.375445,27.419340,13.931043,0.081787,-0.016129,-0.192802,0.977690
23.400000,2.385845,27.444680,13.935662,0.081591,-0.016083,-0.192720,0.977724
23.416667,2.396239,27.470025,13.940262,0.081346,-0.016025,-0.192616,0.977765
23.433333,2.406624,27.495380,13.944835,0.081134,-0.015975,-0.192526,0.977801
23.450000,2.417009,27.520734,13.949407,0.080971,-0.015937,-0.192456,0.977829
23.466667,2.427393,27.546089,13.953980,0.080777,-0.015891,-0.192372,0.977863
23.483333,2.437772,27.571449,13.958535,0.080532,-0.015833,-0.192266,0.977905
23.500000,2.448140,27.596819,13.963061,0.080320,-0.015784,-0.192174,0.977941
23.516667,2.458509,27.622188,13.967588,0.080157,-0.015745,-0.192102,0.977969
23.533333,2.468877,27.647558,13.972115,0.079964,-0.015700,-0.192016,0.978003
23.550000,2.479239,27.672933,13.976623,0.079720,-0.015642,-0.191907,0.978045
23.566667,2.489591,27.698317,13.981104,0.079508,-0.015592,-0.191812,0.978081
23.583333,2.499943,27.723702,13.985585,0.079346,-0.015554,-0.191739,0.978110
23.600000,2.510295,27.749086,13.990066,0.079154,-0.015509,-0.191652,0.978143
23.616667,2.520640,27.774476,13.994529,0.078911,-0.015452,-0.191540,0.978185
23.633333,2.530975,27.799876,13.998964,0.078699,-0.015402,-0.191443,0.978222
23.650000,2.541310,27.825275,14.003399,0.078537,-0.015364,-0.191367,0.978251
23.666667,2.551644,27.850674,14.007834,0.078346,-0.015319,-0.191278,0.978284
23.683333,2.561972,27.876079,14.012252,0.078104,-0.015261,-0.191164,0.978327
23.700000,2.572289,27.901494,14.016642,0.077892,-0.015211,-0.191064,0.978364
23.716667,2.582606,27.926908,14.021031,0.077731,-0.015173,-0.190987,0.978392
23.733333,2.592924,27.952323,14.025420,0.077541,-0.015129,-0.190896,0.978426
23.750000,2.603234,27.977743,14.029793,0.077299,-0.015072,-0.190779,0.978469
23.766667,2.613533,28.003173,14.034137,0.077087,-0.015022,-0.190676,0.978506
23.783333,2.623832,28.028602,14.038481,0.076926,-0.014984,-0.190598,0.978535
23.800000,2.634131,28.054032,14.042825,0.076738,-0.014939,-0.190505,0.978568
23.816667,2.644423,28.079467,14.047153,0.076497,-0.014882,-0.190386,0.978611
23.833333,2.654703,28.104912,14.051451,0.076285,-0.014832,-0.190280,0.978649
23.850000,2.664983,28.130357,14.055749,0.076125,-0.014794,-0.190200,0.978678
23.866667,2.675264,28.155802,14.060048,0.075937,-0.014750,-0.190105,0.978711
23.883333,2.685537,28.181252,14.064331,0.075697,-0.014693,-0.189983,0.978755
23.900000,2.695798,28.206712,14.068584,0.075485,-0.014643,-0.189875,0.978793
23.916667,2.706060,28.232173,14.072837,0.075325,-0.014606,-0.189793,0.978821
23.933333,2.716321,28.257633,14.077090,0.075139,-0.014562,-0.189697,0.978855
23.950000,2.726575,28.283098,14.081328,0.074899,-0.014505,-0.189572,0.978898
23.966667,2.736817,28.308574,14.085536,0.074687,-0.014455,-0.189462,0.978937
23.983333,2.747058,28.334050,14.089744,0.074528,-0.014417,-0.189378,0.978966
24.000000,2.757299,28.359525,14.093952,0.074343,-0.014373,-0.189280,0.978999
24.016667,2.767534,28.385006,14.098145,0.074104,-0.014317,-0.189153,0.979043
24.033333,2.777756,28.410497,14.102308,0.073892,-0.014267,-0.189039,0.979081
24.050000,2.787977,28.435989,14.106471,0.073733,-0.014229,-0.188954,0.979111
24.066667,2.798198,28.461480,14.110634,0.073549,-0.014186,-0.188854,0.979144
24.083333,2.808413,28.486976,14.114783,0.073311,-0.014130,-0.188724,0.979188
24.100000,2.818614,28.512483,14.118901,0.073099,-0.014080,-0.188608,0.979227
24.116667,2.828814,28.537989,14.123019,0.072941,-0.014042,-0.188521,0.979256
24.133333,2.839015,28.563496,14.127137,0.072758,-0.013999,-0.188420,0.979290
24.150000,2.849209,28.589008,14.131241,0.072521,-0.013943,-0.188287,0.979334
24.166667,2.859389,28.614530,14.135314,0.072308,-0.013893,-0.188168,0.979373
24.183333,2.869568,28.640052,14.139387,0.072150,-0.013855,-0.188079,0.979402
24.200000,2.879748,28.665575,14.143461,0.071969,-0.013813,-0.187976,0.979436
24.216667,2.889921,28.691102,14.147520,0.071732,-0.013757,-0.187841,0.979480
24.233333,2.900079,28.716640,14.151549,0.071520,-0.013706,-0.187720,0.979519
24.250000,2.910236,28.742178,14.155578,0.071362,-0.013669,-0.187629,0.979549
24.266667,2.920394,28.767716,14.159606,0.071182,-0.013627,-0.187525,0.979583
24.283333,2.930546,28.793259,14.163622,0.070946,-0.013571,-0.187387,0.979627
24.300000,2.940681,28.818812,14.167606,0.070734,-0.013521,-0.187263,0.979667
24.316667,2.950817,28.844366,14.171590,0.070577,-0.013484,-0.187170,0.979696
24.333333,2.960953,28.869920,14.175574,0.070398,-0.013441,-0.187064,0.979730
24.350000,2.971082,28.895479,14.179545,0.070163,-0.013386,-0.186924,0.979774
24.366667,2.981195,28.921048,14.183485,0.069951,-0.013336,-0.186797,0.979814
24.383333,2.991309,28.946618,14.187425,0.069794,-0.013299,-0.186703,0.979844
24.400000,3.001422,28.972187,14.191364,0.069616,-0.013257,-0.186595,0.979878
24.416667,3.011529,28.997762,14.195292,0.069382,-0.013201,-0.186452,0.979922
24.433333,3.021619,29.023347,14.199187,0.069170,-0.013151,-0.186323,0.979962
24.450000,3.031709,29.048933,14.203083,0.069013,-0.013115,-0.186227,0.979992
24.466667,3.041799,29.074518,14.206978,0.068837,-0.013073,-0.186118,0.980026
24.483333,3.051882,29.100108,14.210862,0.068603,-0.013018,-0.185973,0.980071
24.500000,3.061949,29.125710,14.214713,0.068391,-0.012968,-0.185840,0.980111
24.516667,3.072015,29.151311,14.218564,0.068235,-0.012931,-0.185743,0.980141
24.533333,3.082082,29.176913,14.222415,0.068060,-0.012890,-0.185632,0.980175
24.550000,3.092142,29.202518,14.226255,0.067827,-0.012835,-0.185484,0.980220
24.566667,3.102185,29.228136,14.230063,0.067615,-0.012785,-0.185349,0.980260
24.583333,3.112227,29.253754,14.233870,0.067460,-0.012748,-0.185250,0.980290
24.600000,3.122269,29.279371,14.237677,0.067285,-0.012707,-0.185138,0.980324
24.616667,3.132306,29.304993,14.241473,0.067053,-0.012652,-0.184988,0.980369
24.633333,3.142324,29.330626,14.245237,0.066841,-0.012602,-0.184850,0.980410
24.650000,3.152341,29.356260,14.249000,0.066686,-0.012566,-0.184749,0.980440
24.666667,3.162359,29.381894,14.252764,0.066513,-0.012525,-0.184635,0.980474
24.683333,3.172371,29.407531,14.256516,0.066282,-0.012471,-0.184482,0.980519
24.700000,3.182364,29.433181,14.260236,0.066070,-0.012421,-0.184342,0.980560
24.716667,3.192357,29.458831,14.263956,0.065915,-0.012385,-0.184239,0.980590
24.733333,3.202350,29.484481,14.267676,0.065744,-0.012344,-0.184124,0.980624
24.750000,3.212336,29.510134,14.271385,0.065513,-0.012290,-0.183969,0.980669
24.766667,3.222304,29.535800,14.275061,0.065301,-0.012240,-0.183826,0.980711
24.783333,3.232271,29.561466,14.278737,0.065147,-0.012204,-0.183721,0.980741
24.800000,3.242238,29.587132,14.282413,0.064976,-0.012164,-0.183605,0.980775
24.816667,3.252200,29.612802,14.286079,0.064746,-0.012110,-0.183447,0.980820
24.833333,3.262141,29.638484,14.289712,0.064534,-0.012060,-0.183301,0.980862
24.850000,3.272082,29.664166,14.293345,0.064381,-0.012024,-0.183195,0.980893
24.866667,3.282024,29.689849,14.296977,0.064212,-0.011984,-0.183077,0.980926
24.883333,3.291959,29.715535,14.300600,0.063982,-0.011930,-0.182916,0.980972
24.900000,3.301874,29.741233,14.304190,0.063770,-0.011881,-0.182768,0.981014
24.916667,3.311789,29.766932,14.307779,0.063617,-0.011845,-0.182660,0.981044
24.933333,3.321704,29.792630,14.311369,0.063449,-0.011805,-0.182541,0.981078
24.950000,3.331613,29.818332,14.314949,0.063220,-0.011752,-0.182377,0.981124
24.966667,3.341501,29.844047,14.318495,0.063008,-0.011702,-0.182226,0.981166
24.983333,3.351389,29.869762,14.322041,0.062856,-0.011667,-0.182116,0.981197
25.000000,3.361276,29.895477,14.325587,0.062689,-0.011627,-0.181996,0.981230
25.016667,3.371159,29.921196,14.329124,0.062461,-0.011574,-0.181830,0.981276
25.033333,3.381019,29.946927,14.332627,0.062249,-0.011524,-0.181676,0.981319
25.050000,3.390879,29.972659,14.336131,0.062097,-0.011489,-0.181565,0.981349
25.066667,3.400740,29.998390,14.339634,0.061931,-0.011450,-0.181442,0.981383
25.083333,3.410595,30.024125,14.343128,0.061704,-0.011397,-0.181274,0.981429
25.100000,3.420427,30.049873,14.346588,0.061492,-0.011348,-0.181117,0.981472
25.116667,3.430260,30.075620,14.350049,0.061341,-0.011312,-0.181004,0.981502
25.133333,3.440092,30.101368,14.353509,0.061176,-0.011274,-0.180881,0.981536
25.150000,3.449919,30.127119,14.356961,0.060949,-0.011221,-0.180710,0.981582
25.166667,3.459723,30.152884,14.360378,0.060738,-0.011171,-0.180550,0.981625
25.183333,3.469527,30.178648,14.363795,0.060587,-0.011136,-0.180436,0.981656
25.200000,3.479331,30.204413,14.367213,0.060423,-0.011098,-0.180311,0.981689
25.216667,3.489130,30.230180,14.370623,0.060197,-0.011046,-0.180138,0.981736
25.233333,3.498905,30.255961,14.373997,0.059986,-0.010996,-0.179975,0.981779
25.250000,3.508680,30.281742,14.377372,0.059835,-0.010961,-0.179859,0.981810
25.266667,3.518455,30.307524,14.380747,0.059673,-0.010923,-0.179733,0.981843
25.283333,3.528226,30.333307,14.384114,0.059448,-0.010871,-0.179557,0.981890
25.300000,3.537971,30.359105,14.387446,0.059236,-0.010822,-0.179392,0.981933
25.316667,3.547717,30.384903,14.390778,0.059086,-0.010787,-0.179274,0.981964
25.333333,3.557463,30.410701,14.394111,0.058925,-0.010750,-0.179146,0.981997
25.350000,3.567204,30.436501,14.397436,0.058700,-0.010698,-0.178968,0.982044
25.366667,3.576919,30.462315,14.400726,0.058489,-0.010649,-0.178800,0.982088
25.383333,3.586635,30.488130,14.404015,0.058340,-0.010614,-0.178681,0.982119
25.400000,3.596351,30.513944,14.407305,0.058179,-0.010577,-0.178552,0.982152
25.416667,3.606062,30.539761,14.410588,0.057956,-0.010525,-0.178371,0.982199
25.433333,3.615748,30.565592,14.413836,0.057745,-0.010476,-0.178201,0.982243
25.450000,3.625434,30.591424,14.417084,0.057596,-0.010442,-0.178079,0.982274
25.466667,3.635119,30.617255,14.420331,0.057437,-0.010405,-0.177949,0.982307
25.483333,3.644800,30.643088,14.423573,0.057214,-0.010353,-0.177766,0.982354
25.500000,3.654455,30.668936,14.426778,0.057003,-0.010305,-0.177593,0.982398
25.516667,3.664110,30.694784,14.429984,0.056854,-0.010270,-0.177470,0.982429
25.533333,3.673764,30.720632,14.433189,0.056696,-0.010234,-0.177339,0.982462
25.550000,3.683415,30.746482,14.436389,0.056474,-0.010183,-0.177153,0.982509
25.566667,3.693038,30.772347,14.439552,0.056263,-0.010134,-0.176977,0.982553
25.583333,3.702662,30.798212,14.442716,0.056115,-0.010100,-0.176852,0.982585
25.600000,3.712285,30.824077,14.445879,0.055958,-0.010064,-0.176720,0.982618
25.616667,3.721905,30.849944,14.449037,0.055737,-0.010013,-0.176532,0.982665
25.633333,3.731497,30.875825,14.452159,0.055526,-0.009964,-0.176352,0.982709
25.650000,3.741088,30.901707,14.455281,0.055379,-0.009931,-0.176226,0.982740
25.666667,3.750680,30.927588,14.458402,0.055223,-0.009895,-0.176093,0.982774
25.683333,3.760268,30.953472,14.461519,0.055002,-0.009844,-0.175902,0.982821
25.700000,3.769827,30.979371,14.464599,0.054791,-0.009796,-0.175720,0.982865
25.716667,3.779387,31.005269,14.467679,0.054644,-0.009762,-0.175592,0.982897
25.733333,3.788947,31.031168,14.470759,0.054490,-0.009727,-0.175458,0.982930
25.750000,3.798502,31.057068,14.473835,0.054270,-0.009676,-0.175265,0.982977
25.766667,3.808029,31.082984,14.476873,0.054059,-0.009628,-0.175080,0.983022
25.783333,3.817556,31.108899,14.479912,0.053913,-0.009595,-0.174950,0.983053
25.800000,3.827083,31.134814,14.482950,0.053759,-0.009560,-0.174814,0.983086
25.816667,3.836606,31.160732,14.485984,0.053540,-0.009510,-0.174619,0.983133
25.833333,3.846100,31.186664,14.488981,0.053329,-0.009461,-0.174431,0.983179
25.850000,3.855594,31.212597,14.491978,0.053184,-0.009428,-0.174300,0.983210
25.866667,3.865087,31.238529,14.494976,0.053031,-0.009393,-0.174163,0.983243
25.883333,3.874578,31.264463,14.497969,0.052813,-0.009344,-0.173965,0.983290
25.900000,3.884038,31.290413,14.500925,0.052602,-0.009296,-0.173774,0.983336
25.916667,3.893498,31.316362,14.503880,0.052457,-0.009263,-0.173641,0.983367
25.933333,3.902958,31.342312,14.506836,0.052306,-0.009228,-0.173503,0.983400
25.950000,3.912415,31.368263,14.509789,0.052088,-0.009179,-0.173303,0.983447
25.966667,3.921841,31.394229,14.512703,0.051877,-0.009131,-0.173109,0.983493
25.983333,3.931267,31.420196,14.515618,0.051733,-0.009098,-0.172975,0.983525
26.000000,3.940693,31.446162,14.518533,0.051582,-0.009064,-0.172835,0.983557
26.016667,3.950116,31.472130,14.521444,0.051366,-0.009015,-0.172632,0.983605
26.033333,3.959507,31.498114,14.524318,0.051155,-0.008968,-0.172436,0.983651
26.050000,3.968899,31.524097,14.527192,0.051011,-0.008935,-0.172300,0.983682
26.066667,3.978290,31.550081,14.530066,0.050862,-0.008901,-0.172159,0.983715
26.083333,3.987679,31.576066,14.532936,0.050646,-0.008852,-0.171954,0.983762
26.100000,3.997035,31.602067,14.535769,0.050435,-0.008805,-0.171755,0.983808
26.116667,4.006391,31.628067,14.538602,0.050292,-0.008773,-0.171617,0.983840
26.133333,4.015748,31.654068,14.541435,0.050144,-0.008739,-0.171476,0.983873
26.150000,4.025102,31.680070,14.544266,0.049928,-0.008691,-0.171268,0.983920
26.166667,4.034423,31.706088,14.547058,0.049718,-0.008644,-0.171066,0.983966
26.183333,4.043743,31.732106,14.549850,0.049575,-0.008611,-0.170927,0.983998
26.200000,4.053064,31.758124,14.552643,0.049428,-0.008579,-0.170785,0.984030
26.216667,4.062383,31.784142,14.555433,0.049213,-0.008530,-0.170575,0.984078
26.233333,4.071668,31.810177,14.558184,0.049004,-0.008483,-0.170370,0.984124
26.250000,4.080953,31.836213,14.560936,0.048861,-0.008451,-0.170229,0.984156
26.266667,4.090238,31.862248,14.563688,0.048715,-0.008419,-0.170086,0.984188
26.283333,4.099521,31.888283,14.566438,0.048501,-0.008371,-0.169874,0.984236
26.300000,4.108769,31.914336,14.569149,0.048291,-0.008324,-0.169666,0.984283
26.316667,4.118018,31.940388,14.571861,0.048149,-0.008293,-0.169524,0.984314
26.333333,4.127266,31.966440,14.574572,0.048005,-0.008260,-0.169380,0.984346
26.350000,4.136513,31.992493,14.577282,0.047792,-0.008213,-0.169165,0.984394
26.366667,4.145725,32.018562,14.579953,0.047582,-0.008166,-0.168955,0.984441
26.383333,4.154937,32.044632,14.582624,0.047440,-0.008135,-0.168811,0.984472
26.400000,4.164149,32.070701,14.585295,0.047297,-0.008103,-0.168666,0.984505
26.416667,4.173359,32.096771,14.587965,0.047084,-0.008056,-0.168449,0.984552
26.433333,4.182534,32.122858,14.590596,0.046875,-0.008009,-0.168236,0.984599
26.450000,4.191708,32.148944,14.593227,0.046734,-0.007978,-0.168091,0.984631
26.466667,4.200883,32.175031,14.595859,0.046591,-0.007947,-0.167944,0.984663
26.483333,4.210056,32.201118,14.598489,0.046380,-0.007900,-0.167725,0.984710
26.500000,4.219193,32.227222,14.601080,0.046171,-0.007854,-0.167509,0.984757
26.516667,4.228330,32.253326,14.603671,0.046030,-0.007823,-0.167362,0.984789
26.533333,4.237466,32.279430,14.606262,0.045889,-0.007792,-0.167215,0.984821
26.550000,4.246602,32.305534,14.608853,0.045678,-0.007745,-0.166994,0.984869
26.566667,4.255701,32.331655,14.611404,0.045469,-0.007699,-0.166775,0.984916
26.583333,4.264800,32.357776,14.613955,0.045329,-0.007668,-0.166627,0.984948
26.600000,4.273898,32.383897,14.616507,0.045189,-0.007638,-0.166479,0.984979
26.616667,4.282997,32.410018,14.619058,0.044979,-0.007592,-0.166255,0.985027
26.633333,4.292057,32.436156,14.621570,0.044770,-0.007546,-0.166033,0.985074
26.650000,4.301117,32.462295,14.624081,0.044630,-0.007515,-0.165883,0.985106
26.666667,4.310177,32.488433,14.626593,0.044490,-0.007485,-0.165734,0.985138
26.683333,4.319237,32.514571,14.629105,0.044282,-0.007439,-0.165509,0.985186
26.700000,4.328258,32.540727,14.631577,0.044073,-0.007394,-0.165284,0.985233
26.716667,4.337279,32.566883,14.634050,0.043934,-0.007363,-0.165133,0.985265
26.733333,4.346300,32.593038,14.636522,0.043795,-0.007333,-0.164981,0.985297
26.750000,4.355321,32.619194,14.638994,0.043587,-0.007288,-0.164755,0.985344
26.766667,4.364302,32.645367,14.641427,0.043379,-0.007243,-0.164527,0.985392
26.783333,4.373284,32.671539,14.643860,0.043240,-0.007213,-0.164374,0.985423
26.800000,4.382265,32.697712,14.646293,0.043102,-0.007183,-0.164221,0.985455
26.816667,4.391247,32.723885,14.648726,0.042896,-0.007138,-0.163993,0.985503
26.833333,4.400189,32.750075,14.651121,0.042688,-0.007093,-0.163763,0.985550
26.850000,4.409130,32.776265,14.653514,0.042549,-0.007063,-0.163608,0.985582
26.866667,4.418072,32.802455,14.655908,0.042411,-0.007033,-0.163454,0.985614
26.883333,4.427014,32.828645,14.658302,0.042206,-0.006989,-0.163224,0.985661
26.900000,4.435916,32.854852,14.660658,0.042000,-0.006945,-0.162991,0.985709
26.916667,4.444817,32.881060,14.663012,0.041861,-0.006915,-0.162834,0.985741
26.933333,4.453718,32.907267,14.665367,0.041723,-0.006885,-0.162678,0.985773
26.950000,4.462619,32.933475,14.667722,0.041520,-0.006842,-0.162447,0.985820
26.966667,4.471481,32.959699,14.670039,0.041314,-0.006798,-0.162212,0.985867
26.983333,4.480341,32.985924,14.672355,0.041175,-0.006768,-0.162053,0.985899
27.000000,4.489201,33.012148,14.674671,0.041038,-0.006739,-0.161895,0.985931
27.016667,4.498062,33.038373,14.676986,0.040836,-0.006695,-0.161662,0.985978
27.033333,4.506883,33.064614,14.679265,0.040631,-0.006652,-0.161425,0.986026
27.050000,4.515702,33.090856,14.681542,0.040492,-0.006622,-0.161264,0.986058
27.066667,4.524521,33.117098,14.683819,0.040355,-0.006593,-0.161105,0.986090
27.083333,4.533340,33.143340,14.686096,0.040155,-0.006550,-0.160870,0.986137
27.100000,4.542119,33.169599,14.688337,0.039950,-0.006507,-0.160631,0.986184
27.116667,4.550896,33.195858,14.690575,0.039811,-0.006478,-0.160467,0.986217
27.133333,4.559674,33.222118,14.692814,0.039675,-0.006449,-0.160306,0.986249
27.150000,4.568451,33.248377,14.695052,0.039476,-0.006407,-0.160070,0.986295
27.166667,4.577188,33.274653,14.697255,0.039272,-0.006364,-0.159828,0.986343
27.183333,4.585924,33.300929,14.699455,0.039133,-0.006334,-0.159662,0.986375
27.200000,4.594659,33.327206,14.701655,0.038998,-0.006306,-0.159500,0.986407
27.216667,4.603394,33.353483,14.703855,0.038800,-0.006264,-0.159262,0.986454
27.233333,4.612089,33.379775,14.706019,0.038597,-0.006222,-0.159018,0.986501
27.250000,4.620782,33.406069,14.708181,0.038458,-0.006192,-0.158850,0.986534
27.266667,4.629474,33.432363,14.710343,0.038323,-0.006164,-0.158687,0.986566
27.283333,4.638166,33.458657,14.712505,0.038127,-0.006123,-0.158447,0.986612
27.300000,4.646819,33.484967,14.714632,0.037925,-0.006081,-0.158201,0.986660
27.316667,4.655468,33.511279,14.716755,0.037786,-0.006052,-0.158030,0.986692
27.333333,4.664118,33.537590,14.718879,0.037651,-0.006024,-0.157865,0.986724
27.350000,4.672767,33.563901,14.721003,0.037456,-0.005983,-0.157624,0.986770
27.366667,4.681376,33.590228,14.723092,0.037255,-0.005941,-0.157375,0.986818
27.383333,4.689982,33.616557,14.725178,0.037116,-0.005912,-0.157203,0.986851
27.400000,4.698588,33.642885,14.727263,0.036982,-0.005885,-0.157036,0.986883
27.416667,4.707194,33.669214,14.729349,0.036788,-0.005845,-0.156793,0.986929
27.433333,4.715760,33.695558,14.731401,0.036588,-0.005803,-0.156542,0.986976
27.450000,4.724322,33.721904,14.733449,0.036449,-0.005774,-0.156367,0.987009
27.466667,4.732883,33.748250,14.735497,0.036315,-0.005747,-0.156199,0.987041
27.483333,4.741445,33.774596,14.737545,0.036123,-0.005707,-0.155955,0.987087
27.500000,4.749967,33.800958,14.739559,0.035923,-0.005666,-0.155701,0.987135
27.516667,4.758484,33.827321,14.741569,0.035784,-0.005638,-0.155524,0.987168
27.533333,4.767002,33.853684,14.743580,0.035651,-0.005610,-0.155354,0.987199
27.550000,4.775519,33.880047,14.745590,0.035460,-0.005571,-0.155108,0.987245
27.566667,4.783996,33.906426,14.747567,0.035261,-0.005531,-0.154853,0.987293
27.583333,4.792468,33.932806,14.749540,0.035122,-0.005502,-0.154673,0.987326
27.600000,4.800941,33.959187,14.751513,0.034990,-0.005475,-0.154502,0.987358
27.616667,4.809413,33.985567,14.753486,0.034800,-0.005437,-0.154254,0.987403
27.633333,4.817846,34.011963,14.755426,0.034602,-0.005396,-0.153996,0.987451
27.650000,4.826273,34.038361,14.757361,0.034463,-0.005368,-0.153814,0.987484
27.666667,4.834700,34.064759,14.759297,0.034332,-0.005341,-0.153641,0.987516
27.683333,4.843127,34.091156,14.761232,0.034143,-0.005303,-0.153392,0.987561
27.700000,4.851514,34.117569,14.763135,0.033946,-0.005263,-0.153132,0.987609
27.716667,4.859895,34.143984,14.765034,0.033807,-0.005235,-0.152948,0.987642
27.733333,4.868276,34.170400,14.766932,0.033676,-0.005209,-0.152773,0.987674
27.750000,4.876657,34.196815,14.768831,0.033488,-0.005171,-0.152523,0.987719
27.766667,4.884998,34.223245,14.770697,0.033292,-0.005132,-0.152261,0.987766
27.783333,4.893333,34.249677,14.772558,0.033153,-0.005104,-0.152074,0.987800
27.800000,4.901668,34.276109,14.774420,0.033022,-0.005078,-0.151899,0.987831
27.816667,4.910003,34.302542,14.776281,0.032836,-0.005041,-0.151650,0.987876
27.833333,4.918298,34.328989,14.778111,0.032641,-0.005002,-0.151390,0.987922
27.850000,4.926586,34.355438,14.779936,0.032503,-0.004974,-0.151205,0.987955
27.866667,4.934874,34.381888,14.781760,0.032373,-0.004949,-0.151032,0.987986
27.883333,4.943163,34.408338,14.783585,0.032189,-0.004913,-0.150791,0.988029
27.900000,4.951413,34.434801,14.785378,0.031995,-0.004875,-0.150537,0.988074
27.916667,4.959656,34.461267,14.787166,0.031857,-0.004848,-0.150360,0.988106
27.933333,4.967899,34.487734,14.788954,0.031728,-0.004823,-0.150194,0.988135
27.950000,4.976142,34.514200,14.790742,0.031546,-0.004788,-0.149966,0.988176
27.966667,4.984350,34.540679,14.792500,0.031354,-0.004751,-0.149725,0.988219
27.983333,4.992551,34.567161,14.794252,0.031217,-0.004724,-0.149557,0.988249
28.000000,5.000751,34.593642,14.796004,0.031090,-0.004700,-0.149402,0.988276
28.016667,5.008952,34.620124,14.797756,0.030911,-0.004666,-0.149188,0.988315
28.033333,5.017120,34.646618,14.799478,0.030720,-0.004630,-0.148962,0.988355
28.050000,5.025281,34.673115,14.801194,0.030584,-0.004605,-0.148804,0.988383
28.066667,5.033442,34.699611,14.802910,0.030458,-0.004581,-0.148659,0.988409
28.083333,5.041603,34.726107,14.804626,0.030281,-0.004548,-0.148459,0.988444
28.100000,5.049733,34.752615,14.806313,0.030093,-0.004513,-0.148248,0.988482
28.116667,5.057856,34.779125,14.807994,0.029958,-0.004488,-0.148100,0.988508
28.133333,5.065980,34.805635,14.809675,0.029833,-0.004465,-0.147965,0.988533
28.150000,5.074104,34.832145,14.811355,0.029658,-0.004434,-0.147780,0.988566
28.166667,5.082199,34.858666,14.813007,0.029472,-0.004400,-0.147584,0.988601
28.183333,5.090288,34.885189,14.814653,0.029338,-0.004376,-0.147446,0.988625
28.200000,5.098377,34.911712,14.816299,0.029214,-0.004353,-0.147320,0.988648
28.216667,5.106467,34.938235,14.817945,0.029042,-0.004322,-0.147149,0.988678
28.233333,5.114530,34.964767,14.819562,0.028858,-0.004290,-0.146968,0.988711
28.250000,5.122587,34.991302,14.821174,0.028724,-0.004266,-0.146840,0.988734
28.266667,5.130644,35.017837,14.822785,0.028602,-0.004244,-0.146725,0.988755
28.283333,5.138701,35.044371,14.824396,0.028432,-0.004215,-0.146568,0.988783
28.300000,5.146734,35.070915,14.825980,0.028250,-0.004183,-0.146402,0.988813
28.316667,5.154762,35.097461,14.827557,0.028118,-0.004160,-0.146284,0.988834
28.333333,5.162790,35.124006,14.829134,0.027997,-0.004139,-0.146178,0.988853
28.350000,5.170818,35.150552,14.830711,0.027829,-0.004110,-0.146036,0.988879
28.366667,5.178824,35.177106,14.832261,0.027649,-0.004079,-0.145885,0.988907
28.383333,5.186825,35.203661,14.833804,0.027518,-0.004056,-0.145778,0.988926
28.400000,5.194826,35.230217,14.835347,0.027398,-0.004036,-0.145682,0.988944
28.416667,5.202827,35.256773,14.836890,0.027233,-0.004008,-0.145554,0.988967
28.433333,5.210809,35.283336,14.838407,0.027055,-0.003978,-0.145417,0.988992
28.450000,5.218786,35.309901,14.839917,0.026924,-0.003956,-0.145320,0.989010
28.466667,5.226763,35.336466,14.841427,0.026806,-0.003936,-0.145234,0.989026
28.483333,5.234740,35.363030,14.842936,0.026643,-0.003909,-0.145120,0.989047
28.500000,5.242700,35.389602,14.844420,0.026467,-0.003880,-0.144998,0.989070
28.516667,5.250656,35.416175,14.845897,0.026338,-0.003859,-0.144912,0.989086
28.533333,5.258611,35.442748,14.847374,0.026221,-0.003840,-0.144836,0.989101
28.550000,5.266567,35.469321,14.848850,0.026061,-0.003813,-0.144736,0.989120
28.566667,5.274508,35.495900,14.850302,0.025886,-0.003785,-0.144629,0.989140
28.583333,5.282445,35.522481,14.851746,0.025758,-0.003764,-0.144554,0.989154
28.600000,5.290381,35.549062,14.853190,0.025643,-0.003746,-0.144487,0.989167
28.616667,5.298318,35.575642,14.854634,0.025484,-0.003720,-0.144401,0.989184
28.633333,5.306242,35.602228,14.856054,0.025312,-0.003693,-0.144309,0.989202
28.650000,5.314163,35.628815,14.857466,0.025185,-0.003672,-0.144244,0.989215
28.666667,5.322083,35.655402,14.858877,0.025071,-0.003654,-0.144188,0.989226
28.683333,5.330004,35.681989,14.860289,0.024915,-0.003630,-0.144116,0.989240
28.700000,5.337914,35.708581,14.861677,0.024745,-0.003603,-0.144038,0.989256
28.716667,5.345821,35.735174,14.863057,0.024619,-0.003583,-0.143984,0.989267
28.733333,5.353728,35.761766,14.864437,0.024506,-0.003566,-0.143938,0.989277
28.750000,5.361635,35.788359,14.865817,0.024352,-0.003542,-0.143879,0.989289
28.766667,5.369534,35.814956,14.867173,0.024184,-0.003516,-0.143816,0.989303
28.783333,5.377430,35.841554,14.868522,0.024059,-0.003496,-0.143773,0.989312
28.800000,5.385326,35.868151,14.869871,0.023947,-0.003479,-0.143736,0.989320
28.816667,5.393222,35.894749,14.871219,0.023796,-0.003456,-0.143692,0.989330
28.833333,5.401112,35.921350,14.872545,0.023629,-0.003431,-0.143644,0.989341
28.850000,5.409000,35.947951,14.873862,0.023505,-0.003412,-0.143611,0.989349
28.866667,5.416888,35.974553,14.875179,0.023394,-0.003395,-0.143584,0.989356
28.883333,5.424775,36.001155,14.876497,0.023245,-0.003373,-0.143553,0.989364
28.900000,5.432659,36.027759,14.877792,0.023080,-0.003348,-0.143520,0.989373
28.916667,5.440541,36.054364,14.879078,0.022957,-0.003330,-0.143499,0.989379
28.933333,5.448423,36.080969,14.880365,0.022848,-0.003313,-0.143481,0.989384
28.950000,5.456306,36.107574,14.881651,0.022700,-0.003292,-0.143463,0.989390
28.966667,5.464186,36.134180,14.882916,0.022537,-0.003268,-0.143445,0.989396
28.983333,5.472065,36.160787,14.884172,0.022414,-0.003249,-0.143435,0.989401
29.000000,5.479944,36.187395,14.885428,0.022307,-0.003234,-0.143427,0.989404
29.016667,5.487823,36.214002,14.886684,0.022161,-0.003212,-0.143423,0.989408
29.033333,5.495702,36.240610,14.887919,0.022000,-0.003189,-0.143419,0.989412
29.050000,5.503581,36.267219,14.889145,0.021878,-0.003171,-0.143420,0.989415
29.066667,5.511460,36.293828,14.890371,0.021771,-0.003156,-0.143422,0.989417
29.083333,5.519339,36.320436,14.891597,0.021628,-0.003135,-0.143431,0.989419
29.100000,5.527219,36.347046,14.892802,0.021468,-0.003112,-0.143442,0.989421
29.116667,5.535100,36.373655,14.893998,0.021347,-0.003095,-0.143454,0.989422
29.133333,5.542981,36.400264,14.895194,0.021242,-0.003080,-0.143466,0.989422
29.150000,5.550863,36.426874,14.896391,0.021100,-0.003060,-0.143488,0.989422
29.166667,5.558747,36.453483,14.897566,0.020943,-0.003038,-0.143514,0.989422
29.183333,5.566633,36.480093,14.898733,0.020822,-0.003021,-0.143537,0.989421
29.200000,5.574519,36.506702,14.899900,0.020718,-0.003006,-0.143559,0.989420
29.216667,5.582405,36.533311,14.901067,0.020578,-0.002987,-0.143594,0.989418
29.233333,5.590296,36.559920,14.902213,0.020423,-0.002965,-0.143635,0.989416
29.250000,5.598190,36.586528,14.903351,0.020303,-0.002948,-0.143669,0.989413
29.266667,5.606084,36.613136,14.904489,0.020200,-0.002934,-0.143701,0.989411
29.283333,5.613977,36.639745,14.905626,0.020063,-0.002915,-0.143749,0.989406
29.300000,5.621878,36.666352,14.906744,0.019908,-0.002894,-0.143804,0.989402
29.316667,5.629781,36.692958,14.907853,0.019790,-0.002877,-0.143850,0.989397
29.333333,5.637685,36.719565,14.908962,0.019688,-0.002863,-0.143892,0.989393
29.350000,5.645589,36.746171,14.910071,0.019553,-0.002845,-0.143953,0.989387
29.366667,5.653501,36.772776,14.911160,0.019400,-0.002824,-0.144023,0.989380
29.383333,5.661418,36.799380,14.912241,0.019283,-0.002808,-0.144080,0.989374
29.400000,5.669334,36.825984,14.913321,0.019182,-0.002794,-0.144132,0.989369
29.416667,5.677251,36.852588,14.914402,0.019048,-0.002776,-0.144206,0.989361
29.433333,5.685178,36.879189,14.915463,0.018898,-0.002756,-0.144290,0.989351
29.450000,5.693110,36.905790,14.916516,0.018781,-0.002740,-0.144359,0.989343
29.466667,5.701042,36.932390,14.917568,0.018682,-0.002727,-0.144421,0.989336
29.483333,5.708974,36.958990,14.918620,0.018550,-0.002710,-0.144507,0.989326
29.500000,5.716918,36.985588,14.919654,0.018401,-0.002690,-0.144607,0.989314
29.516667,5.724868,37.012184,14.920679,0.018286,-0.002674,-0.144687,0.989305
29.533333,5.732818,37.038780,14.921703,0.018187,-0.002661,-0.144759,0.989296
29.550000,5.740768,37.065376,14.922728,0.018057,-0.002644,-0.144858,0.989284
29.566667,5.748731,37.091969,14.923734,0.017910,-0.002625,-0.144972,0.989270
29.583333,5.756702,37.118560,14.924731,0.017796,-0.002610,-0.145064,0.989259
29.600000,5.764673,37.145151,14.925728,0.017698,-0.002597,-0.145145,0.989249
29.616667,5.772643,37.171742,14.926725,0.017571,-0.002580,-0.145257,0.989235
29.633333,5.780629,37.198329,14.927705,0.017425,-0.002561,-0.145386,0.989218
29.650000,5.788623,37.224914,14.928675,0.017312,-0.002546,-0.145490,0.989205
29.666667,5.796617,37.251499,14.929645,0.017216,-0.002534,-0.145581,0.989193
29.683333,5.804611,37.278084,14.930615,0.017090,-0.002517,-0.145705,0.989177
29.700000,5.812622,37.304664,14.931568,0.016946,-0.002499,-0.145849,0.989158
29.716667,5.820642,37.331242,14.932511,0.016833,-0.002484,-0.145966,0.989143
29.733333,5.828662,37.357820,14.933454,0.016738,-0.002472,-0.146067,0.989130
29.750000,5.836682,37.384398,14.934397,0.016614,-0.002456,-0.146204,0.989112
29.766667,5.844720,37.410972,14.935324,0.016472,-0.002437,-0.146363,0.989091
29.783333,5.852769,37.437542,14.936240,0.016360,-0.002423,-0.146492,0.989074
29.800000,5.860818,37.464112,14.937157,0.016266,-0.002411,-0.146603,0.989059
29.816667,5.868866,37.490683,14.938073,0.016144,-0.002395,-0.146753,0.989039
29.833333,5.876935,37.517248,14.938974,0.016003,-0.002377,-0.146927,0.989015
29.850000,5.885015,37.543809,14.939864,0.015892,-0.002363,-0.147069,0.988996
29.866667,5.893095,37.570371,14.940755,0.015799,-0.002351,-0.147190,0.988979
29.883333,5.901175,37.596933,14.941645,0.015679,-0.002336,-0.147353,0.988957
29.900000,5.909276,37.623489,14.942520,0.015540,-0.002318,-0.147542,0.988931
29.916667,5.917391,37.650041,14.943384,0.015430,-0.002304,-0.147696,0.988910
29.933333,5.925505,37.676593,14.944249,0.015338,-0.002293,-0.147828,0.988892
29.950000,5.933619,37.703145,14.945113,0.015219,-0.002278,-0.148003,0.988867
29.966667,5.941756,37.729691,14.945962,0.015081,-0.002260,-0.148208,0.988839
29.983333,5.949907,37.756232,14.946801,0.014972,-0.002247,-0.148375,0.988815
30.000000,5.958058,37.782774,14.947640,0.014881,-0.002235,-0.148516,0.988795
30.016667,5.966210,37.809316,14.948479,0.014764,-0.002220,-0.148704,0.988769
30.033333,5.974384,37.835851,14.949303,0.014628,-0.002203,-0.148924,0.988738
30.050000,5.982575,37.862381,14.950116,0.014520,-0.002190,-0.149103,0.988713
30.066667,5.990766,37.888911,14.950930,0.014430,-0.002178,-0.149255,0.988691
30.083333,5.998957,37.915441,14.951743,0.014315,-0.002164,-0.149455,0.988662
30.100000,6.007172,37.941964,14.952542,0.014180,-0.002147,-0.149691,0.988629
30.116667,6.015405,37.968482,14.953331,0.014073,-0.002134,-0.149883,0.988601
30.133333,6.023638,37.995000,14.954119,0.013984,-0.002122,-0.150045,0.988578
30.150000,6.031871,38.021518,14.954908,0.013870,-0.002108,-0.150258,0.988547
30.166667,6.040130,38.048028,14.955682,0.013737,-0.002092,-0.150508,0.988511
30.183333,6.048409,38.074533,14.956446,0.013631,-0.002078,-0.150713,0.988481
30.200000,6.056687,38.101037,14.957210,0.013543,-0.002067,-0.150886,0.988456
30.216667,6.064965,38.127542,14.957973,0.013431,-0.002053,-0.151110,0.988424
30.233333,6.073270,38.154039,14.958723,0.013300,-0.002037,-0.151376,0.988385
30.250000,6.081596,38.180529,14.959462,0.013194,-0.002024,-0.151594,0.988353
30.266667,6.089922,38.207019,14.960202,0.013107,-0.002013,-0.151777,0.988326
30.283333,6.098247,38.233510,14.960941,0.012997,-0.001999,-0.152014,0.988291
30.300000,6.106601,38.259992,14.961667,0.012867,-0.001983,-0.152295,0.988249
30.316667,6.114978,38.286467,14.962382,0.012763,-0.001970,-0.152526,0.988215
30.333333,6.123354,38.312942,14.963097,0.012677,-0.001959,-0.152719,0.988186
30.350000,6.131730,38.339417,14.963812,0.012568,-0.001946,-0.152968,0.988149
30.366667,6.140135,38.365883,14.964514,0.012440,-0.001930,-0.153264,0.988105
30.383333,6.148565,38.392342,14.965206,0.012336,-0.001917,-0.153508,0.988069
30.400000,6.156994,38.418801,14.965897,0.012252,-0.001906,-0.153711,0.988038
30.416667,6.165423,38.445260,14.966588,0.012144,-0.001893,-0.153972,0.987999
30.433333,6.173883,38.471709,14.967267,0.012018,-0.001877,-0.154284,0.987952
30.450000,6.182368,38.498151,14.967934,0.011915,-0.001864,-0.154541,0.987913
30.466667,6.190853,38.524593,14.968602,0.011831,-0.001853,-0.154754,0.987880
30.483333,6.199338,38.551035,14.969270,0.011726,-0.001840,-0.155027,0.987839
30.500000,6.207854,38.577467,14.969925,0.011601,-0.001825,-0.155354,0.987789
30.516667,6.216398,38.603890,14.970569,0.011499,-0.001812,-0.155624,0.987748
30.533333,6.224941,38.630313,14.971214,0.011417,-0.001801,-0.155847,0.987714
30.550000,6.233485,38.656737,14.971858,0.011313,-0.001788,-0.156132,0.987670
30.566667,6.242060,38.683150,14.972491,0.011189,-0.001773,-0.156475,0.987617
30.583333,6.250665,38.709554,14.973112,0.011088,-0.001760,-0.156759,0.987573
30.600000,6.259270,38.735958,14.973733,0.011007,-0.001750,-0.156993,0.987537
30.616667,6.267874,38.762363,14.974355,0.010905,-0.001737,-0.157290,0.987491
30.633333,6.276512,38.788756,14.974965,0.010783,-0.001722,-0.157649,0.987435
30.650000,6.285181,38.815140,14.975563,0.010683,-0.001709,-0.157947,0.987388
30.666667,6.293849,38.841524,14.976162,0.010602,-0.001699,-0.158192,0.987350
30.683333,6.302518,38.867907,14.976761,0.010501,-0.001686,-0.158502,0.987301
30.700000,6.311221,38.894280,14.977348,0.010381,-0.001671,-0.158877,0.987242
30.716667,6.319956,38.920642,14.977924,0.010282,-0.001658,-0.159190,0.987193
30.733333,6.328692,38.947004,14.978501,0.010202,-0.001648,-0.159445,0.987153
30.750000,6.337427,38.973367,14.979077,0.010103,-0.001635,-0.159768,0.987102
30.766667,6.346198,38.999717,14.979642,0.009984,-0.001620,-0.160160,0.987039
30.783333,6.355003,39.026057,14.980196,0.009886,-0.001607,-0.160487,0.986987
30.800000,6.363808,39.052396,14.980750,0.009807,-0.001597,-0.160754,0.986944
30.816667,6.372614,39.078735,14.981304,0.009710,-0.001585,-0.161089,0.986891
30.833333,6.381455,39.105063,14.981848,0.009593,-0.001570,-0.161497,0.986825
30.850000,6.390333,39.131378,14.982380,0.009495,-0.001557,-0.161840,0.986770
30.866667,6.399211,39.157694,14.982912,0.009417,-0.001547,-0.162118,0.986725
30.883333,6.408089,39.184009,14.983444,0.009321,-0.001535,-0.162466,0.986669
30.900000,6.417004,39.210313,14.983966,0.009206,-0.001520,-0.162890,0.986600
30.916667,6.425957,39.236603,14.984477,0.009109,-0.001507,-0.163248,0.986542
30.933333,6.434911,39.262893,14.984987,0.009032,-0.001497,-0.163537,0.986495
30.950000,6.443865,39.289183,14.985498,0.008938,-0.001485,-0.163897,0.986436
30.966667,6.452856,39.315461,14.985998,0.008823,-0.001470,-0.164338,0.986363
30.983333,6.461888,39.341725,14.986487,0.008728,-0.001458,-0.164711,0.986302
31.000000,6.470920,39.367988,14.986977,0.008652,-0.001448,-0.165011,0.986253
31.016667,6.479952,39.394252,14.987466,0.008559,-0.001435,-0.165383,0.986191
31.033333,6.489022,39.420503,14.987945,0.008446,-0.001420,-0.165841,0.986115
31.050000,6.498136,39.446739,14.988414,0.008352,-0.001408,-0.166229,0.986051
31.066667,6.507249,39.472975,14.988882,0.008277,-0.001398,-0.166540,0.985999
31.083333,6.516363,39.499211,14.989350,0.008185,-0.001386,-0.166925,0.985935
31.100000,6.525515,39.525434,14.989809,0.008074,-0.001371,-0.167399,0.985855
31.116667,6.534713,39.551641,14.990256,0.007980,-0.001358,-0.167802,0.985787
31.133333,6.543910,39.577848,14.990703,0.007906,-0.001348,-0.168124,0.985733
31.150000,6.553108,39.604055,14.991151,0.007817,-0.001336,-0.168521,0.985666
31.166667,6.562345,39.630248,14.991589,0.007707,-0.001322,-0.169012,0.985583
31.183333,6.571630,39.656425,14.992016,0.007614,-0.001309,-0.169430,0.985512
31.200000,6.580915,39.682601,14.992442,0.007541,-0.001299,-0.169763,0.985455
31.216667,6.590199,39.708778,14.992869,0.007453,-0.001287,-0.170172,0.985385
31.233333,6.599524,39.734941,14.993287,0.007344,-0.001272,-0.170680,0.985298
31.250000,6.608899,39.761086,14.993694,0.007252,-0.001260,-0.171113,0.985224
31.266667,6.618273,39.787230,14.994100,0.007180,-0.001250,-0.171457,0.985165
31.283333,6.627648,39.813375,14.994507,0.007093,-0.001238,-0.171878,0.985092
31.300000,6.637063,39.839506,14.994905,0.006986,-0.001223,-0.172402,0.985001
31.316667,6.646530,39.865618,14.995291,0.006895,-0.001210,-0.172851,0.984923
31.333333,6.655998,39.891729,14.995678,0.006825,-0.001200,-0.173206,0.984861
31.350000,6.665465,39.917841,14.996064,0.006739,-0.001188,-0.173639,0.984786
31.366667,6.674974,39.943938,14.996443,0.006634,-0.001173,-0.174179,0.984691
31.383333,6.684537,39.970015,14.996809,0.006544,-0.001161,-0.174644,0.984609
31.400000,6.694100,39.996092,14.997176,0.006474,-0.001151,-0.175010,0.984545
31.416667,6.703663,40.022170,14.997543,0.006390,-0.001139,-0.175454,0.984466
31.433333,6.713267,40.048232,14.997902,0.006286,-0.001124,-0.176011,0.984367
31.450000,6.722928,40.074273,14.998249,0.006197,-0.001111,-0.176492,0.984282
31.466667,6.732590,40.100314,14.998597,0.006128,-0.001101,-0.176869,0.984215
31.483333,6.742251,40.126355,14.998944,0.006046,-0.001089,-0.177325,0.984133
31.500000,6.751954,40.152381,14.999284,0.005943,-0.001074,-0.177900,0.984030
31.516667,6.761716,40.178384,14.999612,0.005855,-0.001062,-0.178397,0.983941
31.533333,6.771479,40.204388,14.999940,0.005787,-0.001052,-0.178785,0.983871
31.550000,6.781242,40.230392,15.000268,0.005706,-0.001040,-0.179254,0.983786
31.566667,6.791046,40.256380,15.000589,0.005605,-0.001025,-0.179846,0.983678
31.583333,6.800913,40.282344,15.000898,0.005518,-0.001012,-0.180360,0.983585
31.600000,6.810780,40.308308,15.001208,0.005451,-0.001002,-0.180761,0.983511
31.616667,6.820647,40.334273,15.001517,0.005372,-0.000990,-0.181242,0.983423
31.633333,6.830557,40.360221,15.001819,0.005272,-0.000975,-0.181853,0.983311
31.650000,6.840531,40.386145,15.002110,0.005186,-0.000962,-0.182384,0.983213
31.666667,6.850506,40.412068,15.002400,0.005120,-0.000952,-0.182797,0.983137
31.683333,6.860480,40.437992,15.002691,0.005043,-0.000940,-0.183291,0.983045
31.700000,6.870497,40.463899,15.002975,0.004945,-0.000925,-0.183920,0.982928
31.716667,6.880582,40.489780,15.003247,0.004860,-0.000912,-0.184469,0.982826
31.733333,6.890667,40.515661,15.003519,0.004795,-0.000902,-0.184894,0.982746
31.750000,6.900752,40.541542,15.003792,0.004718,-0.000890,-0.185401,0.982651
31.766667,6.910879,40.567406,15.004057,0.004622,-0.000875,-0.186048,0.982529
31.783333,6.921078,40.593243,15.004311,0.004538,-0.000862,-0.186614,0.982422
31.800000,6.931276,40.619080,15.004566,0.004474,-0.000852,-0.187052,0.982340
31.816667,6.941475,40.644916,15.004820,0.004399,-0.000840,-0.187570,0.982241
31.833333,6.951716,40.670736,15.005068,0.004304,-0.000825,-0.188236,0.982114
31.850000,6.962031,40.696526,15.005304,0.004221,-0.000812,-0.188820,0.982002
31.866667,6.972346,40.722317,15.005541,0.004158,-0.000802,-0.189270,0.981916
31.883333,6.982661,40.748107,15.005777,0.004085,-0.000790,-0.189801,0.981814
31.900000,6.993019,40.773881,15.006007,0.003991,-0.000774,-0.190484,0.981682
31.916667,7.003454,40.799623,15.006226,0.003910,-0.000761,-0.191086,0.981565
31.933333,7.013889,40.825365,15.006445,0.003848,-0.000751,-0.191548,0.981475
31.950000,7.024323,40.851108,15.006664,0.003776,-0.000739,-0.192091,0.981370
31.966667,7.034801,40.876833,15.006877,0.003684,-0.000724,-0.192793,0.981232
31.983333,7.045358,40.902525,15.007079,0.003603,-0.000710,-0.193413,0.981111
32.000000,7.055916,40.928218,15.007280,0.003542,-0.000700,-0.193887,0.981017
32.016667,7.066473,40.953910,15.007482,0.003472,-0.000688,-0.194442,0.980908
32.033333,7.077073,40.979585,15.007678,0.003381,-0.000673,-0.195162,0.980765
32.050000,7.087756,41.005226,15.007863,0.003302,-0.000659,-0.195800,0.980638
32.066667,7.098439,41.030867,15.008047,0.003242,-0.000649,-0.196286,0.980541
32.083333,7.109122,41.056507,15.008232,0.003173,-0.000637,-0.196853,0.980428
32.100000,7.119848,41.082130,15.008411,0.003084,-0.000622,-0.197591,0.980279
32.116667,7.130659,41.107717,15.008579,0.003005,-0.000608,-0.198247,0.980147
32.133333,7.141471,41.133304,15.008747,0.002946,-0.000597,-0.198746,0.980047
32.150000,7.152282,41.158891,15.008915,0.002879,-0.000586,-0.199324,0.979929
32.166667,7.163136,41.184460,15.009078,0.002791,-0.000570,-0.200081,0.979775
32.183333,7.174079,41.209991,15.009230,0.002714,-0.000556,-0.200755,0.979638
32.200000,7.185022,41.235522,15.009381,0.002656,-0.000546,-0.201265,0.979533
32.216667,7.195965,41.261053,15.009533,0.002590,-0.000534,-0.201856,0.979412
32.233333,7.206950,41.286566,15.009679,0.002504,-0.000518,-0.202630,0.979252
32.250000,7.218028,41.312039,15.009815,0.002427,-0.000504,-0.203323,0.979109
32.266667,7.229105,41.337512,15.009950,0.002371,-0.000494,-0.203845,0.979000
32.283333,7.240183,41.362985,15.010086,0.002306,-0.000482,-0.204447,0.978875
32.300000,7.251302,41.388439,15.010216,0.002221,-0.000466,-0.205239,0.978709
32.316667,7.262517,41.413852,15.010336,0.002146,-0.000452,-0.205951,0.978560
32.333333,7.273732,41.439265,15.010455,0.002090,-0.000441,-0.206485,0.978447
32.350000,7.284947,41.464678,15.010575,0.002027,-0.000429,-0.207099,0.978318
32.366667,7.296203,41.490073,15.010690,0.001944,-0.000413,-0.207909,0.978146
32.383333,7.307558,41.515424,15.010794,0.001870,-0.000399,-0.208640,0.977991
32.400000,7.318913,41.540774,15.010898,0.001816,-0.000388,-0.209186,0.977874
32.416667,7.330268,41.566125,15.011002,0.001754,-0.000376,-0.209812,0.977740
32.433333,7.341664,41.591457,15.011101,0.001673,-0.000360,-0.210641,0.977562
32.450000,7.353162,41.616743,15.011190,0.001600,-0.000346,-0.211391,0.977400
32.466667,7.364661,41.642029,15.011279,0.001546,-0.000335,-0.211950,0.977279
32.483333,7.376159,41.667315,15.011367,0.001486,-0.000323,-0.212587,0.977141
32.500000,7.387698,41.692583,15.011452,0.001406,-0.000307,-0.213436,0.976956
32.516667,7.399342,41.717802,15.011525,0.001335,-0.000293,-0.214206,0.976788
32.533333,7.410987,41.743021,15.011599,0.001282,-0.000282,-0.214778,0.976662
32.550000,7.422631,41.768240,15.011673,0.001223,-0.000270,-0.215427,0.976519
32.566667,7.434316,41.793441,15.011743,0.001146,-0.000254,-0.216296,0.976327
32.583333,7.446110,41.818591,15.011801,0.001075,-0.000239,-0.217085,0.976152
32.600000,7.457904,41.843740,15.011860,0.001024,-0.000228,-0.217670,0.976022
32.616667,7.469698,41.868890,15.011919,0.000967,-0.000216,-0.218331,0.975874
32.633333,7.481531,41.894021,15.011975,0.000891,-0.000200,-0.219219,0.975675
32.650000,7.493477,41.919099,15.012019,0.000822,-0.000185,-0.220029,0.975493
32.666667,7.505423,41.944176,15.012064,0.000772,-0.000175,-0.220627,0.975358
32.683333,7.517369,41.969254,15.012108,0.000716,-0.000162,-0.221299,0.975206
32.700000,7.529354,41.994313,15.012149,0.000641,-0.000146,-0.222206,0.974999
32.716667,7.541456,42.019316,15.012180,0.000574,-0.000131,-0.223036,0.974810
32.733333,7.553557,42.044320,15.012210,0.000525,-0.000120,-0.223647,0.974670
32.750000,7.565658,42.069323,15.012241,0.000470,-0.000108,-0.224331,0.974513
32.766667,7.577798,42.094307,15.012268,0.000398,-0.000092,-0.225258,0.974299
32.783333,7.590058,42.119233,15.012285,0.000331,-0.000077,-0.226108,0.974102
32.800000,7.602317,42.144159,15.012302,0.000283,-0.000066,-0.226732,0.973957
32.816667,7.614577,42.169085,15.012318,0.000230,-0.000054,-0.227428,0.973795
32.833333,7.626874,42.193993,15.012332,0.000160,-0.000037,-0.228373,0.973574
32.850000,7.639294,42.218839,15.012335,0.000094,-0.000022,-0.229244,0.973369
32.866667,7.651715,42.243685,15.012338,0.000048,-0.000011,-0.229881,0.973219
32.883333,7.664136,42.268531,15.012342,-0.000004,0.000001,-0.230588,0.973052
32.900000,7.676593,42.293359,15.012342,-0.000073,0.000017,-0.231553,0.972822
32.916667,7.689178,42.318123,15.012332,-0.000137,0.000033,-0.232445,0.972610
32.933333,7.701763,42.342886,15.012322,-0.000182,0.000044,-0.233094,0.972454
32.950000,7.714347,42.367649,15.012312,-0.000232,0.000056,-0.233812,0.972282
32.966667,7.726968,42.392395,15.012299,-0.000300,0.000072,-0.234796,0.972045
32.983333,7.739719,42.417073,15.012277,-0.000362,0.000088,-0.235709,0.971824
33.000000,7.752471,42.441751,15.012254,-0.000407,0.000099,-0.236372,0.971663
33.016667,7.765223,42.466429,15.012231,-0.000455,0.000111,-0.237100,0.971485
33.033333,7.778009,42.491089,15.012206,-0.000521,0.000128,-0.238104,0.971240
33.050000,7.790930,42.515678,15.012170,-0.000582,0.000143,-0.239037,0.971010
33.066667,7.803851,42.540268,15.012135,-0.000625,0.000154,-0.239713,0.970844
33.083333,7.816772,42.564857,15.012100,-0.000672,0.000167,-0.240452,0.970661
33.100000,7.829727,42.589429,15.012062,-0.000736,0.000183,-0.241475,0.970407
33.116667,7.842821,42.613927,15.012014,-0.000796,0.000199,-0.242429,0.970169
33.133333,7.855915,42.638425,15.011967,-0.000838,0.000210,-0.243117,0.969997
33.150000,7.869008,42.662923,15.011919,-0.000884,0.000222,-0.243867,0.969808
33.166667,7.882134,42.687404,15.011869,-0.000946,0.000239,-0.244909,0.969546
33.183333,7.895403,42.711808,15.011809,-0.001004,0.000255,-0.245884,0.969299
33.200000,7.908672,42.736211,15.011750,-0.001045,0.000266,-0.246585,0.969120
33.216667,7.921941,42.760615,15.011690,-0.001090,0.000278,-0.247346,0.968927
33.233333,7.935241,42.785002,15.011629,-0.001150,0.000295,-0.248406,0.968655
33.250000,7.948687,42.809308,15.011557,-0.001207,0.000311,-0.249402,0.968399
33.266667,7.962134,42.833614,15.011486,-0.001247,0.000322,-0.250116,0.968215
33.283333,7.975580,42.857920,15.011415,-0.001289,0.000334,-0.250886,0.968016
33.300000,7.989057,42.882210,15.011342,-0.001348,0.000351,-0.251965,0.967735
33.316667,8.002683,42.906415,15.011259,-0.001403,0.000367,-0.252981,0.967470
33.333333,8.016310,42.930621,15.011177,-0.001442,0.000378,-0.253707,0.967280
33.350000,8.029937,42.954826,15.011094,-0.001483,0.000390,-0.254486,0.967075
33.366667,8.043592,42.979016,15.011010,-0.001540,0.000407,-0.255583,0.966786
33.383333,8.057402,43.003117,15.010916,-0.001593,0.000423,-0.256620,0.966511
33.400000,8.071211,43.027219,15.010823,-0.001630,0.000434,-0.257358,0.966315
33.416667,8.085021,43.051321,15.010729,-0.001670,0.000446,-0.258146,0.966104
33.433333,8.098857,43.075407,15.010634,-0.001725,0.000463,-0.259261,0.965806
33.450000,8.112852,43.099402,15.010530,-0.001777,0.000479,-0.260319,0.965521
33.466667,8.126846,43.123396,15.010426,-0.001813,0.000490,-0.261068,0.965319
33.483333,8.140841,43.147391,15.010322,-0.001851,0.000502,-0.261866,0.965102
33.500000,8.154861,43.171371,15.010216,-0.001903,0.000519,-0.262999,0.964794
33.516667,8.169043,43.195255,15.010102,-0.001954,0.000535,-0.264077,0.964499
33.533333,8.183225,43.219140,15.009988,-0.001988,0.000546,-0.264839,0.964291
33.550000,8.197407,43.243024,15.009873,-0.002025,0.000558,-0.265645,0.964069
33.566667,8.211612,43.266894,15.009758,-0.002076,0.000575,-0.266796,0.963751
33.583333,8.225984,43.290665,15.009633,-0.002124,0.000591,-0.267896,0.963445
33.600000,8.240356,43.314436,15.009509,-0.002157,0.000602,-0.268669,0.963230
33.616667,8.254727,43.338206,15.009385,-0.002192,0.000613,-0.269484,0.963002
33.633333,8.269121,43.361964,15.009259,-0.002241,0.000630,-0.270653,0.962674
33.650000,8.283685,43.385617,15.009126,-0.002288,0.000646,-0.271774,0.962358
33.666667,8.298248,43.409271,15.008992,-0.002320,0.000657,-0.272559,0.962136
33.683333,8.312812,43.432924,15.008858,-0.002353,0.000669,-0.273383,0.961902
33.700000,8.327396,43.456565,15.008723,-0.002400,0.000685,-0.274570,0.961564
33.716667,8.342153,43.480098,15.008580,-0.002446,0.000701,-0.275712,0.961237
33.733333,8.356911,43.503631,15.008437,-0.002476,0.000712,-0.276510,0.961008
33.750000,8.371669,43.527164,15.008294,-0.002508,0.000724,-0.277342,0.960768
33.766667,8.386445,43.550685,15.008150,-0.002553,0.000740,-0.278547,0.960419
33.783333,8.401399,43.574093,15.007998,-0.002597,0.000756,-0.279710,0.960081
33.800000,8.416353,43.597502,15.007846,-0.002626,0.000767,-0.280520,0.959844
33.816667,8.431307,43.620910,15.007694,-0.002656,0.000779,-0.281361,0.959598
33.833333,8.446278,43.644308,15.007541,-0.002699,0.000795,-0.282584,0.959238
33.850000,8.461431,43.667588,15.007381,-0.002741,0.000811,-0.283768,0.958889
33.866667,8.476583,43.690869,15.007221,-0.002769,0.000822,-0.284590,0.958645
33.883333,8.491735,43.714149,15.007060,-0.002798,0.000833,-0.285439,0.958392
33.900000,8.506903,43.737420,15.006899,-0.002839,0.000850,-0.286680,0.958022
33.916667,8.522256,43.760569,15.006730,-0.002879,0.000865,-0.287886,0.957660
33.933333,8.537609,43.783718,15.006562,-0.002906,0.000876,-0.288719,0.957409
33.950000,8.552962,43.806866,15.006393,-0.002933,0.000887,-0.289575,0.957150
33.966667,8.568328,43.830006,15.006224,-0.002972,0.000903,-0.290834,0.956769
33.983333,8.583877,43.853009,15.006048,-0.003010,0.000919,-0.292061,0.956395
34.000000,8.599425,43.876013,15.005872,-0.003036,0.000930,-0.292906,0.956136
34.016667,8.614974,43.899016,15.005695,-0.003062,0.000941,-0.293767,0.955872
34.033333,8.630534,43.922012,15.005518,-0.003099,0.000957,-0.295043,0.955478
34.050000,8.646267,43.944847,15.005335,-0.003135,0.000973,-0.296291,0.955092
34.066667,8.662000,43.967682,15.005151,-0.003159,0.000983,-0.297148,0.954826
34.083333,8.677733,43.990517,15.004968,-0.003183,0.000994,-0.298010,0.954557
34.100000,8.693474,44.013347,15.004784,-0.003219,0.001010,-0.299302,0.954152
34.116667,8.709380,44.035992,15.004594,-0.003253,0.001025,-0.300572,0.953753
34.133333,8.725286,44.058637,15.004404,-0.003276,0.001036,-0.301439,0.953479
34.150000,8.741192,44.081282,15.004213,-0.003298,0.001046,-0.302307,0.953204
34.166667,8.757101,44.103925,15.004023,-0.003331,0.001062,-0.303604,0.952792
34.183333,8.773168,44.126360,15.003827,-0.003364,0.001077,-0.304896,0.952379
34.200000,8.789235,44.148794,15.003630,-0.003385,0.001087,-0.305771,0.952098
34.216667,8.805302,44.171229,15.003434,-0.003407,0.001098,-0.306648,0.951816
34.233333,8.821368,44.193663,15.003238,-0.003437,0.001112,-0.307937,0.951400
34.250000,8.837637,44.215951,15.003035,-0.003468,0.001128,-0.309253,0.950973
34.266667,8.853852,44.238156,15.002833,-0.003488,0.001138,-0.310136,0.950685
34.283333,8.870068,44.260360,15.002631,-0.003508,0.001148,-0.311021,0.950396
34.300000,8.886283,44.282564,15.002429,-0.003535,0.001162,-0.312294,0.949978
34.316667,8.902690,44.304627,15.002222,-0.003564,0.001177,-0.313627,0.949539
34.333333,8.919041,44.326583,15.002015,-0.003583,0.001187,-0.314531,0.949240
34.350000,8.935392,44.348539,15.001808,-0.003601,0.001197,-0.315425,0.948943
34.366667,8.951744,44.370495,15.001601,-0.003626,0.001211,-0.316671,0.948528
34.383333,8.968273,44.392316,15.001390,-0.003653,0.001225,-0.318017,0.948077
34.400000,8.984748,44.414006,15.001178,-0.003671,0.001235,-0.318952,0.947763
34.416667,9.001223,44.435695,15.000967,-0.003688,0.001245,-0.319854,0.947459
34.433333,9.017697,44.457385,15.000756,-0.003710,0.001258,-0.321062,0.947050
34.450000,9.034332,44.478952,15.000541,-0.003735,0.001272,-0.322422,0.946588
34.466667,9.050918,44.500359,15.000325,-0.003751,0.001282,-0.323395,0.946256
34.483333,9.067504,44.521766,15.000110,-0.003767,0.001292,-0.324306,0.945944
34.500000,9.084090,44.543173,14.999895,-0.003787,0.001303,-0.325463,0.945546
34.516667,9.100813,44.564472,14.999677,-0.003809,0.001317,-0.326835,0.945073
34.533333,9.117497,44.585581,14.999459,-0.003825,0.001327,-0.327857,0.944719
34.550000,9.134182,44.606690,14.999240,-0.003839,0.001337,-0.328777,0.944399
34.566667,9.150866,44.627799,14.999022,-0.003856,0.001347,-0.329868,0.944018
34.583333,9.167659,44.648820,14.998801,-0.003876,0.001361,-0.331253,0.943533
34.600000,9.184430,44.669616,14.998580,-0.003892,0.001371,-0.332335,0.943152
34.616667,9.201201,44.690412,14.998359,-0.003905,0.001380,-0.333263,0.942825
34.633333,9.217972,44.711208,14.998138,-0.003918,0.001390,-0.334271,0.942468
34.650000,9.234817,44.731943,14.997916,-0.003937,0.001403,-0.335668,0.941971
34.666667,9.251661,44.752412,14.997693,-0.003951,0.001414,-0.336824,0.941558
34.683333,9.268506,44.772881,14.997469,-0.003963,0.001422,-0.337761,0.941222
34.700000,9.285351,44.793350,14.997246,-0.003974,0.001431,-0.338701,0.940885
34.716667,9.302229,44.813791,14.997023,-0.003990,0.001443,-0.340082,0.940386
34.733333,9.319135,44.833921,14.996798,-0.004004,0.001454,-0.341326,0.939935
34.750000,9.336042,44.854051,14.996573,-0.004014,0.001462,-0.342270,0.939592
34.766667,9.352948,44.874180,14.996348,-0.004024,0.001471,-0.343218,0.939246
34.783333,9.369855,44.894310,14.996124,-0.004037,0.001481,-0.344483,0.938783
34.800000,9.386950,44.914280,14.995896,-0.004050,0.001493,-0.345832,0.938287
34.816667,9.403906,44.934058,14.995671,-0.004059,0.001501,-0.346784,0.937935
34.833333,9.420862,44.953836,14.995445,-0.004067,0.001509,-0.347739,0.937581
34.850000,9.437818,44.973614,14.995219,-0.004077,0.001518,-0.348865,0.937163
34.866667,9.454907,44.993278,14.994992,-0.004089,0.001529,-0.350303,0.936626
34.883333,9.471901,45.012694,14.994765,-0.004097,0.001537,-0.351301,0.936252
34.900000,9.488895,45.032110,14.994539,-0.004104,0.001545,-0.352264,0.935890
34.916667,9.505889,45.051526,14.994313,-0.004111,0.001552,-0.353231,0.935526
34.933333,9.522952,45.070880,14.994086,-0.004121,0.001563,-0.354683,0.934976
34.950000,9.539972,45.089924,14.993860,-0.004129,0.001572,-0.355818,0.934545
34.966667,9.556992,45.108968,14.993634,-0.004134,0.001579,-0.356788,0.934175
34.983333,9.574011,45.128011,14.993408,-0.004140,0.001586,-0.357762,0.933802
35.000000,9.591031,45.147055,14.993182,-0.004147,0.001595,-0.359027,0.933317
35.016667,9.608247,45.165922,14.992954,-0.004154,0.001605,-0.360319,0.932818
35.033333,9.625281,45.184584,14.992728,-0.004159,0.001611,-0.361293,0.932442
35.050000,9.642314,45.203247,14.992503,-0.004163,0.001618,-0.362271,0.932062
35.066667,9.659348,45.221909,14.992277,-0.004168,0.001625,-0.363319,0.931654
35.083333,9.676497,45.240465,14.992051,-0.004174,0.001635,-0.364785,0.931081
35.100000,9.693532,45.258740,14.991826,-0.004177,0.001642,-0.365768,0.930695
35.116667,9.710568,45.277014,14.991602,-0.004180,0.001648,-0.366747,0.930310
35.133333,9.727603,45.295288,14.991377,-0.004183,0.001654,-0.367730,0.929922
35.150000,9.744664,45.313538,14.991152,-0.004187,0.001662,-0.369022,0.929410
35.166667,9.761688,45.331418,14.990929,-0.004190,0.001670,-0.370201,0.928941
35.183333,9.778712,45.349298,14.990706,-0.004192,0.001676,-0.371178,0.928551
35.200000,9.795736,45.367178,14.990483,-0.004194,0.001682,-0.372160,0.928158
35.216667,9.812759,45.385059,14.990260,-0.004196,0.001688,-0.373177,0.927749
35.233333,9.829901,45.402826,14.990037,-0.004198,0.001696,-0.374579,0.927184
35.250000,9.846901,45.420307,14.989816,-0.004198,0.001701,-0.375554,0.926789
35.266667,9.863901,45.437788,14.989595,-0.004199,0.001707,-0.376534,0.926392
35.283333,9.880901,45.455269,14.989373,-0.004200,0.001712,-0.377519,0.925991
35.300000,9.897913,45.472739,14.989152,-0.004200,0.001719,-0.378721,0.925500
35.316667,9.914878,45.489817,14.988934,-0.004200,0.001725,-0.379884,0.925023
35.333333,9.931842,45.506895,14.988715,-0.004199,0.001730,-0.380862,0.924621
35.350000,9.948806,45.523973,14.988496,-0.004199,0.001735,-0.381845,0.924215
35.366667,9.965771,45.541052,14.988277,-0.004198,0.001740,-0.382833,0.923806
35.383333,9.982814,45.558051,14.988058,-0.004197,0.001746,-0.384161,0.923255
35.400000,9.999731,45.574723,14.987842,-0.004195,0.001751,-0.385136,0.922849
35.416667,10.016648,45.591394,14.987626,-0.004193,0.001755,-0.386115,0.922439
35.433333,10.033566,45.608066,14.987410,-0.004191,0.001760,-0.387100,0.922027
35.450000,10.050483,45.624738,14.987194,-0.004189,0.001764,-0.388091,0.921610
35.466667,10.067533,45.641274,14.986979,-0.004186,0.001770,-0.389349,0.921079
35.483333,10.084392,45.657537,14.986766,-0.004183,0.001773,-0.390326,0.920665
35.500000,10.101251,45.673800,14.986553,-0.004180,0.001777,-0.391309,0.920248
35.516667,10.118109,45.690064,14.986340,-0.004177,0.001781,-0.392297,0.919827
35.533333,10.134969,45.706326,14.986127,-0.004173,0.001786,-0.393377,0.919366
35.550000,10.151759,45.722179,14.985917,-0.004169,0.001790,-0.394481,0.918893
35.566667,10.168549,45.738032,14.985708,-0.004165,0.001793,-0.395462,0.918471
35.583333,10.185339,45.753885,14.985499,-0.004160,0.001797,-0.396447,0.918046
35.600000,10.202129,45.769738,14.985289,-0.004156,0.001800,-0.397438,0.917618
35.616667,10.218949,45.785558,14.985080,-0.004151,0.001804,-0.398572,0.917126
35.633333,10.235660,45.801000,14.984874,-0.004145,0.001807,-0.399549,0.916701
35.650000,10.252370,45.816442,14.984669,-0.004140,0.001810,-0.400531,0.916272
35.666667,10.269081,45.831884,14.984463,-0.004134,0.001813,-0.401518,0.915840
35.683333,10.285792,45.847326,14.984257,-0.004129,0.001815,-0.402511,0.915404
35.700000,10.302550,45.862716,14.984052,-0.004122,0.001818,-0.403575,0.914936
35.716667,10.319172,45.877746,14.983851,-0.004116,0.001821,-0.404552,0.914504
35.733333,10.335794,45.892777,14.983649,-0.004109,0.001823,-0.405536,0.914068
35.750000,10.352416,45.907808,14.983448,-0.004102,0.001825,-0.406524,0.913629
35.766667,10.369038,45.922838,14.983246,-0.004095,0.001828,-0.407519,0.913186
35.783333,10.385712,45.937812,14.983045,-0.004088,0.001830,-0.408509,0.912743
35.800000,10.402236,45.952432,14.982848,-0.004080,0.001831,-0.409488,0.912305
35.816667,10.418761,45.967052,14.982651,-0.004072,0.001833,-0.410472,0.911862
35.833333,10.435285,45.981672,14.982454,-0.004064,0.001835,-0.411462,0.911416
35.850000,10.451810,45.996292,14.982257,-0.004056,0.001837,-0.412458,0.910966
35.866667,10.468377,46.010863,14.982060,-0.004049,0.001838,-0.413372,0.910552
35.883333,10.484795,46.025074,14.981868,-0.004040,0.001839,-0.414351,0.910106
35.900000,10.501213,46.039284,14.981675,-0.004031,0.001840,-0.415337,0.909657
35.916667,10.517632,46.053495,14.981483,-0.004021,0.001841,-0.416328,0.909204
35.933333,10.534050,46.067706,14.981291,-0.004012,0.001843,-0.417325,0.908747
35.950000,10.550490,46.081891,14.981098,-0.004004,0.001843,-0.418191,0.908348
35.966667,10.566795,46.095695,14.980911,-0.003994,0.001844,-0.419148,0.907907
35.983333,10.583099,46.109498,14.980724,-0.003984,0.001844,-0.420133,0.907452
36.000000,10.599403,46.123302,14.980536,-0.003973,0.001845,-0.421123,0.906993
36.016667,10.615707,46.137106,14.980349,-0.003963,0.001845,-0.422120,0.906530
36.033333,10.632011,46.150910,14.980161,-0.003953,0.001846,-0.423049,0.906096
36.050000,10.648456,46.164546,14.979976,-0.003944,0.001846,-0.423862,0.905716
36.066667,10.664638,46.177946,14.979793,-0.003933,0.001846,-0.424843,0.905256
36.083333,10.680821,46.191345,14.979611,-0.003921,0.001846,-0.425831,0.904793
36.100000,10.697004,46.204744,14.979429,-0.003910,0.001845,-0.426824,0.904324
36.116667,10.713187,46.218144,14.979247,-0.003899,0.001845,-0.427824,0.903852
36.133333,10.729464,46.231429,14.979066,-0.003891,0.001845,-0.428484,0.903539
36.150000,10.745518,46.244428,14.978889,-0.003879,0.001845,-0.429460,0.903076
36.166667,10.761572,46.257427,14.978712,-0.003867,0.001844,-0.430441,0.902609
36.183333,10.777627,46.270426,14.978535,-0.003855,0.001843,-0.431429,0.902137
36.200000,10.793681,46.283425,14.978358,-0.003842,0.001843,-0.432423,0.901661
36.216667,10.809772,46.296379,14.978182,-0.003834,0.001842,-0.433097,0.901337
36.233333,10.825691,46.308983,14.978010,-0.003823,0.001842,-0.433968,0.900919
36.250000,10.841609,46.321588,14.977838,-0.003811,0.001841,-0.434940,0.900450
36.266667,10.857528,46.334192,14.977667,-0.003798,0.001840,-0.435918,0.899977
36.283333,10.873447,46.346796,14.977495,-0.003785,0.001839,-0.436902,0.899499
36.300000,10.889365,46.359401,14.977323,-0.003774,0.001838,-0.437762,0.899081
36.316667,10.905390,46.371870,14.977154,-0.003766,0.001837,-0.438350,0.898795
36.333333,10.921167,46.384086,14.976987,-0.003753,0.001836,-0.439312,0.898325
36.350000,10.936943,46.396301,14.976821,-0.003740,0.001834,-0.440281,0.897850
36.366667,10.952720,46.408517,14.976655,-0.003727,0.001833,-0.441256,0.897372
36.383333,10.968497,46.420733,14.976489,-0.003714,0.001831,-0.442237,0.896889
36.400000,10.984301,46.432913,14.976323,-0.003706,0.001830,-0.442835,0.896593
36.416667,10.999930,46.444746,14.976162,-0.003696,0.001829,-0.443574,0.896228
36.433333,11.015560,46.456579,14.976001,-0.003682,0.001827,-0.444533,0.895753
36.450000,11.031189,46.468413,14.975840,-0.003668,0.001825,-0.445498,0.895274
36.466667,11.046819,46.480246,14.975680,-0.003655,0.001824,-0.446469,0.894790
36.483333,11.062448,46.492079,14.975519,-0.003642,0.001822,-0.447344,0.894353
36.500000,11.078145,46.503823,14.975359,-0.003635,0.001821,-0.447825,0.894112
36.516667,11.093622,46.515281,14.975204,-0.003623,0.001819,-0.448666,0.893690
36.533333,11.109100,46.526739,14.975048,-0.003609,0.001817,-0.449619,0.893211
36.550000,11.124577,46.538197,14.974893,-0.003595,0.001814,-0.450578,0.892728
36.566667,11.140055,46.549655,14.974737,-0.003581,0.001812,-0.451544,0.892240
36.583333,11.155532,46.561113,14.974582,-0.003570,0.001810,-0.452256,0.891879
36.600000,11.171102,46.572446,14.974429,-0.003563,0.001809,-0.452735,0.891636
36.616667,11.186424,46.583536,14.974279,-0.003549,0.001807,-0.453628,0.891182
36.633333,11.201746,46.594626,14.974128,-0.003535,0.001804,-0.454576,0.890699
36.650000,11.217067,46.605716,14.973978,-0.003520,0.001801,-0.455530,0.890212
36.666667,11.232389,46.616806,14.973828,-0.003506,0.001799,-0.456490,0.889720
36.683333,11.247711,46.627896,14.973678,-0.003496,0.001797,-0.457089,0.889412
36.700000,11.263136,46.638843,14.973531,-0.003489,0.001795,-0.457564,0.889168
36.716667,11.278299,46.649573,14.973386,-0.003475,0.001792,-0.458460,0.888706
36.733333,11.293463,46.660303,14.973241,-0.003460,0.001789,-0.459402,0.888220
36.750000,11.308626,46.671033,14.973097,-0.003444,0.001786,-0.460350,0.887729
36.766667,11.323790,46.681763,14.972952,-0.003429,0.001783,-0.461304,0.887234
36.783333,11.338953,46.692493,14.972808,-0.003421,0.001781,-0.461840,0.886955
36.800000,11.354217,46.703078,14.972665,-0.003413,0.001779,-0.462312,0.886709
36.816667,11.369220,46.713457,14.972526,-0.003399,0.001776,-0.463159,0.886267
36.833333,11.384223,46.723835,14.972387,-0.003383,0.001773,-0.464095,0.885777
36.850000,11.399226,46.734213,14.972248,-0.003368,0.001769,-0.465037,0.885283
36.866667,11.414229,46.744591,14.972108,-0.003352,0.001765,-0.465985,0.884785
36.883333,11.429232,46.754970,14.971969,-0.003343,0.001763,-0.466509,0.884508
36.900000,11.444322,46.765220,14.971832,-0.003335,0.001761,-0.466978,0.884261
36.916667,11.459163,46.775255,14.971698,-0.003323,0.001758,-0.467725,0.883866
36.933333,11.474005,46.785290,14.971564,-0.003307,0.001754,-0.468654,0.883374
36.950000,11.488846,46.795325,14.971430,-0.003290,0.001750,-0.469590,0.882877
36.966667,11.503687,46.805360,14.971296,-0.003274,0.001746,-0.470532,0.882375
36.983333,11.518528,46.815395,14.971162,-0.003264,0.001743,-0.471096,0.882074
37.000000,11.533432,46.825337,14.971030,-0.003256,0.001741,-0.471563,0.881825
37.016667,11.548112,46.835038,14.970901,-0.003246,0.001739,-0.472156,0.881508
37.033333,11.562791,46.844738,14.970773,-0.003229,0.001734,-0.473079,0.881013
37.050000,11.577471,46.854439,14.970644,-0.003213,0.001730,-0.474008,0.880513
37.066667,11.592150,46.864140,14.970515,-0.003196,0.001725,-0.474943,0.880009
37.083333,11.606830,46.873841,14.970387,-0.003184,0.001722,-0.475601,0.879654
37.100000,11.621537,46.883500,14.970259,-0.003176,0.001719,-0.476065,0.879403
37.116667,11.636055,46.892875,14.970135,-0.003168,0.001717,-0.476530,0.879151
37.133333,11.650574,46.902251,14.970012,-0.003152,0.001712,-0.477376,0.878692
37.150000,11.665092,46.911627,14.969889,-0.003135,0.001707,-0.478297,0.878191
37.166667,11.679611,46.921003,14.969765,-0.003118,0.001702,-0.479224,0.877685
37.183333,11.694129,46.930379,14.969642,-0.003103,0.001698,-0.480029,0.877245
37.200000,11.708648,46.939754,14.969518,-0.003095,0.001695,-0.480489,0.876994
37.216667,11.723247,46.949003,14.969397,-0.003086,0.001693,-0.480950,0.876741
37.233333,11.737607,46.958064,14.969279,-0.003075,0.001689,-0.481539,0.876418
37.250000,11.751966,46.967124,14.969161,-0.003057,0.001684,-0.482452,0.875916
37.266667,11.766325,46.976185,14.969043,-0.003040,0.001679,-0.483370,0.875409
37.283333,11.780684,46.985245,14.968924,-0.003022,0.001673,-0.484294,0.874898
37.300000,11.795043,46.994305,14.968806,-0.003012,0.001670,-0.484835,0.874599
37.316667,11.809429,47.003324,14.968689,-0.003003,0.001667,-0.485293,0.874345
37.333333,11.823632,47.012078,14.968576,-0.002994,0.001664,-0.485752,0.874090
37.350000,11.837834,47.020833,14.968462,-0.002980,0.001659,-0.486488,0.873681
37.366667,11.852037,47.029587,14.968349,-0.002962,0.001653,-0.487405,0.873169
37.383333,11.866239,47.038342,14.968236,-0.002944,0.001647,-0.488326,0.872655
37.400000,11.880442,47.047097,14.968123,-0.002928,0.001642,-0.489120,0.872210
37.416667,11.894644,47.055851,14.968010,-0.002919,0.001639,-0.489577,0.871954
37.433333,11.908902,47.064516,14.967899,-0.002910,0.001636,-0.490033,0.871697
37.450000,11.923180,47.073112,14.967789,-0.002901,0.001633,-0.490489,0.871441
37.466667,11.937458,47.081709,14.967679,-0.002883,0.001627,-0.491366,0.870947
37.483333,11.951737,47.090305,14.967569,-0.002864,0.001620,-0.492280,0.870431
37.500000,11.966015,47.098901,14.967459,-0.002846,0.001614,-0.493193,0.869914
37.516667,11.980293,47.107497,14.967349,-0.002833,0.001609,-0.493832,0.869551
37.533333,11.994572,47.116094,14.967239,-0.002824,0.001606,-0.494289,0.869292
37.550000,12.008932,47.124552,14.967132,-0.002814,0.001602,-0.494746,0.869031
37.566667,12.023300,47.132998,14.967026,-0.002803,0.001598,-0.495309,0.868711
37.583333,12.037668,47.141443,14.966919,-0.002784,0.001591,-0.496226,0.868188
37.600000,12.052036,47.149889,14.966813,-0.002765,0.001584,-0.497142,0.867663
37.616667,12.066404,47.158334,14.966706,-0.002745,0.001577,-0.498058,0.867138
37.633333,12.080772,47.166780,14.966599,-0.002735,0.001573,-0.498554,0.866853
37.650000,12.095160,47.175191,14.966494,-0.002725,0.001569,-0.499013,0.866589
37.666667,12.109617,47.183484,14.966390,-0.002716,0.001566,-0.499472,0.866324
37.683333,12.124073,47.191777,14.966287,-0.002701,0.001560,-0.500182,0.865915
37.700000,12.138530,47.200070,14.966184,-0.002681,0.001552,-0.501102,0.865383
37.716667,12.152986,47.208363,14.966081,-0.002661,0.001545,-0.502021,0.864850
37.733333,12.167443,47.216656,14.965978,-0.002644,0.001538,-0.502834,0.864377
37.750000,12.181900,47.224949,14.965874,-0.002634,0.001534,-0.503295,0.864109
37.766667,12.196404,47.233158,14.965773,-0.002624,0.001530,-0.503756,0.863841
37.783333,12.210948,47.241296,14.965673,-0.002614,0.001526,-0.504216,0.863572
37.800000,12.225492,47.249435,14.965574,-0.002595,0.001519,-0.505074,0.863071
37.816667,12.240036,47.257573,14.965474,-0.002575,0.001511,-0.505997,0.862530
37.833333,12.254581,47.265711,14.965374,-0.002555,0.001503,-0.506920,0.861988
37.850000,12.269125,47.273850,14.965275,-0.002540,0.001497,-0.507592,0.861593
37.866667,12.283669,47.281988,14.965175,-0.002530,0.001492,-0.508054,0.861320
37.883333,12.298287,47.289992,14.965078,-0.002520,0.001488,-0.508517,0.861047
37.900000,12.312918,47.297974,14.964982,-0.002508,0.001483,-0.509058,0.860727
37.916667,12.327549,47.305956,14.964886,-0.002487,0.001475,-0.509986,0.860178
37.933333,12.342180,47.313938,14.964790,-0.002466,0.001466,-0.510912,0.859628
37.950000,12.356810,47.321920,14.964694,-0.002446,0.001457,-0.511838,0.859077
37.966667,12.371441,47.329902,14.964598,-0.002434,0.001452,-0.512368,0.858761
37.983333,12.386087,47.337856,14.964503,-0.002423,0.001447,-0.512832,0.858484
38.000000,12.400803,47.345679,14.964411,-0.002413,0.001443,-0.513296,0.858207
38.016667,12.415519,47.353503,14.964318,-0.002397,0.001436,-0.513987,0.857794
38.033333,12.430235,47.361326,14.964226,-0.002376,0.001427,-0.514917,0.857236
38.050000,12.444951,47.369149,14.964134,-0.002354,0.001418,-0.515847,0.856676
38.066667,12.459668,47.376972,14.964042,-0.002335,0.001409,-0.516697,0.856164
38.083333,12.474384,47.384795,14.963949,-0.002324,0.001404,-0.517163,0.855883
38.100000,12.489141,47.392541,14.963859,-0.002313,0.001400,-0.517629,0.855601
38.116667,12.503941,47.400203,14.963771,-0.002302,0.001395,-0.518095,0.855319
38.133333,12.518742,47.407866,14.963682,-0.002283,0.001386,-0.518934,0.854810
38.150000,12.533543,47.415528,14.963594,-0.002261,0.001376,-0.519868,0.854242
38.166667,12.548343,47.423191,14.963505,-0.002239,0.001366,-0.520801,0.853674
38.183333,12.563144,47.430853,14.963417,-0.002223,0.001359,-0.521509,0.853242
38.200000,12.577944,47.438516,14.963329,-0.002212,0.001353,-0.521976,0.852956
38.216667,12.592811,47.446048,14.963244,-0.002201,0.001348,-0.522444,0.852670
38.233333,12.607695,47.453548,14.963159,-0.002188,0.001343,-0.522964,0.852351
38.250000,12.622578,47.461048,14.963075,-0.002166,0.001332,-0.523902,0.851775
38.266667,12.637462,47.468548,14.962991,-0.002144,0.001322,-0.524839,0.851198
38.283333,12.652346,47.476047,14.962906,-0.002121,0.001311,-0.525776,0.850620
38.300000,12.667230,47.483547,14.962822,-0.002108,0.001305,-0.526339,0.850271
38.316667,12.682122,47.491028,14.962738,-0.002096,0.001299,-0.526809,0.849980
38.333333,12.697088,47.498363,14.962658,-0.002085,0.001294,-0.527278,0.849689
38.350000,12.712054,47.505698,14.962578,-0.002069,0.001286,-0.527948,0.849273
38.366667,12.727019,47.513033,14.962498,-0.002046,0.001275,-0.528889,0.848687
38.383333,12.741985,47.520368,14.962417,-0.002023,0.001264,-0.529830,0.848101
38.400000,12.756951,47.527703,14.962337,-0.002001,0.001253,-0.530717,0.847546
38.416667,12.771916,47.535038,14.962257,-0.001990,0.001248,-0.531188,0.847251
38.433333,12.786916,47.542302,14.962179,-0.001978,0.001242,-0.531660,0.846955
38.450000,12.801963,47.549470,14.962103,-0.001967,0.001236,-0.532131,0.846659
38.466667,12.817009,47.556638,14.962027,-0.001946,0.001226,-0.532952,0.846142
38.483333,12.832055,47.563806,14.961951,-0.001923,0.001214,-0.533897,0.845547
38.500000,12.847102,47.570974,14.961875,-0.001900,0.001202,-0.534840,0.844950
38.516667,12.862148,47.578142,14.961799,-0.001881,0.001193,-0.535583,0.844480
38.533333,12.877194,47.585310,14.961723,-0.001869,0.001187,-0.536056,0.844179
38.550000,12.892299,47.592353,14.961651,-0.001858,0.001181,-0.536529,0.843879
38.566667,12.907425,47.599352,14.961579,-0.001845,0.001175,-0.537027,0.843562
38.583333,12.922551,47.606351,14.961508,-0.001821,0.001162,-0.537976,0.842958
38.600000,12.937676,47.613350,14.961436,-0.001797,0.001150,-0.538923,0.842352
38.616667,12.952802,47.620349,14.961365,-0.001773,0.001137,-0.539870,0.841746
38.633333,12.967928,47.627348,14.961293,-0.001758,0.001129,-0.540468,0.841362
38.650000,12.983058,47.634338,14.961222,-0.001746,0.001123,-0.540942,0.841057
38.666667,12.998261,47.641165,14.961155,-0.001734,0.001117,-0.541417,0.840752
38.683333,13.013465,47.647993,14.961088,-0.001717,0.001108,-0.542067,0.840333
38.700000,13.028669,47.654821,14.961021,-0.001693,0.001095,-0.543018,0.839718
38.716667,13.043873,47.661649,14.960954,-0.001669,0.001082,-0.543969,0.839103
38.733333,13.059076,47.668477,14.960887,-0.001645,0.001069,-0.544894,0.838503
38.750000,13.074280,47.675305,14.960820,-0.001633,0.001062,-0.545370,0.838193
38.766667,13.089512,47.682069,14.960755,-0.001620,0.001056,-0.545847,0.837883
38.783333,13.104792,47.688723,14.960693,-0.001608,0.001049,-0.546323,0.837572
38.800000,13.120073,47.695378,14.960630,-0.001587,0.001037,-0.547125,0.837049
38.816667,13.135353,47.702033,14.960568,-0.001562,0.001024,-0.548080,0.836424
38.833333,13.150634,47.708687,14.960506,-0.001537,0.001010,-0.549034,0.835798
38.850000,13.165914,47.715342,14.960443,-0.001517,0.000999,-0.549813,0.835286
38.866667,13.181194,47.721996,14.960381,-0.001505,0.000992,-0.550291,0.834971
38.883333,13.196526,47.728532,14.960322,-0.001492,0.000985,-0.550769,0.834656
38.900000,13.211882,47.735011,14.960264,-0.001479,0.000977,-0.551247,0.834340
38.916667,13.227237,47.741490,14.960207,-0.001454,0.000963,-0.552203,0.833708
38.933333,13.242593,47.747969,14.960149,-0.001429,0.000949,-0.553162,0.833072
38.950000,13.257948,47.754448,14.960092,-0.001403,0.000934,-0.554120,0.832435
38.966667,13.273304,47.760927,14.960034,-0.001387,0.000925,-0.554753,0.832014
38.983333,13.288660,47.767407,14.959977,-0.001374,0.000917,-0.555233,0.831693
39.000000,13.304089,47.773709,14.959924,-0.001361,0.000910,-0.555714,0.831372
39.016667,13.319518,47.780010,14.959872,-0.001344,0.000900,-0.556342,0.830952
39.033333,13.334947,47.786312,14.959819,-0.001318,0.000885,-0.557309,0.830304
39.050000,13.350377,47.792613,14.959766,-0.001292,0.000870,-0.558274,0.829655
39.066667,13.365806,47.798914,14.959714,-0.001266,0.000854,-0.559239,0.829005
39.083333,13.381236,47.805216,14.959661,-0.001253,0.000846,-0.559728,0.828675
39.100000,13.396688,47.811462,14.959610,-0.001240,0.000839,-0.560213,0.828347
39.116667,13.412190,47.817582,14.959563,-0.001227,0.000831,-0.560698,0.828019
39.133333,13.427692,47.823702,14.959515,-0.001206,0.000818,-0.561486,0.827485
39.150000,13.443194,47.829822,14.959468,-0.001179,0.000802,-0.562461,0.826822
39.166667,13.458696,47.835943,14.959420,-0.001152,0.000786,-0.563436,0.826158
39.183333,13.474199,47.842063,14.959373,-0.001130,0.000772,-0.564263,0.825594
39.200000,13.489701,47.848183,14.959325,-0.001116,0.000764,-0.564753,0.825259
39.216667,13.505247,47.854189,14.959281,-0.001103,0.000756,-0.565243,0.824923
39.233333,13.520821,47.860125,14.959239,-0.001089,0.000747,-0.565733,0.824587
39.250000,13.536395,47.866060,14.959196,-0.001063,0.000731,-0.566684,0.823934
39.266667,13.551969,47.871996,14.959154,-0.001036,0.000714,-0.567670,0.823255
39.283333,13.567543,47.877932,14.959112,-0.001009,0.000697,-0.568654,0.822576
39.300000,13.583116,47.883867,14.959070,-0.000990,0.000686,-0.569337,0.822103
39.316667,13.598690,47.889803,14.959027,-0.000976,0.000677,-0.569832,0.821760
39.333333,13.614329,47.895564,14.958990,-0.000962,0.000668,-0.570328,0.821417
39.350000,13.629974,47.901311,14.958953,-0.000945,0.000657,-0.570943,0.820989
39.366667,13.645618,47.907059,14.958916,-0.000917,0.000640,-0.571939,0.820295
39.383333,13.661262,47.912806,14.958879,-0.000889,0.000622,-0.572934,0.819600
39.400000,13.676907,47.918554,14.958843,-0.000862,0.000604,-0.573929,0.818904
39.416667,13.692551,47.924301,14.958806,-0.000847,0.000594,-0.574465,0.818529
39.433333,13.708212,47.930003,14.958770,-0.000832,0.000585,-0.574965,0.818177
39.450000,13.723925,47.935559,14.958739,-0.000818,0.000576,-0.575465,0.817826
39.466667,13.739638,47.941114,14.958708,-0.000796,0.000561,-0.576244,0.817277
39.483333,13.755352,47.946670,14.958677,-0.000768,0.000543,-0.577250,0.816567
39.500000,13.771065,47.952226,14.958645,-0.000739,0.000524,-0.578256,0.815855
39.516667,13.786778,47.957782,14.958614,-0.000714,0.000507,-0.579140,0.815227
39.533333,13.802492,47.963338,14.958583,-0.000700,0.000498,-0.579646,0.814868
39.550000,13.818242,47.968786,14.958555,-0.000686,0.000488,-0.580151,0.814509
39.566667,13.834024,47.974146,14.958529,-0.000671,0.000479,-0.580656,0.814149
39.583333,13.849805,47.979507,14.958504,-0.000644,0.000461,-0.581602,0.813473
39.600000,13.865586,47.984867,14.958478,-0.000615,0.000441,-0.582618,0.812746
39.616667,13.881367,47.990228,14.958453,-0.000586,0.000421,-0.583633,0.812017
39.633333,13.897148,47.995588,14.958427,-0.000565,0.000407,-0.584369,0.811487
39.650000,13.912929,48.000949,14.958402,-0.000550,0.000397,-0.584880,0.811120
39.666667,13.928767,48.006137,14.958381,-0.000536,0.000387,-0.585390,0.810752
39.683333,13.944614,48.011299,14.958362,-0.000518,0.000375,-0.585990,0.810318
39.700000,13.960462,48.016461,14.958342,-0.000489,0.000354,-0.587017,0.809575
39.716667,13.976309,48.021622,14.958323,-0.000459,0.000334,-0.588042,0.808830
39.733333,13.992156,48.026784,14.958303,-0.000429,0.000313,-0.589066,0.808084
39.750000,14.008003,48.031945,14.958284,-0.000412,0.000301,-0.589651,0.807658
39.766667,14.023862,48.037071,14.958265,-0.000397,0.000291,-0.590167,0.807281
39.783333,14.039774,48.042030,14.958252,-0.000382,0.000280,-0.590682,0.806905
39.800000,14.055686,48.046989,14.958238,-0.000360,0.000264,-0.591451,0.806341
39.816667,14.071598,48.051948,14.958225,-0.000330,0.000243,-0.592486,0.805580
39.833333,14.087509,48.056907,14.958211,-0.000300,0.000221,-0.593521,0.804818
39.850000,14.103421,48.061866,14.958198,-0.000272,0.000201,-0.594465,0.804121
39.866667,14.119333,48.066825,14.958184,-0.000257,0.000190,-0.594986,0.803736
39.883333,14.135276,48.071683,14.958174,-0.000242,0.000179,-0.595506,0.803351
39.900000,14.151250,48.076436,14.958167,-0.000226,0.000168,-0.596026,0.802965
39.916667,14.167225,48.081188,14.958159,-0.000199,0.000148,-0.596966,0.802267
39.933333,14.183200,48.085941,14.958152,-0.000168,0.000125,-0.598011,0.801488
39.950000,14.199174,48.090693,14.958145,-0.000137,0.000103,-0.599056,0.800707
39.966667,14.215149,48.095446,14.958138,-0.000114,0.000085,-0.599847,0.800115
39.983333,14.231124,48.100198,14.958131,-0.000098,0.000074,-0.600372,0.799721
40.000000,14.247147,48.104783,14.958129,-0.000083,0.000062,-0.600897,0.799327
40.016667,14.263183,48.109325,14.958128,-0.000066,0.000050,-0.601480,0.798888
40.033333,14.279219,48.113868,14.958127,-0.000034,0.000026,-0.602536,0.798092
40.050000,14.295254,48.118410,14.958126,-0.000003,0.000002,-0.603590,0.797295
40.066667,14.311290,48.122952,14.958126,0.000028,-0.000021,-0.604644,0.796496
40.083333,14.327326,48.127495,14.958125,0.000047,-0.000036,-0.605279,0.796013
40.100000,14.343368,48.132013,14.958125,0.000063,-0.000048,-0.605809,0.795610
40.116667,14.359463,48.136342,14.958131,0.000078,-0.000060,-0.606338,0.795207
40.133333,14.375558,48.140671,14.958136,0.000101,-0.000077,-0.607094,0.794630
40.150000,14.391652,48.144999,14.958142,0.000133,-0.000102,-0.608159,0.793815
40.166667,14.407747,48.149328,14.958148,0.000164,-0.000126,-0.609223,0.792999
40.183333,14.423842,48.153656,14.958154,0.000194,-0.000150,-0.610227,0.792227
40.200000,14.439937,48.157985,14.958160,0.000210,-0.000162,-0.610762,0.791815
40.216667,14.456056,48.162221,14.958169,0.000226,-0.000175,-0.611296,0.791402
40.233333,14.472207,48.166332,14.958181,0.000242,-0.000187,-0.611830,0.790989
40.250000,14.488359,48.170443,14.958194,0.000270,-0.000210,-0.612761,0.790269
40.266667,14.504511,48.174554,14.958207,0.000302,-0.000235,-0.613834,0.789435
40.283333,14.520663,48.178664,14.958219,0.000335,-0.000261,-0.614907,0.788600
40.300000,14.536814,48.182775,14.958232,0.000360,-0.000281,-0.615754,0.787939
40.316667,14.552966,48.186886,14.958244,0.000376,-0.000294,-0.616293,0.787517
40.333333,14.569158,48.190835,14.958262,0.000392,-0.000308,-0.616832,0.787095
40.350000,14.585364,48.194724,14.958282,0.000409,-0.000321,-0.617394,0.786654
40.366667,14.601571,48.198613,14.958301,0.000442,-0.000348,-0.618478,0.785802
40.383333,14.617777,48.202503,14.958321,0.000475,-0.000375,-0.619560,0.784949
40.400000,14.633984,48.206392,14.958340,0.000507,-0.000401,-0.620642,0.784094
40.416667,14.650190,48.210281,14.958360,0.000528,-0.000419,-0.621328,0.783550
40.433333,14.666399,48.214161,14.958380,0.000544,-0.000432,-0.621872,0.783119
40.450000,14.682658,48.217825,14.958407,0.000561,-0.000446,-0.622415,0.782687
40.466667,14.698917,48.221489,14.958433,0.000583,-0.000465,-0.623153,0.782099
40.483333,14.715176,48.225153,14.958460,0.000616,-0.000492,-0.624248,0.781226
40.500000,14.731435,48.228817,14.958487,0.000649,-0.000520,-0.625341,0.780352
40.516667,14.747694,48.232481,14.958513,0.000682,-0.000548,-0.626408,0.779495
40.533333,14.763953,48.236145,14.958540,0.000698,-0.000562,-0.626958,0.779052
40.550000,14.780229,48.239728,14.958569,0.000715,-0.000576,-0.627508,0.778609
40.566667,14.796538,48.243162,14.958603,0.000732,-0.000591,-0.628058,0.778166
40.583333,14.812847,48.246597,14.958637,0.000760,-0.000615,-0.628978,0.777422
40.600000,14.829156,48.250031,14.958671,0.000794,-0.000644,-0.630086,0.776524
40.616667,14.845465,48.253465,14.958706,0.000827,-0.000673,-0.631193,0.775625
40.633333,14.861774,48.256899,14.958740,0.000855,-0.000698,-0.632106,0.774881
40.650000,14.878083,48.260333,14.958774,0.000872,-0.000713,-0.632664,0.774426
40.666667,14.894424,48.263612,14.958813,0.000889,-0.000728,-0.633222,0.773970
40.683333,14.910780,48.266810,14.958854,0.000906,-0.000743,-0.633779,0.773513
40.700000,14.927137,48.270009,14.958896,0.000940,-0.000773,-0.634888,0.772603
40.716667,14.943494,48.273208,14.958937,0.000975,-0.000803,-0.636013,0.771678
40.733333,14.959851,48.276407,14.958979,0.001009,-0.000834,-0.637136,0.770751
40.750000,14.976207,48.279606,14.959020,0.001032,-0.000855,-0.637890,0.770126
40.766667,14.992564,48.282804,14.959062,0.001050,-0.000871,-0.638456,0.769657
40.783333,15.008965,48.285769,14.959111,0.001067,-0.000887,-0.639022,0.769187
40.800000,15.025367,48.288727,14.959161,0.001089,-0.000907,-0.639748,0.768583
40.816667,15.041769,48.291685,14.959210,0.001125,-0.000939,-0.640890,0.767631
40.833333,15.058171,48.294643,14.959259,0.001160,-0.000971,-0.642031,0.766677
40.850000,15.074573,48.297600,14.959309,0.001195,-0.001003,-0.643170,0.765722
40.866667,15.090975,48.300558,14.959358,0.001213,-0.001020,-0.643761,0.765225
40.883333,15.107389,48.303447,14.959410,0.001231,-0.001037,-0.644336,0.764741
40.900000,15.123834,48.306158,14.959467,0.001248,-0.001053,-0.644910,0.764257
40.916667,15.140278,48.308870,14.959525,0.001277,-0.001080,-0.645826,0.763482
40.933333,15.156723,48.311581,14.959582,0.001312,-0.001114,-0.646984,0.762501
40.950000,15.173167,48.314292,14.959640,0.001348,-0.001147,-0.648140,0.761519
40.966667,15.189612,48.317003,14.959697,0.001379,-0.001177,-0.649136,0.760670
40.983333,15.206057,48.319714,14.959754,0.001397,-0.001194,-0.649719,0.760172
41.000000,15.222524,48.322277,14.959817,0.001415,-0.001211,-0.650302,0.759674
41.016667,15.239008,48.324736,14.959882,0.001433,-0.001228,-0.650884,0.759175
41.033333,15.255493,48.327195,14.959948,0.001467,-0.001262,-0.651996,0.758220
41.050000,15.271977,48.329653,14.960014,0.001503,-0.001297,-0.653169,0.757209
41.066667,15.288461,48.332112,14.960080,0.001540,-0.001332,-0.654341,0.756197
41.083333,15.304945,48.334571,14.960145,0.001565,-0.001357,-0.655172,0.755477
41.100000,15.321429,48.337029,14.960211,0.001584,-0.001375,-0.655763,0.754964
41.116667,15.337946,48.339257,14.960284,0.001602,-0.001393,-0.656353,0.754451
41.133333,15.354467,48.341458,14.960359,0.001624,-0.001415,-0.657065,0.753831
41.150000,15.370987,48.343658,14.960433,0.001661,-0.001452,-0.658255,0.752791
41.166667,15.387508,48.345859,14.960507,0.001697,-0.001489,-0.659444,0.751750
41.183333,15.404029,48.348059,14.960582,0.001734,-0.001526,-0.660632,0.750707
41.200000,15.420549,48.350260,14.960656,0.001755,-0.001547,-0.661293,0.750124
41.216667,15.437076,48.352407,14.960732,0.001773,-0.001566,-0.661891,0.749596
41.233333,15.453630,48.354344,14.960815,0.001792,-0.001584,-0.662489,0.749068
41.250000,15.470184,48.356280,14.960898,0.001820,-0.001613,-0.663398,0.748263
41.266667,15.486737,48.358217,14.960981,0.001857,-0.001652,-0.664604,0.747192
41.283333,15.503291,48.360153,14.961064,0.001894,-0.001690,-0.665808,0.746119
41.300000,15.519844,48.362090,14.961147,0.001928,-0.001725,-0.666890,0.745152
41.316667,15.536398,48.364026,14.961230,0.001946,-0.001745,-0.667496,0.744609
41.333333,15.552966,48.365825,14.961318,0.001965,-0.001764,-0.668102,0.744065
41.350000,15.569549,48.367491,14.961410,0.001984,-0.001784,-0.668708,0.743520
41.366667,15.586132,48.369158,14.961502,0.002018,-0.001820,-0.669818,0.742520
41.383333,15.602715,48.370825,14.961594,0.002056,-0.001861,-0.671039,0.741417
41.400000,15.619298,48.372491,14.961686,0.002093,-0.001901,-0.672257,0.740312
41.416667,15.635881,48.374158,14.961778,0.002121,-0.001931,-0.673167,0.739485
41.433333,15.652464,48.375825,14.961870,0.002140,-0.001952,-0.673781,0.738926
41.450000,15.669067,48.377265,14.961970,0.002159,-0.001972,-0.674394,0.738366
41.466667,15.685675,48.378656,14.962071,0.002180,-0.001995,-0.675087,0.737733
41.483333,15.702284,48.380047,14.962173,0.002219,-0.002037,-0.676323,0.736599
41.500000,15.718892,48.381438,14.962274,0.002257,-0.002079,-0.677558,0.735463
41.516667,15.735500,48.382829,14.962375,0.002294,-0.002121,-0.678790,0.734325
41.533333,15.752108,48.384220,14.962477,0.002317,-0.002146,-0.679522,0.733648
41.550000,15.768719,48.385575,14.962579,0.002336,-0.002167,-0.680144,0.733072
41.566667,15.785349,48.386685,14.962690,0.002355,-0.002189,-0.680764,0.732496
41.583333,15.801978,48.387794,14.962801,0.002382,-0.002220,-0.681659,0.731663
41.600000,15.818607,48.388904,14.962912,0.002421,-0.002263,-0.682909,0.730496
41.616667,15.835236,48.390013,14.963023,0.002459,-0.002307,-0.684158,0.729326
41.633333,15.851866,48.391122,14.963133,0.002495,-0.002348,-0.685325,0.728229
41.650000,15.868495,48.392232,14.963244,0.002514,-0.002370,-0.685954,0.727637
41.666667,15.885132,48.393216,14.963359,0.002533,-0.002392,-0.686582,0.727044
41.683333,15.901778,48.394038,14.963480,0.002552,-0.002414,-0.687209,0.726451
41.700000,15.918424,48.394860,14.963601,0.002586,-0.002454,-0.688309,0.725408
41.716667,15.935070,48.395683,14.963721,0.002624,-0.002499,-0.689573,0.724207
41.733333,15.951715,48.396505,14.963842,0.002663,-0.002544,-0.690834,0.723004
41.750000,15.968361,48.397327,14.963962,0.002693,-0.002580,-0.691823,0.722058
41.766667,15.985007,48.398149,14.964083,0.002712,-0.002603,-0.692458,0.721449
41.783333,16.001662,48.398754,14.964211,0.002731,-0.002626,-0.693092,0.720839
41.800000,16.018320,48.399283,14.964341,0.002751,-0.002650,-0.693756,0.720200
41.816667,16.034978,48.399812,14.964472,0.002790,-0.002697,-0.695034,0.718967
41.833333,16.051635,48.400341,14.964602,0.002829,-0.002744,-0.696310,0.717731
41.850000,16.068293,48.400870,14.964733,0.002867,-0.002791,-0.697583,0.716492
41.866667,16.084951,48.401399,14.964863,0.002891,-0.002821,-0.698388,0.715708
41.883333,16.101609,48.401914,14.964994,0.002911,-0.002845,-0.699030,0.715081
41.900000,16.118273,48.402144,14.965135,0.002930,-0.002869,-0.699670,0.714454
41.916667,16.134938,48.402375,14.965276,0.002956,-0.002902,-0.700537,0.713604
41.933333,16.151602,48.402605,14.965417,0.002995,-0.002950,-0.701826,0.712336
41.950000,16.168267,48.402835,14.965557,0.003033,-0.002999,-0.703113,0.711065
41.966667,16.184931,48.403066,14.965698,0.003071,-0.003047,-0.704368,0.709822
41.983333,16.201596,48.403296,14.965839,0.003090,-0.003072,-0.705015,0.709179
42.000000,16.218261,48.403420,14.965983,0.003109,-0.003097,-0.705661,0.708536
42.016667,16.234927,48.403347,14.966134,0.003128,-0.003121,-0.706307,0.707892
42.033333,16.251592,48.403273,14.966285,0.003160,-0.003163,-0.707376,0.706823
42.050000,16.268258,48.403199,14.966436,0.003199,-0.003213,-0.708674,0.705522
42.066667,16.284924,48.403126,14.966587,0.003237,-0.003264,-0.709969,0.704218
42.083333,16.301590,48.403052,14.966739,0.003269,-0.003305,-0.711038,0.703138
42.100000,16.318256,48.402979,14.966890,0.003288,-0.003331,-0.711689,0.702479
42.116667,16.334919,48.402705,14.967048,0.003307,-0.003357,-0.712339,0.701820
42.133333,16.351580,48.402323,14.967209,0.003326,-0.003382,-0.712988,0.701160
42.150000,16.368242,48.401940,14.967371,0.003363,-0.003433,-0.714260,0.699864
42.166667,16.384903,48.401558,14.967533,0.003402,-0.003485,-0.715565,0.698529
42.183333,16.401565,48.401176,14.967694,0.003440,-0.003537,-0.716867,0.697192
42.200000,16.418226,48.400794,14.967856,0.003465,-0.003572,-0.717749,0.696284
42.216667,16.434888,48.400412,14.968017,0.003484,-0.003598,-0.718403,0.695609
42.233333,16.451539,48.399733,14.968189,0.003503,-0.003625,-0.719057,0.694933
42.250000,16.468191,48.399037,14.968362,0.003527,-0.003658,-0.719872,0.694088
42.266667,16.484842,48.398342,14.968534,0.003565,-0.003711,-0.721186,0.692722
42.283333,16.501493,48.397647,14.968706,0.003603,-0.003765,-0.722498,0.691353
42.300000,16.518145,48.396951,14.968879,0.003640,-0.003818,-0.723807,0.689982
42.316667,16.534796,48.396256,14.969051,0.003660,-0.003847,-0.724501,0.689254
42.333333,16.551443,48.395483,14.969226,0.003679,-0.003874,-0.725159,0.688561
42.350000,16.568078,48.394469,14.969409,0.003697,-0.003901,-0.725816,0.687868
42.366667,16.584713,48.393456,14.969593,0.003726,-0.003944,-0.726834,0.686791
42.383333,16.601347,48.392442,14.969776,0.003764,-0.003999,-0.728156,0.685389
42.400000,16.617982,48.391428,14.969959,0.003801,-0.004054,-0.729475,0.683985
42.416667,16.634617,48.390415,14.970142,0.003834,-0.004103,-0.730632,0.682748
42.433333,16.651252,48.389401,14.970326,0.003853,-0.004131,-0.731295,0.682038
42.450000,16.667874,48.388213,14.970515,0.003871,-0.004159,-0.731957,0.681327
42.466667,16.684486,48.386877,14.970709,0.003890,-0.004187,-0.732618,0.680616
42.483333,16.701098,48.385540,14.970903,0.003924,-0.004239,-0.733842,0.679296
42.500000,16.717710,48.384204,14.971098,0.003961,-0.004296,-0.735171,0.677856
42.516667,16.734322,48.382867,14.971292,0.003998,-0.004353,-0.736497,0.676414
42.533333,16.750934,48.381531,14.971486,0.004024,-0.004395,-0.737466,0.675358
42.550000,16.767545,48.380194,14.971681,0.004043,-0.004423,-0.738133,0.674629
42.566667,16.784132,48.378583,14.971884,0.004061,-0.004452,-0.738798,0.673899
42.583333,16.800714,48.376918,14.972090,0.004082,-0.004485,-0.739557,0.673067
42.600000,16.817296,48.375254,14.972295,0.004119,-0.004544,-0.740896,0.671592
42.616667,16.833879,48.373590,14.972501,0.004155,-0.004602,-0.742233,0.670114
42.633333,16.850461,48.371925,14.972707,0.004191,-0.004661,-0.743566,0.668633
42.650000,16.867043,48.370261,14.972912,0.004212,-0.004695,-0.744343,0.667767
42.666667,16.883620,48.368551,14.973119,0.004230,-0.004725,-0.745014,0.667019
42.683333,16.900165,48.366554,14.973336,0.004248,-0.004755,-0.745684,0.666270
42.700000,16.916710,48.364556,14.973553,0.004274,-0.004798,-0.746650,0.665186
42.716667,16.933255,48.362559,14.973770,0.004310,-0.004858,-0.747997,0.663670
42.733333,16.949800,48.360562,14.973987,0.004346,-0.004918,-0.749340,0.662153
42.750000,16.966345,48.358565,14.974204,0.004379,-0.004975,-0.750589,0.660736
42.766667,16.982891,48.356568,14.974421,0.004397,-0.005005,-0.751264,0.659968
42.783333,16.999416,48.354422,14.974643,0.004415,-0.005036,-0.751938,0.659200
42.800000,17.015917,48.352087,14.974871,0.004432,-0.005066,-0.752612,0.658430
42.816667,17.032418,48.349752,14.975100,0.004463,-0.005120,-0.753790,0.657080
42.833333,17.048918,48.347417,14.975328,0.004498,-0.005182,-0.755143,0.655524
42.850000,17.065419,48.345082,14.975557,0.004533,-0.005244,-0.756494,0.653964
42.866667,17.081920,48.342747,14.975785,0.004560,-0.005293,-0.757548,0.652742
42.883333,17.098421,48.340412,14.976014,0.004578,-0.005324,-0.758227,0.651953
42.900000,17.114883,48.337824,14.976251,0.004595,-0.005355,-0.758904,0.651164
42.916667,17.131331,48.335146,14.976491,0.004613,-0.005388,-0.759611,0.650339
42.933333,17.147779,48.332468,14.976731,0.004648,-0.005452,-0.760974,0.648742
42.950000,17.164228,48.329790,14.976971,0.004682,-0.005516,-0.762334,0.647143
42.966667,17.180676,48.327112,14.977211,0.004716,-0.005579,-0.763691,0.645541
42.983333,17.197124,48.324435,14.977452,0.004738,-0.005620,-0.764548,0.644525
43.000000,17.213570,48.321742,14.977692,0.004755,-0.005652,-0.765230,0.643715
43.016667,17.229958,48.318716,14.977944,0.004771,-0.005684,-0.765911,0.642904
43.033333,17.246346,48.315691,14.978197,0.004794,-0.005728,-0.766832,0.641805
43.050000,17.262734,48.312665,14.978449,0.004828,-0.005794,-0.768201,0.640164
43.066667,17.279122,48.309640,14.978701,0.004861,-0.005859,-0.769567,0.638521
43.083333,17.295509,48.306614,14.978953,0.004894,-0.005923,-0.770900,0.636910
43.100000,17.311897,48.303589,14.979205,0.004910,-0.005956,-0.771586,0.636079
43.116667,17.328261,48.300441,14.979461,0.004927,-0.005989,-0.772271,0.635246
43.133333,17.344579,48.297063,14.979725,0.004943,-0.006022,-0.772955,0.634413
43.150000,17.360898,48.293685,14.979989,0.004970,-0.006078,-0.774092,0.633024
43.166667,17.377217,48.290307,14.980253,0.005003,-0.006145,-0.775467,0.631338
43.183333,17.393535,48.286929,14.980517,0.005035,-0.006212,-0.776838,0.629650
43.200000,17.409854,48.283551,14.980781,0.005062,-0.006268,-0.777969,0.628251
43.216667,17.426173,48.280173,14.981045,0.005078,-0.006302,-0.778658,0.627396
43.233333,17.442440,48.276561,14.981317,0.005093,-0.006336,-0.779346,0.626542
43.250000,17.458680,48.272826,14.981594,0.005109,-0.006370,-0.780032,0.625686
43.266667,17.474921,48.269090,14.981870,0.005140,-0.006437,-0.781388,0.623991
43.283333,17.491161,48.265355,14.982146,0.005172,-0.006506,-0.782767,0.622260
43.300000,17.507401,48.261620,14.982422,0.005203,-0.006575,-0.784141,0.620526
43.316667,17.523642,48.257885,14.982699,0.005224,-0.006621,-0.785068,0.619353
43.333333,17.539882,48.254150,14.982975,0.005239,-0.006656,-0.785758,0.618476
43.350000,17.556038,48.250067,14.983263,0.005254,-0.006691,-0.786448,0.617598
43.366667,17.572191,48.245970,14.983551,0.005273,-0.006735,-0.787321,0.616483
43.383333,17.588344,48.241874,14.983840,0.005303,-0.006804,-0.788695,0.614725
43.400000,17.604497,48.237777,14.984128,0.005332,-0.006873,-0.790064,0.612963
43.416667,17.620649,48.233680,14.984417,0.005361,-0.006942,-0.791429,0.611198
43.433333,17.636802,48.229584,14.984705,0.005375,-0.006977,-0.792137,0.610280
43.450000,17.652929,48.225390,14.984997,0.005389,-0.007011,-0.792817,0.609396
43.466667,17.668986,48.220934,14.985297,0.005403,-0.007045,-0.793496,0.608511
43.483333,17.685044,48.216478,14.985598,0.005424,-0.007098,-0.794558,0.607122
43.500000,17.701101,48.212022,14.985898,0.005449,-0.007165,-0.795899,0.605362
43.516667,17.717158,48.207566,14.986198,0.005475,-0.007231,-0.797236,0.603600
43.533333,17.733215,48.203110,14.986499,0.005496,-0.007288,-0.798388,0.602074
43.550000,17.749272,48.198654,14.986799,0.005508,-0.007321,-0.799048,0.601198
43.566667,17.765271,48.193996,14.987106,0.005520,-0.007353,-0.799706,0.600321
43.583333,17.781226,48.189189,14.987417,0.005531,-0.007385,-0.800364,0.599443
43.600000,17.797181,48.184382,14.987728,0.005552,-0.007444,-0.801590,0.597802
43.616667,17.813137,48.179575,14.988040,0.005573,-0.007507,-0.802887,0.596058
43.633333,17.829092,48.174768,14.988351,0.005594,-0.007569,-0.804181,0.594310
43.650000,17.845047,48.169961,14.988662,0.005608,-0.007613,-0.805096,0.593070
43.666667,17.861003,48.165154,14.988973,0.005618,-0.007643,-0.805734,0.592202
43.683333,17.876863,48.160044,14.989294,0.005627,-0.007673,-0.806371,0.591333
43.700000,17.892711,48.154894,14.989615,0.005638,-0.007709,-0.807125,0.590303
43.716667,17.908559,48.149745,14.989936,0.005655,-0.007767,-0.808384,0.588577
43.733333,17.924407,48.144595,14.990257,0.005672,-0.007826,-0.809639,0.586849
43.750000,17.940255,48.139446,14.990579,0.005689,-0.007884,-0.810890,0.585118
43.766667,17.956103,48.134296,14.990900,0.005697,-0.007916,-0.811582,0.584158
43.783333,17.971929,48.129083,14.991223,0.005705,-0.007944,-0.812199,0.583298
43.800000,17.987664,48.123599,14.991553,0.005712,-0.007972,-0.812816,0.582438
43.816667,18.003400,48.118116,14.991883,0.005723,-0.008013,-0.813729,0.581161
43.833333,18.019135,48.112632,14.992214,0.005736,-0.008067,-0.814946,0.579453
43.850000,18.034870,48.107148,14.992544,0.005749,-0.008121,-0.816159,0.577741
43.866667,18.050605,48.101664,14.992874,0.005760,-0.008170,-0.817254,0.576190
43.883333,18.066340,48.096180,14.993205,0.005765,-0.008196,-0.817853,0.575340
43.900000,18.082018,48.090536,14.993539,0.005771,-0.008222,-0.818450,0.574489
43.916667,18.097635,48.084726,14.993878,0.005776,-0.008248,-0.819047,0.573638
43.933333,18.113253,48.078916,14.994216,0.005785,-0.008293,-0.820107,0.572121
43.950000,18.128871,48.073107,14.994554,0.005794,-0.008342,-0.821284,0.570429
43.966667,18.144488,48.067297,14.994893,0.005803,-0.008392,-0.822457,0.568735
43.983333,18.160106,48.061487,14.995231,0.005809,-0.008429,-0.823338,0.567460
44.000000,18.175723,48.055677,14.995570,0.005813,-0.008453,-0.823917,0.566618
44.016667,18.191244,48.049615,14.995914,0.005817,-0.008477,-0.824495,0.565776
44.033333,18.206740,48.043488,14.996260,0.005821,-0.008503,-0.825125,0.564856
44.050000,18.222235,48.037360,14.996605,0.005826,-0.008548,-0.826267,0.563183
44.066667,18.237731,48.031233,14.996951,0.005832,-0.008593,-0.827406,0.561508
44.083333,18.253226,48.025105,14.997297,0.005837,-0.008639,-0.828541,0.559831
44.100000,18.268722,48.018978,14.997642,0.005840,-0.008665,-0.829220,0.558825
44.116667,18.284205,48.012821,14.997989,0.005842,-0.008687,-0.829780,0.557992
44.133333,18.299575,48.006384,14.998341,0.005843,-0.008708,-0.830340,0.557159
44.150000,18.314944,47.999946,14.998693,0.005845,-0.008738,-0.831114,0.556002
44.166667,18.330313,47.993509,14.999045,0.005848,-0.008779,-0.832219,0.554347
44.183333,18.345683,47.987072,14.999397,0.005850,-0.008820,-0.833320,0.552689
44.200000,18.361052,47.980634,14.999749,0.005851,-0.008859,-0.834366,0.551108
44.216667,18.376421,47.974197,15.000101,0.005851,-0.008878,-0.834909,0.550285
44.233333,18.391739,47.967641,15.000455,0.005852,-0.008897,-0.835452,0.549461
44.250000,18.406978,47.960902,15.000812,0.005852,-0.008917,-0.835993,0.548636
44.266667,18.422218,47.954163,15.001170,0.005851,-0.008948,-0.836901,0.547250
44.283333,18.437457,47.947423,15.001527,0.005850,-0.008984,-0.837970,0.545611
44.300000,18.452696,47.940684,15.001885,0.005848,-0.009021,-0.839035,0.543971
44.316667,18.467935,47.933945,15.002242,0.005847,-0.009050,-0.839887,0.542654
44.333333,18.483174,47.927206,15.002600,0.005846,-0.009067,-0.840413,0.541839
44.350000,18.498321,47.920263,15.002960,0.005844,-0.009084,-0.840938,0.541023
44.366667,18.513427,47.913230,15.003322,0.005843,-0.009101,-0.841463,0.540207
44.383333,18.528532,47.906196,15.003684,0.005838,-0.009133,-0.842494,0.538596
44.400000,18.543638,47.899162,15.004046,0.005834,-0.009165,-0.843529,0.536974
44.416667,18.558743,47.892129,15.004408,0.005830,-0.009197,-0.844560,0.535350
44.433333,18.573849,47.885095,15.004770,0.005826,-0.009217,-0.845230,0.534291
44.450000,18.588954,47.878062,15.005132,0.005823,-0.009232,-0.845740,0.533484
44.466667,18.603924,47.870745,15.005497,0.005820,-0.009246,-0.846248,0.532677
44.483333,18.618893,47.863424,15.005863,0.005816,-0.009265,-0.846898,0.531642
44.500000,18.633861,47.856104,15.006229,0.005809,-0.009292,-0.847903,0.530038
44.516667,18.648830,47.848783,15.006594,0.005801,-0.009320,-0.848904,0.528433
44.533333,18.663798,47.841463,15.006960,0.005794,-0.009347,-0.849903,0.526825
44.550000,18.678767,47.834143,15.007326,0.005789,-0.009360,-0.850403,0.526017
44.566667,18.693695,47.826742,15.007692,0.005785,-0.009372,-0.850896,0.525219
44.583333,18.708523,47.819142,15.008060,0.005781,-0.009385,-0.851388,0.524420
44.600000,18.723352,47.811542,15.008429,0.005773,-0.009403,-0.852162,0.523161
44.616667,18.738180,47.803942,15.008797,0.005763,-0.009426,-0.853135,0.521573
44.633333,18.753009,47.796342,15.009166,0.005752,-0.009449,-0.854105,0.519983
44.650000,18.767837,47.788742,15.009534,0.005743,-0.009468,-0.854933,0.518620
44.666667,18.782665,47.781142,15.009902,0.005738,-0.009478,-0.855412,0.517830
44.683333,18.797410,47.773382,15.010272,0.005732,-0.009488,-0.855890,0.517040
44.700000,18.812096,47.765510,15.010642,0.005726,-0.009498,-0.856367,0.516249
44.716667,18.826781,47.757637,15.011012,0.005714,-0.009516,-0.857258,0.514768
44.733333,18.841466,47.749764,15.011383,0.005701,-0.009534,-0.858200,0.513195
44.750000,18.856152,47.741891,15.011753,0.005688,-0.009552,-0.859139,0.511621
44.766667,18.870837,47.734019,15.012123,0.005679,-0.009564,-0.859801,0.510509
44.783333,18.885522,47.726146,15.012494,0.005672,-0.009572,-0.860265,0.509726
44.800000,18.900079,47.718038,15.012865,0.005665,-0.009580,-0.860728,0.508943
44.816667,18.914619,47.709900,15.013236,0.005656,-0.009589,-0.861275,0.508017
44.833333,18.929159,47.701761,15.013608,0.005641,-0.009603,-0.862191,0.506462
44.850000,18.943698,47.693622,15.013979,0.005625,-0.009616,-0.863103,0.504905
44.866667,18.958238,47.685484,15.014350,0.005610,-0.009630,-0.864013,0.503347
44.883333,18.972778,47.677345,15.014722,0.005601,-0.009637,-0.864516,0.502482
44.900000,18.987290,47.669158,15.015093,0.005593,-0.009642,-0.864965,0.501708
44.916667,19.001681,47.660761,15.015465,0.005585,-0.009648,-0.865414,0.500934
44.933333,19.016073,47.652363,15.015837,0.005572,-0.009656,-0.866077,0.499786
44.950000,19.030465,47.643966,15.016208,0.005555,-0.009666,-0.866962,0.498249
44.966667,19.044857,47.635568,15.016580,0.005538,-0.009675,-0.867845,0.496710
44.983333,19.059248,47.627171,15.016952,0.005522,-0.009683,-0.868642,0.495314
45.000000,19.073640,47.618773,15.017323,0.005513,-0.009687,-0.869077,0.494551
45.016667,19.087958,47.610252,15.017695,0.005503,-0.009691,-0.869512,0.493786
45.033333,19.102200,47.601603,15.018066,0.005494,-0.009695,-0.869946,0.493022
45.050000,19.116442,47.592954,15.018437,0.005477,-0.009700,-0.870717,0.491658
45.066667,19.130684,47.584305,15.018809,0.005458,-0.009706,-0.871573,0.490140
45.083333,19.144926,47.575656,15.019180,0.005439,-0.009711,-0.872426,0.488620
45.100000,19.159168,47.567006,15.019551,0.005424,-0.009715,-0.873066,0.487476
45.116667,19.173410,47.558357,15.019922,0.005414,-0.009716,-0.873486,0.486721
45.133333,19.187531,47.549513,15.020293,0.005404,-0.009718,-0.873906,0.485967
45.150000,19.201621,47.540619,15.020663,0.005393,-0.009720,-0.874369,0.485135
45.166667,19.215711,47.531725,15.021033,0.005372,-0.009721,-0.875198,0.483638
45.183333,19.229802,47.522831,15.021403,0.005351,-0.009723,-0.876024,0.482139
45.200000,19.243892,47.513937,15.021773,0.005330,-0.009724,-0.876848,0.480639
45.216667,19.257983,47.505043,15.022143,0.005317,-0.009724,-0.877340,0.479742
45.233333,19.272057,47.496125,15.022513,0.005306,-0.009724,-0.877746,0.478998
45.250000,19.285995,47.486993,15.022882,0.005296,-0.009724,-0.878152,0.478253
45.266667,19.299932,47.477861,15.023250,0.005280,-0.009722,-0.878721,0.477207
45.283333,19.313870,47.468730,15.023618,0.005257,-0.009720,-0.879522,0.475730
45.300000,19.327807,47.459598,15.023987,0.005235,-0.009717,-0.880320,0.474251
45.316667,19.341745,47.450467,15.024355,0.005214,-0.009714,-0.881074,0.472849
45.333333,19.355683,47.441335,15.024723,0.005202,-0.009712,-0.881468,0.472115
45.350000,19.369557,47.432108,15.025091,0.005190,-0.009710,-0.881861,0.471382
45.366667,19.383340,47.422746,15.025456,0.005179,-0.009708,-0.882253,0.470647
45.383333,19.397124,47.413383,15.025822,0.005158,-0.009702,-0.882921,0.469393
45.400000,19.410908,47.404021,15.026188,0.005134,-0.009696,-0.883694,0.467936
45.416667,19.424691,47.394659,15.026554,0.005110,-0.009689,-0.884465,0.466478
45.433333,19.438475,47.385296,15.026920,0.005091,-0.009683,-0.885074,0.465322
45.450000,19.452259,47.375934,15.027286,0.005078,-0.009679,-0.885454,0.464599
45.466667,19.465931,47.366410,15.027649,0.005066,-0.009674,-0.885833,0.463875
45.483333,19.479560,47.356824,15.028012,0.005053,-0.009670,-0.886223,0.463131
45.500000,19.493189,47.347237,15.028374,0.005028,-0.009659,-0.886972,0.461695
45.516667,19.506817,47.337651,15.028737,0.005002,-0.009648,-0.887718,0.460259
45.533333,19.520446,47.328064,15.029099,0.004977,-0.009637,-0.888462,0.458821
45.550000,19.534075,47.318478,15.029462,0.004960,-0.009630,-0.888935,0.457906
45.566667,19.547700,47.308885,15.029825,0.004947,-0.009623,-0.889302,0.457193
45.583333,19.561173,47.299081,15.030183,0.004934,-0.009617,-0.889668,0.456480
45.600000,19.574646,47.289277,15.030542,0.004917,-0.009608,-0.890155,0.455530
45.616667,19.588120,47.279474,15.030901,0.004890,-0.009593,-0.890878,0.454116
45.633333,19.601593,47.269670,15.031259,0.004863,-0.009578,-0.891598,0.452700
45.650000,19.615067,47.259866,15.031618,0.004837,-0.009563,-0.892306,0.451304
45.666667,19.628540,47.250062,15.031977,0.004823,-0.009555,-0.892661,0.450601
45.683333,19.641961,47.240187,15.032334,0.004810,-0.009547,-0.893016,0.449899
45.700000,19.655279,47.230173,15.032688,0.004796,-0.009538,-0.893369,0.449196
45.716667,19.668596,47.220158,15.033042,0.004773,-0.009523,-0.893946,0.448048
45.733333,19.681914,47.210143,15.033397,0.004745,-0.009504,-0.894644,0.446654
45.750000,19.695232,47.200129,15.033751,0.004717,-0.009485,-0.895339,0.445259
45.766667,19.708549,47.190114,15.034105,0.004694,-0.009469,-0.895914,0.444101
45.783333,19.721867,47.180099,15.034459,0.004680,-0.009459,-0.896257,0.443409
45.800000,19.735084,47.169953,15.034810,0.004665,-0.009448,-0.896599,0.442717
45.816667,19.748245,47.159733,15.035159,0.004651,-0.009438,-0.896941,0.442025
45.833333,19.761407,47.149514,15.035508,0.004623,-0.009416,-0.897600,0.440685
45.850000,19.774568,47.139295,15.035857,0.004594,-0.009393,-0.898274,0.439312
45.866667,19.787730,47.129076,15.036206,0.004565,-0.009370,-0.898945,0.437938
45.883333,19.800891,47.118857,15.036555,0.004545,-0.009353,-0.899396,0.437011
45.900000,19.814053,47.108638,15.036904,0.004530,-0.009341,-0.899727,0.436330
45.916667,19.827065,47.098230,15.037247,0.004515,-0.009328,-0.900057,0.435648
45.933333,19.840071,47.087812,15.037590,0.004496,-0.009312,-0.900471,0.434792
45.950000,19.853076,47.077395,15.037933,0.004466,-0.009285,-0.901123,0.433441
45.966667,19.866081,47.066977,15.038276,0.004436,-0.009258,-0.901773,0.432089
45.983333,19.879087,47.056560,15.038619,0.004406,-0.009231,-0.902420,0.430736
46.000000,19.892092,47.046143,15.038962,0.004390,-0.009216,-0.902755,0.430033
46.016667,19.905057,47.035675,15.039303,0.004375,-0.009201,-0.903075,0.429362
46.033333,19.917906,47.025066,15.039640,0.004359,-0.009187,-0.903394,0.428692
46.050000,19.930755,47.014456,15.039976,0.004335,-0.009163,-0.903890,0.427646
46.066667,19.943604,47.003847,15.040313,0.004304,-0.009132,-0.904518,0.426315
46.083333,19.956453,46.993237,15.040649,0.004273,-0.009101,-0.905145,0.424984
46.100000,19.969303,46.982627,15.040986,0.004246,-0.009073,-0.905688,0.423827
46.116667,19.982152,46.972018,15.041322,0.004230,-0.009057,-0.905996,0.423167
46.133333,19.994912,46.961302,15.041655,0.004214,-0.009040,-0.906305,0.422507
46.150000,20.007606,46.950507,15.041984,0.004199,-0.009024,-0.906613,0.421846
46.166667,20.020299,46.939711,15.042313,0.004169,-0.008991,-0.907184,0.420617
46.183333,20.032992,46.928915,15.042642,0.004137,-0.008956,-0.907791,0.419307
46.200000,20.045686,46.918119,15.042972,0.004105,-0.008921,-0.908396,0.417996
46.216667,20.058379,46.907324,15.043301,0.004082,-0.008895,-0.908826,0.417061
46.233333,20.071072,46.896528,15.043630,0.004066,-0.008876,-0.909124,0.416412
46.250000,20.083629,46.885574,15.043952,0.004049,-0.008858,-0.909421,0.415762
46.266667,20.096167,46.874597,15.044274,0.004030,-0.008835,-0.909773,0.414992
46.283333,20.108705,46.863621,15.044595,0.003997,-0.008796,-0.910361,0.413701
46.300000,20.121242,46.852645,15.044917,0.003965,-0.008757,-0.910948,0.412410
46.316667,20.133780,46.841669,15.045238,0.003932,-0.008718,-0.911532,0.411118
46.333333,20.146318,46.830692,15.045559,0.003913,-0.008695,-0.911857,0.410397
46.350000,20.158827,46.819683,15.045879,0.003897,-0.008675,-0.912146,0.409755
46.366667,20.171209,46.808532,15.046192,0.003880,-0.008654,-0.912434,0.409114
46.383333,20.183591,46.797380,15.046505,0.003855,-0.008623,-0.912863,0.408157
46.400000,20.195974,46.786228,15.046818,0.003822,-0.008580,-0.913433,0.406881
46.416667,20.208356,46.775077,15.047131,0.003789,-0.008537,-0.914001,0.405605
46.433333,20.220738,46.763925,15.047444,0.003758,-0.008498,-0.914514,0.404448
46.450000,20.233120,46.752773,15.047756,0.003742,-0.008476,-0.914795,0.403813
46.466667,20.245425,46.741537,15.048065,0.003725,-0.008454,-0.915075,0.403179
46.483333,20.257652,46.730214,15.048369,0.003708,-0.008432,-0.915354,0.402544
46.500000,20.269878,46.718892,15.048672,0.003677,-0.008390,-0.915856,0.401402
46.516667,20.282104,46.707569,15.048976,0.003643,-0.008344,-0.916409,0.400140
46.533333,20.294331,46.696247,15.049280,0.003609,-0.008297,-0.916960,0.398877
46.550000,20.306557,46.684924,15.049584,0.003584,-0.008262,-0.917372,0.397929
46.566667,20.318784,46.673602,15.049888,0.003567,-0.008238,-0.917644,0.397302
46.583333,20.330884,46.662144,15.050184,0.003550,-0.008214,-0.917916,0.396674
46.600000,20.342955,46.650656,15.050478,0.003531,-0.008187,-0.918220,0.395971
46.616667,20.355025,46.639167,15.050772,0.003496,-0.008137,-0.918758,0.394723
46.633333,20.367096,46.627678,15.051067,0.003462,-0.008088,-0.919294,0.393474
46.650000,20.379166,46.616189,15.051361,0.003427,-0.008038,-0.919828,0.392224
46.666667,20.391237,46.604700,15.051655,0.003407,-0.008007,-0.920144,0.391483
46.683333,20.403288,46.593192,15.051948,0.003389,-0.007981,-0.920408,0.390862
46.700000,20.415203,46.581541,15.052232,0.003372,-0.007956,-0.920672,0.390241
46.716667,20.427117,46.569890,15.052516,0.003347,-0.007918,-0.921048,0.389355
46.733333,20.439032,46.558239,15.052800,0.003312,-0.007865,-0.921569,0.388120
46.750000,20.450946,46.546588,15.053084,0.003278,-0.007812,-0.922089,0.386885
46.766667,20.462860,46.534937,15.053368,0.003245,-0.007761,-0.922576,0.385723
46.783333,20.474775,46.523286,15.053652,0.003227,-0.007734,-0.922833,0.385109
46.800000,20.486622,46.511567,15.053932,0.003210,-0.007706,-0.923089,0.384495
46.816667,20.498380,46.499759,15.054205,0.003192,-0.007679,-0.923345,0.383881
46.833333,20.510139,46.487950,15.054479,0.003162,-0.007629,-0.923788,0.382816
46.850000,20.521897,46.476142,15.054752,0.003126,-0.007573,-0.924293,0.381595
46.866667,20.533656,46.464333,15.055025,0.003091,-0.007516,-0.924798,0.380373
46.883333,20.545414,46.452524,15.055299,0.003064,-0.007471,-0.925191,0.379416
46.900000,20.557173,46.440716,15.055572,0.003046,-0.007441,-0.925440,0.378809
46.916667,20.568815,46.428793,15.055837,0.003028,-0.007412,-0.925689,0.378202
46.933333,20.580418,46.416831,15.056099,0.003010,-0.007381,-0.925950,0.377561
46.950000,20.592020,46.404869,15.056361,0.002974,-0.007321,-0.926442,0.376354
46.966667,20.603623,46.392907,15.056623,0.002938,-0.007261,-0.926932,0.375147
46.983333,20.615225,46.380945,15.056885,0.002903,-0.007200,-0.927421,0.373939
47.000000,20.626828,46.368983,15.057147,0.002881,-0.007162,-0.927726,0.373183
47.016667,20.638422,46.357013,15.057409,0.002863,-0.007131,-0.927967,0.372582
47.033333,20.649869,46.344902,15.057659,0.002845,-0.007099,-0.928208,0.371982
47.050000,20.661316,46.332790,15.057909,0.002821,-0.007056,-0.928536,0.371164
47.066667,20.672763,46.320679,15.058160,0.002785,-0.006993,-0.929013,0.369971
47.083333,20.684210,46.308568,15.058410,0.002749,-0.006929,-0.929488,0.368777
47.100000,20.695656,46.296457,15.058660,0.002714,-0.006867,-0.929948,0.367616
47.116667,20.707103,46.284345,15.058911,0.002696,-0.006834,-0.930183,0.367022
47.133333,20.718493,46.272181,15.059156,0.002678,-0.006801,-0.930417,0.366429
47.150000,20.729785,46.259924,15.059394,0.002661,-0.006768,-0.930651,0.365836
47.166667,20.741077,46.247668,15.059632,0.002630,-0.006712,-0.931040,0.364845
47.183333,20.752368,46.235411,15.059870,0.002594,-0.006645,-0.931502,0.363665
47.200000,20.763660,46.223155,15.060108,0.002558,-0.006578,-0.931963,0.362485
47.216667,20.774951,46.210898,15.060346,0.002529,-0.006522,-0.932337,0.361522
47.233333,20.786243,46.198642,15.060584,0.002511,-0.006488,-0.932565,0.360936
47.250000,20.797429,46.186290,15.060813,0.002493,-0.006453,-0.932792,0.360349
47.266667,20.808566,46.173892,15.061038,0.002475,-0.006419,-0.933018,0.359763
47.283333,20.819703,46.161494,15.061263,0.002439,-0.006348,-0.933465,0.358604
47.300000,20.830839,46.149097,15.061488,0.002403,-0.006277,-0.933913,0.357437
47.316667,20.841976,46.136699,15.061713,0.002367,-0.006207,-0.934359,0.356271
47.333333,20.853113,46.124301,15.061938,0.002343,-0.006159,-0.934652,0.355502
47.350000,20.864249,46.111904,15.062163,0.002325,-0.006123,-0.934873,0.354923
47.366667,20.875233,46.099370,15.062375,0.002306,-0.006087,-0.935093,0.354343
47.383333,20.886215,46.086835,15.062586,0.002283,-0.006039,-0.935378,0.353591
47.400000,20.897197,46.074300,15.062798,0.002246,-0.005965,-0.935813,0.352440
47.416667,20.908180,46.061765,15.063009,0.002210,-0.005890,-0.936247,0.351287
47.433333,20.919162,46.049230,15.063221,0.002174,-0.005816,-0.936679,0.350134
47.450000,20.930144,46.036695,15.063432,0.002156,-0.005778,-0.936896,0.349555
47.466667,20.941080,46.024120,15.063640,0.002137,-0.005740,-0.937109,0.348982
47.483333,20.951908,46.011452,15.063837,0.002119,-0.005702,-0.937323,0.348409
47.500000,20.962736,45.998783,15.064035,0.002090,-0.005639,-0.937664,0.347491
47.516667,20.973564,45.986115,15.064233,0.002053,-0.005562,-0.938086,0.346352
47.533333,20.984392,45.973446,15.064430,0.002017,-0.005484,-0.938506,0.345213
47.550000,20.995221,45.960778,15.064628,0.001986,-0.005417,-0.938862,0.344246
47.566667,21.006049,45.948110,15.064825,0.001968,-0.005378,-0.939069,0.343680
47.583333,21.016783,45.935362,15.065014,0.001950,-0.005338,-0.939276,0.343114
47.600000,21.027458,45.922564,15.065197,0.001932,-0.005298,-0.939483,0.342548
47.616667,21.038133,45.909765,15.065380,0.001897,-0.005220,-0.939877,0.341467
47.633333,21.048808,45.896967,15.065563,0.001860,-0.005139,-0.940286,0.340342
47.650000,21.059482,45.884169,15.065746,0.001824,-0.005058,-0.940693,0.339216
47.666667,21.070157,45.871371,15.065929,0.001799,-0.005001,-0.940974,0.338437
47.683333,21.080832,45.858573,15.066112,0.001780,-0.004959,-0.941175,0.337877
47.700000,21.091366,45.845658,15.066281,0.001762,-0.004918,-0.941376,0.337318
47.716667,21.101888,45.832734,15.066449,0.001740,-0.004866,-0.941623,0.336629
47.733333,21.112410,45.819810,15.066617,0.001703,-0.004781,-0.942020,0.335517
47.750000,21.122932,45.806885,15.066785,0.001667,-0.004697,-0.942416,0.334405
47.766667,21.133454,45.793961,15.066953,0.001630,-0.004612,-0.942811,0.333292
47.783333,21.143976,45.781037,15.067121,0.001611,-0.004565,-0.943022,0.332696
47.800000,21.154462,45.768084,15.067286,0.001592,-0.004522,-0.943217,0.332143
47.816667,21.164832,45.755037,15.067438,0.001574,-0.004479,-0.943412,0.331590
47.833333,21.175202,45.741990,15.067590,0.001546,-0.004411,-0.943711,0.330737
47.850000,21.185572,45.728943,15.067743,0.001509,-0.004323,-0.944097,0.329635
47.866667,21.195941,45.715896,15.067895,0.001473,-0.004234,-0.944482,0.328533
47.883333,21.206311,45.702849,15.068047,0.001441,-0.004156,-0.944820,0.327560
47.900000,21.216681,45.689803,15.068200,0.001423,-0.004111,-0.945011,0.327011
47.916667,21.226968,45.676690,15.068343,0.001404,-0.004066,-0.945201,0.326462
47.933333,21.237185,45.663523,15.068479,0.001386,-0.004021,-0.945390,0.325913
47.950000,21.247403,45.650357,15.068616,0.001352,-0.003936,-0.945741,0.324894
47.966667,21.257620,45.637190,15.068752,0.001316,-0.003844,-0.946117,0.323800
47.983333,21.267838,45.624024,15.068888,0.001279,-0.003752,-0.946492,0.322704
48.000000,21.278055,45.610857,15.069024,0.001253,-0.003685,-0.946762,0.321909
48.016667,21.288273,45.597690,15.069160,0.001235,-0.003638,-0.946948,0.321364
48.033333,21.298360,45.584423,15.069282,0.001217,-0.003591,-0.947133,0.320818
48.050000,21.308425,45.571139,15.069402,0.001195,-0.003536,-0.947350,0.320178
48.066667,21.318490,45.557856,15.069521,0.001159,-0.003441,-0.947718,0.319089
48.083333,21.328555,45.544572,15.069641,0.001122,-0.003346,-0.948084,0.318001
48.100000,21.338620,45.531288,15.069760,0.001086,-0.003250,-0.948449,0.316912
48.116667,21.348685,45.518005,15.069880,0.001065,-0.003195,-0.948656,0.316293
48.133333,21.358724,45.504701,15.069996,0.001047,-0.003147,-0.948837,0.315750
48.150000,21.368637,45.491303,15.070098,0.001029,-0.003098,-0.949017,0.315207
48.166667,21.378549,45.477905,15.070200,0.001002,-0.003025,-0.949285,0.314402
48.183333,21.388462,45.464507,15.070303,0.000965,-0.002926,-0.949643,0.313320
48.200000,21.398374,45.451109,15.070405,0.000929,-0.002827,-0.949999,0.312237
48.216667,21.408287,45.437711,15.070507,0.000896,-0.002737,-0.950324,0.311249
48.233333,21.418200,45.424313,15.070609,0.000878,-0.002686,-0.950501,0.310710
48.250000,21.428038,45.410860,15.070703,0.000860,-0.002636,-0.950677,0.310170
48.266667,21.437798,45.397350,15.070787,0.000842,-0.002586,-0.950853,0.309631
48.283333,21.447558,45.383841,15.070872,0.000809,-0.002494,-0.951168,0.308662
48.300000,21.457318,45.370331,15.070956,0.000773,-0.002391,-0.951517,0.307586
48.316667,21.467077,45.356821,15.071040,0.000737,-0.002289,-0.951864,0.306510
48.333333,21.476837,45.343311,15.071125,0.000710,-0.002211,-0.952126,0.305697
48.350000,21.486597,45.329801,15.071209,0.000692,-0.002159,-0.952298,0.305161
48.366667,21.496235,45.316204,15.071279,0.000674,-0.002107,-0.952470,0.304624
48.383333,21.505842,45.302585,15.071345,0.000654,-0.002048,-0.952661,0.304027
48.400000,21.515449,45.288966,15.071411,0.000618,-0.001942,-0.953002,0.302958
48.416667,21.525056,45.275347,15.071477,0.000582,-0.001837,-0.953341,0.301888
48.433333,21.534664,45.261729,15.071543,0.000546,-0.001730,-0.953680,0.300818
48.450000,21.544271,45.248110,15.071609,0.000524,-0.001666,-0.953881,0.300179
48.466667,21.553860,45.234478,15.071673,0.000506,-0.001612,-0.954049,0.299645
48.483333,21.563315,45.220753,15.071720,0.000489,-0.001559,-0.954217,0.299112
48.500000,21.572769,45.207027,15.071767,0.000463,-0.001481,-0.954455,0.298352
48.516667,21.582224,45.193302,15.071814,0.000427,-0.001371,-0.954786,0.297289
48.533333,21.591678,45.179576,15.071861,0.000391,-0.001262,-0.955117,0.296226
48.550000,21.601132,45.165851,15.071908,0.000358,-0.001159,-0.955427,0.295224
48.566667,21.610587,45.152125,15.071955,0.000340,-0.001103,-0.955591,0.294694
48.583333,21.619976,45.138355,15.071994,0.000322,-0.001047,-0.955754,0.294164
48.600000,21.629277,45.124526,15.072022,0.000305,-0.000992,-0.955917,0.293634
48.616667,21.638579,45.110696,15.072049,0.000274,-0.000894,-0.956200,0.292713
48.633333,21.647881,45.096866,15.072077,0.000238,-0.000781,-0.956523,0.291657
48.650000,21.657182,45.083037,15.072104,0.000203,-0.000667,-0.956844,0.290600
48.666667,21.666484,45.069207,15.072132,0.000175,-0.000578,-0.957096,0.289770
48.683333,21.675785,45.055378,15.072160,0.000157,-0.000521,-0.957255,0.289243
48.700000,21.684974,45.041473,15.072172,0.000140,-0.000464,-0.957415,0.288716
48.716667,21.694123,45.027542,15.072180,0.000121,-0.000403,-0.957582,0.288160
48.733333,21.703271,45.013611,15.072188,0.000086,-0.000286,-0.957897,0.287110
48.750000,21.712420,44.999679,15.072195,0.000051,-0.000170,-0.958212,0.286060
48.766667,21.721569,44.985748,15.072203,0.000016,-0.000053,-0.958525,0.285009
48.783333,21.730718,44.971817,15.072211,-0.000006,0.000021,-0.958721,0.284350
48.800000,21.739858,44.957881,15.072217,-0.000024,0.000080,-0.958876,0.283826
48.816667,21.748855,44.943850,15.072204,-0.000041,0.000139,-0.959031,0.283302
48.833333,21.757851,44.929820,15.072191,-0.000065,0.000221,-0.959242,0.282587
48.850000,21.766847,44.915790,15.072178,-0.000100,0.000341,-0.959549,0.281543
48.866667,21.775843,44.901760,15.072165,-0.000135,0.000461,-0.959854,0.280498
48.883333,21.784839,44.887730,15.072152,-0.000168,0.000578,-0.960150,0.279483
48.900000,21.793835,44.873699,15.072139,-0.000185,0.000638,-0.960302,0.278962
48.916667,21.802775,44.859633,15.072119,-0.000203,0.000699,-0.960453,0.278442
48.933333,21.811619,44.845507,15.072085,-0.000220,0.000760,-0.960604,0.277921
48.950000,21.820462,44.831380,15.072051,-0.000249,0.000864,-0.960856,0.277048
48.966667,21.829306,44.817253,15.072017,-0.000284,0.000987,-0.961154,0.276010
48.983333,21.838149,44.803126,15.071982,-0.000318,0.001111,-0.961452,0.274972
49.000000,21.846993,44.788999,15.071948,-0.000346,0.001212,-0.961693,0.274126
49.016667,21.855836,44.774872,15.071914,-0.000363,0.001275,-0.961840,0.273608
49.033333,21.864576,44.760681,15.071866,-0.000380,0.001338,-0.961987,0.273091
49.050000,21.873267,44.746460,15.071810,-0.000397,0.001400,-0.962134,0.272573
49.066667,21.881958,44.732239,15.071754,-0.000431,0.001527,-0.962425,0.271544
49.083333,21.890649,44.718018,15.071699,-0.000465,0.001654,-0.962715,0.270513
49.100000,21.899340,44.703796,15.071643,-0.000498,0.001781,-0.963004,0.269480
49.116667,21.908031,44.689575,15.071587,-0.000521,0.001866,-0.963194,0.268801
49.133333,21.916722,44.675354,15.071531,-0.000537,0.001930,-0.963337,0.268287
49.150000,21.925261,44.661041,15.071454,-0.000554,0.001994,-0.963480,0.267772
49.166667,21.933800,44.646728,15.071376,-0.000576,0.002079,-0.963666,0.267101
49.183333,21.942338,44.632415,15.071298,-0.000610,0.002210,-0.963950,0.266075
49.200000,21.950877,44.618102,15.071220,-0.000643,0.002340,-0.964232,0.265049
49.216667,21.959415,44.603789,15.071142,-0.000676,0.002471,-0.964513,0.264023
49.233333,21.967954,44.589476,15.071064,-0.000693,0.002538,-0.964653,0.263509
49.250000,21.976446,44.575135,15.070979,-0.000710,0.002604,-0.964793,0.262998
49.266667,21.984832,44.560733,15.070879,-0.000726,0.002670,-0.964932,0.262486
49.283333,21.993218,44.546330,15.070778,-0.000753,0.002778,-0.965156,0.261659
49.300000,22.001605,44.531927,15.070677,-0.000786,0.002913,-0.965432,0.260639
49.316667,22.009991,44.517525,15.070577,-0.000819,0.003047,-0.965706,0.259618
49.333333,22.018377,44.503122,15.070476,-0.000847,0.003161,-0.965938,0.258754
49.350000,22.026764,44.488719,15.070376,-0.000863,0.003229,-0.966074,0.258245
49.366667,22.035055,44.474262,15.070260,-0.000879,0.003297,-0.966210,0.257735
49.383333,22.043289,44.459772,15.070137,-0.000896,0.003365,-0.966345,0.257226
49.400000,22.051523,44.445282,15.070013,-0.000927,0.003499,-0.966606,0.256241
49.416667,22.059757,44.430792,15.069889,-0.000960,0.003637,-0.966875,0.255222
49.433333,22.067991,44.416302,15.069765,-0.000992,0.003776,-0.967143,0.254202
49.450000,22.076225,44.401812,15.069641,-0.001015,0.003872,-0.967328,0.253498
49.466667,22.084459,44.387321,15.069517,-0.001031,0.003942,-0.967461,0.252988
49.483333,22.092550,44.372751,15.069370,-0.001047,0.004013,-0.967594,0.252478
49.500000,22.100630,44.358175,15.069222,-0.001067,0.004101,-0.967759,0.251842
49.516667,22.108711,44.343599,15.069074,-0.001100,0.004244,-0.968024,0.250820
49.533333,22.116792,44.329023,15.068926,-0.001132,0.004387,-0.968287,0.249798
49.550000,22.124872,44.314447,15.068778,-0.001164,0.004531,-0.968550,0.248776
49.566667,22.132953,44.299871,15.068630,-0.001181,0.004608,-0.968690,0.248229
49.583333,22.140995,44.285274,15.068476,-0.001197,0.004681,-0.968820,0.247717
49.600000,22.148921,44.270614,15.068303,-0.001213,0.004754,-0.968951,0.247205
49.616667,22.156847,44.255954,15.068130,-0.001238,0.004869,-0.969153,0.246408
49.633333,22.164773,44.241293,15.067958,-0.001270,0.005017,-0.969413,0.245382
49.650000,22.172699,44.226633,15.067785,-0.001301,0.005165,-0.969671,0.244357
49.666667,22.180625,44.211972,15.067612,-0.001329,0.005295,-0.969897,0.243456
49.683333,22.188551,44.197312,15.067439,-0.001345,0.005370,-0.970025,0.242942
49.700000,22.196391,44.182606,15.067252,-0.001361,0.005445,-0.970153,0.242429
49.716667,22.204161,44.167862,15.067053,-0.001376,0.005521,-0.970281,0.241915
49.733333,22.211931,44.153119,15.066855,-0.001406,0.005663,-0.970519,0.240954
49.750000,22.219701,44.138376,15.066656,-0.001437,0.005816,-0.970773,0.239925
49.766667,22.227471,44.123633,15.066458,-0.001469,0.005969,-0.971026,0.238895
49.783333,22.235241,44.108889,15.066259,-0.001491,0.006080,-0.971208,0.238152
49.800000,22.243012,44.094146,15.066061,-0.001507,0.006158,-0.971333,0.237637
49.816667,22.250645,44.079332,15.065840,-0.001522,0.006236,-0.971459,0.237121
49.833333,22.258259,44.064508,15.065615,-0.001540,0.006328,-0.971607,0.236512
49.850000,22.265872,44.049683,15.065390,-0.001571,0.006486,-0.971856,0.235479
49.866667,22.273485,44.034859,15.065165,-0.001602,0.006643,-0.972105,0.234447
49.883333,22.281098,44.020034,15.064940,-0.001633,0.006801,-0.972352,0.233414
49.900000,22.288711,44.005210,15.064715,-0.001650,0.006891,-0.972492,0.232829
49.916667,22.296296,43.990371,15.064486,-0.001665,0.006971,-0.972615,0.232312
49.933333,22.303751,43.975466,15.064234,-0.001680,0.007051,-0.972738,0.231795
49.950000,22.311205,43.960562,15.063982,-0.001703,0.007172,-0.972921,0.231020
49.966667,22.318660,43.945658,15.063730,-0.001733,0.007335,-0.973165,0.229984
49.983333,22.326115,43.930753,15.063478,-0.001763,0.007498,-0.973408,0.228947
50.000000,22.333570,43.915849,15.063226,-0.001790,0.007646,-0.973628,0.228005
50.016667,22.341025,43.900945,15.062974,-0.001805,0.007728,-0.973749,0.227486
50.033333,22.348401,43.886002,15.062708,-0.001820,0.007811,-0.973870,0.226967
50.050000,22.355697,43.871019,15.062428,-0.001835,0.007893,-0.973990,0.226447
50.066667,22.362992,43.856037,15.062148,-0.001862,0.008045,-0.974207,0.225507
50.083333,22.370287,43.841054,15.061868,-0.001892,0.008212,-0.974445,0.224467
50.100000,22.377583,43.826072,15.061588,-0.001921,0.008380,-0.974683,0.223426
50.116667,22.384878,43.811089,15.061308,-0.001943,0.008506,-0.974861,0.222643
50.133333,22.392174,43.796107,15.061029,-0.001957,0.008591,-0.974979,0.222122
50.150000,22.399339,43.781062,15.060725,-0.001972,0.008676,-0.975097,0.221600
50.166667,22.406474,43.766003,15.060417,-0.001988,0.008772,-0.975229,0.221015
50.183333,22.413608,43.750944,15.060108,-0.002017,0.008944,-0.975463,0.219971
50.200000,22.420743,43.735885,15.059800,-0.002046,0.009117,-0.975697,0.218927
50.216667,22.427878,43.720825,15.059491,-0.002074,0.009289,-0.975929,0.217882
50.233333,22.435013,43.705766,15.059182,-0.002091,0.009393,-0.976067,0.217259
50.250000,22.442127,43.690698,15.058870,-0.002105,0.009480,-0.976182,0.216736
50.266667,22.449100,43.675564,15.058532,-0.002119,0.009567,-0.976297,0.216212
50.283333,22.456073,43.660429,15.058194,-0.002139,0.009694,-0.976462,0.215460
50.300000,22.463045,43.645295,15.057856,-0.002167,0.009871,-0.976691,0.214412
50.316667,22.470018,43.630161,15.057518,-0.002195,0.010049,-0.976919,0.213363
50.333333,22.476991,43.615027,15.057180,-0.002220,0.010215,-0.977132,0.212378
50.350000,22.483963,43.599892,15.056842,-0.002234,0.010305,-0.977245,0.211853
50.366667,22.490865,43.584726,15.056491,-0.002248,0.010395,-0.977357,0.211328
50.383333,22.497674,43.569518,15.056122,-0.002261,0.010485,-0.977470,0.210802
50.400000,22.504483,43.554310,15.055754,-0.002285,0.010644,-0.977666,0.209881
50.416667,22.511293,43.539103,15.055386,-0.002312,0.010826,-0.977890,0.208828
50.433333,22.518102,43.523895,15.055018,-0.002338,0.011008,-0.978112,0.207775
50.450000,22.524911,43.508687,15.054649,-0.002359,0.011151,-0.978285,0.206951
50.466667,22.531721,43.493480,15.054281,-0.002372,0.011244,-0.978395,0.206424
50.483333,22.538407,43.478218,15.053890,-0.002385,0.011336,-0.978505,0.205896
50.500000,22.545051,43.462938,15.053490,-0.002399,0.011434,-0.978622,0.205334
50.516667,22.551696,43.447659,15.053091,-0.002425,0.011621,-0.978841,0.204277
50.533333,22.558341,43.432379,15.052692,-0.002451,0.011808,-0.979059,0.203220
50.550000,22.564986,43.417100,15.052292,-0.002476,0.011996,-0.979275,0.202162
50.566667,22.571630,43.401820,15.051893,-0.002492,0.012113,-0.979410,0.201501
50.583333,22.578264,43.386536,15.051492,-0.002505,0.012208,-0.979518,0.200971
50.600000,22.584743,43.371186,15.051061,-0.002517,0.012303,-0.979625,0.200441
50.616667,22.591222,43.355836,15.050630,-0.002535,0.012435,-0.979773,0.199709
50.633333,22.597701,43.340486,15.050199,-0.002559,0.012626,-0.979986,0.198648
50.650000,22.604180,43.325137,15.049768,-0.002584,0.012818,-0.980198,0.197586
50.666667,22.610658,43.309787,15.049337,-0.002607,0.013004,-0.980402,0.196558
50.683333,22.617137,43.294437,15.048905,-0.002619,0.013101,-0.980508,0.196026
50.700000,22.623552,43.279061,15.048462,-0.002631,0.013199,-0.980613,0.195494
50.716667,22.629864,43.263643,15.047998,-0.002643,0.013296,-0.980717,0.194962
50.733333,22.636176,43.248224,15.047535,-0.002663,0.013462,-0.980894,0.194058
50.750000,22.642487,43.232806,15.047071,-0.002687,0.013659,-0.981102,0.192992
50.766667,22.648799,43.217388,15.046608,-0.002710,0.013856,-0.981308,0.191925
50.783333,22.655111,43.201969,15.046144,-0.002728,0.014016,-0.981474,0.191061
50.800000,22.661422,43.186551,15.045680,-0.002740,0.014116,-0.981577,0.190527
50.816667,22.667617,43.171086,15.045194,-0.002751,0.014215,-0.981679,0.189992
50.833333,22.673760,43.155601,15.044697,-0.002763,0.014316,-0.981782,0.189451
50.850000,22.679903,43.140115,15.044200,-0.002785,0.014518,-0.981984,0.188385
50.866667,22.686046,43.124630,15.043703,-0.002807,0.014719,-0.982185,0.187317
50.883333,22.692189,43.109145,15.043206,-0.002829,0.014921,-0.982385,0.186250
50.900000,22.698332,43.093660,15.042709,-0.002843,0.015053,-0.982515,0.185554
50.916667,22.704473,43.078174,15.042212,-0.002854,0.015155,-0.982613,0.185022
50.933333,22.710448,43.062624,15.041681,-0.002864,0.015257,-0.982712,0.184489
50.950000,22.716422,43.047074,15.041150,-0.002878,0.015393,-0.982842,0.183785
50.966667,22.722397,43.031524,15.040619,-0.002900,0.015599,-0.983035,0.182730
50.983333,22.728371,43.015974,15.040088,-0.002920,0.015804,-0.983227,0.181675
51.000000,22.734346,43.000424,15.039557,-0.002940,0.016009,-0.983417,0.180626
51.016667,22.740321,42.984874,15.039026,-0.002951,0.016113,-0.983511,0.180103
51.033333,22.746241,42.969304,15.038484,-0.002961,0.016217,-0.983605,0.179581
51.050000,22.752049,42.953693,15.037918,-0.002971,0.016320,-0.983699,0.179059
51.066667,22.757858,42.938081,15.037353,-0.002987,0.016492,-0.983850,0.178208
51.083333,22.763667,42.922470,15.036787,-0.003007,0.016705,-0.984036,0.177160
51.100000,22.769476,42.906858,15.036221,-0.003027,0.016917,-0.984219,0.176117
51.116667,22.775284,42.891247,15.035656,-0.003043,0.017093,-0.984371,0.175251
51.133333,22.781093,42.875635,15.035090,-0.003053,0.017199,-0.984460,0.174737
51.150000,22.786797,42.859987,15.034502,-0.003062,0.017305,-0.984549,0.174226
51.166667,22.792614,42.843845,15.033883,-0.003073,0.017425,-0.984649,0.173649
51.183333,22.798430,42.827703,15.033264,-0.003093,0.017645,-0.984828,0.172609
51.200000,22.804246,42.811561,15.032645,-0.003111,0.017861,-0.985002,0.171587
51.216667,22.810063,42.795419,15.032026,-0.003129,0.018074,-0.985173,0.170582
51.233333,22.815879,42.779277,15.031407,-0.003142,0.018218,-0.985287,0.169906
51.250000,22.821673,42.763127,15.030783,-0.003151,0.018326,-0.985371,0.169405
51.266667,22.827650,42.745998,15.030090,-0.003159,0.018433,-0.985454,0.168910
51.283333,22.833627,42.728869,15.029396,-0.003177,0.018649,-0.985618,0.167928
51.300000,22.839604,42.711740,15.028703,-0.003195,0.018870,-0.985784,0.166927
51.316667,22.845581,42.694611,15.028009,-0.003212,0.019086,-0.985945,0.165947
51.333333,22.851558,42.677482,15.027316,-0.003228,0.019283,-0.986091,0.165052
51.350000,22.857535,42.660353,15.026622,-0.003236,0.019394,-0.986171,0.164560
51.366667,22.863343,42.643168,15.025889,-0.003246,0.019519,-0.986261,0.164006
51.383333,22.869485,42.624992,15.025114,-0.003263,0.019748,-0.986422,0.163008
51.400000,22.875627,42.606815,15.024338,-0.003280,0.019972,-0.986578,0.162031
51.416667,22.881769,42.588638,15.023563,-0.003296,0.020192,-0.986730,0.161076
51.433333,22.887911,42.570462,15.022787,-0.003311,0.020406,-0.986878,0.160141
51.450000,22.894029,42.552277,15.022006,-0.003319,0.020516,-0.986951,0.159672
51.466667,22.900331,42.533015,15.021142,-0.003332,0.020700,-0.987072,0.158898
51.483333,22.906634,42.513754,15.020278,-0.003349,0.020931,-0.987222,0.157934
51.500000,22.912937,42.494492,15.019413,-0.003364,0.021157,-0.987368,0.156990
51.516667,22.919240,42.475230,15.018549,-0.003379,0.021378,-0.987509,0.156066
51.533333,22.925543,42.455968,15.017685,-0.003392,0.021580,-0.987638,0.155222
51.550000,22.931730,42.436670,15.016791,-0.003402,0.021740,-0.987736,0.154575
51.566667,22.938182,42.416308,15.015832,-0.003418,0.021977,-0.987878,0.153629
51.583333,22.944633,42.395947,15.014873,-0.003432,0.022208,-0.988017,0.152701
51.600000,22.951085,42.375585,15.013913,-0.003446,0.022435,-0.988152,0.151792
51.616667,22.957537,42.355224,15.012954,-0.003460,0.022657,-0.988283,0.150901
51.633333,22.963915,42.334840,15.011976,-0.003472,0.022858,-0.988398,0.150114
51.650000,22.970498,42.313388,15.010916,-0.003486,0.023098,-0.988532,0.149193
51.666667,22.977080,42.291936,15.009857,-0.003500,0.023334,-0.988663,0.148289
51.683333,22.983663,42.270483,15.008797,-0.003513,0.023564,-0.988790,0.147402
51.700000,22.990245,42.249031,15.007738,-0.003525,0.023791,-0.988914,0.146532
51.716667,22.996748,42.227556,15.006657,-0.003540,0.024051,-0.989051,0.145556
51.733333,23.003437,42.205046,15.005493,-0.003553,0.024294,-0.989176,0.144662
51.750000,23.010126,42.182536,15.004330,-0.003566,0.024533,-0.989298,0.143784
51.766667,23.016814,42.160026,15.003166,-0.003578,0.024767,-0.989418,0.142922
51.783333,23.023503,42.137516,15.002003,-0.003590,0.025008,-0.989539,0.142038
51.800000,23.030063,42.114971,15.000802,-0.003605,0.025318,-0.989689,0.140930
51.816667,23.036828,42.091460,14.999532,-0.003617,0.025563,-0.989805,0.140069
51.833333,23.043594,42.067949,14.998261,-0.003629,0.025803,-0.989918,0.139221
51.850000,23.050359,42.044439,14.996991,-0.003640,0.026040,-0.990029,0.138387
51.866667,23.057108,42.020924,14.995716,-0.003655,0.026361,-0.990175,0.137278
51.883333,23.063916,41.996493,14.994337,-0.003668,0.026646,-0.990301,0.136308
51.900000,23.070724,41.972062,14.992959,-0.003679,0.026892,-0.990408,0.135479
51.916667,23.077532,41.947632,14.991581,-0.003689,0.027134,-0.990513,0.134661
51.933333,23.084341,41.923201,14.990202,-0.003701,0.027427,-0.990637,0.133686
51.950000,23.091010,41.898735,14.988781,-0.003716,0.027784,-0.990785,0.132510
51.966667,23.097823,41.873490,14.987296,-0.003726,0.028035,-0.990886,0.131702
51.983333,23.104637,41.848244,14.985810,-0.003736,0.028283,-0.990985,0.130903
52.000000,23.111450,41.822999,14.984325,-0.003747,0.028562,-0.991094,0.130012
52.016667,23.118180,41.797733,14.982813,-0.003761,0.028936,-0.991237,0.128834
52.033333,23.124958,41.771803,14.981223,-0.003772,0.029224,-0.991344,0.127939
52.050000,23.131736,41.745873,14.979634,-0.003781,0.029476,-0.991437,0.127163
52.066667,23.138514,41.719942,14.978045,-0.003790,0.029749,-0.991535,0.126326
52.083333,23.145241,41.694000,14.976438,-0.003803,0.030129,-0.991669,0.125184
52.100000,23.151941,41.667538,14.974750,-0.003814,0.030455,-0.991781,0.124213
52.116667,23.158641,41.641077,14.973062,-0.003823,0.030710,-0.991867,0.123462
52.133333,23.165341,41.614615,14.971374,-0.003831,0.030984,-0.991957,0.122662
52.150000,23.172006,41.588146,14.969673,-0.003844,0.031369,-0.992081,0.121563
52.166667,23.178584,41.561331,14.967895,-0.003854,0.031719,-0.992191,0.120566
52.183333,23.185162,41.534517,14.966117,-0.003862,0.031977,-0.992270,0.119845
52.200000,23.191740,41.507703,14.964338,-0.003870,0.032254,-0.992353,0.119077
52.216667,23.198289,41.480883,14.962549,-0.003882,0.032643,-0.992467,0.118021
52.233333,23.204701,41.453919,14.960692,-0.003892,0.033009,-0.992572,0.117034
52.250000,23.211113,41.426955,14.958834,-0.003899,0.033270,-0.992644,0.116342
52.266667,23.217525,41.399992,14.956977,-0.003907,0.033550,-0.992720,0.115609
52.283333,23.223911,41.373022,14.955109,-0.003918,0.033945,-0.992824,0.114595
52.300000,23.230138,41.346021,14.953179,-0.003928,0.034319,-0.992922,0.113636
52.316667,23.236366,41.319019,14.951248,-0.003935,0.034585,-0.992988,0.112974
52.333333,23.242593,41.292017,14.949318,-0.003942,0.034866,-0.993057,0.112275
52.350000,23.248797,41.265010,14.947378,-0.003952,0.035267,-0.993152,0.111305
52.366667,23.254848,41.237971,14.945374,-0.003962,0.035648,-0.993242,0.110383
52.383333,23.260899,41.210932,14.943370,-0.003968,0.035917,-0.993302,0.109751
52.400000,23.266950,41.183892,14.941365,-0.003975,0.036201,-0.993365,0.109086
52.416667,23.272980,41.156849,14.939352,-0.003985,0.036606,-0.993451,0.108161
52.433333,23.278864,41.129770,14.937273,-0.003994,0.036993,-0.993532,0.107280
52.450000,23.284748,41.102691,14.935193,-0.004001,0.037265,-0.993587,0.106678
52.466667,23.290632,41.075612,14.933114,-0.004008,0.037552,-0.993644,0.106046
52.483333,23.296498,41.048530,14.931025,-0.004018,0.037962,-0.993722,0.105167
52.500000,23.302224,41.021409,14.928869,-0.004026,0.038355,-0.993795,0.104326
52.516667,23.307950,40.994288,14.926713,-0.004033,0.038630,-0.993844,0.103755
52.533333,23.313677,40.967167,14.924557,-0.004039,0.038920,-0.993895,0.103156
52.550000,23.319386,40.940043,14.922393,-0.004049,0.039335,-0.993965,0.102322
52.566667,23.324963,40.912878,14.920159,-0.004058,0.039733,-0.994031,0.101522
52.583333,23.330541,40.885713,14.917925,-0.004064,0.040012,-0.994075,0.100981
52.600000,23.336118,40.858547,14.915691,-0.004071,0.040305,-0.994121,0.100414
52.616667,23.341680,40.831379,14.913449,-0.004081,0.040725,-0.994183,0.099625
52.633333,23.347118,40.804167,14.911135,-0.004090,0.041129,-0.994242,0.098867
52.650000,23.352555,40.776955,14.908822,-0.004096,0.041411,-0.994281,0.098357
52.666667,23.357993,40.749743,14.906508,-0.004103,0.041709,-0.994321,0.097820
52.683333,23.363416,40.722528,14.904186,-0.004113,0.042134,-0.994376,0.097077
52.700000,23.368723,40.695266,14.901791,-0.004123,0.042543,-0.994428,0.096362
52.716667,23.374029,40.668004,14.899397,-0.004129,0.042828,-0.994462,0.095882
52.733333,23.379336,40.640742,14.897002,-0.004136,0.043131,-0.994498,0.095375
52.750000,23.384628,40.613479,14.894599,-0.004147,0.043561,-0.994546,0.094677
52.766667,23.389813,40.586164,14.892122,-0.004156,0.043975,-0.994591,0.094006
52.783333,23.394998,40.558850,14.889645,-0.004164,0.044263,-0.994621,0.093556
52.800000,23.400183,40.531536,14.887167,-0.004171,0.044572,-0.994652,0.093078
52.816667,23.405353,40.504220,14.884680,-0.004182,0.045007,-0.994693,0.092426
52.833333,23.410425,40.476851,14.882119,-0.004192,0.045426,-0.994732,0.091800
52.850000,23.415497,40.449481,14.879557,-0.004200,0.045717,-0.994757,0.091381
52.866667,23.420568,40.422112,14.876996,-0.004208,0.046033,-0.994784,0.090931
52.883333,23.425625,40.394741,14.874423,-0.004220,0.046473,-0.994819,0.090324
52.900000,23.430592,40.367313,14.871776,-0.004230,0.046895,-0.994851,0.089744
52.916667,23.435560,40.339886,14.869129,-0.004238,0.047191,-0.994872,0.089355
52.933333,23.440528,40.312458,14.866481,-0.004247,0.047514,-0.994895,0.088933
52.950000,23.445479,40.285029,14.863820,-0.004260,0.047960,-0.994923,0.088371
52.966667,23.450351,40.257540,14.861085,-0.004272,0.048385,-0.994950,0.087838
52.983333,23.455223,40.230052,14.858350,-0.004280,0.048684,-0.994967,0.087479
53.000000,23.460096,40.202563,14.855615,-0.004290,0.049017,-0.994985,0.087084
53.016667,23.464950,40.175073,14.852864,-0.004304,0.049468,-0.995008,0.086568
53.033333,23.469736,40.147521,14.850039,-0.004317,0.049895,-0.995028,0.086083
53.050000,23.474522,40.119968,14.847214,-0.004326,0.050197,-0.995042,0.085754
53.066667,23.479308,40.092415,14.844390,-0.004337,0.050542,-0.995056,0.085387
53.083333,23.484074,40.064861,14.841546,-0.004352,0.050999,-0.995073,0.084917
53.100000,23.488782,40.037241,14.838629,-0.004366,0.051426,-0.995088,0.084480
53.116667,23.493491,40.009622,14.835713,-0.004376,0.051733,-0.995097,0.084181
53.133333,23.498199,39.982002,14.832797,-0.004389,0.052091,-0.995107,0.083842
53.150000,23.502886,39.954381,14.829857,-0.004405,0.052553,-0.995118,0.083417
53.166667,23.507525,39.926691,14.826847,-0.004420,0.052980,-0.995128,0.083029
53.183333,23.512165,39.899001,14.823837,-0.004432,0.053290,-0.995134,0.082761
53.200000,23.516805,39.871311,14.820827,-0.004446,0.053663,-0.995139,0.082450
53.216667,23.521421,39.843620,14.817788,-0.004464,0.054131,-0.995145,0.082071
53.233333,23.526002,39.815857,14.814683,-0.004481,0.054556,-0.995150,0.081732
53.250000,23.530582,39.788093,14.811577,-0.004493,0.054870,-0.995152,0.081495
53.266667,23.535162,39.760330,14.808472,-0.004510,0.055260,-0.995154,0.081212
53.283333,23.539717,39.732567,14.805331,-0.004530,0.055734,-0.995154,0.080880
53.300000,23.544247,39.704727,14.802128,-0.004548,0.056156,-0.995154,0.080589
53.316667,23.548776,39.676887,14.798925,-0.004562,0.056473,-0.995153,0.080383
53.333333,23.553306,39.649047,14.795722,-0.004580,0.056882,-0.995149,0.080131
53.350000,23.557810,39.621208,14.792475,-0.004602,0.057362,-0.995145,0.079844
53.366667,23.562297,39.593288,14.789172,-0.004622,0.057778,-0.995140,0.079602
53.383333,23.566785,39.565369,14.785869,-0.004637,0.058100,-0.995135,0.079426
53.400000,23.571273,39.537449,14.782566,-0.004659,0.058529,-0.995128,0.079207
53.416667,23.575735,39.509532,14.779211,-0.004683,0.059015,-0.995118,0.078966
53.433333,23.580190,39.481530,14.775806,-0.004704,0.059424,-0.995109,0.078771
53.450000,23.584646,39.453527,14.772401,-0.004721,0.059750,-0.995101,0.078626
53.466667,23.589101,39.425525,14.768995,-0.004746,0.060203,-0.995088,0.078442
53.483333,23.593531,39.397526,14.765528,-0.004773,0.060694,-0.995073,0.078248
53.500000,23.597963,39.369438,14.762019,-0.004795,0.061094,-0.995060,0.078098
53.516667,23.602395,39.341350,14.758509,-0.004814,0.061424,-0.995049,0.077984
53.533333,23.606827,39.313262,14.754999,-0.004843,0.061903,-0.995031,0.077838
53.550000,23.611236,39.285179,14.751416,-0.004872,0.062400,-0.995011,0.077690
53.566667,23.615654,39.257002,14.747799,-0.004896,0.062789,-0.994995,0.077584
53.583333,23.620071,39.228825,14.744183,-0.004917,0.063128,-0.994980,0.077499
53.600000,23.624489,39.200648,14.740566,-0.004950,0.063632,-0.994955,0.077397
53.616667,23.628888,39.172479,14.736863,-0.004982,0.064134,-0.994931,0.077294
53.633333,23.633300,39.144210,14.733137,-0.005007,0.064509,-0.994912,0.077230
53.650000,23.637713,39.115940,14.729411,-0.005033,0.064878,-0.994892,0.077176
53.666667,23.642125,39.087671,14.725682,-0.005069,0.065388,-0.994862,0.077119
53.683333,23.646542,39.059307,14.721844,-0.005104,0.065896,-0.994833,0.077063
53.700000,23.650959,39.030943,14.718006,-0.005131,0.066253,-0.994811,0.077037
53.716667,23.655376,39.002578,14.714168,-0.005161,0.066657,-0.994786,0.077019
53.733333,23.659792,38.974217,14.710312,-0.005200,0.067172,-0.994752,0.077009
53.750000,23.664223,38.945754,14.706360,-0.005239,0.067679,-0.994718,0.076999
53.766667,23.668653,38.917292,14.702407,-0.005266,0.068024,-0.994693,0.077008
53.783333,23.673084,38.888829,14.698455,-0.005302,0.068464,-0.994661,0.077031
53.800000,23.677516,38.860372,14.694467,-0.005345,0.068985,-0.994622,0.077067
53.816667,23.681970,38.831809,14.690398,-0.005386,0.069472,-0.994585,0.077104
53.833333,23.686424,38.803245,14.686329,-0.005416,0.069821,-0.994558,0.077143
53.850000,23.690878,38.774682,14.682260,-0.005458,0.070302,-0.994518,0.077215
53.866667,23.695340,38.746128,14.678135,-0.005505,0.070828,-0.994474,0.077298
53.883333,23.699827,38.717460,14.673947,-0.005547,0.071291,-0.994434,0.077377
53.900000,23.704313,38.688793,14.669758,-0.005580,0.071644,-0.994403,0.077448
53.916667,23.708800,38.660126,14.665569,-0.005630,0.072169,-0.994355,0.077576
53.933333,23.713305,38.631473,14.661303,-0.005682,0.072702,-0.994306,0.077707
53.950000,23.717835,38.602699,14.656992,-0.005725,0.073138,-0.994264,0.077823
53.966667,23.722365,38.573925,14.652681,-0.005764,0.073530,-0.994226,0.077942
53.983333,23.726894,38.545152,14.648370,-0.005820,0.074071,-0.994171,0.078122
54.000000,23.731456,38.516398,14.643958,-0.005877,0.074609,-0.994117,0.078302
54.016667,23.736039,38.487515,14.639521,-0.005920,0.075016,-0.994074,0.078450
54.033333,23.740623,38.458633,14.635084,-0.005969,0.075459,-0.994026,0.078627
54.050000,23.745215,38.429754,14.630627,-0.006030,0.076005,-0.993966,0.078857
54.066667,23.749862,38.400760,14.626062,-0.006091,0.076550,-0.993906,0.079086
54.083333,23.754510,38.371766,14.621497,-0.006134,0.076922,-0.993863,0.079257
54.100000,23.759157,38.342772,14.616932,-0.006194,0.077421,-0.993804,0.079504
54.116667,23.763828,38.313789,14.612319,-0.006260,0.077973,-0.993738,0.079783
54.133333,23.768550,38.284681,14.607622,-0.006323,0.078489,-0.993676,0.080047
54.150000,23.773272,38.255573,14.602926,-0.006369,0.078859,-0.993630,0.080249
54.166667,23.777994,38.226465,14.598229,-0.006441,0.079417,-0.993559,0.080577
54.183333,23.782761,38.197377,14.593454,-0.006513,0.079976,-0.993487,0.080905
54.200000,23.787568,38.168153,14.588622,-0.006575,0.080452,-0.993425,0.081191
54.216667,23.792376,38.138929,14.583791,-0.006634,0.080884,-0.993366,0.081469
54.233333,23.797184,38.109705,14.578960,-0.006712,0.081450,-0.993288,0.081848
54.250000,23.802063,38.080512,14.574016,-0.006790,0.082014,-0.993210,0.082225
54.266667,23.806968,38.051170,14.569047,-0.006851,0.082445,-0.993149,0.082524
54.283333,23.811872,38.021828,14.564078,-0.006923,0.082945,-0.993077,0.082892
54.300000,23.816801,37.992496,14.559074,-0.007008,0.083516,-0.992992,0.083319
54.316667,23.821813,37.963034,14.553964,-0.007092,0.084086,-0.992908,0.083745
54.333333,23.826824,37.933573,14.548854,-0.007150,0.084468,-0.992850,0.084046
54.350000,23.831836,37.904111,14.543744,-0.007240,0.085039,-0.992760,0.084517
54.366667,23.836906,37.874672,14.538560,-0.007331,0.085616,-0.992669,0.084994
54.383333,23.842036,37.845089,14.533306,-0.007413,0.086135,-0.992587,0.085427
54.400000,23.847167,37.815505,14.528051,-0.007487,0.086587,-0.992512,0.085825
54.416667,23.852298,37.785922,14.522797,-0.007585,0.087171,-0.992415,0.086353
54.433333,23.857528,37.756377,14.517427,-0.007683,0.087753,-0.992317,0.086878
54.450000,23.862789,37.726671,14.512025,-0.007762,0.088214,-0.992238,0.087304
54.466667,23.868050,37.696964,14.506622,-0.007856,0.088747,-0.992144,0.087821
54.483333,23.873349,37.667272,14.501180,-0.007960,0.089336,-0.992039,0.088398
54.500000,23.878752,37.637442,14.495627,-0.008066,0.089923,-0.991934,0.088972
54.516667,23.884155,37.607611,14.490073,-0.008144,0.090346,-0.991856,0.089404
54.533333,23.889558,37.577781,14.484520,-0.008256,0.090942,-0.991744,0.090031
54.550000,23.895049,37.547983,14.478879,-0.008368,0.091536,-0.991631,0.090657
54.566667,23.900606,37.518027,14.473171,-0.008469,0.092063,-0.991530,0.091217
54.583333,23.906164,37.488071,14.467463,-0.008570,0.092571,-0.991430,0.091783
54.600000,23.911737,37.458121,14.461740,-0.008690,0.093172,-0.991310,0.092460
54.616667,23.917460,37.428038,14.455874,-0.008811,0.093770,-0.991189,0.093134
54.633333,23.923183,37.397956,14.450008,-0.008904,0.094225,-0.991096,0.093658
54.650000,23.928906,37.367874,14.444142,-0.009032,0.094828,-0.990968,0.094381
54.666667,23.934707,37.337821,14.438207,-0.009160,0.095432,-0.990840,0.095107
54.683333,23.940608,37.307612,14.432179,-0.009284,0.096010,-0.990716,0.095804
54.700000,23.946509,37.277402,14.426152,-0.009395,0.096509,-0.990605,0.096430
54.716667,23.952410,37.247193,14.420124,-0.009532,0.097119,-0.990468,0.097208
54.733333,23.958464,37.217040,14.413970,-0.009669,0.097726,-0.990331,0.097984
54.750000,23.964556,37.186704,14.407777,-0.009783,0.098223,-0.990217,0.098626
54.766667,23.970648,37.156368,14.401585,-0.009925,0.098825,-0.990075,0.099437
54.783333,23.976815,37.126059,14.395333,-0.010072,0.099438,-0.989928,0.100265
54.800000,23.983110,37.095595,14.388972,-0.010218,0.100048,-0.989781,0.101090
54.816667,23.989405,37.065132,14.382611,-0.010343,0.100552,-0.989656,0.101799
54.833333,23.995700,37.034668,14.376251,-0.010498,0.101170,-0.989500,0.102680
54.850000,24.002161,37.004266,14.369766,-0.010654,0.101785,-0.989344,0.103558
54.866667,24.008673,36.973675,14.363233,-0.010788,0.102306,-0.989210,0.104309
54.883333,24.015185,36.943084,14.356701,-0.010951,0.102923,-0.989046,0.105234
54.900000,24.021781,36.912525,14.350108,-0.011116,0.103543,-0.988880,0.106165
54.916667,24.028523,36.881808,14.343400,-0.011282,0.104160,-0.988713,0.107093
54.933333,24.035264,36.851091,14.336692,-0.011431,0.104697,-0.988564,0.107930
54.950000,24.042006,36.820374,14.329984,-0.011606,0.105322,-0.988388,0.108915
54.966667,24.048943,36.789730,14.323143,-0.011782,0.105943,-0.988211,0.109896
54.983333,24.055928,36.758888,14.316256,-0.011940,0.106494,-0.988051,0.110776
55.000000,24.062913,36.728045,14.309369,-0.012125,0.107123,-0.987864,0.111815
55.016667,24.070010,36.697245,14.302410,-0.012311,0.107749,-0.987676,0.112850
55.033333,24.077253,36.666279,14.295340,-0.012498,0.108371,-0.987487,0.113881
55.050000,24.084495,36.635313,14.288271,-0.012674,0.108942,-0.987308,0.114862
55.066667,24.091762,36.604356,14.281186,-0.012871,0.109572,-0.987109,0.115951
55.083333,24.099276,36.573267,14.273930,-0.013068,0.110198,-0.986908,0.117035
55.100000,24.106790,36.542178,14.266675,-0.013256,0.110784,-0.986717,0.118068
55.116667,24.114303,36.511089,14.259419,-0.013464,0.111417,-0.986506,0.119211
55.133333,24.121983,36.480065,14.252064,-0.013672,0.112046,-0.986293,0.120350
55.150000,24.129783,36.448856,14.244619,-0.013874,0.112649,-0.986088,0.121444
55.166667,24.137582,36.417647,14.237174,-0.014091,0.113280,-0.985866,0.122630
55.183333,24.145464,36.386470,14.229681,-0.014311,0.113913,-0.985640,0.123823
55.200000,24.153563,36.355144,14.222042,-0.014531,0.114543,-0.985414,0.125012
55.216667,24.161663,36.323817,14.214404,-0.014753,0.115161,-0.985186,0.126212
55.233333,24.169762,36.292490,14.206766,-0.014985,0.115797,-0.984947,0.127460
55.250000,24.178114,36.261265,14.198987,-0.015218,0.116429,-0.984707,0.128703
55.266667,24.186528,36.229824,14.191151,-0.015454,0.117062,-0.984463,0.129965
55.283333,24.194943,36.198382,14.183316,-0.015698,0.117700,-0.984210,0.131268
55.300000,24.203532,36.167012,14.175387,-0.015943,0.118334,-0.983956,0.132566
55.316667,24.212276,36.135460,14.167351,-0.016194,0.118977,-0.983695,0.133888
55.333333,24.221020,36.103907,14.159315,-0.016451,0.119618,-0.983427,0.135248
55.350000,24.229861,36.072395,14.151229,-0.016708,0.120253,-0.983159,0.136599
55.366667,24.238950,36.040735,14.142989,-0.016966,0.120884,-0.982889,0.137945
55.383333,24.248040,36.009075,14.134749,-0.017242,0.121548,-0.982598,0.139388
55.400000,24.257147,35.977423,14.126500,-0.017510,0.122182,-0.982317,0.140780
55.416667,24.266596,35.945660,14.118052,-0.017779,0.122811,-0.982034,0.142166
55.433333,24.276045,35.913897,14.109605,-0.018070,0.123484,-0.981727,0.143657
55.450000,24.285495,35.882135,14.101157,-0.018345,0.124113,-0.981436,0.145064
55.466667,24.295182,35.850476,14.092592,-0.018621,0.124737,-0.981143,0.146465
55.483333,24.304998,35.818612,14.083935,-0.018924,0.125416,-0.980821,0.147993
55.500000,24.314814,35.786748,14.075277,-0.019202,0.126036,-0.980525,0.149389
55.516667,24.324795,35.754958,14.066538,-0.019482,0.126651,-0.980227,0.150780
55.533333,24.334978,35.722992,14.057671,-0.019776,0.127294,-0.979913,0.152238
55.550000,24.345160,35.691026,14.048804,-0.020074,0.127940,-0.979594,0.153698
55.566667,24.355443,35.659107,14.039886,-0.020354,0.128544,-0.979294,0.155066
55.583333,24.365991,35.627039,14.030807,-0.020635,0.129143,-0.978993,0.156427
55.600000,24.376539,35.594970,14.021729,-0.020955,0.129822,-0.978649,0.157965
55.616667,24.387132,35.562923,14.012628,-0.021236,0.130415,-0.978346,0.159310
55.633333,24.398044,35.530751,14.003338,-0.021518,0.131004,-0.978042,0.160649
55.650000,24.408956,35.498578,13.994048,-0.021846,0.131684,-0.977689,0.162193
55.666667,24.419867,35.466406,13.984758,-0.022128,0.132266,-0.977384,0.163515
55.683333,24.431057,35.434370,13.975328,-0.022410,0.132844,-0.977078,0.164831
55.700000,24.442332,35.402092,13.965825,-0.022746,0.133525,-0.976715,0.166380
55.716667,24.453607,35.369815,13.956323,-0.023028,0.134096,-0.976408,0.167679
55.733333,24.465116,35.337655,13.946702,-0.023312,0.134664,-0.976100,0.168972
55.750000,24.476753,35.305272,13.936987,-0.023654,0.135345,-0.975727,0.170524
55.766667,24.488391,35.272888,13.927271,-0.023936,0.135904,-0.975420,0.171796
55.783333,24.500225,35.240607,13.917455,-0.024219,0.136461,-0.975110,0.173065
55.800000,24.512224,35.208116,13.907526,-0.024555,0.137115,-0.974744,0.174558
55.816667,24.524222,35.175624,13.897596,-0.024851,0.137691,-0.974420,0.175869
55.833333,24.536389,35.143223,13.887581,-0.025135,0.138238,-0.974109,0.177115
55.850000,24.548748,35.110623,13.877437,-0.025465,0.138871,-0.973747,0.178560
55.866667,24.561107,35.078023,13.867292,-0.025773,0.139458,-0.973409,0.179897
55.883333,24.573612,35.045503,13.857073,-0.026057,0.139994,-0.973097,0.181120
55.900000,24.586331,35.012794,13.846713,-0.026385,0.140610,-0.972737,0.182527
55.916667,24.599049,34.980084,13.836353,-0.026702,0.141204,-0.972387,0.183879
55.933333,24.611899,34.947448,13.825925,-0.026984,0.141729,-0.972076,0.185078
55.950000,24.624976,34.914627,13.815348,-0.027312,0.142334,-0.971714,0.186457
55.966667,24.638053,34.881805,13.804772,-0.027635,0.142929,-0.971357,0.187812
55.983333,24.651252,34.849054,13.794131,-0.027918,0.143445,-0.971045,0.188988
56.000000,24.664687,34.816120,13.783337,-0.028246,0.144042,-0.970681,0.190349
56.016667,24.678122,34.783186,13.772543,-0.028574,0.144634,-0.970318,0.191696
56.033333,24.691676,34.750323,13.761685,-0.028855,0.145140,-0.970006,0.192848
56.050000,24.705468,34.717274,13.750673,-0.029187,0.145733,-0.969637,0.194199
56.066667,24.719260,34.684226,13.739660,-0.029516,0.146318,-0.969272,0.195530
56.083333,24.733174,34.651251,13.728581,-0.029797,0.146814,-0.968960,0.196658
56.100000,24.747322,34.618087,13.717349,-0.030134,0.147408,-0.968585,0.198007
56.116667,24.761469,34.584923,13.706117,-0.030462,0.147982,-0.968219,0.199310
56.133333,24.775748,34.551839,13.694813,-0.030742,0.148468,-0.967908,0.200415
56.150000,24.790250,34.518557,13.683360,-0.031086,0.149065,-0.967524,0.201769
56.166667,24.804752,34.485275,13.671907,-0.031411,0.149625,-0.967162,0.203036
56.183333,24.819400,34.452085,13.660374,-0.031689,0.150102,-0.966851,0.204118
56.200000,24.834256,34.418683,13.648699,-0.032042,0.150705,-0.966457,0.205482
56.216667,24.849112,34.385282,13.637024,-0.032360,0.151246,-0.966101,0.206705
56.233333,24.864132,34.351986,13.625259,-0.032637,0.151715,-0.965791,0.207762
56.250000,24.879340,34.318463,13.613362,-0.033001,0.152327,-0.965384,0.209143
56.266667,24.894549,34.284940,13.601464,-0.033310,0.152847,-0.965037,0.210314
56.283333,24.909944,34.251540,13.589462,-0.033597,0.153325,-0.964716,0.211389
56.300000,24.925504,34.217894,13.577341,-0.033962,0.153933,-0.964306,0.212755
56.316667,24.941064,34.184248,13.565219,-0.034261,0.154428,-0.963971,0.213865
56.333333,24.956837,34.150745,13.552977,-0.034562,0.154924,-0.963633,0.214976
56.350000,24.972747,34.116973,13.540631,-0.034925,0.155520,-0.963226,0.216309
56.366667,24.988684,34.083220,13.528269,-0.035211,0.155988,-0.962905,0.217353
56.383333,25.004943,34.049321,13.515697,-0.035527,0.156505,-0.962549,0.218503
56.400000,25.021202,34.015422,13.503124,-0.035887,0.157088,-0.962145,0.219802
56.416667,25.037528,33.981569,13.490513,-0.036158,0.157526,-0.961840,0.220775
56.433333,25.054134,33.947540,13.477714,-0.036492,0.158065,-0.961465,0.221967
56.450000,25.070741,33.913511,13.464914,-0.036836,0.158619,-0.961076,0.223193
56.466667,25.087456,33.879559,13.452051,-0.037103,0.159046,-0.960776,0.224136
56.483333,25.104409,33.845398,13.439023,-0.037457,0.159611,-0.960378,0.225376
56.500000,25.121362,33.811237,13.425995,-0.037781,0.160127,-0.960013,0.226510
56.516667,25.138468,33.777187,13.412876,-0.038069,0.160584,-0.959689,0.227510
56.533333,25.155766,33.742891,13.399619,-0.038419,0.161138,-0.959295,0.228717
56.550000,25.173065,33.708596,13.386361,-0.038721,0.161614,-0.958955,0.229754
56.566667,25.190706,33.674163,13.372873,-0.039031,0.162103,-0.958606,0.230813
56.583333,25.208347,33.639730,13.359385,-0.039377,0.162644,-0.958216,0.231986
56.600000,25.226044,33.605339,13.345863,-0.039655,0.163079,-0.957903,0.232926
56.616667,25.244027,33.570766,13.332143,-0.039988,0.163601,-0.957528,0.234044
56.633333,25.262010,33.536192,13.318424,-0.040329,0.164131,-0.957144,0.235181
56.650000,25.280104,33.501705,13.304634,-0.040605,0.164560,-0.956834,0.236095
56.666667,25.298427,33.466989,13.290682,-0.040942,0.165085,-0.956453,0.237209
56.683333,25.316750,33.432273,13.276729,-0.041254,0.165567,-0.956102,0.238232
56.700000,25.335240,33.397689,13.262670,-0.041557,0.166035,-0.955762,0.239217
56.716667,25.353901,33.362828,13.248483,-0.041890,0.166549,-0.955387,0.240298
56.733333,25.372608,33.328003,13.234267,-0.042174,0.166985,-0.955068,0.241212
56.750000,25.391606,33.292993,13.219844,-0.042504,0.167494,-0.954697,0.242267
56.766667,25.410605,33.257983,13.205422,-0.042833,0.167998,-0.954327,0.243316
56.783333,25.429712,33.223062,13.190928,-0.043119,0.168437,-0.954006,0.244219
56.800000,25.449045,33.187901,13.176269,-0.043444,0.168936,-0.953640,0.245244
56.816667,25.468381,33.152742,13.161608,-0.043748,0.169398,-0.953299,0.246194
56.833333,25.488050,33.117428,13.146710,-0.044058,0.169873,-0.952951,0.247157
56.850000,25.507718,33.082113,13.131812,-0.044380,0.170363,-0.952590,0.248151
56.866667,25.527457,33.046859,13.116866,-0.044674,0.170811,-0.952261,0.249054
56.883333,25.547459,33.011388,13.101728,-0.044992,0.171296,-0.951904,0.250024
56.900000,25.567460,32.975917,13.086590,-0.045308,0.171775,-0.951550,0.250985
56.916667,25.587601,32.940566,13.071356,-0.045605,0.172228,-0.951217,0.251879
56.933333,25.607934,32.904936,13.055976,-0.045919,0.172704,-0.950866,0.252820
56.950000,25.628317,32.869349,13.040562,-0.046219,0.173159,-0.950531,0.253714
56.966667,25.648981,32.833557,13.024939,-0.046530,0.173631,-0.950185,0.254630
56.983333,25.669645,32.797764,13.009317,-0.046839,0.174099,-0.949839,0.255540
57.000000,25.690429,32.762081,12.993606,-0.047139,0.174556,-0.949505,0.256415
57.016667,25.711422,32.726123,12.977739,-0.047444,0.175019,-0.949165,0.257300
57.033333,25.732458,32.690204,12.961841,-0.047749,0.175481,-0.948826,0.258179
57.050000,25.753778,32.654079,12.945727,-0.048051,0.175940,-0.948491,0.259040
57.066667,25.775099,32.617953,12.929614,-0.048351,0.176394,-0.948157,0.259896
57.083333,25.796535,32.581935,12.913412,-0.048655,0.176858,-0.947820,0.260751
57.100000,25.818182,32.545638,12.897051,-0.048951,0.177308,-0.947492,0.261581
57.116667,25.839876,32.509387,12.880652,-0.049258,0.177776,-0.947151,0.262438
57.133333,25.861846,32.472915,12.864041,-0.049551,0.178223,-0.946829,0.263243
57.150000,25.883817,32.436443,12.847431,-0.049847,0.178674,-0.946501,0.264057
57.166667,25.905909,32.400090,12.830722,-0.050148,0.179136,-0.946169,0.264875
57.183333,25.928203,32.363440,12.813860,-0.050435,0.179574,-0.945854,0.265649
57.200000,25.950558,32.326852,12.796947,-0.050743,0.180048,-0.945515,0.266476
57.216667,25.973172,32.290021,12.779832,-0.051025,0.180482,-0.945205,0.267225
57.233333,25.995796,32.253200,12.762709,-0.051329,0.180949,-0.944872,0.268028
57.250000,26.018728,32.216184,12.745341,-0.051613,0.181389,-0.944562,0.268768
57.266667,26.041661,32.179168,12.727972,-0.051889,0.181816,-0.944260,0.269487
57.283333,26.064678,32.142240,12.710528,-0.052198,0.182297,-0.943924,0.270280
57.300000,26.087927,32.105036,12.692903,-0.052470,0.182720,-0.943628,0.270974
57.316667,26.111216,32.067874,12.675242,-0.052780,0.183204,-0.943291,0.271758
57.333333,26.134780,32.030477,12.657360,-0.053048,0.183625,-0.943001,0.272428
57.350000,26.158345,31.993081,12.639477,-0.053339,0.184082,-0.942686,0.273151
57.366667,26.182222,31.955490,12.621335,-0.053622,0.184530,-0.942381,0.273846
57.383333,26.206099,31.917898,12.603192,-0.053891,0.184955,-0.942091,0.274503
57.400000,26.230049,31.880388,12.584977,-0.054194,0.185437,-0.941766,0.275232
57.416667,26.254238,31.842598,12.566573,-0.054452,0.185848,-0.941490,0.275849
57.433333,26.278465,31.804853,12.548128,-0.054761,0.186344,-0.941159,0.276580
57.450000,26.302963,31.766860,12.529460,-0.055015,0.186754,-0.940888,0.277173
57.466667,26.327470,31.728879,12.510781,-0.055305,0.187222,-0.940581,0.277844
57.483333,26.352275,31.690681,12.491848,-0.055574,0.187660,-0.940296,0.278459
57.500000,26.377079,31.652482,12.472914,-0.055844,0.188103,-0.940009,0.279073
57.516667,26.401963,31.614380,12.453890,-0.056128,0.188569,-0.939710,0.279707
57.533333,26.427072,31.575971,12.434689,-0.056382,0.188988,-0.939443,0.280269
57.550000,26.452235,31.537630,12.415424,-0.056677,0.189479,-0.939134,0.280915
57.566667,26.477647,31.499008,12.395953,-0.056917,0.189880,-0.938883,0.281432
57.583333,26.503091,31.460428,12.376441,-0.057211,0.190376,-0.938577,0.282059
57.600000,26.528804,31.421589,12.356698,-0.057454,0.190788,-0.938325,0.282570
57.616667,26.554530,31.382768,12.336937,-0.057733,0.191264,-0.938036,0.283148
57.633333,26.580540,31.343708,12.316920,-0.057986,0.191698,-0.937776,0.283666
57.650000,26.606550,31.304648,12.296902,-0.058251,0.192157,-0.937504,0.284198
57.666667,26.632634,31.265691,12.276781,-0.058512,0.192611,-0.937237,0.284717
57.683333,26.658940,31.226405,12.256488,-0.058764,0.193055,-0.936981,0.285207
57.700000,26.685302,31.187202,12.236108,-0.059031,0.193526,-0.936710,0.285721
57.716667,26.711900,31.147688,12.215537,-0.059271,0.193957,-0.936468,0.286174
57.733333,26.738541,31.108238,12.194896,-0.059542,0.194443,-0.936196,0.286679
57.750000,26.765429,31.068490,12.174044,-0.059772,0.194861,-0.935966,0.287098
57.766667,26.792348,31.028792,12.153137,-0.060037,0.195344,-0.935701,0.287577
57.783333,26.819523,30.988806,12.132003,-0.060268,0.195768,-0.935471,0.287988
57.800000,26.846721,30.948858,12.110826,-0.060529,0.196247,-0.935212,0.288448
57.816667,26.874180,30.908630,12.089408,-0.060762,0.196676,-0.934981,0.288855
57.833333,26.901657,30.868431,12.067957,-0.061019,0.197150,-0.934726,0.289302
57.850000,26.929402,30.827959,12.046253,-0.061254,0.197584,-0.934493,0.289708
57.866667,26.957161,30.787510,12.024524,-0.061509,0.198053,-0.934241,0.290148
57.883333,26.985194,30.746794,12.002533,-0.061747,0.198489,-0.934005,0.290558
57.900000,27.013237,30.706095,11.980522,-0.062001,0.198952,-0.933754,0.290995
57.916667,27.041561,30.665133,11.958242,-0.062243,0.199390,-0.933514,0.291411
57.933333,27.069893,30.624185,11.935947,-0.062495,0.199846,-0.933263,0.291847
57.950000,27.098509,30.582977,11.913376,-0.062740,0.200287,-0.933020,0.292270
57.966667,27.127132,30.541780,11.890793,-0.062992,0.200737,-0.932770,0.292705
57.983333,27.156043,30.500324,11.867930,-0.063239,0.201179,-0.932524,0.293134
58.000000,27.184960,30.458879,11.845055,-0.063490,0.201622,-0.932274,0.293568
58.016667,27.214169,30.417175,11.821898,-0.063740,0.202065,-0.932024,0.294002
58.033333,27.243383,30.375482,11.798729,-0.063989,0.202502,-0.931776,0.294435
58.050000,27.272891,30.333529,11.775277,-0.064243,0.202945,-0.931523,0.294876
58.066667,27.302406,30.291589,11.751810,-0.064491,0.203376,-0.931275,0.295307
58.083333,27.332215,30.249386,11.728061,-0.064747,0.203820,-0.931018,0.295754
58.100000,27.362034,30.207200,11.704294,-0.064993,0.204244,-0.930771,0.296184
58.116667,27.392146,30.164746,11.680246,-0.065252,0.204687,-0.930512,0.296636
58.133333,27.422272,30.122314,11.656175,-0.065497,0.205105,-0.930266,0.297065
58.150000,27.452691,30.079608,11.631828,-0.065758,0.205548,-0.930004,0.297522
58.166667,27.483127,30.036931,11.607450,-0.066002,0.205959,-0.929758,0.297950
58.183333,27.513853,29.993972,11.582802,-0.066265,0.206401,-0.929493,0.298413
58.200000,27.544602,29.951051,11.558115,-0.066507,0.206805,-0.929249,0.298839
58.216667,27.575638,29.907838,11.533164,-0.066772,0.207246,-0.928981,0.299307
58.233333,27.606703,29.864674,11.508164,-0.067013,0.207644,-0.928738,0.299732
58.250000,27.638052,29.821206,11.482910,-0.067280,0.208082,-0.928468,0.300204
58.266667,27.669436,29.777799,11.457596,-0.067521,0.208477,-0.928223,0.300632
58.283333,27.701099,29.734075,11.432036,-0.067788,0.208911,-0.927953,0.301106
58.300000,27.732806,29.690426,11.406405,-0.068037,0.209313,-0.927701,0.301547
58.316667,27.764785,29.646446,11.380539,-0.068297,0.209731,-0.927436,0.302010
58.333333,27.796817,29.602554,11.354588,-0.068552,0.210139,-0.927177,0.302466
58.350000,27.829118,29.558322,11.328411,-0.068804,0.210540,-0.926920,0.302917
58.366667,27.861738,29.513827,11.301929,-0.069067,0.210955,-0.926652,0.303388
58.383333,27.894370,29.469354,11.275426,-0.069311,0.211339,-0.926403,0.303826
58.400000,27.927312,29.424599,11.248635,-0.069582,0.211761,-0.926126,0.304312
58.416667,27.960280,29.379887,11.221805,-0.069821,0.212132,-0.925882,0.304743
58.433333,27.993547,29.334872,11.194703,-0.070094,0.212554,-0.925601,0.305237
58.450000,28.026851,29.289921,11.167543,-0.070338,0.212928,-0.925351,0.305679
58.466667,28.060446,29.244645,11.140130,-0.070601,0.213329,-0.925081,0.306156
58.483333,28.094090,29.199454,11.112639,-0.070855,0.213713,-0.924820,0.306617
58.500000,28.128019,29.153925,11.084906,-0.071107,0.214092,-0.924561,0.307076
58.516667,28.162273,29.108125,11.056866,-0.071370,0.214485,-0.924289,0.307557
58.533333,28.196548,29.062358,11.028797,-0.071617,0.214852,-0.924035,0.308009
58.550000,28.231136,29.016294,11.000443,-0.071885,0.215247,-0.923758,0.308501
58.566667,28.265760,28.970290,10.972036,-0.072132,0.215610,-0.923501,0.308957
58.583333,28.300684,28.923962,10.943367,-0.072394,0.215991,-0.923230,0.309439
58.600000,28.335660,28.877722,10.914620,-0.072647,0.216357,-0.922968,0.309908
58.616667,28.370931,28.831144,10.885621,-0.072899,0.216719,-0.922706,0.310375
58.633333,28.406531,28.784285,10.856318,-0.073160,0.217091,-0.922434,0.310862
58.650000,28.442160,28.737472,10.826975,-0.073412,0.217448,-0.922171,0.311333
58.666667,28.478103,28.690345,10.797355,-0.073670,0.217811,-0.921901,0.311816
58.683333,28.514093,28.643297,10.767667,-0.073923,0.218162,-0.921637,0.312290
58.700000,28.550385,28.595913,10.737719,-0.074178,0.218516,-0.921370,0.312771
58.716667,28.587017,28.548250,10.707460,-0.074432,0.218865,-0.921104,0.313251
58.733333,28.623676,28.500633,10.677164,-0.074687,0.219212,-0.920836,0.313735
58.750000,28.660656,28.452700,10.646586,-0.074938,0.219552,-0.920572,0.314212
58.766667,28.697685,28.404849,10.615941,-0.075193,0.219893,-0.920303,0.314699
58.783333,28.735025,28.356662,10.585028,-0.075450,0.220235,-0.920032,0.315191
58.800000,28.772706,28.308188,10.553808,-0.075696,0.220560,-0.919771,0.315665
58.816667,28.810421,28.259769,10.522543,-0.075952,0.220895,-0.919500,0.316160
58.833333,28.848456,28.211023,10.491001,-0.076203,0.221220,-0.919234,0.316645
58.850000,28.886550,28.162371,10.459384,-0.076452,0.221540,-0.918969,0.317129
58.866667,28.924963,28.113386,10.427494,-0.076709,0.221868,-0.918695,0.317632
58.883333,28.963711,28.064093,10.395307,-0.076950,0.222172,-0.918437,0.318105
58.900000,29.002508,28.014876,10.363062,-0.077204,0.222489,-0.918166,0.318605
58.916667,29.041628,27.965326,10.330538,-0.077460,0.222806,-0.917892,0.319110
58.933333,29.081098,27.915482,10.297704,-0.077695,0.223095,-0.917640,0.319578
58.950000,29.120609,27.865701,10.264824,-0.077951,0.223406,-0.917364,0.320089
58.966667,29.160448,27.815589,10.231662,-0.078200,0.223704,-0.917096,0.320587
58.983333,29.200647,27.765191,10.198181,-0.078436,0.223985,-0.916841,0.321063
59.000000,29.240882,27.714848,10.164660,-0.078692,0.224287,-0.916563,0.321582
59.016667,29.281451,27.664174,10.130854,-0.078935,0.224569,-0.916300,0.322076
59.033333,29.322388,27.613218,10.096724,-0.079172,0.224842,-0.916042,0.322560
59.050000,29.363359,27.562314,10.062559,-0.079426,0.225130,-0.915765,0.323081
59.066667,29.404668,27.511079,10.028104,-0.079664,0.225398,-0.915505,0.323575
59.083333,29.446350,27.459563,9.993325,-0.079901,0.225660,-0.915246,0.324065
59.100000,29.488067,27.408098,9.958511,-0.080150,0.225934,-0.914972,0.324586
59.116667,29.530127,27.356303,9.923405,-0.080385,0.226188,-0.914713,0.325081
59.133333,29.572562,27.304222,9.887977,-0.080620,0.226439,-0.914453,0.325578
59.150000,29.615036,27.252197,9.852512,-0.080863,0.226695,-0.914185,0.326093
59.166667,29.657858,27.199843,9.816751,-0.081096,0.226936,-0.913926,0.326593
59.183333,29.701054,27.147193,9.780673,-0.081329,0.227175,-0.913666,0.327095
59.200000,29.744295,27.094609,9.744555,-0.081564,0.227411,-0.913404,0.327603
59.216667,29.787889,27.041696,9.708139,-0.081796,0.227641,-0.913145,0.328110
59.233333,29.831853,26.988473,9.671412,-0.082026,0.227865,-0.912886,0.328616
59.250000,29.875872,26.935329,9.634639,-0.082257,0.228087,-0.912626,0.329127
59.266667,29.920250,26.881856,9.597566,-0.082483,0.228300,-0.912370,0.329631
59.283333,29.964990,26.828058,9.560191,-0.082710,0.228509,-0.912112,0.330142
59.300000,30.009797,26.774353,9.522763,-0.082937,0.228716,-0.911854,0.330656
59.316667,30.054968,26.720321,9.485034,-0.083158,0.228913,-0.911601,0.331160
59.333333,30.100505,26.665960,9.447002,-0.083379,0.229105,-0.911348,0.331669
59.350000,30.146423,26.611290,9.408658,-0.083601,0.229294,-0.911091,0.332186
59.366667,30.192398,26.556697,9.370273,-0.083823,0.229480,-0.910835,0.332705
59.383333,30.238743,26.501777,9.331584,-0.084032,0.229650,-0.910592,0.333199
59.400000,30.285462,26.446529,9.292592,-0.084248,0.229821,-0.910340,0.333715
59.416667,30.332574,26.390978,9.253282,-0.084465,0.229989,-0.910086,0.334237
59.433333,30.379740,26.335497,9.213938,-0.084676,0.230147,-0.909838,0.334750
59.450000,30.427283,26.279687,9.174290,-0.084880,0.230295,-0.909597,0.335251
59.466667,30.475206,26.223551,9.134336,-0.085088,0.230442,-0.909350,0.335767
59.483333,30.523530,26.167110,9.094066,-0.085298,0.230585,-0.909099,0.336293
59.500000,30.571908,26.110738,9.053766,-0.085499,0.230717,-0.908858,0.336804
59.516667,30.620671,26.054039,9.013160,-0.085696,0.230842,-0.908620,0.337310
59.533333,30.669821,25.997012,8.972248,-0.085893,0.230962,-0.908381,0.337820
59.550000,30.719372,25.939672,8.931025,-0.086094,0.231079,-0.908136,0.338349
59.566667,30.768986,25.882407,8.889772,-0.086287,0.231185,-0.907899,0.338863
59.583333,30.818992,25.824814,8.848214,-0.086476,0.231283,-0.907665,0.339373
59.600000,30.869391,25.766893,8.806350,-0.086664,0.231376,-0.907432,0.339886
59.616667,30.920187,25.708644,8.764181,-0.086850,0.231463,-0.907198,0.340401
59.633333,30.971400,25.650089,8.721698,-0.087035,0.231542,-0.906965,0.340922
59.650000,31.022670,25.591599,8.679196,-0.087214,0.231612,-0.906737,0.341434
59.666667,31.074341,25.532780,8.636389,-0.087391,0.231675,-0.906510,0.341948
59.683333,31.126416,25.473633,8.593277,-0.087566,0.231732,-0.906284,0.342464
59.700000,31.178896,25.414157,8.549862,-0.087739,0.231781,-0.906059,0.342983
59.716667,31.231798,25.354368,8.506138,-0.087905,0.231821,-0.905841,0.343489
59.733333,31.284764,25.294646,8.462400,-0.088070,0.231854,-0.905621,0.344003
59.750000,31.338139,25.234594,8.418360,-0.088233,0.231878,-0.905403,0.344519
59.766667,31.391926,25.174212,8.374018,-0.088393,0.231895,-0.905186,0.345036
59.783333,31.446128,25.113499,8.329375,-0.088550,0.231904,-0.904971,0.345554
59.800000,31.500749,25.052458,8.284431,-0.088701,0.231904,-0.904762,0.346061
59.816667,31.555447,24.991494,8.239478,-0.088847,0.231896,-0.904556,0.346567
59.833333,31.610564,24.930197,8.194227,-0.088991,0.231879,-0.904351,0.347076
59.850000,31.666102,24.868569,8.148678,-0.089134,0.231853,-0.904146,0.347591
59.866667,31.722063,24.806608,8.102834,-0.089273,0.231818,-0.903943,0.348107
59.883333,31.778450,24.744314,8.056694,-0.089408,0.231774,-0.903742,0.348622
59.900000,31.835265,24.681687,8.010260,-0.089536,0.231721,-0.903548,0.349126
59.916667,31.892512,24.618728,7.963533,-0.089660,0.231659,-0.903357,0.349631
59.933333,31.949839,24.555840,7.916809,-0.089781,0.231588,-0.903167,0.350137
59.950000,32.007598,24.492616,7.869795,-0.089898,0.231507,-0.902980,0.350643
59.966667,32.065791,24.429056,7.822493,-0.090011,0.231416,-0.902795,0.351150
59.983333,32.124420,24.365159,7.774905,-0.090120,0.231316,-0.902612,0.351657
60.000000,32.183488,24.300925,7.727030,-0.090225,0.231204,-0.902432,0.352165
60.016667,32.242996,24.236353,7.678872,-0.090324,0.231083,-0.902258,0.352666
60.033333,32.302947,24.171443,7.630431,-0.090417,0.230952,-0.902086,0.353166
60.050000,32.363343,24.106193,7.581711,-0.090507,0.230811,-0.901918,0.353666
60.066667,32.424186,24.040604,7.532711,-0.090592,0.230658,-0.901752,0.354165
60.083333,32.485483,23.974678,7.483437,-0.090671,0.230495,-0.901590,0.354664
60.100000,32.546861,23.908810,7.434187,-0.090746,0.230321,-0.901431,0.355162
60.116667,32.608691,23.842598,7.384665,-0.090816,0.230136,-0.901275,0.355659
60.133333,32.670973,23.776042,7.334873,-0.090880,0.229939,-0.901123,0.356156
60.150000,32.733710,23.709141,7.284814,-0.090939,0.229730,-0.900974,0.356651
60.166667,32.796905,23.641894,7.234490,-0.090991,0.229510,-0.900830,0.357142
60.183333,32.860558,23.574301,7.183903,-0.091038,0.229280,-0.900691,0.357628
60.200000,32.924673,23.506359,7.133057,-0.091079,0.229038,-0.900556,0.358114
60.216667,32.989251,23.438068,7.081953,-0.091114,0.228783,-0.900424,0.358599
60.233333,33.054294,23.369427,7.030595,-0.091143,0.228515,-0.900297,0.359082
60.250000,33.119805,23.300434,6.978986,-0.091166,0.228235,-0.900173,0.359564
60.266667,33.185784,23.231088,6.927128,-0.091183,0.227942,-0.900054,0.360043
60.283333,33.252234,23.161389,6.875026,-0.091193,0.227637,-0.899939,0.360521
60.300000,33.319157,23.091334,6.822681,-0.091196,0.227317,-0.899828,0.360997
60.316667,33.386555,23.020922,6.770098,-0.091193,0.226985,-0.899722,0.361471
60.333333,33.454430,22.950152,6.717281,-0.091183,0.226639,-0.899621,0.361943
60.350000,33.522784,22.879023,6.664231,-0.091166,0.226279,-0.899524,0.362412
60.366667,33.591617,22.807532,6.610954,-0.091142,0.225905,-0.899433,0.362879
60.383333,33.660934,22.735679,6.557453,-0.091111,0.225518,-0.899346,0.363342
60.400000,33.730734,22.663461,6.503732,-0.091072,0.225116,-0.899264,0.363803
60.416667,33.801021,22.590877,6.449794,-0.091026,0.224700,-0.899187,0.364261
60.433333,33.871795,22.517926,6.395645,-0.090972,0.224269,-0.899116,0.364716
60.450000,33.943059,22.444605,6.341288,-0.090911,0.223824,-0.899050,0.365168
60.466667,34.014814,22.370913,6.286728,-0.090842,0.223364,-0.898989,0.365616
60.483333,34.087063,22.296848,6.231969,-0.090764,0.222889,-0.898934,0.366061
60.500000,34.159806,22.222408,6.177016,-0.090679,0.222397,-0.898884,0.366504
60.516667,34.233046,22.147592,6.121873,-0.090584,0.221886,-0.898839,0.366946
60.533333,34.306784,22.072396,6.066545,-0.090480,0.221359,-0.898800,0.367384
60.550000,34.381022,21.996820,6.011037,-0.090368,0.220816,-0.898768,0.367819
60.566667,34.455762,21.920860,5.955354,-0.090248,0.220257,-0.898741,0.368249
60.583333,34.531009,21.844517,5.899506,-0.090118,0.219682,-0.898720,0.368675
60.600000,34.607162,21.767386,5.843207,-0.089980,0.219091,-0.898705,0.369096
60.616667,34.683823,21.689865,5.786752,-0.089833,0.218483,-0.898696,0.369513
60.633333,34.760993,21.611952,5.730145,-0.089676,0.217859,-0.898694,0.369926
60.650000,34.838675,21.533646,5.673392,-0.089509,0.217211,-0.898698,0.370338
60.666667,34.916869,21.454943,5.616500,-0.089331,0.216545,-0.898708,0.370745
60.683333,34.995577,21.375841,5.559474,-0.089144,0.215862,-0.898726,0.371146
60.700000,35.074801,21.296338,5.502320,-0.088947,0.215161,-0.898749,0.371542
60.716667,35.154542,21.216431,5.445045,-0.088741,0.214444,-0.898780,0.371933
60.733333,35.234812,21.136117,5.387671,-0.088525,0.213709,-0.898816,0.372318
60.750000,35.316006,21.054993,5.329908,-0.088296,0.212948,-0.898861,0.372702
60.766667,35.397723,20.973457,5.272045,-0.088056,0.212164,-0.898912,0.373082
60.783333,35.479963,20.891507,5.214091,-0.087805,0.211361,-0.898970,0.373456
60.800000,35.562728,20.809139,5.156051,-0.087544,0.210540,-0.899035,0.373824
60.816667,35.646019,20.726352,5.097932,-0.087274,0.209706,-0.899107,0.374183
60.833333,35.729850,20.643139,5.039763,-0.086990,0.208844,-0.899187,0.374539
60.850000,35.814618,20.559098,4.981261,-0.086693,0.207956,-0.899275,0.374891
60.866667,35.899918,20.474629,4.922706,-0.086385,0.207049,-0.899370,0.375237
60.883333,35.985749,20.389727,4.864106,-0.086067,0.206123,-0.899471,0.375576
60.900000,36.072113,20.304391,4.805469,-0.085735,0.205170,-0.899581,0.375910
60.916667,36.159025,20.218612,4.746829,-0.085390,0.204193,-0.899699,0.376238
60.933333,36.246883,20.131989,4.687908,-0.085034,0.203198,-0.899825,0.376558
60.950000,36.335279,20.044922,4.628978,-0.084667,0.202182,-0.899957,0.376871
60.966667,36.424211,19.957407,4.570047,-0.084284,0.201135,-0.900098,0.377179
60.983333,36.513691,19.869437,4.511143,-0.083886,0.200057,-0.900248,0.377483
61.000000,36.604129,19.780608,4.452018,-0.083480,0.198968,-0.900405,0.377776
61.016667,36.695108,19.691320,4.392923,-0.083061,0.197858,-0.900568,0.378060
61.033333,36.786628,19.601571,4.333866,-0.082623,0.196705,-0.900743,0.378342
61.050000,36.878704,19.511349,4.274890,-0.082172,0.195531,-0.900925,0.378616
61.066667,36.971739,19.420256,4.215737,-0.081713,0.194342,-0.901113,0.378879
61.083333,37.065317,19.328689,4.156656,-0.081235,0.193117,-0.901311,0.379136
61.100000,37.159441,19.236646,4.097661,-0.080743,0.191865,-0.901518,0.379386
61.116667,37.254539,19.143712,4.038564,-0.080239,0.190592,-0.901731,0.379627
61.133333,37.350182,19.050294,3.979573,-0.079717,0.189284,-0.901955,0.379860
61.150000,37.446369,18.956389,3.920697,-0.079183,0.187953,-0.902186,0.380085
61.166667,37.543124,18.861977,3.862014,-0.078636,0.186598,-0.902424,0.380300
61.183333,37.640835,18.766672,3.803233,-0.078066,0.185193,-0.902675,0.380510
61.200000,37.739089,18.670869,3.744604,-0.077489,0.183783,-0.902930,0.380707
61.216667,37.837914,18.574544,3.686215,-0.076895,0.182336,-0.903194,0.380896
61.233333,37.937692,18.477316,3.627771,-0.076279,0.180845,-0.903469,0.381077
61.250000,38.038016,18.379575,3.569527,-0.075660,0.179354,-0.903747,0.381246
61.266667,38.139316,18.280904,3.511337,-0.075016,0.177807,-0.904039,0.381407
61.283333,38.241158,18.181715,3.453367,-0.074356,0.176232,-0.904338,0.381559
61.300000,38.343557,18.081993,3.395672,-0.073686,0.174640,-0.904642,0.381698
61.316667,38.446917,17.981336,3.338054,-0.072995,0.173002,-0.904958,0.381829
61.333333,38.550817,17.880150,3.280696,-0.072289,0.171337,-0.905280,0.381950
61.350000,38.655285,17.778404,3.223713,-0.071566,0.169636,-0.905612,0.382059
61.366667,38.760696,17.675725,3.166810,-0.070831,0.167912,-0.905949,0.382158
61.383333,38.866658,17.572490,3.110270,-0.070071,0.166138,-0.906298,0.382245
61.400000,38.973573,17.468301,3.053897,-0.069304,0.164351,-0.906651,0.382321
61.416667,39.081026,17.363558,2.997884,-0.068509,0.162504,-0.907017,0.382387
61.433333,39.189435,17.257843,2.942121,-0.067711,0.160653,-0.907384,0.382439
61.450000,39.298373,17.151573,2.886725,-0.066886,0.158744,-0.907764,0.382481
61.466667,39.407868,17.044705,2.831847,-0.066050,0.156816,-0.908148,0.382510
61.483333,39.518285,16.936885,2.777172,-0.065194,0.154842,-0.908541,0.382527
61.500000,39.629250,16.828463,2.723035,-0.064322,0.152837,-0.908940,0.382532
61.516667,39.741134,16.719079,2.669163,-0.063434,0.150796,-0.909347,0.382523
61.533333,39.853556,16.609087,2.615858,-0.062528,0.148719,-0.909761,0.382503
61.550000,39.966891,16.498123,2.562871,-0.061607,0.146610,-0.910180,0.382468
61.566667,40.080757,16.386544,2.510491,-0.060670,0.144464,-0.910606,0.382421
61.583333,40.195526,16.273988,2.458475,-0.059713,0.142276,-0.911040,0.382359
61.600000,40.310820,16.160805,2.407117,-0.058739,0.140052,-0.911479,0.382285
61.616667,40.427004,16.046643,2.356158,-0.057751,0.137794,-0.911923,0.382197
61.633333,40.543706,15.931842,2.305922,-0.056741,0.135489,-0.912375,0.382094
61.650000,40.661286,15.816059,2.256122,-0.055723,0.133163,-0.912828,0.381978
61.666667,40.779757,15.699250,2.206937,-0.054676,0.130772,-0.913292,0.381846
61.683333,40.898714,15.581827,2.158421,-0.053625,0.128373,-0.913755,0.381701
61.700000,41.018541,15.463386,2.110529,-0.052543,0.125901,-0.914230,0.381540
61.716667,41.138849,15.344309,2.063401,-0.051458,0.123421,-0.914702,0.381365
61.733333,41.260006,15.224226,2.016896,-0.050352,0.120892,-0.915181,0.381174
61.750000,41.381638,15.103484,1.971266,-0.049232,0.118329,-0.915663,0.380967
61.766667,41.504098,14.981742,1.926277,-0.048098,0.115733,-0.916147,0.380745
61.783333,41.627388,14.858970,1.882074,-0.046953,0.113108,-0.916633,0.380507
61.800000,41.751121,14.735553,1.838735,-0.045792,0.110444,-0.917123,0.380251
61.816667,41.875654,14.611131,1.796138,-0.044619,0.107751,-0.917613,0.379980
61.833333,42.000622,14.486036,1.754537,-0.043439,0.105036,-0.918103,0.379694
61.850000,42.126367,14.359940,1.713710,-0.042234,0.102260,-0.918599,0.379389
61.866667,42.252881,14.232831,1.673736,-0.041023,0.099463,-0.919092,0.379070
61.883333,42.379796,14.105055,1.634791,-0.039793,0.096620,-0.919587,0.378735
61.900000,42.507455,13.976279,1.596705,-0.038534,0.093702,-0.920089,0.378381
61.916667,42.635847,13.846488,1.559579,-0.037268,0.090759,-0.920586,0.378014
61.933333,42.764613,13.716028,1.523576,-0.035976,0.087750,-0.921086,0.377631
61.950000,42.894091,13.584567,1.488560,-0.034656,0.084667,-0.921591,0.377226
61.966667,43.024265,13.452098,1.454609,-0.033332,0.081569,-0.922095,0.376798
61.983333,43.154786,13.318951,1.421923,-0.032002,0.078454,-0.922601,0.376336
62.000000,43.285979,13.184807,1.390357,-0.030683,0.075361,-0.923108,0.375834
62.016667,43.417828,13.049667,1.359959,-0.029382,0.072314,-0.923619,0.375280
62.033333,43.550307,12.913509,1.330850,-0.028109,0.069333,-0.924135,0.374669
62.050000,43.683047,12.776683,1.302959,-0.026879,0.066454,-0.924657,0.373994
62.066667,43.816330,12.638854,1.276130,-0.025709,0.063726,-0.925182,0.373251
62.083333,43.950111,12.500015,1.250301,-0.024584,0.061108,-0.925723,0.372423
62.100000,44.084014,12.360457,1.225539,-0.023491,0.058571,-0.926283,0.371507
62.116667,44.218322,12.219874,1.201615,-0.022420,0.056087,-0.926864,0.370506
62.133333,44.352988,12.078256,1.178459,-0.021339,0.053574,-0.927473,0.369417
62.150000,44.487967,11.935594,1.155999,-0.020215,0.050950,-0.928114,0.368238
62.166667,44.623198,11.791843,1.134314,-0.019012,0.048121,-0.928797,0.366960
62.183333,44.758373,11.647298,1.113632,-0.017721,0.045055,-0.929512,0.365599
62.200000,44.893764,11.501619,1.094112,-0.016308,0.041662,-0.930267,0.364146
62.216667,45.029335,11.354777,1.075986,-0.014778,0.037946,-0.931055,0.362598
62.233333,45.165048,11.206744,1.059489,-0.013152,0.033956,-0.931874,0.360950
62.250000,45.300834,11.057466,1.044974,-0.011469,0.029779,-0.932713,0.359206
62.266667,45.436397,10.907246,1.032642,-0.009770,0.025525,-0.933571,0.357348
62.283333,45.571955,10.755780,1.022658,-0.008111,0.021326,-0.934443,0.355381
62.300000,45.707438,10.603067,1.014947,-0.006536,0.017304,-0.935328,0.353299
62.316667,45.842773,10.449111,1.009232,-0.005094,0.013583,-0.936225,0.351102
62.333333,45.977889,10.293909,1.005217,-0.003831,0.010294,-0.937134,0.348796
62.350000,46.112689,10.137426,1.002638,-0.002766,0.007491,-0.938062,0.346374
62.366667,46.246903,9.979946,1.001118,-0.001909,0.005214,-0.939015,0.343832
62.383333,46.380713,9.821178,1.000329,-0.001251,0.003447,-0.939996,0.341166
62.400000,46.514060,9.661105,0.999949,-0.000766,0.002130,-0.941011,0.338367
62.416667,46.646881,9.499702,0.999740,-0.000426,0.001198,-0.942060,0.335443
62.433333,46.779111,9.336949,0.999643,-0.000209,0.000594,-0.943138,0.332399
62.450000,46.910684,9.172820,0.999634,-0.000083,0.000238,-0.944250,0.329228
62.466667,47.041532,9.007293,0.999690,-0.000018,0.000053,-0.945397,0.325921
62.483333,47.171552,8.840321,0.999786,0.000011,-0.000033,-0.946579,0.322473
62.500000,47.300519,8.672149,0.999896,0.000026,-0.000077,-0.947795,0.318881
62.516667,47.428555,8.502512,0.999993,0.000031,-0.000093,-0.949045,0.315139
62.533333,47.555587,8.331391,1.000059,0.000029,-0.000088,-0.950330,0.311245
62.550000,47.681533,8.158764,1.000091,0.000022,-0.000070,-0.951647,0.307194
62.566667,47.806308,7.984608,1.000097,0.000014,-0.000044,-0.952993,0.302992
62.583333,47.929826,7.808903,1.000084,0.000006,-0.000018,-0.954370,0.298627
62.600000,48.051998,7.631629,1.000059,-0.000001,0.000004,-0.955778,0.294089
62.616667,48.172736,7.452767,1.000030,-0.000005,0.000018,-0.957216,0.289373
62.633333,48.291946,7.272303,1.000003,-0.000007,0.000023,-0.958685,0.284471
62.650000,48.409535,7.090222,0.999985,-0.000007,0.000023,-0.960181,0.279379
62.666667,48.525401,6.906508,0.999976,-0.000005,0.000019,-0.961703,0.274095
62.683333,48.639438,6.721145,0.999974,-0.000003,0.000012,-0.963248,0.268614
62.700000,48.751537,6.534121,0.999978,-0.000001,0.000005,-0.964815,0.262930
62.716667,48.861581,6.345424,0.999985,0.000000,-0.000001,-0.966401,0.257037
62.733333,48.969358,6.155203,0.999993,0.000001,-0.000005,-0.968006,0.250929
62.750000,49.074871,5.963298,1.000000,0.000002,-0.000006,-0.969624,0.244600
62.766667,49.178003,5.769707,1.000005,0.000001,-0.000006,-0.971254,0.238046
62.783333,49.278630,5.574432,1.000007,0.000001,-0.000005,-0.972891,0.231264
62.800000,49.376626,5.377477,1.000007,0.000001,-0.000003,-0.974531,0.224251
62.816667,49.471861,5.178849,1.000006,0.000000,-0.000001,-0.976170,0.217009
62.833333,49.564204,4.978561,1.000004,-0.000000,0.000001,-0.977803,0.209528
62.850000,49.653522,4.776630,1.000001,-0.000000,0.000002,-0.979426,0.201804
62.866667,49.739682,4.573080,0.999999,-0.000000,0.000002,-0.981034,0.193835
62.883333,49.822550,4.367939,0.999998,-0.000000,0.000002,-0.982622,0.185618
62.900000,49.901992,4.161243,0.999997,-0.000000,0.000001,-0.984183,0.177154
62.916667,49.977874,3.953031,0.999996,0.000000,-0.000000,-0.985711,0.168444
62.933333,50.050060,3.743350,0.999997,0.000000,-0.000001,-0.987199,0.159493
62.950000,50.118411,3.532252,0.999998,0.000000,-0.000002,-0.988640,0.150302
62.966667,50.182789,3.319796,1.000000,0.000000,-0.000002,-0.990027,0.140876
62.983333,50.243061,3.106048,1.000003,0.000000,-0.000002,-0.991354,0.131215
63.000000,50.299105,2.891086,1.000005,-0.000000,0.000000,-0.992613,0.121323
63.016667,50.350807,2.674993,1.000008,-0.000000,0.000002,-0.993797,0.111211
63.033333,50.398050,2.457859,1.000009,-0.000001,0.000005,-0.994897,0.100894
63.050000,50.440719,2.239777,1.000008,-0.000001,0.000007,-0.995906,0.090391
63.066667,50.478700,2.020843,1.000003,-0.000001,0.000008,-0.996817,0.079718
63.083333,50.511881,1.801165,0.999996,-0.000000,0.000006,-0.997624,0.068888
63.100000,50.540183,1.580862,0.999986,-0.000000,0.000002,-0.998322,0.057912
63.116667,50.563560,1.360061,0.999976,0.000000,-0.000006,-0.998904,0.046808
63.133333,50.581968,1.138888,0.999969,0.000001,-0.000015,-0.999366,0.035615
63.150000,50.595367,0.917472,0.999969,0.000001,-0.000023,-0.999703,0.024376
63.166667,50.603715,0.695946,0.999978,0.000000,-0.000029,-0.999914,0.013137
63.183333,50.606975,0.474440,0.999999,0.000000,-0.000029,-0.999914,0.013137
63.200000,50.605134,0.253090,1.000034,0.000000,0.000020,0.999958,0.009198
63.216667,50.598275,0.032026,1.000073,-0.000000,-0.000000,0.999795,0.020235
63.233333,50.586512,-0.188628,1.000106,-0.000001,-0.000031,0.999515,0.031148
63.250000,50.569960,-0.408756,1.000122,-0.000003,-0.000066,0.999121,0.041917
63.266667,50.548735,-0.628249,1.000112,-0.000005,-0.000097,0.998620,0.052521
63.283333,50.522952,-0.847007,1.000063,-0.000007,-0.000115,0.998017,0.062945
63.300000,50.492725,-1.064935,0.999967,-0.000008,-0.000110,0.997318,0.073196
63.316667,50.458151,-1.281942,0.999830,-0.000006,-0.000071,0.996526,0.083286
63.333333,50.419306,-1.497941,0.999686,0.000001,0.000012,0.995645,0.093228
63.350000,50.376262,-1.712846,0.999573,0.000014,0.000133,0.994677,0.103037
63.366667,50.329091,-1.926577,0.999529,0.000030,0.000265,0.993625,0.112733
63.383333,50.277866,-2.139055,0.999590,0.000047,0.000381,0.992489,0.122334
63.400000,50.222658,-2.350206,0.999795,0.000059,0.000446,0.991269,0.131854
63.416667,50.163539,-2.559961,1.000176,0.000060,0.000423,0.989965,0.141315
63.433333,50.100567,-2.768247,1.000697,0.000042,0.000273,0.988576,0.150721
63.450000,50.033788,-2.974993,1.001230,-0.000007,-0.000043,0.987105,0.160075
63.466667,49.963245,-3.180127,1.001639,-0.000093,-0.000542,0.985549,0.169389
63.483333,49.888980,-3.383579,1.001791,-0.000222,-0.001220,0.983907,0.178676
63.500000,49.810991,-3.585263,1.001546,-0.000396,-0.002070,0.982176,0.187952
63.516667,49.729285,-3.785279,1.000772,-0.000618,-0.003070,0.980353,0.197228
63.533333,49.643978,-3.983403,0.999342,-0.000881,-0.004175,0.978434,0.206513
63.550000,49.555102,-4.179561,0.997211,-0.001180,-0.005340,0.976419,0.215816
63.566667,49.462679,-4.373676,0.994435,-0.001507,-0.006520,0.974302,0.225145
63.583333,49.366725,-4.565671,0.991078,-0.001849,-0.007666,0.972084,0.234499
63.600000,49.267261,-4.755467,0.987201,-0.002195,-0.008727,0.969758,0.243902
63.616667,49.164304,-4.942987,0.982869,-0.002528,-0.009650,0.967318,0.253369
63.633333,49.057875,-5.128153,0.978142,-0.002835,-0.010402,0.964754,0.262933
63.650000,48.947994,-5.310887,0.973083,-0.003109,-0.010974,0.962062,0.272591
63.666667,48.834672,-5.491106,0.967768,-0.003343,-0.011359,0.959241,0.282341
63.683333,48.717909,-5.668716,0.962292,-0.003529,-0.011549,0.956283,0.292192
63.700000,48.597704,-5.843621,0.956755,-0.003660,-0.011547,0.953183,0.302151
63.716667,48.473978,-6.015666,0.951257,-0.003735,-0.011363,0.949931,0.312232
63.733333,48.346697,-6.184907,0.945893,-0.003751,-0.011011,0.946516,0.322446
63.750000,48.215976,-6.351123,0.940764,-0.003708,-0.010505,0.942930,0.332805
63.766667,48.081823,-6.514208,0.935963,-0.003607,-0.009869,0.939162,0.343313
63.783333,47.944243,-6.674046,0.931550,-0.003452,-0.009119,0.935195,0.354000
63.800000,47.803236,-6.830508,0.927542,-0.003244,-0.008279,0.931024,0.364850
63.816667,47.658800,-6.983458,0.923946,-0.002988,-0.007367,0.926639,0.375867
63.833333,47.510940,-7.132756,0.920771,-0.002686,-0.006399,0.922029,0.387058
63.850000,47.359664,-7.278258,0.918028,-0.002341,-0.005390,0.917180,0.398430
63.866667,47.204920,-7.419740,0.915732,-0.001953,-0.004345,0.912079,0.409986
63.883333,47.046657,-7.557115,0.913894,-0.001517,-0.003261,0.906714,0.421730
63.900000,46.885037,-7.690208,0.912529,-0.001028,-0.002135,0.901073,0.433662
63.916667,46.720091,-7.818852,0.911672,-0.000478,-0.000960,0.895127,0.445809
63.933333,46.551856,-7.942876,0.911360,0.000138,0.000267,0.888867,0.458165
63.950000,46.380374,-8.062099,0.911629,0.000822,0.001542,0.882306,0.470673
63.966667,46.205694,-8.176334,0.912516,0.001582,0.002865,0.875432,0.483330
63.983333,46.027873,-8.285387,0.914056,0.002420,0.004235,0.868229,0.496140
64.000000,45.846919,-8.388952,0.916301,0.003340,0.005646,0.860684,0.509096
64.016667,45.662907,-8.486869,0.919280,0.004343,0.007093,0.852791,0.522187
64.033333,45.476044,-8.579042,0.923007,0.005431,0.008567,0.844543,0.535392
64.050000,45.286446,-8.665300,0.927506,0.006607,0.010066,0.835913,0.548730
64.066667,45.094238,-8.745461,0.932805,0.007866,0.011572,0.826944,0.562110
64.083333,44.899554,-8.819337,0.938928,0.009200,0.013072,0.817674,0.575460
64.100000,44.702639,-8.886704,0.945897,0.010606,0.014557,0.808116,0.588748
64.116667,44.503835,-8.947343,0.953728,0.012082,0.016022,0.798267,0.601969
64.133333,44.303456,-9.000874,0.962452,0.013626,0.017459,0.788142,0.615095
64.150000,44.101686,-9.047578,0.972042,0.015237,0.018866,0.777729,0.628132
64.166667,43.899122,-9.087364,0.982477,0.016913,0.020239,0.767068,0.641023
64.183333,43.696141,-9.120222,0.993745,0.018640,0.021567,0.756271,0.653637
64.200000,43.493113,-9.146159,1.005830,0.020409,0.022847,0.745415,0.665897
64.216667,43.290397,-9.165204,1.018717,0.022208,0.024073,0.734609,0.677700
64.233333,43.088342,-9.177243,1.032411,0.024049,0.025260,0.723821,0.689106
64.250000,42.886673,-9.182614,1.046938,0.025927,0.026410,0.713117,0.700068
64.266667,42.686302,-9.181828,1.062219,0.027829,0.027520,0.702602,0.710506
64.283333,42.487506,-9.175279,1.078230,0.029753,0.028594,0.692334,0.720396
64.300000,42.290524,-9.163361,1.094951,0.031710,0.029647,0.682308,0.729775
64.316667,42.095593,-9.146217,1.112401,0.033687,0.030679,0.672626,0.738579
64.333333,41.902054,-9.124248,1.130626,0.035678,0.031689,0.663311,0.746821
64.350000,41.710845,-9.098010,1.149514,0.037698,0.032687,0.654292,0.754594
64.366667,41.522091,-9.067827,1.169046,0.039750,0.033677,0.645544,0.761944
64.383333,41.335973,-9.033660,1.189269,0.041818,0.034652,0.637112,0.768856
64.400000,41.151618,-8.995819,1.210226,0.043912,0.035620,0.628964,0.775376
64.416667,40.969998,-8.954798,1.231783,0.046034,0.036581,0.621061,0.781553
64.433333,40.791236,-8.910624,1.253974,0.048179,0.037532,0.613399,0.787408
64.450000,40.614410,-8.863335,1.276898,0.050378,0.038489,0.605874,0.793030
64.466667,40.440460,-8.813574,1.300372,0.052577,0.039427,0.598648,0.798312
64.483333,40.269508,-8.761270,1.324460,0.054831,0.040373,0.591546,0.803391
64.500000,40.100529,-8.706505,1.349240,0.057118,0.041314,0.584614,0.808243
64.516667,39.934501,-8.649775,1.374550,0.059442,0.042256,0.577849,0.812879
64.533333,39.770568,-8.590621,1.400625,0.061803,0.043195,0.571235,0.817316
64.550000,39.609568,-8.529869,1.427189,0.064220,0.044139,0.564704,0.821606
64.566667,39.451659,-8.467292,1.454364,0.066660,0.045076,0.558347,0.825696
64.583333,39.295727,-8.402949,1.482194,0.069166,0.046021,0.552037,0.829670
64.600000,39.142840,-8.337093,1.510602,0.071711,0.046961,0.545829,0.833501
64.616667,38.991946,-8.269616,1.539683,0.074319,0.047908,0.539684,0.837211
64.633333,38.844052,-8.200861,1.569328,0.076977,0.048852,0.533599,0.840809
64.650000,38.698128,-8.130667,1.599642,0.079693,0.049799,0.527583,0.844290
64.666667,38.555174,-8.059345,1.630534,0.082475,0.050748,0.521587,0.847685
64.683333,38.414143,-7.986766,1.662081,0.085300,0.051690,0.515671,0.850961
64.700000,38.276086,-7.913113,1.694261,0.088220,0.052643,0.509714,0.854188
64.716667,38.139925,-7.838324,1.727101,0.091173,0.053583,0.503840,0.857299
64.733333,38.005852,-7.762163,1.760768,0.094229,0.054530,0.497900,0.860374
64.750000,37.874521,-7.685314,1.794964,0.097337,0.055470,0.492001,0.863356
64.766667,37.745143,-7.607346,1.829911,0.100535,0.056408,0.486056,0.866291
64.783333,37.618554,-7.528606,1.865503,0.103816,0.057346,0.480107,0.869155
64.800000,37.493827,-7.448903,1.901810,0.107223,0.058291,0.474054,0.871996
64.816667,37.371106,-7.368090,1.938961,0.110701,0.059226,0.468007,0.874761
64.833333,37.251003,-7.286679,1.976743,0.114320,0.060168,0.461840,0.877504
64.850000,37.132767,-7.204350,2.015313,0.118088,0.061114,0.455546,0.880226
64.866667,37.016597,-7.120923,2.054851,0.121943,0.062047,0.449224,0.882881
64.883333,36.902981,-7.036908,2.095127,0.125960,0.062977,0.442738,0.885523
64.900000,36.791279,-6.951975,2.136305,0.130167,0.063909,0.436064,0.888156
64.916667,36.681660,-6.865995,2.178537,0.134498,0.064819,0.429281,0.890745
64.933333,36.574596,-6.779353,2.221665,0.138978,0.065704,0.422328,0.893313
64.950000,36.469499,-6.691789,2.265806,0.143569,0.066549,0.415250,0.895838
64.966667,36.366427,-6.603279,2.311017,0.148272,0.067345,0.408022,0.898331
64.983333,36.265995,-6.513962,2.357348,0.153060,0.068078,0.400654,0.900785
65.000000,36.167586,-6.423720,2.404787,0.157871,0.068734,0.393228,0.903175
65.016667,36.071197,-6.332565,2.453331,0.162712,0.069309,0.385709,0.905511
65.033333,35.976942,-6.240433,2.503046,0.167611,0.069797,0.378033,0.907814
65.050000,35.885080,-6.147529,2.553829,0.172502,0.070187,0.370281,0.910060
65.066667,35.795181,-6.053742,2.605672,0.177290,0.070469,0.362587,0.912213
65.083333,35.707234,-5.959077,2.658567,0.182073,0.070648,0.354777,0.914326
65.100000,35.621382,-5.863459,2.712593,0.186846,0.070719,0.346848,0.916397
65.116667,35.537712,-5.766995,2.767688,0.191523,0.070682,0.338935,0.918393
65.133333,35.455954,-5.669644,2.823821,0.196073,0.070540,0.331091,0.920303
65.150000,35.376105,-5.571406,2.880992,0.200561,0.070293,0.323200,0.922158
65.166667,35.298297,-5.472215,2.939272,0.204989,0.069942,0.315254,0.923960
65.183333,35.222557,-5.372081,2.998652,0.209268,0.069496,0.307407,0.925677
65.200000,35.148687,-5.271131,3.058992,0.213387,0.068962,0.299685,0.927308
65.216667,35.076662,-5.169406,3.120251,0.217391,0.068340,0.292002,0.928873
65.233333,35.006569,-5.066902,3.182439,0.221289,0.067630,0.284340,0.930380
65.250000,34.938452,-4.963641,3.245541,0.225005,0.066852,0.276851,0.931803
65.266667,34.872093,-4.859729,3.309430,0.228529,0.066016,0.269562,0.933141
65.283333,34.807465,-4.755200,3.374068,0.231910,0.065120,0.262383,0.934416
65.300000,34.744621,-4.650060,3.439453,0.235168,0.064162,0.255275,0.935636
65.316667,34.683634,-4.544317,3.505581,0.238247,0.063166,0.248368,0.936782
65.333333,34.624277,-4.438061,3.572341,0.241138,0.062145,0.241698,0.937855
65.350000,34.566509,-4.331320,3.639697,0.243884,0.061091,0.235180,0.938871
65.366667,34.510349,-4.224107,3.707635,0.246504,0.060003,0.228770,0.939840
65.383333,34.455871,-4.116431,3.776151,0.248957,0.058904,0.222584,0.940748
65.400000,34.402832,-4.008364,3.845148,0.251230,0.057811,0.216670,0.941592
65.416667,34.351183,-3.899932,3.914594,0.253358,0.056714,0.210951,0.942387
65.433333,34.300912,-3.791149,3.984466,0.255363,0.055607,0.205377,0.943143
65.450000,34.252105,-3.682019,4.054761,0.257217,0.054515,0.200040,0.943849
65.466667,34.204524,-3.572597,4.125403,0.258906,0.053451,0.194992,0.944504
65.483333,34.158117,-3.462902,4.196360,0.260466,0.052405,0.190154,0.945120
65.500000,34.112850,-3.352947,4.267610,0.261914,0.051367,0.185473,0.945707
65.516667,34.068814,-3.242735,4.339147,0.263231,0.050358,0.181026,0.946257
65.533333,34.025788,-3.132305,4.410913,0.264406,0.049394,0.176865,0.946767
65.550000,33.983723,-3.021670,4.482884,0.265468,0.048461,0.172918,0.947248
65.566667,33.942568,-2.910843,4.555038,0.266425,0.047552,0.169149,0.947705
65.583333,33.902405,-2.799805,4.627377,0.267271,0.046682,0.165602,0.948137
65.600000,33.863046,-2.688626,4.699831,0.267995,0.045866,0.162337,0.948537
65.616667,33.824433,-2.577293,4.772396,0.268619,0.045090,0.159284,0.948915
65.633333,33.786513,-2.465817,4.845048,0.269147,0.044350,0.156423,0.949276
65.650000,33.749320,-2.354184,4.917778,0.269581,0.043652,0.153767,0.949619
65.666667,33.712724,-2.242451,4.990534,0.269912,0.043011,0.151375,0.949939
65.683333,33.676656,-2.130602,5.063312,0.270157,0.042414,0.149186,0.950242
65.700000,33.641071,-2.018644,5.136096,0.270316,0.041858,0.147188,0.950533
65.716667,33.605971,-1.906569,5.208869,0.270392,0.041344,0.145383,0.950812
65.733333,33.571282,-1.794423,5.281592,0.270384,0.040885,0.143811,0.951073
65.750000,33.536934,-1.682187,5.354268,0.270300,0.040470,0.142434,0.951322
65.766667,33.502884,-1.569868,5.426882,0.270140,0.040097,0.141242,0.951561
65.783333,33.469106,-1.457459,5.499412,0.269904,0.039767,0.140233,0.951790
65.800000,33.435554,-1.345004,5.571819,0.269603,0.039484,0.139422,0.952007
65.816667,33.402157,-1.232480,5.644115,0.269246,0.039242,0.138782,0.952211
65.833333,33.368873,-1.119894,5.716284,0.268839,0.039037,0.138293,0.952406
65.850000,33.335660,-1.007244,5.788304,0.268382,0.038866,0.137950,0.952591
65.866667,33.302486,-0.894568,5.860132,0.267891,0.038731,0.137748,0.952764
65.883333,33.269316,-0.781846,5.931804,0.267375,0.038628,0.137670,0.952925
65.900000,33.236134,-0.669084,6.003318,0.266837,0.038553,0.137700,0.953074
65.916667,33.202921,-0.556287,6.074673,0.266278,0.038504,0.137834,0.953213
65.933333,33.169663,-0.443493,6.145827,0.265712,0.038479,0.138058,0.953340
65.950000,33.136338,-0.330680,6.216823,0.265149,0.038478,0.138362,0.953452
65.966667,33.102929,-0.217853,6.287662,0.264584,0.038497,0.138740,0.953554
65.983333,33.069420,-0.105018,6.358344,0.264012,0.038537,0.139201,0.953643
66.000000,33.035774,0.007823,6.428849,0.263436,0.038599,0.139742,0.953721
66.016667,33.002000,0.120615,6.499168,0.262865,0.038682,0.140354,0.953785
66.033333,32.968072,0.233394,6.569328,0.262291,0.038783,0.141038,0.953838
66.050000,32.933973,0.346155,6.639330,0.261713,0.038904,0.141795,0.953880
66.066667,32.899670,0.458892,6.709162,0.261125,0.039046,0.142639,0.953910
66.083333,32.865162,0.571552,6.778797,0.260541,0.039206,0.143545,0.953927
66.100000,32.830435,0.684175,6.848272,0.259955,0.039383,0.144519,0.953932
66.116667,32.795474,0.796753,6.917586,0.259364,0.039577,0.145560,0.953927
66.133333,32.760257,0.909282,6.986736,0.258763,0.039791,0.146685,0.953909
66.150000,32.724755,1.021705,7.055677,0.258160,0.040021,0.147875,0.953879
66.166667,32.688971,1.134064,7.124456,0.257556,0.040267,0.149126,0.953837
66.183333,32.652892,1.246355,7.193070,0.256947,0.040529,0.150444,0.953783
66.200000,32.616503,1.358570,7.261521,0.256329,0.040809,0.151836,0.953717
66.216667,32.579749,1.470700,7.329792,0.255699,0.041108,0.153314,0.953637
66.233333,32.542657,1.582687,7.397859,0.255069,0.041421,0.154848,0.953544
66.250000,32.505208,1.694578,7.465758,0.254430,0.041750,0.156451,0.953439
66.266667,32.467386,1.806367,7.533489,0.253783,0.042094,0.158124,0.953320
66.283333,32.429159,1.918045,7.601042,0.253118,0.042459,0.159890,0.953186
66.300000,32.390496,2.029543,7.668373,0.252447,0.042838,0.161722,0.953038
66.316667,32.351407,2.140916,7.735528,0.251766,0.043232,0.163621,0.952876
66.333333,32.311879,2.252158,7.802504,0.251074,0.043640,0.165592,0.952700
66.350000,32.271895,2.363260,7.869301,0.250368,0.044064,0.167637,0.952508
66.366667,32.231386,2.474206,7.935899,0.249641,0.044508,0.169783,0.952298
66.383333,32.190386,2.584933,8.002270,0.248907,0.044963,0.171985,0.952074
66.400000,32.148879,2.695497,8.068452,0.248158,0.045433,0.174262,0.951833
66.416667,32.106852,2.805889,8.134443,0.247392,0.045917,0.176617,0.951575
66.433333,32.064284,2.916100,8.200240,0.246605,0.046419,0.179066,0.951297
66.450000,32.021103,3.026044,8.265780,0.245799,0.046937,0.181602,0.951000
66.466667,31.977345,3.135787,8.331119,0.244977,0.047468,0.184209,0.950684
66.483333,31.932993,3.245320,8.396252,0.244134,0.048013,0.186900,0.950348
66.500000,31.888027,3.354633,8.461176,0.243269,0.048571,0.189676,0.949992
66.516667,31.842395,3.463707,8.525876,0.242375,0.049149,0.192561,0.949610
66.533333,31.796071,3.572459,8.590303,0.241462,0.049737,0.195520,0.949207
66.550000,31.749075,3.680958,8.654505,0.240524,0.050338,0.198565,0.948781
66.566667,31.701389,3.789192,8.718479,0.239560,0.050952,0.201699,0.948331
66.583333,31.652996,3.897150,8.782220,0.238569,0.051578,0.204924,0.947856
66.600000,31.603818,4.004802,8.845706,0.237543,0.052220,0.208261,0.947351
66.616667,31.553873,4.112073,8.908896,0.236489,0.052873,0.211685,0.946819
66.633333,31.503165,4.219029,8.971835,0.235403,0.053537,0.215207,0.946259
66.650000,31.451669,4.325657,9.034516,0.234282,0.054213,0.218828,0.945667
66.666667,31.399365,4.431940,9.096933,0.233126,0.054900,0.222552,0.945045
66.683333,31.346151,4.537837,9.159057,0.231928,0.055598,0.226391,0.944386
66.700000,31.292065,4.643272,9.220848,0.230692,0.056307,0.230336,0.943693
66.716667,31.237099,4.748311,9.282350,0.229414,0.057025,0.234389,0.942963
66.733333,31.181232,4.852939,9.343555,0.228093,0.057749,0.238549,0.942196
66.750000,31.124444,4.957137,9.404454,0.226727,0.058481,0.242818,0.941390
66.766667,31.066629,5.060855,9.465014,0.225316,0.059218,0.247194,0.940543
66.783333,31.007829,5.164014,9.525194,0.223851,0.059962,0.251700,0.939650
66.800000,30.948043,5.266684,9.585039,0.222336,0.060710,0.256321,0.938712
66.816667,30.887251,5.368846,9.644540,0.220766,0.061461,0.261061,0.937727
66.833333,30.825429,5.470479,9.703685,0.219140,0.062213,0.265922,0.936692
66.850000,30.762483,5.571528,9.762442,0.217465,0.062961,0.270882,0.935611
66.866667,30.698409,5.671885,9.820750,0.215716,0.063714,0.276003,0.934467
66.883333,30.633226,5.771632,9.878663,0.213903,0.064463,0.281253,0.933267
66.900000,30.566909,5.870744,9.936166,0.212024,0.065206,0.286631,0.932007
66.916667,30.499434,5.969194,9.993247,0.210077,0.065942,0.292138,0.930685
66.933333,30.430757,6.066940,10.049882,0.208070,0.066664,0.297744,0.929307
66.950000,30.360779,6.163819,10.105975,0.205985,0.067376,0.303495,0.927858
66.966667,30.289577,6.259943,10.161597,0.203817,0.068076,0.309399,0.926335
66.983333,30.217129,6.355283,10.216733,0.201573,0.068758,0.315434,0.924739
67.000000,30.143418,6.449806,10.271367,0.199248,0.069418,0.321597,0.923069
67.016667,30.068422,6.543481,10.325481,0.196847,0.070054,0.327881,0.921324
67.033333,29.991996,6.636194,10.379011,0.194387,0.070657,0.334231,0.919517
67.050000,29.914239,6.727875,10.431918,0.191809,0.071238,0.340797,0.917601
67.066667,29.835135,6.818589,10.484246,0.189142,0.071785,0.347494,0.915598
67.083333,29.754664,6.908297,10.535972,0.186385,0.072293,0.354322,0.913504
67.100000,29.672811,6.996960,10.587076,0.183536,0.072760,0.361278,0.911317
67.116667,29.589551,7.084530,10.637534,0.180618,0.073177,0.368302,0.909052
67.133333,29.504758,7.170768,10.687206,0.177614,0.073544,0.375433,0.906694
67.150000,29.418539,7.255825,10.736186,0.174487,0.073860,0.382752,0.904212
67.166667,29.330883,7.339657,10.784449,0.171269,0.074117,0.390181,0.901628
67.183333,29.241782,7.422220,10.831973,0.167959,0.074309,0.397714,0.898939
67.200000,29.151233,7.503472,10.878734,0.164560,0.074434,0.405342,0.896146
67.216667,29.059202,7.583339,10.924694,0.161112,0.074485,0.412978,0.893277
67.233333,28.965641,7.661603,10.969729,0.157573,0.074461,0.420711,0.890297
67.250000,28.870638,7.738416,11.013929,0.153906,0.074357,0.428619,0.887169
67.266667,28.774194,7.813732,11.057270,0.150152,0.074167,0.436608,0.883927
67.283333,28.676315,7.887502,11.099727,0.146315,0.073886,0.444671,0.880568
67.300000,28.577007,7.959679,11.141274,0.142408,0.073514,0.452777,0.877102
67.316667,28.476263,8.030196,11.181877,0.138469,0.073050,0.460851,0.873559
67.333333,28.374029,8.098778,11.221378,0.134467,0.072490,0.468957,0.869910
67.350000,28.270405,8.165609,11.259887,0.130376,0.071824,0.477150,0.866124
67.366667,28.165416,8.230653,11.297385,0.126222,0.071055,0.485377,0.862223
67.383333,28.059098,8.293883,11.333857,0.122025,0.070182,0.493599,0.858221
67.400000,27.951490,8.355273,11.369291,0.117796,0.069205,0.501800,0.854126
67.416667,27.842627,8.414795,11.403674,0.113585,0.068138,0.509887,0.849983
67.433333,27.732445,8.472273,11.436907,0.109353,0.066968,0.517942,0.845750
67.450000,27.621140,8.527710,11.468994,0.105104,0.065698,0.525959,0.841430
67.466667,27.508705,8.581195,11.499987,0.100804,0.064313,0.533999,0.836987
67.483333,27.395176,8.632698,11.529873,0.096516,0.062831,0.541941,0.832488
67.500000,27.280593,8.682192,11.558634,0.092259,0.061259,0.549750,0.827955
67.516667,27.164994,8.729646,11.586258,0.088083,0.059617,0.557333,0.823448
67.533333,27.048422,8.775034,11.612730,0.083989,0.057911,0.564689,0.818974
67.550000,26.930945,8.818131,11.637916,0.079978,0.056146,0.571817,0.814541
67.566667,26.812662,8.859280,11.661995,0.076067,0.054332,0.578687,0.810175
67.583333,26.693653,8.898554,11.684997,0.072240,0.052469,0.585320,0.805871
67.600000,26.573990,8.936031,11.706955,0.068548,0.050587,0.591631,0.801695
67.616667,26.453741,8.971790,11.727900,0.065005,0.048700,0.597594,0.797674
67.633333,26.332970,9.005910,11.747866,0.061663,0.046846,0.603125,0.793879
67.650000,26.211736,9.038470,11.766886,0.058467,0.045007,0.608322,0.790253
67.666667,26.090044,9.069409,11.784904,0.055414,0.043188,0.613202,0.786796
67.683333,25.968114,9.098935,11.802032,0.052495,0.041392,0.617781,0.783504
67.700000,25.845882,9.127162,11.818324,0.049695,0.039616,0.622088,0.780364
67.716667,25.723390,9.154169,11.833813,0.047008,0.037863,0.626136,0.777374
67.733333,25.600674,9.180026,11.848529,0.044440,0.036142,0.629922,0.774543
67.750000,25.477765,9.204792,11.862496,0.042014,0.034476,0.633414,0.771902
67.766667,25.354691,9.228524,11.875736,0.039695,0.032846,0.636673,0.769411
67.783333,25.231466,9.251232,11.888241,0.037473,0.031252,0.639715,0.767062
67.800000,25.108233,9.272959,11.900024,0.035346,0.029694,0.642550,0.764852
67.816667,24.984913,9.293835,11.911158,0.033308,0.028173,0.645186,0.762779
67.833333,24.861526,9.313916,11.921667,0.031352,0.026687,0.647634,0.760839
67.850000,24.738091,9.333258,11.931575,0.029477,0.025238,0.649892,0.759035
67.866667,24.614627,9.351921,11.940906,0.027696,0.023841,0.651948,0.757383
67.883333,24.491150,9.369960,11.949684,0.026007,0.022495,0.653808,0.755879
67.900000,24.367676,9.387433,11.957934,0.024392,0.021191,0.655495,0.754508
67.916667,24.244214,9.404374,11.965655,0.022849,0.019929,0.657015,0.753267
67.933333,24.120898,9.420829,11.972867,0.021372,0.018707,0.658375,0.752154
67.950000,23.997623,9.436883,11.979618,0.019959,0.017526,0.659580,0.751165
67.966667,23.874401,9.452578,11.985924,0.018607,0.016383,0.660635,0.750298
67.983333,23.751239,9.467956,11.991799,0.017303,0.015271,0.661547,0.749549
68.000000,23.628145,9.483061,11.997260,0.016060,0.014203,0.662311,0.748922
68.016667,23.505129,9.497933,12.002322,0.014875,0.013176,0.662933,0.748415
68.033333,23.382197,9.512617,12.007001,0.013739,0.012186,0.663423,0.748019
68.050000,23.259356,9.527153,12.011312,0.012652,0.011232,0.663781,0.747736
68.066667,23.136612,9.541581,12.015245,0.011613,0.010315,0.664007,0.747565
68.083333,23.014095,9.555936,12.018836,0.010619,0.009434,0.664102,0.747507
68.100000,22.891691,9.570277,12.022109,0.009670,0.008590,0.664068,0.747560
68.116667,22.769406,9.584643,12.025078,0.008764,0.007781,0.663905,0.747725
68.133333,22.647245,9.599076,12.027760,0.007897,0.007006,0.663612,0.748003
68.150000,22.525215,9.613616,12.030167,0.007076,0.006270,0.663182,0.748398
68.166667,22.403323,9.628304,12.032311,0.006295,0.005569,0.662626,0.748903
68.183333,22.281573,9.643177,12.034204,0.005550,0.004902,0.661944,0.749516
68.200000,22.159971,9.658276,12.035858,0.004841,0.004266,0.661136,0.750238
68.216667,22.038526,9.673648,12.037279,0.004167,0.003663,0.660203,0.751067
68.233333,21.917368,9.689328,12.038471,0.003526,0.003091,0.659145,0.752001
68.250000,21.796379,9.705355,12.039461,0.002919,0.002550,0.657961,0.753042
68.266667,21.675565,9.721765,12.040260,0.002345,0.002041,0.656652,0.754188
68.283333,21.554935,9.738598,12.040879,0.001804,0.001565,0.655213,0.755440
68.300000,21.434495,9.755890,12.041330,0.001299,0.001122,0.653641,0.756803
68.316667,21.314253,9.773678,12.041623,0.000832,0.000715,0.651924,0.758283
68.333333,21.194217,9.791999,12.041770,0.000399,0.000341,0.650048,0.759893
68.350000,21.074397,9.810891,12.041782,0.000002,0.000002,0.648012,0.761630
68.366667,20.954803,9.830400,12.041672,-0.000357,-0.000302,0.645809,0.763499
68.383333,20.835449,9.850584,12.041453,-0.000679,-0.000571,0.643430,0.765505
68.400000,20.716354,9.871527,12.041136,-0.000962,-0.000803,0.640867,0.767651
68.416667,20.597659,9.893274,12.040735,-0.001205,-0.000999,0.638112,0.769942
68.433333,20.479253,9.915874,12.040267,-0.001408,-0.001158,0.635156,0.772382
68.450000,20.361153,9.939382,12.039746,-0.001570,-0.001280,0.631993,0.774971
68.466667,20.243379,9.963855,12.039185,-0.001690,-0.001366,0.628622,0.777708
68.483333,20.125951,9.989348,12.038596,-0.001768,-0.001416,0.625053,0.780579
68.500000,20.008892,10.015916,12.037993,-0.001807,-0.001433,0.621303,0.783567
68.516667,19.892226,10.043611,12.037389,-0.001811,-0.001421,0.617381,0.786661
68.533333,19.775977,10.072488,12.036796,-0.001783,-0.001385,0.613293,0.789853
68.550000,19.660172,10.102599,12.036229,-0.001728,-0.001327,0.609061,0.793121
68.566667,19.544838,10.133985,12.035696,-0.001650,-0.001253,0.604717,0.796438
68.583333,19.429993,10.166654,12.035204,-0.001552,-0.001165,0.600282,0.799786
68.600000,19.315650,10.200596,12.034753,-0.001438,-0.001067,0.595776,0.803148
68.616667,19.201833,10.235834,12.034343,-0.001313,-0.000963,0.591221,0.806508
68.633333,19.088677,10.272318,12.033976,-0.001181,-0.000855,0.586639,0.809848
68.650000,18.976061,10.310033,12.033651,-0.001045,-0.000748,0.582046,0.813155
68.666667,18.863995,10.348965,12.033366,-0.000906,-0.000641,0.577451,0.816425
68.683333,18.752492,10.389104,12.033123,-0.000765,-0.000535,0.572853,0.819657
68.700000,18.641563,10.430438,12.032923,-0.000623,-0.000430,0.568272,0.822841
68.716667,18.531220,10.472955,12.032764,-0.000481,-0.000328,0.563718,0.825967
68.733333,18.421473,10.516645,12.032647,-0.000339,-0.000228,0.559184,0.829044
68.750000,18.312335,10.561495,12.032573,-0.000198,-0.000132,0.554679,0.832064
68.766667,18.203814,10.607494,12.032542,-0.000059,-0.000039,0.550215,0.835023
68.783333,18.095917,10.654616,12.032552,0.000077,0.000050,0.545801,0.837915
68.800000,17.988644,10.702828,12.032601,0.000208,0.000134,0.541446,0.840735
68.816667,17.881991,10.752094,12.032687,0.000334,0.000212,0.537157,0.843482
68.833333,17.775956,10.802378,12.032806,0.000453,0.000285,0.532941,0.846152
68.850000,17.670537,10.853646,12.032958,0.000565,0.000352,0.528817,0.848736
68.866667,17.565728,10.905863,12.033138,0.000669,0.000412,0.524791,0.851231
68.883333,17.461523,10.958995,12.033344,0.000764,0.000466,0.520863,0.853640
68.900000,17.357926,11.013023,12.033576,0.000851,0.000514,0.517034,0.855964
68.916667,17.255048,11.067863,12.033829,0.000930,0.000556,0.513306,0.858205
68.933333,17.152754,11.123515,12.034101,0.001001,0.000593,0.509679,0.860364
68.950000,17.051035,11.179947,12.034389,0.001064,0.000625,0.506156,0.862441
68.966667,16.949885,11.237130,12.034692,0.001119,0.000651,0.502736,0.864439
68.983333,16.849292,11.295031,12.035007,0.001167,0.000673,0.499429,0.866354
69.000000,16.749248,11.353620,12.035333,0.001207,0.000690,0.496239,0.868185
69.016667,16.649740,11.412864,12.035666,0.001239,0.000702,0.493157,0.869939
69.033333,16.550758,11.472733,12.036007,0.001264,0.000711,0.490183,0.871619
69.050000,16.452288,11.533196,12.036352,0.001283,0.000716,0.487318,0.873224
69.066667,16.354318,11.594222,12.036699,0.001294,0.000717,0.484563,0.874755
69.083333,16.256835,11.655783,12.037048,0.001299,0.000714,0.481919,0.876215
69.100000,16.159826,11.717848,12.037397,0.001297,0.000708,0.479385,0.877603
69.116667,16.063277,11.780390,12.037743,0.001288,0.000699,0.476963,0.878922
69.133333,15.967172,11.843380,12.038085,0.001272,0.000686,0.474652,0.880173
69.150000,15.871499,11.906790,12.038420,0.001249,0.000669,0.472451,0.881356
69.166667,15.776242,11.970592,12.038748,0.001219,0.000650,0.470362,0.882472
69.183333,15.681386,12.034760,12.039067,0.001183,0.000627,0.468385,0.883524
69.200000,15.586916,12.099268,12.039375,0.001140,0.000601,0.466518,0.884511
69.216667,15.492817,12.164088,12.039669,0.001090,0.000572,0.464764,0.885434
69.233333,15.399072,12.229195,12.039950,0.001033,0.000540,0.463120,0.886295
69.250000,15.305666,12.294564,12.040214,0.000970,0.000505,0.461588,0.887094
69.266667,15.212582,12.360169,12.040461,0.000900,0.000466,0.460168,0.887831
69.283333,15.119805,12.425984,12.040689,0.000823,0.000425,0.458859,0.888509
69.300000,15.027318,12.491987,12.040895,0.000740,0.000381,0.457661,0.889126
69.316667,14.935105,12.558151,12.041079,0.000651,0.000334,0.456574,0.889685
69.333333,14.843148,12.624454,12.041240,0.000555,0.000284,0.455595,0.890187
69.350000,14.751433,12.690870,12.041374,0.000453,0.000231,0.454724,0.890633
69.366667,14.659941,12.757378,12.041482,0.000345,0.000176,0.453957,0.891024
69.383333,14.568657,12.823953,12.041560,0.000231,0.000117,0.453294,0.891361
69.400000,14.477564,12.890574,12.041609,0.000111,0.000057,0.452732,0.891647
69.416667,14.386650,12.957221,12.041627,-0.000013,-0.000007,0.452269,0.891882
69.433333,14.295899,13.023876,12.041612,-0.000144,-0.000073,0.451904,0.892067
69.450000,14.205298,13.090518,12.041563,-0.000279,-0.000141,0.451634,0.892203
69.466667,14.114832,13.157129,12.041480,-0.000419,-0.000212,0.451458,0.892292
69.483333,14.024488,13.223691,12.041361,-0.000564,-0.000285,0.451374,0.892334
69.500000,13.934252,13.290184,12.041206,-0.000713,-0.000361,0.451383,0.892330
69.516667,13.844110,13.356591,12.041012,-0.000868,-0.000439,0.451483,0.892279
69.533333,13.754048,13.422892,12.040779,-0.001026,-0.000519,0.451670,0.892185
69.550000,13.664054,13.489069,12.040506,-0.001188,-0.000602,0.451930,0.892052
69.566667,13.574112,13.555105,12.040192,-0.001352,-0.000686,0.452251,0.891890
69.583333,13.484211,13.620980,12.039836,-0.001518,-0.000770,0.452617,0.891703
69.600000,13.394337,13.686678,12.039436,-0.001683,-0.000855,0.453015,0.891501
69.616667,13.304484,13.752189,12.038992,-0.001848,-0.000940,0.453430,0.891290
69.633333,13.214657,13.817521,12.038506,-0.002011,-0.001024,0.453849,0.891076
69.650000,13.124864,13.882685,12.037980,-0.002172,-0.001107,0.454258,0.890867
69.666667,13.035112,13.947690,12.037414,-0.002328,-0.001188,0.454642,0.890670
69.683333,12.945408,14.012546,12.036810,-0.002480,-0.001267,0.454989,0.890493
69.700000,12.855759,14.077263,12.036170,-0.002626,-0.001343,0.455289,0.890339
69.716667,12.766172,14.141851,12.035495,-0.002767,-0.001416,0.455541,0.890209
69.733333,12.676655,14.206319,12.034786,-0.002903,-0.001486,0.455745,0.890104
69.750000,12.587214,14.270679,12.034045,-0.003033,-0.001554,0.455901,0.890024
69.766667,12.497856,14.334938,12.033274,-0.003158,-0.001618,0.456011,0.889967
69.783333,12.408587,14.399108,12.032473,-0.003277,-0.001680,0.456074,0.889934
69.800000,12.319415,14.463196,12.031644,-0.003392,-0.001738,0.456092,0.889925
69.816667,12.230345,14.527214,12.030789,-0.003502,-0.001794,0.456065,0.889938
69.833333,12.141385,14.591170,12.029908,-0.003606,-0.001848,0.455994,0.889974
69.850000,12.052540,14.655073,12.029004,-0.003707,-0.001899,0.455880,0.890031
69.866667,11.963817,14.718931,12.028077,-0.003802,-0.001947,0.455724,0.890111
69.883333,11.875220,14.782752,12.027128,-0.003894,-0.001992,0.455526,0.890212
69.900000,11.786756,14.846545,12.026159,-0.003981,-0.002036,0.455287,0.890334
69.916667,11.698429,14.910316,12.025170,-0.004063,-0.002076,0.455008,0.890476
69.933333,11.610246,14.974075,12.024163,-0.004142,-0.002115,0.454689,0.890638
69.950000,11.522211,15.037828,12.023138,-0.004217,-0.002151,0.454331,0.890820
69.966667,11.434331,15.101583,12.022098,-0.004287,-0.002184,0.453934,0.891023
69.983333,11.346610,15.165349,12.021041,-0.004354,-0.002215,0.453497,0.891245
70.000000,11.259053,15.229132,12.019971,-0.004417,-0.002244,0.453021,0.891486
70.016667,11.171667,15.292940,12.018888,-0.004475,-0.002271,0.452505,0.891748
70.033333,11.084457,15.356781,12.017792,-0.004530,-0.002295,0.451950,0.892029
70.050000,10.997427,15.420662,12.016685,-0.004580,-0.002317,0.451356,0.892329
70.066667,10.910584,15.484589,12.015569,-0.004627,-0.002336,0.450723,0.892649
70.083333,10.823932,15.548572,12.014443,-0.004670,-0.002353,0.450049,0.892988
70.100000,10.737477,15.612616,12.013309,-0.004709,-0.002368,0.449336,0.893347
70.116667,10.651225,15.676730,12.012168,-0.004744,-0.002381,0.448584,0.893725
70.133333,10.565181,15.740920,12.011021,-0.004775,-0.002391,0.447791,0.894122
70.150000,10.479351,15.805194,12.009869,-0.004802,-0.002399,0.446959,0.894538
70.166667,10.393739,15.869560,12.008712,-0.004826,-0.002405,0.446087,0.894973
70.183333,10.308353,15.934023,12.007552,-0.004846,-0.002409,0.445175,0.895427
70.200000,10.223197,15.998592,12.006390,-0.004862,-0.002411,0.444223,0.895900
70.216667,10.138276,16.063273,12.005226,-0.004874,-0.002410,0.443229,0.896392
70.233333,10.053597,16.128073,12.004062,-0.004883,-0.002407,0.442191,0.896904
70.250000,9.969165,16.192998,12.002898,-0.004887,-0.002402,0.441113,0.897435
70.266667,9.884984,16.258056,12.001736,-0.004888,-0.002395,0.439993,0.897985
70.283333,9.801062,16.323253,12.000575,-0.004886,-0.002386,0.438832,0.898553
70.300000,9.717406,16.388599,11.999418,-0.004879,-0.002375,0.437629,0.899140
70.316667,9.633933,16.454178,11.998264,-0.004868,-0.002361,0.436383,0.899745
70.333333,9.550737,16.519917,11.997115,-0.004854,-0.002346,0.435095,0.900369
70.350000,9.467824,16.585824,11.995971,-0.004836,-0.002328,0.433763,0.901011
70.366667,9.385200,16.651905,11.994835,-0.004814,-0.002309,0.432388,0.901672
70.383333,9.302873,16.718168,11.993706,-0.004788,-0.002287,0.430970,0.902351
70.400000,9.220848,16.784619,11.992586,-0.004759,-0.002263,0.429512,0.903046
70.416667,9.139132,16.851265,11.991475,-0.004726,-0.002238,0.428009,0.903759
70.433333,9.057732,16.918112,11.990375,-0.004689,-0.002211,0.426462,0.904490
70.450000,8.976653,16.985168,11.989285,-0.004648,-0.002182,0.424872,0.905239
70.466667,8.895904,17.052438,11.988208,-0.004603,-0.002150,0.423237,0.906005
70.483333,8.815489,17.119929,11.987144,-0.004555,-0.002118,0.421559,0.906787
70.500000,8.735417,17.187646,11.986093,-0.004503,-0.002083,0.419835,0.907587
70.516667,8.655693,17.255597,11.985057,-0.004446,-0.002046,0.418063,0.908405
70.533333,8.576324,17.323786,11.984037,-0.004385,-0.002007,0.416230,0.909246
70.550000,8.497316,17.392220,11.983032,-0.004319,-0.001966,0.414350,0.910105
70.566667,8.418678,17.460905,11.982045,-0.004249,-0.001924,0.412420,0.910982
70.583333,8.340417,17.529847,11.981076,-0.004174,-0.001879,0.410441,0.911876
70.600000,8.262547,17.599060,11.980126,-0.004095,-0.001832,0.408410,0.912788
70.616667,8.185004,17.668640,11.979198,-0.004010,-0.001783,0.406328,0.913717
70.633333,8.107865,17.738499,11.978291,-0.003921,-0.001733,0.404193,0.914664
70.650000,8.031140,17.808645,11.977406,-0.003826,-0.001680,0.402004,0.915628
70.666667,7.954835,17.879083,11.976546,-0.003726,-0.001625,0.399763,0.916610
70.683333,7.878960,17.949820,11.975711,-0.003621,-0.001569,0.397472,0.917606
70.700000,7.803524,18.020861,11.974901,-0.003512,-0.001511,0.395138,0.918614
70.716667,7.728534,18.092212,11.974119,-0.003397,-0.001451,0.392753,0.919637
70.733333,7.653999,18.163879,11.973364,-0.003278,-0.001390,0.390315,0.920675
70.750000,7.579929,18.235867,11.972639,-0.003153,-0.001327,0.387820,0.921729
70.766667,7.506331,18.308181,11.971944,-0.003023,-0.001262,0.385246,0.922808
70.783333,7.433215,18.380826,11.971280,-0.002888,-0.001196,0.382615,0.923903
70.800000,7.360589,18.453807,11.970648,-0.002748,-0.001129,0.379925,0.925013
70.816667,7.288464,18.527131,11.970049,-0.002604,-0.001061,0.377176,0.926137
70.833333,7.216854,18.600806,11.969484,-0.002457,-0.000992,0.374367,0.927277
70.850000,7.145729,18.674950,11.968955,-0.002305,-0.000922,0.371496,0.928431
70.866667,7.075141,18.749455,11.968461,-0.002149,-0.000852,0.368563,0.929600
70.883333,7.005100,18.824327,11.968003,-0.001990,-0.000782,0.365567,0.930782
70.900000,6.935617,18.899571,11.967581,-0.001827,-0.000711,0.362507,0.931979
70.916667,6.866705,18.975192,11.967196,-0.001661,-0.000640,0.359386,0.933187
70.933333,6.798372,19.051195,11.966848,-0.001492,-0.000569,0.356223,0.934400
70.950000,6.730632,19.127583,11.966539,-0.001320,-0.000498,0.352997,0.935623
70.966667,6.663496,19.204361,11.966268,-0.001141,-0.000426,0.349669,0.936873
70.983333,6.596974,19.281533,11.966036,-0.000958,-0.000354,0.346275,0.938132
71.000000,6.531078,19.359103,11.965844,-0.000768,-0.000280,0.342816,0.939402
71.016667,6.465821,19.437074,11.965693,-0.000572,-0.000206,0.339291,0.940681
71.033333,6.401214,19.515450,11.965583,-0.000367,-0.000131,0.335700,0.941969
71.050000,6.337268,19.594365,11.965519,-0.000154,-0.000054,0.332041,0.943265
71.066667,6.274002,19.673694,11.965501,0.000070,0.000024,0.328315,0.944568
71.083333,6.211428,19.753437,11.965531,0.000304,0.000104,0.324520,0.945879
71.100000,6.149560,19.833598,11.965612,0.000550,0.000186,0.320657,0.947195
71.116667,6.088409,19.914179,11.965747,0.000809,0.000270,0.316725,0.948517
71.133333,6.027991,19.995181,11.965937,0.001081,0.000356,0.312746,0.949836
71.150000,5.968317,20.076607,11.966185,0.001369,0.000444,0.308657,0.951172
71.166667,5.909401,20.158459,11.966495,0.001671,0.000534,0.304496,0.952512
71.183333,5.851256,20.240736,11.966868,0.001987,0.000626,0.300264,0.953854
71.200000,5.793897,20.323440,11.967307,0.002316,0.000717,0.295960,0.955197
71.216667,5.737360,20.406587,11.967817,0.002654,0.000809,0.291587,0.956540
71.233333,5.681653,20.490292,11.968405,0.002999,0.000899,0.287143,0.957883
71.250000,5.626779,20.574425,11.969068,0.003347,0.000986,0.282631,0.959223
71.266667,5.572754,20.658986,11.969808,0.003694,0.001069,0.278050,0.960559
71.283333,5.519590,20.743974,11.970624,0.004038,0.001148,0.273402,0.961891
71.300000,5.467300,20.829386,11.971515,0.004374,0.001220,0.268675,0.963220
71.316667,5.415896,20.915220,11.972474,0.004697,0.001285,0.263875,0.964544
71.333333,5.365392,21.001472,11.973497,0.005004,0.001342,0.259011,0.965861
71.350000,5.315800,21.088139,11.974579,0.005291,0.001390,0.254080,0.967168
71.366667,5.267132,21.175219,11.975716,0.005557,0.001429,0.249085,0.968465
71.383333,5.219449,21.262732,11.976904,0.005800,0.001460,0.244024,0.969751
71.400000,5.172752,21.350773,11.978141,0.006020,0.001481,0.238897,0.971025
71.416667,5.127027,21.439215,11.979417,0.006218,0.001495,0.233704,0.972287
71.433333,5.082288,21.528052,11.980727,0.006393,0.001500,0.228445,0.973535
71.450000,5.038549,21.617279,11.982067,0.006554,0.001500,0.223106,0.974771
71.466667,4.995822,21.706891,11.983431,0.006714,0.001497,0.217666,0.975999
71.483333,4.954123,21.796882,11.984816,0.006885,0.001495,0.212208,0.977199
71.500000,4.913463,21.887245,11.986216,0.007081,0.001496,0.206701,0.978377
71.516667,4.873856,21.977974,11.987629,0.007314,0.001502,0.201146,0.979533
71.533333,4.835340,22.069073,11.989065,0.007597,0.001515,0.195550,0.980663
71.550000,4.797982,22.160651,11.990552,0.007941,0.001536,0.189915,0.981767
71.566667,4.761703,22.252561,11.992108,0.008360,0.001567,0.184246,0.982843
71.583333,4.726509,22.344793,11.993751,0.008865,0.001609,0.178547,0.983890
71.600000,4.692406,22.437334,11.995503,0.009478,0.001663,0.172771,0.984915
71.616667,4.659400,22.530174,11.997383,0.010205,0.001728,0.166942,0.985912
71.633333,4.627495,22.623301,11.999410,0.011036,0.001802,0.161148,0.986867
71.650000,4.596698,22.716703,12.001604,0.011972,0.001882,0.155327,0.987789
71.666667,4.567015,22.810368,12.003985,0.013009,0.001967,0.149478,0.988677
71.683333,4.538546,22.904312,12.006591,0.014134,0.002051,0.143605,0.989532
71.700000,4.511260,22.998599,12.009446,0.015309,0.002129,0.137712,0.990352
71.716667,4.485113,23.093108,12.012553,0.016486,0.002192,0.131808,0.991136
71.733333,4.460110,23.187827,12.015931,0.017618,0.002236,0.125871,0.991888
71.750000,4.436257,23.282742,12.019595,0.018644,0.002252,0.119874,0.992611
71.766667,4.413553,23.377839,12.023531,0.019502,0.002237,0.113943,0.993293
71.783333,4.391992,23.473105,12.027691,0.020141,0.002190,0.108075,0.993936
71.800000,4.371562,23.568528,12.031997,0.020521,0.002110,0.102242,0.994546
71.816667,4.352311,23.664108,12.036372,0.020593,0.001996,0.096450,0.995123
71.833333,4.334271,23.759924,12.040724,0.020311,0.001850,0.090709,0.995669
71.850000,4.317327,23.855860,12.044966,0.019641,0.001676,0.085023,0.996184
71.866667,4.301466,23.951903,12.049023,0.018545,0.001477,0.079352,0.996673
71.883333,4.286677,24.048044,12.052820,0.017006,0.001257,0.073687,0.997136
71.900000,4.272949,24.144273,12.056285,0.015053,0.001028,0.068110,0.997564
71.916667,4.260272,24.240577,12.059343,0.012696,0.000797,0.062647,0.997955
71.933333,4.248635,24.336947,12.061921,0.009964,0.000571,0.057237,0.998311
71.950000,4.238109,24.433379,12.063895,0.006911,0.000359,0.051876,0.998630
71.966667,4.228688,24.529936,12.065161,0.003614,0.000168,0.046561,0.998909
71.983333,4.220277,24.626512,12.065696,0.000155,0.000006,0.041288,0.999147
72.000000,4.212866,24.723091,12.065430,-0.003421,-0.000123,0.035979,0.999347
72.016667,4.206445,24.819657,12.064334,-0.006991,-0.000215,0.030689,0.999505
72.033333,4.201010,24.916194,12.062442,-0.010436,-0.000266,0.025474,0.999621
72.050000,4.196553,25.012688,12.059831,-0.013663,-0.000278,0.020334,0.999700
72.066667,4.193071,25.109127,12.056585,-0.016617,-0.000253,0.015221,0.999746
72.083333,4.190702,25.205502,12.052719,-0.019218,-0.000195,0.010132,0.999764
72.100000,4.189324,25.301876,12.048398,-0.021410,-0.000108,0.005063,0.999758
72.116667,4.188905,25.398166,12.043721,-0.023161,0.000001,-0.000029,0.999732
72.133333,4.189438,25.494367,12.038772,-0.024456,0.000126,-0.005151,0.999688
72.150000,4.190917,25.590474,12.033628,-0.025298,0.000259,-0.010254,0.999627
72.166667,4.193337,25.686483,12.028371,-0.025654,0.000392,-0.015261,0.999554
72.183333,4.196693,25.782389,12.023080,-0.025573,0.000518,-0.020236,0.999468
72.200000,4.201066,25.878186,12.017845,-0.025078,0.000632,-0.025192,0.999368
72.216667,4.206460,25.973939,12.012769,-0.024197,0.000730,-0.030132,0.999253
72.233333,4.212777,26.069575,12.007931,-0.022953,0.000806,-0.035091,0.999120
72.250000,4.220010,26.165090,12.003407,-0.021367,0.000858,-0.040101,0.998967
72.266667,4.228157,26.260478,11.999270,-0.019508,0.000881,-0.045101,0.998792
72.283333,4.237212,26.355733,11.995572,-0.017422,0.000873,-0.050048,0.998594
72.300000,4.247174,26.450845,11.992337,-0.015162,0.000834,-0.054943,0.998374
72.316667,4.258105,26.545799,11.989603,-0.012762,0.000765,-0.059834,0.998126
72.333333,4.270065,26.640643,11.987405,-0.010260,0.000666,-0.064724,0.997850
72.350000,4.282928,26.735309,11.985689,-0.007671,0.000536,-0.069653,0.997542
72.366667,4.296692,26.829787,11.984462,-0.005004,0.000375,-0.074644,0.997198
72.383333,4.311354,26.924069,11.983729,-0.002304,0.000184,-0.079639,0.996821
72.400000,4.326914,27.018142,11.983496,0.000411,-0.000035,-0.084603,0.996415
72.416667,4.343368,27.111999,11.983767,0.003127,-0.000281,-0.089511,0.995981
72.433333,4.360790,27.205613,11.984591,0.005874,-0.000557,-0.094422,0.995515
72.450000,4.379226,27.299025,11.985998,0.008649,-0.000863,-0.099336,0.995016
72.466667,4.398552,27.392181,11.987929,0.011472,-0.001203,-0.104318,0.994477
72.483333,4.418766,27.485072,11.990390,0.014262,-0.001569,-0.109348,0.993900
72.500000,4.439865,27.577686,11.993385,0.016938,-0.001951,-0.114386,0.993290
72.516667,4.461845,27.670013,11.996920,0.019422,-0.002336,-0.119395,0.992654
72.533333,4.484706,27.762042,12.000996,0.021647,-0.002714,-0.124359,0.991997
72.550000,4.508562,27.853729,12.005658,0.023589,-0.003078,-0.129337,0.991315
72.566667,4.533386,27.945134,12.010757,0.025192,-0.003416,-0.134331,0.990610
72.583333,4.559092,28.036215,12.016144,0.026360,-0.003714,-0.139455,0.989871
72.600000,4.585683,28.126970,12.021718,0.027050,-0.003955,-0.144601,0.989112
72.616667,4.613160,28.217394,12.027378,0.027209,-0.004123,-0.149773,0.988337
72.633333,4.641527,28.307484,12.033024,0.026763,-0.004198,-0.154907,0.987558
72.650000,4.670787,28.397237,12.038554,0.025739,-0.004174,-0.160029,0.986768
72.666667,4.701160,28.486637,12.043792,0.024162,-0.004048,-0.165177,0.985960
72.683333,4.732435,28.575686,12.048658,0.021980,-0.003802,-0.170405,0.985122
72.700000,4.764614,28.664377,12.053054,0.019164,-0.003421,-0.175724,0.984247
72.716667,4.797699,28.752702,12.056878,0.015772,-0.002904,-0.181070,0.983339
72.733333,4.831692,28.840651,12.060032,0.011848,-0.002249,-0.186442,0.982392
72.750000,4.866594,28.928212,12.062416,0.007499,-0.001465,-0.191730,0.981418
72.766667,4.902498,29.015333,12.063828,0.002798,-0.000562,-0.197041,0.980391
72.783333,4.939440,29.102029,12.064109,-0.002172,0.000449,-0.202374,0.979306
72.800000,4.977284,29.188272,12.063270,-0.007427,0.001578,-0.207854,0.978130
72.816667,5.016026,29.274040,12.061287,-0.012764,0.002788,-0.213359,0.976886
72.833333,5.055662,29.359312,12.058187,-0.018100,0.004061,-0.218889,0.975573
72.850000,5.096186,29.444067,12.054032,-0.023298,0.005366,-0.224393,0.974205
72.866667,5.137596,29.528286,12.048880,-0.028249,0.006675,-0.229865,0.972790
72.883333,5.180118,29.611872,12.042596,-0.032925,0.007978,-0.235365,0.971317
72.900000,5.223522,29.694879,12.035468,-0.037327,0.009276,-0.240990,0.969765
72.916667,5.267808,29.777293,12.027557,-0.041400,0.010549,-0.246692,0.968152
72.933333,5.312974,29.859101,12.018922,-0.045127,0.011786,-0.252433,0.966490
72.950000,5.359021,29.940292,12.009620,-0.048509,0.012983,-0.258215,0.964782
72.966667,5.405949,30.020855,11.999710,-0.051455,0.014101,-0.263918,0.963069
72.983333,5.453910,30.100674,11.989168,-0.054081,0.015171,-0.269662,0.961316
73.000000,5.502845,30.179831,11.978122,-0.056406,0.016197,-0.275521,0.959502
73.016667,5.552669,30.258320,11.966671,-0.058458,0.017183,-0.281484,0.957630
73.033333,5.603386,30.336131,11.954869,-0.060260,0.018126,-0.287473,0.955719
73.050000,5.654999,30.413255,11.942772,-0.061845,0.019030,-0.293480,0.953773
73.066667,5.707513,30.489683,11.930433,-0.063207,0.019882,-0.299403,0.951823
73.083333,5.761041,30.565319,11.917875,-0.064418,0.020704,-0.305288,0.949853
73.100000,5.815582,30.640189,11.905098,-0.065536,0.021518,-0.311213,0.947834
73.116667,5.870992,30.714333,11.892124,-0.066603,0.022338,-0.317203,0.945752
73.133333,5.927258,30.787745,11.878946,-0.067632,0.023162,-0.323164,0.943639
73.150000,5.984364,30.860419,11.865558,-0.068655,0.023997,-0.329088,0.941495
73.166667,6.042298,30.932348,11.851955,-0.069688,0.024845,-0.334894,0.939347
73.183333,6.101118,31.003463,11.838111,-0.070737,0.025707,-0.340590,0.937195
73.200000,6.160879,31.073733,11.823996,-0.071818,0.026598,-0.346275,0.935002
73.216667,6.221419,31.143237,11.809644,-0.072948,0.027531,-0.352014,0.932742
73.233333,6.282722,31.211970,11.795050,-0.074104,0.028489,-0.357708,0.930453
73.250000,6.344777,31.279927,11.780209,-0.075284,0.029473,-0.363358,0.928135
73.266667,6.407569,31.347102,11.765113,-0.076476,0.030474,-0.368916,0.925810
73.283333,6.471132,31.413443,11.749741,-0.077664,0.031482,-0.374350,0.923493
73.300000,6.535554,31.478872,11.734047,-0.078856,0.032511,-0.379767,0.921142
73.316667,6.600667,31.543500,11.718077,-0.080055,0.033569,-0.385244,0.918723
73.333333,6.666457,31.607323,11.701828,-0.081226,0.034633,-0.390678,0.916282
73.350000,6.732911,31.670339,11.685302,-0.082359,0.035696,-0.396070,0.913822
73.366667,6.800020,31.732547,11.668510,-0.083438,0.036748,-0.401386,0.911360
73.383333,6.867802,31.793907,11.651455,-0.084438,0.037769,-0.406566,0.908927
73.400000,6.936360,31.854318,11.634118,-0.085370,0.038776,-0.411727,0.906471
73.416667,7.005534,31.913919,11.616571,-0.086231,0.039774,-0.416945,0.903958
73.433333,7.075311,31.972710,11.598828,-0.087003,0.040741,-0.422120,0.901435
73.450000,7.145684,32.030694,11.580904,-0.087684,0.041677,-0.427253,0.898905
73.466667,7.216641,32.087870,11.562815,-0.088271,0.042573,-0.432319,0.896379
73.483333,7.288199,32.144205,11.544570,-0.088754,0.043414,-0.437247,0.893898
73.500000,7.360458,32.199586,11.526162,-0.089155,0.044224,-0.442160,0.891398
73.516667,7.433267,32.254162,11.507643,-0.089471,0.045008,-0.447126,0.888846
73.533333,7.506619,32.307935,11.489028,-0.089702,0.045753,-0.452052,0.886289
73.550000,7.580506,32.360907,11.470330,-0.089853,0.046459,-0.456941,0.883726
73.566667,7.654918,32.413079,11.451564,-0.089924,0.047125,-0.461773,0.881169
73.583333,7.729876,32.464412,11.432743,-0.089918,0.047737,-0.466473,0.878657
73.600000,7.805461,32.514800,11.413877,-0.089845,0.048318,-0.471170,0.876123
73.616667,7.881544,32.564391,11.394993,-0.089703,0.048872,-0.475920,0.873536
73.633333,7.958117,32.613184,11.376101,-0.089501,0.049392,-0.480638,0.870940
73.650000,8.035173,32.661180,11.357207,-0.089242,0.049879,-0.485326,0.868335
73.666667,8.112705,32.708377,11.338321,-0.088930,0.050330,-0.489962,0.865734
73.683333,8.190736,32.754725,11.319452,-0.088573,0.050740,-0.494480,0.863174
73.700000,8.269326,32.800129,11.300611,-0.088169,0.051125,-0.499008,0.860583
73.716667,8.348365,32.844731,11.281807,-0.087710,0.051483,-0.503584,0.857939
73.733333,8.427847,32.888532,11.263048,-0.087208,0.051811,-0.508133,0.855284
73.750000,8.507765,32.931531,11.244342,-0.086661,0.052107,-0.512656,0.852619
73.766667,8.588111,32.973728,11.225697,-0.086074,0.052368,-0.517123,0.849960
73.783333,8.668915,33.015057,11.207127,-0.085454,0.052591,-0.521484,0.847341
73.800000,8.750212,33.055449,11.188648,-0.084785,0.052784,-0.525864,0.844685
73.816667,8.831912,33.095036,11.170260,-0.084061,0.052942,-0.530283,0.841981
73.833333,8.914010,33.133819,11.151970,-0.083292,0.053064,-0.534679,0.839264
73.850000,8.996499,33.171797,11.133785,-0.082477,0.053148,-0.539055,0.836536
73.866667,9.079372,33.208970,11.115714,-0.081621,0.053190,-0.543378,0.833816
73.883333,9.162663,33.245254,11.097779,-0.080729,0.053191,-0.547613,0.831128
73.900000,9.246385,33.280609,11.080000,-0.079774,0.053147,-0.551888,0.828391
73.916667,9.330472,33.315151,11.062372,-0.078754,0.053056,-0.556202,0.825604
73.933333,9.414919,33.348878,11.044906,-0.077680,0.052917,-0.560505,0.822800
73.950000,9.499722,33.381786,11.027613,-0.076553,0.052730,-0.564798,0.819977
73.966667,9.584876,33.413873,11.010505,-0.075380,0.052492,-0.569042,0.817162
73.983333,9.670419,33.445028,10.993622,-0.074168,0.052206,-0.573218,0.814367
74.000000,9.756344,33.475247,10.976979,-0.072881,0.051861,-0.577451,0.811510
74.016667,9.842601,33.504631,10.960564,-0.071526,0.051457,-0.581719,0.808603
74.033333,9.929188,33.533178,10.944388,-0.070117,0.050997,-0.585982,0.805673
74.050000,10.016112,33.560888,10.928460,-0.068654,0.050482,-0.590238,0.802719
74.066667,10.103374,33.587758,10.912790,-0.067158,0.049915,-0.594437,0.799777
74.083333,10.191026,33.613658,10.897434,-0.065634,0.049303,-0.598576,0.796849
74.100000,10.279007,33.638611,10.882402,-0.064056,0.048636,-0.602760,0.793859
74.116667,10.367325,33.662712,10.867670,-0.062445,0.047926,-0.606957,0.790826
74.133333,10.455984,33.685960,10.853248,-0.060825,0.047186,-0.611126,0.787781
74.150000,10.544985,33.708352,10.839144,-0.059207,0.046421,-0.615262,0.784725
74.166667,10.634329,33.729890,10.825356,-0.057622,0.045651,-0.619301,0.781705
74.183333,10.724050,33.750450,10.811921,-0.056076,0.044881,-0.623256,0.778712
74.200000,10.814029,33.770067,10.798822,-0.054548,0.044106,-0.627207,0.775687
74.216667,10.904327,33.788852,10.786005,-0.053050,0.043336,-0.631146,0.772633
74.233333,10.994942,33.806810,10.773459,-0.051605,0.042582,-0.635028,0.769587
74.250000,11.085873,33.823945,10.761175,-0.050215,0.041850,-0.638852,0.766548
74.266667,11.177118,33.840263,10.749143,-0.048903,0.041153,-0.642563,0.763563
74.283333,11.268695,33.855673,10.737381,-0.047658,0.040488,-0.646184,0.760615
74.300000,11.360458,33.870156,10.725893,-0.046463,0.039846,-0.649764,0.757668
74.316667,11.452517,33.883842,10.714619,-0.045304,0.039222,-0.653353,0.754678
74.333333,11.544871,33.896733,10.703552,-0.044200,0.038625,-0.656891,0.751697
74.350000,11.637520,33.908835,10.692679,-0.043151,0.038059,-0.660376,0.748727
74.366667,11.730464,33.920149,10.681991,-0.042171,0.037533,-0.663770,0.745803
74.383333,11.823707,33.930659,10.671482,-0.041261,0.037048,-0.667069,0.742930
74.400000,11.917075,33.940217,10.661189,-0.040405,0.036597,-0.670317,0.740070
74.416667,12.010724,33.949007,10.651042,-0.039602,0.036181,-0.673532,0.737209
74.433333,12.104653,33.957035,10.641028,-0.038852,0.035804,-0.676727,0.734336
74.450000,12.198863,33.964308,10.631134,-0.038163,0.035470,-0.679863,0.731486
74.466667,12.293353,33.970831,10.621346,-0.037538,0.035182,-0.682932,0.728668
74.483333,12.388123,33.976613,10.611651,-0.036991,0.034950,-0.685879,0.725934
74.500000,12.483175,33.981610,10.602039,-0.036505,0.034765,-0.688769,0.723226
74.516667,12.578277,33.985780,10.592520,-0.036079,0.034630,-0.691602,0.720545
74.533333,12.673647,33.989240,10.583043,-0.035714,0.034544,-0.694378,0.717893
74.550000,12.769287,33.991997,10.573593,-0.035411,0.034515,-0.697135,0.715233
74.566667,12.865196,33.994059,10.564155,-0.035172,0.034541,-0.699831,0.712605
74.583333,12.961376,33.995432,10.554714,-0.034999,0.034626,-0.702451,0.710027
74.600000,13.057827,33.996124,10.545254,-0.034894,0.034768,-0.704975,0.707519
74.616667,13.154550,33.996141,10.535757,-0.034848,0.034967,-0.707446,0.705041
74.633333,13.251542,33.995392,10.526202,-0.034861,0.035222,-0.709863,0.702594
74.650000,13.348523,33.993985,10.516599,-0.034934,0.035535,-0.712227,0.700178
74.666667,13.445768,33.991938,10.506904,-0.035065,0.035907,-0.714539,0.697793
74.683333,13.543279,33.989256,10.497102,-0.035258,0.036342,-0.716808,0.695430
74.700000,13.641057,33.985946,10.487176,-0.035514,0.036844,-0.719037,0.693085
74.716667,13.739102,33.982015,10.477110,-0.035829,0.037404,-0.721177,0.690812
74.733333,13.837415,33.977470,10.466885,-0.036201,0.038024,-0.723259,0.688578
74.750000,13.935997,33.972318,10.456486,-0.036629,0.038705,-0.725292,0.686376
74.766667,14.034846,33.966537,10.445884,-0.037114,0.039450,-0.727273,0.684207
74.783333,14.133636,33.960142,10.435087,-0.037656,0.040258,-0.729204,0.682072
74.800000,14.232690,33.953173,10.424058,-0.038256,0.041132,-0.731084,0.679971
74.816667,14.332008,33.945638,10.412778,-0.038915,0.042072,-0.732912,0.677905
74.833333,14.431592,33.937544,10.401226,-0.039632,0.043081,-0.734688,0.675874
74.850000,14.531441,33.928899,10.389384,-0.040406,0.044154,-0.736403,0.673890
74.866667,14.631555,33.919713,10.377230,-0.041238,0.045295,-0.738055,0.671954
74.883333,14.731934,33.909994,10.364745,-0.042133,0.046510,-0.739660,0.670049
74.900000,14.832579,33.899750,10.351906,-0.043087,0.047796,-0.741213,0.668178
74.916667,14.933487,33.888991,10.338692,-0.044099,0.049153,-0.742715,0.666344
74.933333,15.034659,33.877726,10.325081,-0.045171,0.050583,-0.744164,0.664545
74.950000,15.136089,33.865946,10.311036,-0.046303,0.052086,-0.745562,0.662782
74.966667,15.237408,33.853705,10.296582,-0.047495,0.053664,-0.746907,0.661055
74.983333,15.338982,33.840994,10.281667,-0.048748,0.055316,-0.748200,0.659364
75.000000,15.440811,33.827822,10.266266,-0.050062,0.057044,-0.749439,0.657709
75.016667,15.542893,33.814200,10.250357,-0.051437,0.058848,-0.750624,0.656091
75.033333,15.645225,33.800136,10.233915,-0.052870,0.060724,-0.751749,0.654516
75.050000,15.747805,33.785643,10.216916,-0.054358,0.062668,-0.752811,0.652989
75.066667,15.850630,33.770731,10.199335,-0.055910,0.064690,-0.753818,0.651497
75.083333,15.953697,33.755412,10.181147,-0.057525,0.066793,-0.754769,0.650041
75.100000,16.057001,33.739697,10.162325,-0.059205,0.068976,-0.755664,0.648621
75.116667,16.160540,33.723600,10.142843,-0.060952,0.071241,-0.756501,0.647237
75.133333,16.264307,33.707132,10.122675,-0.062766,0.073590,-0.757279,0.645889
75.150000,16.368297,33.690306,10.101793,-0.064648,0.076023,-0.757998,0.644578
75.166667,16.472506,33.673137,10.080169,-0.066599,0.078541,-0.758656,0.643301
75.183333,16.576927,33.655638,10.057775,-0.068621,0.081146,-0.759252,0.642061
75.200000,16.681552,33.637822,10.034581,-0.070715,0.083839,-0.759785,0.640856
75.216667,16.786374,33.619705,10.010557,-0.072883,0.086620,-0.760254,0.639686
75.233333,16.891385,33.601300,9.985674,-0.075125,0.089491,-0.760658,0.638551
75.250000,16.996574,33.582624,9.959900,-0.077444,0.092453,-0.760994,0.637451
75.266667,17.101933,33.563692,9.933205,-0.079840,0.095507,-0.761261,0.636385
75.283333,17.207450,33.544521,9.905555,-0.082315,0.098653,-0.761458,0.635353
75.300000,17.313114,33.525127,9.876920,-0.084865,0.101886,-0.761584,0.634356
75.316667,17.418912,33.505529,9.847267,-0.087476,0.105188,-0.761639,0.633395
75.333333,17.524830,33.485744,9.816562,-0.090128,0.108533,-0.761626,0.632474
75.350000,17.630855,33.465790,9.784773,-0.092802,0.111896,-0.761548,0.631595
75.366667,17.736972,33.445688,9.751866,-0.095477,0.115253,-0.761407,0.630761
75.383333,17.843167,33.425456,9.717822,-0.098134,0.118576,-0.761208,0.629978
75.400000,17.949442,33.405111,9.682662,-0.100753,0.121841,-0.760953,0.629248
75.416667,18.055803,33.384667,9.646424,-0.103314,0.125022,-0.760648,0.628578
75.433333,18.162257,33.364140,9.609145,-0.105798,0.128092,-0.760297,0.627971
75.450000,18.268813,33.343546,9.570864,-0.108184,0.131025,-0.759905,0.627434
75.466667,18.375481,33.322902,9.531620,-0.110458,0.133802,-0.759476,0.626971
75.483333,18.482273,33.302222,9.491453,-0.112613,0.136413,-0.759013,0.626586
75.500000,18.589201,33.281523,9.450404,-0.114651,0.138858,-0.758516,0.626281
75.516667,18.696277,33.260822,9.408514,-0.116570,0.141135,-0.757987,0.626058
75.533333,18.803518,33.240135,9.365825,-0.118371,0.143241,-0.757426,0.625920
75.550000,18.910938,33.219478,9.322380,-0.120054,0.145176,-0.756834,0.625870
75.566667,19.018554,33.198869,9.278222,-0.121619,0.146937,-0.756212,0.625909
75.583333,19.126383,33.178324,9.233395,-0.123070,0.148530,-0.755553,0.626045
75.600000,19.234444,33.157861,9.187944,-0.124400,0.149942,-0.754865,0.626276
75.616667,19.342755,33.137499,9.141915,-0.125606,0.151172,-0.754147,0.626604
75.633333,19.451337,33.117254,9.095354,-0.126687,0.152219,-0.753401,0.627030
75.650000,19.560210,33.097149,9.048307,-0.127643,0.153081,-0.752626,0.627557
75.666667,19.669778,33.077145,9.000641,-0.128471,0.153756,-0.751822,0.628186
75.683333,19.779683,33.057320,8.952595,-0.129171,0.154243,-0.750991,0.628916
75.700000,19.889947,33.037695,8.904220,-0.129740,0.154541,-0.750133,0.629750
75.716667,20.000594,33.018289,8.855567,-0.130176,0.154647,-0.749247,0.630688
75.733333,20.111647,32.999122,8.806689,-0.130475,0.154555,-0.748329,0.631738
75.750000,20.223130,32.980216,8.757642,-0.130626,0.154252,-0.747378,0.632905
75.766667,20.335067,32.961589,8.708480,-0.130633,0.153747,-0.746397,0.634183
75.783333,20.447483,32.943265,8.659260,-0.130491,0.153037,-0.745385,0.635573
75.800000,20.560402,32.925263,8.610039,-0.130197,0.152118,-0.744340,0.637077
75.816667,20.673858,32.907630,8.560891,-0.129747,0.150988,-0.743260,0.638696
75.833333,20.788247,32.890341,8.511736,-0.129135,0.149644,-0.742144,0.640431
75.850000,20.903222,32.873462,8.462790,-0.128352,0.148075,-0.740987,0.642291
75.866667,21.018809,32.857022,8.414122,-0.127379,0.146256,-0.739776,0.644295
75.883333,21.135033,32.841050,8.365803,-0.126226,0.144211,-0.738522,0.646418
75.900000,21.251919,32.825575,8.317907,-0.124889,0.141943,-0.737228,0.648652
75.916667,21.369492,32.810627,8.270506,-0.123365,0.139453,-0.735893,0.650995
75.933333,21.487784,32.796255,8.223699,-0.121646,0.136736,-0.734511,0.653452
75.950000,21.607186,32.782493,8.177489,-0.119718,0.133780,-0.733077,0.656024
75.966667,21.727339,32.769362,8.132029,-0.117532,0.130523,-0.731568,0.658754
75.983333,21.848261,32.756894,8.087399,-0.115112,0.127013,-0.730002,0.661600
76.000000,21.969966,32.745120,8.043682,-0.112445,0.123242,-0.728373,0.664560
76.016667,22.092473,32.734078,8.000974,-0.109524,0.119212,-0.726682,0.667627
76.033333,22.215804,32.723818,7.959400,-0.106346,0.114930,-0.724930,0.670789
76.050000,22.340353,32.714452,7.919123,-0.102842,0.110315,-0.723082,0.674097
76.066667,22.465749,32.705958,7.880223,-0.099004,0.105374,-0.721136,0.677537
76.083333,22.591999,32.698381,7.842821,-0.094845,0.100139,-0.719098,0.681083
76.100000,22.719105,32.691765,7.807038,-0.090357,0.094610,-0.716961,0.684727
76.116667,22.847064,32.686157,7.772999,-0.085555,0.088821,-0.714726,0.688446
76.133333,22.975917,32.681703,7.741018,-0.080450,0.082793,-0.712389,0.692225
76.150000,23.105915,32.678411,7.711105,-0.075068,0.076567,-0.709945,0.696046
76.166667,23.236715,32.676285,7.683369,-0.069482,0.070232,-0.707415,0.699860
76.183333,23.368284,32.675368,7.657933,-0.063732,0.063837,-0.704806,0.703642
76.200000,23.500572,32.675677,7.634841,-0.057858,0.057429,-0.702125,0.707371
76.216667,23.633543,32.677317,7.614295,-0.051872,0.051020,-0.699366,0.711051
76.233333,23.767362,32.680222,7.596107,-0.045874,0.044714,-0.696564,0.714629
76.250000,23.901687,32.684317,7.580164,-0.039895,0.038540,-0.693724,0.718102
76.266667,24.036460,32.689587,7.566427,-0.033978,0.032537,-0.690860,0.721457
76.283333,24.171623,32.696017,7.554855,-0.028109,0.026683,-0.687956,0.724717
76.300000,24.307134,32.703762,7.545722,-0.022356,0.021042,-0.685046,0.727852
76.316667,24.443132,32.712654,7.538660,-0.016736,0.015620,-0.682140,0.730863
76.333333,24.579347,32.722664,7.533636,-0.011229,0.010394,-0.679230,0.733766
76.350000,24.715734,32.733780,7.530609,-0.005828,0.005351,-0.676312,0.736573
76.366667,24.852240,32.746071,7.529690,-0.000508,0.000463,-0.673368,0.739307
76.383333,24.988987,32.759523,7.530797,0.004581,-0.004140,-0.670482,0.741900
76.400000,25.125765,32.774014,7.533716,0.009520,-0.008538,-0.667614,0.744397
76.416667,25.262538,32.789519,7.538379,0.014303,-0.012732,-0.664768,0.746804
76.433333,25.399268,32.806050,7.544781,0.018964,-0.016756,-0.661919,0.749148
76.450000,25.536031,32.823669,7.552971,0.023397,-0.020524,-0.659134,0.751381
76.466667,25.672690,32.842216,7.562674,0.027607,-0.024049,-0.656413,0.753513
76.483333,25.809223,32.861667,7.573815,0.031635,-0.027371,-0.653735,0.755566
76.500000,25.945606,32.882008,7.586345,0.035526,-0.030531,-0.651067,0.757573
76.516667,26.081866,32.903331,7.600350,0.039216,-0.033482,-0.648458,0.759502
76.533333,26.217935,32.925471,7.615555,0.042676,-0.036207,-0.645930,0.761342
76.550000,26.353801,32.948406,7.631893,0.045964,-0.038756,-0.643450,0.763124
76.566667,26.489449,32.972119,7.649310,0.049116,-0.041161,-0.640985,0.764874
76.583333,26.624850,32.996711,7.667902,0.052092,-0.043394,-0.638574,0.766568
76.600000,26.760000,33.022031,7.687438,0.054851,-0.045430,-0.636250,0.768188
76.616667,26.894890,33.048061,7.707859,0.057449,-0.047315,-0.633975,0.769764
76.633333,27.029517,33.074782,7.729108,0.059912,-0.049069,-0.631722,0.771317
76.650000,27.163830,33.102280,7.751243,0.062213,-0.050676,-0.629520,0.772830
76.666667,27.297783,33.130408,7.774062,0.064307,-0.052109,-0.627408,0.774279
76.683333,27.431398,33.159149,7.797507,0.066246,-0.053406,-0.625347,0.775693
76.700000,27.564658,33.188481,7.821519,0.068039,-0.054576,-0.623319,0.777088
76.716667,27.697514,33.218466,7.846106,0.069679,-0.055615,-0.621337,0.778455
76.733333,27.829794,33.248958,7.871098,0.071127,-0.056502,-0.619441,0.779770
76.750000,27.961653,33.279965,7.896464,0.072423,-0.057266,-0.617597,0.781057
76.766667,28.093077,33.311470,7.922150,0.073571,-0.057911,-0.615797,0.782322
76.783333,28.224034,33.343512,7.948133,0.074572,-0.058437,-0.614033,0.783574
76.800000,28.354233,33.375960,7.974272,0.075401,-0.058834,-0.612348,0.784782
76.816667,28.483949,33.408836,8.000554,0.076082,-0.059118,-0.610715,0.785967
76.833333,28.613172,33.442123,8.026929,0.076618,-0.059292,-0.609132,0.787129
76.850000,28.741889,33.475819,8.053347,0.077006,-0.059355,-0.607591,0.788277
76.866667,28.869700,33.509833,8.079677,0.077230,-0.059299,-0.606110,0.789398
76.883333,28.996984,33.544190,8.105933,0.077303,-0.059133,-0.604687,0.790494
76.900000,29.123735,33.578872,8.132068,0.077229,-0.058861,-0.603311,0.791572
76.916667,29.249951,33.613861,8.158032,0.077006,-0.058484,-0.601981,0.792634
76.933333,29.375621,33.649164,8.183768,0.076635,-0.058002,-0.600703,0.793674
76.950000,29.500261,33.684640,8.209117,0.076102,-0.057408,-0.599479,0.794694
76.966667,29.624342,33.720368,8.234138,0.075421,-0.056710,-0.598297,0.795698
76.983333,29.747859,33.756335,8.258788,0.074592,-0.055910,-0.597158,0.796689
77.000000,29.870811,33.792525,8.283020,0.073615,-0.055010,-0.596059,0.797664
77.016667,29.993194,33.828923,8.306791,0.072497,-0.054014,-0.595008,0.798619
77.033333,30.115004,33.865547,8.330020,0.071249,-0.052933,-0.594008,0.799548
77.050000,30.235678,33.902188,8.352579,0.069877,-0.051770,-0.593043,0.800461
77.066667,30.355766,33.938985,8.374549,0.068382,-0.050526,-0.592108,0.801361
77.083333,30.475268,33.975926,8.395891,0.066777,-0.049210,-0.591203,0.802246
77.100000,30.594178,34.012996,8.416574,0.065077,-0.047835,-0.590327,0.803113
77.116667,30.712492,34.050183,8.436580,0.063304,-0.046417,-0.589486,0.803955
77.133333,30.830201,34.087476,8.455901,0.061467,-0.044962,-0.588674,0.804775
77.150000,30.947299,34.124877,8.474504,0.059567,-0.043470,-0.587883,0.805578
77.166667,31.063150,34.162171,8.492284,0.057615,-0.041949,-0.587111,0.806363
77.183333,31.178372,34.199532,8.509365,0.055619,-0.040405,-0.586356,0.807131
77.200000,31.292957,34.236950,8.525742,0.053582,-0.038841,-0.585617,0.807882
77.216667,31.406901,34.274415,8.541409,0.051506,-0.037255,-0.584894,0.808615
77.233333,31.520200,34.311916,8.556364,0.049399,-0.035657,-0.584190,0.809327
77.250000,31.632848,34.349445,8.570601,0.047271,-0.034053,-0.583507,0.810016
77.266667,31.744843,34.386991,8.584119,0.045108,-0.032430,-0.582840,0.810686
77.283333,31.856179,34.424546,8.596914,0.042911,-0.030791,-0.582188,0.811337
77.300000,31.966856,34.462102,8.608985,0.040681,-0.029136,-0.581552,0.811969
77.316667,32.076869,34.499647,8.620331,0.038419,-0.027467,-0.580931,0.812582
77.333333,32.186216,34.537174,8.630952,0.036127,-0.025782,-0.580325,0.813175
77.350000,32.294897,34.574672,8.640850,0.033806,-0.024085,-0.579735,0.813747
77.366667,32.402910,34.612133,8.650024,0.031458,-0.022374,-0.579161,0.814299
77.383333,32.510254,34.649548,8.658477,0.029083,-0.020652,-0.578602,0.814830
77.400000,32.616930,34.686909,8.666211,0.026684,-0.018918,-0.578058,0.815339
77.416667,32.722936,34.724209,8.673227,0.024259,-0.017173,-0.577530,0.815828
77.433333,32.828275,34.761440,8.679529,0.021812,-0.015418,-0.577016,0.816296
77.450000,32.932947,34.798593,8.685118,0.019342,-0.013653,-0.576516,0.816743
77.466667,33.036954,34.835664,8.689998,0.016852,-0.011879,-0.576031,0.817168
77.483333,33.140297,34.872645,8.694173,0.014344,-0.010098,-0.575559,0.817572
77.500000,33.242980,34.909530,8.697646,0.011818,-0.008309,-0.575102,0.817954
77.516667,33.345005,34.946313,8.700421,0.009277,-0.006515,-0.574658,0.818315
77.533333,33.446377,34.982988,8.702505,0.006722,-0.004715,-0.574229,0.818654
77.550000,33.547099,35.019550,8.703904,0.004154,-0.002910,-0.573812,0.818971
77.566667,33.647176,35.055993,8.704623,0.001575,-0.001102,-0.573409,0.819267
77.583333,33.746614,35.092313,8.704669,-0.001014,0.000709,-0.573020,0.819540
77.600000,33.845419,35.128504,8.704049,-0.003610,0.002522,-0.572644,0.819793
77.616667,33.943596,35.164564,8.702770,-0.006215,0.004337,-0.572280,0.820023
77.633333,34.041153,35.200487,8.700836,-0.008826,0.006154,-0.571929,0.820233
77.650000,34.138097,35.236272,8.698256,-0.011443,0.007973,-0.571590,0.820421
77.666667,34.234436,35.271915,8.695035,-0.014079,0.009801,-0.571261,0.820589
77.683333,34.330179,35.307414,8.691179,-0.016748,0.011651,-0.570941,0.820738
77.700000,34.425335,35.342766,8.686696,-0.019423,0.013502,-0.570631,0.820866
77.716667,34.519913,35.377971,8.681590,-0.022102,0.015354,-0.570333,0.820973
77.733333,34.613923,35.413027,8.675868,-0.024784,0.017207,-0.570044,0.821060
77.750000,34.707374,35.447935,8.669506,-0.027469,0.019060,-0.569766,0.821127
77.766667,34.800762,35.482877,8.662447,-0.030155,0.020913,-0.569497,0.821174
77.783333,34.893600,35.517663,8.654781,-0.032841,0.022764,-0.569237,0.821202
77.800000,34.985901,35.552292,8.646516,-0.035526,0.024615,-0.568986,0.821211
77.816667,35.077677,35.586766,8.637659,-0.038253,0.026493,-0.568741,0.821199
77.833333,35.168941,35.621085,8.628215,-0.040978,0.028369,-0.568505,0.821168
77.850000,35.259705,35.655249,8.618191,-0.043687,0.030235,-0.568280,0.821118
77.866667,35.349985,35.689262,8.607592,-0.046394,0.032099,-0.568062,0.821050
77.883333,35.439795,35.723123,8.596423,-0.049099,0.033961,-0.567853,0.820962
77.900000,35.529136,35.756835,8.584589,-0.051802,0.035823,-0.567651,0.820857
77.916667,35.618395,35.790534,8.572124,-0.054503,0.037684,-0.567456,0.820733
77.933333,35.707211,35.824082,8.559094,-0.057252,0.039578,-0.567266,0.820588
77.950000,35.795598,35.857480,8.545503,-0.060006,0.041477,-0.567084,0.820424
77.966667,35.883573,35.890732,8.531353,-0.062755,0.043373,-0.566909,0.820241
77.983333,35.971154,35.923842,8.516648,-0.065453,0.045236,-0.566746,0.820042
78.000000,36.058358,35.956812,8.501391,-0.068140,0.047092,-0.566590,0.819826
78.016667,36.145185,35.989639,8.485468,-0.070815,0.048942,-0.566442,0.819594
78.033333,36.231914,36.022424,8.468941,-0.073513,0.050810,-0.566300,0.819340
78.050000,36.318300,36.055073,8.451874,-0.076224,0.052688,-0.566167,0.819066
78.066667,36.404364,36.087589,8.434271,-0.078920,0.054559,-0.566041,0.818775
78.083333,36.490125,36.119978,8.416135,-0.081601,0.056422,-0.565925,0.818466
78.100000,36.575605,36.152244,8.397467,-0.084214,0.058242,-0.565820,0.818147
78.116667,36.660808,36.184384,8.378187,-0.086812,0.060052,-0.565723,0.817811
78.133333,36.745895,36.216454,8.358288,-0.089433,0.061883,-0.565634,0.817453
78.150000,36.830740,36.248406,8.337862,-0.092067,0.063726,-0.565554,0.817075
78.166667,36.915364,36.280246,8.316907,-0.094688,0.065564,-0.565483,0.816679
78.183333,36.999791,36.311980,8.295422,-0.097292,0.067393,-0.565423,0.816265
78.200000,37.084042,36.343613,8.273404,-0.099835,0.069186,-0.565381,0.815838
78.216667,37.168124,36.375138,8.250768,-0.102325,0.070948,-0.565357,0.815394
78.233333,37.252077,36.406569,8.227531,-0.104813,0.072715,-0.565357,0.814922
78.250000,37.335900,36.437904,8.203758,-0.107272,0.074470,-0.565387,0.814423
78.266667,37.419608,36.469142,8.179460,-0.109676,0.076196,-0.565447,0.813901
78.283333,37.503206,36.500276,8.154650,-0.112020,0.077890,-0.565542,0.813355
78.300000,37.586702,36.531299,8.129344,-0.114261,0.079522,-0.565676,0.812792
78.316667,37.670087,36.562185,8.103482,-0.116402,0.081095,-0.565853,0.812210
78.333333,37.753369,36.592928,8.077125,-0.118492,0.082648,-0.566082,0.811591
78.350000,37.836571,36.623537,8.050328,-0.120510,0.084164,-0.566363,0.810942
78.366667,37.919701,36.654004,8.023106,-0.122441,0.085634,-0.566694,0.810267
78.383333,38.002767,36.684325,7.995474,-0.124287,0.087058,-0.567074,0.809568
78.400000,38.085777,36.714492,7.967447,-0.126013,0.088412,-0.567502,0.808855
78.416667,38.168728,36.744469,7.938976,-0.127640,0.089709,-0.567976,0.808124
78.433333,38.251617,36.774255,7.910128,-0.129204,0.090981,-0.568513,0.807355
78.450000,38.334477,36.803865,7.880940,-0.130691,0.092215,-0.569106,0.806557
78.466667,38.417316,36.833292,7.851425,-0.132094,0.093406,-0.569751,0.805736
78.483333,38.500142,36.862531,7.821598,-0.133412,0.094553,-0.570448,0.804892
78.500000,38.582964,36.891574,7.791474,-0.134622,0.095635,-0.571188,0.804037
78.516667,38.665788,36.920376,7.761020,-0.135742,0.096669,-0.571974,0.803165
78.533333,38.748596,36.948941,7.730299,-0.136797,0.097676,-0.572829,0.802255
78.550000,38.831428,36.977287,7.699331,-0.137777,0.098649,-0.573743,0.801314
78.566667,38.914292,37.005407,7.668127,-0.138678,0.099581,-0.574711,0.800350
78.583333,38.997197,37.033297,7.636701,-0.139502,0.100474,-0.575730,0.799361
78.600000,39.080151,37.060948,7.605063,-0.140230,0.101310,-0.576788,0.798365
78.616667,39.163166,37.088309,7.573199,-0.140878,0.102103,-0.577890,0.797353
78.633333,39.246210,37.115381,7.541160,-0.141455,0.102865,-0.579062,0.796302
78.650000,39.329329,37.142190,7.508958,-0.141959,0.103593,-0.580299,0.795216
78.666667,39.412534,37.168730,7.476604,-0.142385,0.104280,-0.581590,0.794107
78.683333,39.495832,37.194994,7.444111,-0.142734,0.104927,-0.582932,0.792974
78.700000,39.579232,37.220976,7.411491,-0.142997,0.105520,-0.584309,0.791834
78.716667,39.662752,37.246623,7.378747,-0.143182,0.106068,-0.585726,0.790679
78.733333,39.746347,37.271922,7.345922,-0.143294,0.106580,-0.587209,0.789489
78.750000,39.830071,37.296912,7.313019,-0.143332,0.107058,-0.588768,0.788255
78.766667,39.913932,37.321587,7.280050,-0.143301,0.107500,-0.590380,0.786994
78.783333,39.997939,37.345939,7.247027,-0.143204,0.107907,-0.592045,0.785705
78.800000,40.082100,37.369961,7.213963,-0.143040,0.108272,-0.593743,0.784402
78.816667,40.166431,37.393612,7.180868,-0.142815,0.108601,-0.595477,0.783081
78.833333,40.250882,37.416838,7.147779,-0.142535,0.108901,-0.597263,0.781730
78.850000,40.335508,37.439701,7.114680,-0.142187,0.109175,-0.599145,0.780313
78.866667,40.420314,37.462191,7.081579,-0.141785,0.109422,-0.601081,0.778862
78.883333,40.505307,37.484298,7.048484,-0.141331,0.109641,-0.603069,0.777375
78.900000,40.590494,37.506012,7.015405,-0.140826,0.109831,-0.605097,0.775863
78.916667,40.675880,37.527321,6.982349,-0.140275,0.109988,-0.607149,0.774336
78.933333,40.761426,37.548101,6.949370,-0.139675,0.110119,-0.609251,0.772773
78.950000,40.847183,37.568452,6.916439,-0.139014,0.110220,-0.611430,0.771155
78.966667,40.933156,37.588365,6.883563,-0.138291,0.110291,-0.613684,0.769482
78.983333,41.019350,37.607828,6.850751,-0.137513,0.110328,-0.615991,0.767771
79.000000,41.105771,37.626831,6.818013,-0.136669,0.110323,-0.618352,0.766023
79.016667,41.192424,37.645363,6.785358,-0.135762,0.110263,-0.620725,0.764271
79.033333,41.279332,37.663354,6.752812,-0.134769,0.110143,-0.623158,0.762483
79.050000,41.366412,37.680778,6.720418,-0.133676,0.109951,-0.625654,0.760656
79.066667,41.453739,37.697691,6.688149,-0.132438,0.109662,-0.628268,0.758758
79.083333,41.541328,37.714081,6.656037,-0.131063,0.109269,-0.630965,0.756813
79.100000,41.629191,37.729931,6.624119,-0.129545,0.108764,-0.633738,0.754828
79.116667,41.717343,37.745227,6.592432,-0.127884,0.108135,-0.636563,0.752822
79.133333,41.805797,37.759952,6.561015,-0.126071,0.107372,-0.639441,0.750795
79.150000,41.894607,37.773984,6.529976,-0.124086,0.106464,-0.642398,0.748727
79.166667,41.983660,37.787370,6.499353,-0.121929,0.105405,-0.645434,0.746618
79.183333,42.073055,37.800130,6.469140,-0.119543,0.104156,-0.648607,0.744425
79.200000,42.162802,37.812249,6.439378,-0.116973,0.102738,-0.651864,0.742183
79.216667,42.252912,37.823708,6.410108,-0.114226,0.101150,-0.655193,0.739894
79.233333,42.343393,37.834490,6.381374,-0.111339,0.099407,-0.658543,0.737593
79.250000,42.434253,37.844578,6.353218,-0.108297,0.097499,-0.661943,0.735253
79.266667,42.525547,37.853827,6.325807,-0.105094,0.095420,-0.665401,0.732865
79.283333,42.617132,37.862312,6.299129,-0.101735,0.093167,-0.668913,0.730428
79.300000,42.709110,37.870046,6.273181,-0.098164,0.090697,-0.672529,0.727903
79.316667,42.801483,37.877011,6.248005,-0.094418,0.088027,-0.676211,0.725311
79.333333,42.894252,37.883190,6.223645,-0.090521,0.085169,-0.679937,0.722661
79.350000,42.987416,37.888569,6.200143,-0.086529,0.082161,-0.683648,0.719992
79.366667,43.080970,37.893129,6.177540,-0.082407,0.078974,-0.687385,0.717268
79.383333,43.174946,37.896737,6.156019,-0.078148,0.075597,-0.691157,0.714479
79.400000,43.269192,37.899437,6.135582,-0.073752,0.072025,-0.694961,0.711620
79.416667,43.363805,37.901260,6.116194,-0.069201,0.068238,-0.698811,0.708674
79.433333,43.458775,37.902187,6.097903,-0.064441,0.064180,-0.702745,0.705604
79.450000,43.554090,37.902197,6.080757,-0.059541,0.059902,-0.706708,0.702446
79.466667,43.649738,37.901268,6.064808,-0.054556,0.055447,-0.710651,0.699231
79.483333,43.745703,37.899379,6.050108,-0.049464,0.050791,-0.714595,0.695936
79.500000,43.841972,37.896474,6.036758,-0.044269,0.045932,-0.718554,0.692539
79.516667,43.938404,37.892430,6.024978,-0.039024,0.040919,-0.722515,0.689039
79.533333,44.035079,37.887357,6.014622,-0.033791,0.035814,-0.726463,0.685439
79.550000,44.131972,37.881233,6.005745,-0.028633,0.030677,-0.730391,0.681739
79.566667,44.229051,37.874038,5.998396,-0.023574,0.025537,-0.734336,0.677895
79.583333,44.326281,37.865760,5.992556,-0.018753,0.020540,-0.738224,0.673982
79.600000,44.423626,37.856398,5.988139,-0.014284,0.015818,-0.742010,0.670050
79.616667,44.521050,37.845957,5.985024,-0.010157,0.011372,-0.745741,0.666062
79.633333,44.618523,37.834434,5.983091,-0.006427,0.007276,-0.749415,0.662030
79.650000,44.715862,37.821709,5.982334,-0.003148,0.003603,-0.753030,0.657968
79.666667,44.813198,37.807927,5.982445,-0.000347,0.000401,-0.756591,0.653888
79.683333,44.910517,37.793092,5.983296,0.001970,-0.002305,-0.760102,0.649796
79.700000,45.007804,37.777209,5.984759,0.003806,-0.004501,-0.763589,0.645676
79.716667,45.105051,37.760280,5.986704,0.005152,-0.006160,-0.767063,0.641522
79.733333,45.202247,37.742307,5.988999,0.005984,-0.007233,-0.770452,0.637429
79.750000,45.299387,37.723292,5.991512,0.006400,-0.007820,-0.773814,0.633333
79.766667,45.396463,37.703236,5.994111,0.006456,-0.007974,-0.777150,0.629231
79.783333,45.493457,37.682087,5.996650,0.006209,-0.007752,-0.780463,0.625123
79.800000,45.590212,37.659842,5.998950,0.005718,-0.007216,-0.783754,0.621003
79.816667,45.686880,37.636563,6.000896,0.005037,-0.006426,-0.787022,0.616871
79.833333,45.783451,37.612248,6.002452,0.004222,-0.005446,-0.790268,0.612723
79.850000,45.879912,37.586895,6.003636,0.003327,-0.004338,-0.793492,0.608556
79.866667,45.976251,37.560503,6.004476,0.002404,-0.003170,-0.796707,0.604352
79.883333,46.072456,37.533070,6.005004,0.001524,-0.002031,-0.799878,0.600158
79.900000,46.168515,37.504594,6.005250,0.000730,-0.000984,-0.803028,0.595940
79.916667,46.264417,37.475073,6.005245,0.000041,-0.000056,-0.806159,0.591699
79.933333,46.360149,37.444507,6.005023,-0.000540,0.000743,-0.809270,0.587436
79.950000,46.455669,37.412802,6.004601,-0.001014,0.001412,-0.812362,0.583151
79.966667,46.550842,37.380074,6.004031,-0.001383,0.001948,-0.815435,0.578844
79.983333,46.645810,37.346303,6.003350,-0.001649,0.002349,-0.818489,0.574515
80.000000,46.740562,37.311489,6.002592,-0.001819,0.002622,-0.821525,0.570163
80.016667,46.835087,37.275629,6.001790,-0.001903,0.002773,-0.824543,0.565789
80.033333,46.929374,37.238724,6.000979,-0.001905,0.002808,-0.827517,0.561431
80.050000,47.023410,37.200772,6.000192,-0.001839,0.002741,-0.830488,0.557027
80.066667,47.117185,37.161772,5.999459,-0.001714,0.002586,-0.833449,0.552588
80.083333,47.210686,37.121723,5.998799,-0.001542,0.002353,-0.836394,0.548121
80.100000,47.303901,37.080621,5.998219,-0.001331,0.002054,-0.839325,0.543624
80.116667,47.396815,37.038465,5.997726,-0.001088,0.001700,-0.842243,0.539094
80.133333,47.489381,36.995176,5.997334,-0.000822,0.001300,-0.845147,0.534531
80.150000,47.581465,36.950873,5.997047,-0.000541,0.000865,-0.848039,0.529933
80.166667,47.673207,36.905513,5.996868,-0.000246,0.000399,-0.850918,0.525298
80.183333,47.764594,36.859092,5.996804,0.000060,-0.000098,-0.853785,0.520626
80.200000,47.855610,36.811609,5.996862,0.000378,-0.000627,-0.856639,0.515915
80.216667,47.946240,36.763060,5.997049,0.000705,-0.001185,-0.859460,0.511201
80.233333,48.036470,36.713444,5.997372,0.001040,-0.001771,-0.862261,0.506461
80.250000,48.126284,36.662759,5.997838,0.001384,-0.002387,-0.865049,0.501680
80.266667,48.215667,36.611001,5.998455,0.001735,-0.003031,-0.867836,0.496838
80.283333,48.304602,36.558169,5.999230,0.002091,-0.003700,-0.870618,0.491940
80.300000,48.393073,36.504261,6.000169,0.002448,-0.004390,-0.873387,0.487001
80.316667,48.481064,36.449276,6.001279,0.002803,-0.005095,-0.876141,0.482020
80.333333,48.568557,36.393211,6.002561,0.003156,-0.005815,-0.878881,0.476996
80.350000,48.655511,36.336027,6.004021,0.003504,-0.006545,-0.881606,0.471928
80.366667,48.741778,36.277818,6.005657,0.003845,-0.007283,-0.884315,0.466817
80.383333,48.827498,36.218532,6.007462,0.004177,-0.008025,-0.887010,0.461662
80.400000,48.912654,36.158171,6.009438,0.004499,-0.008769,-0.889689,0.456461
80.416667,48.997227,36.096732,6.011584,0.004811,-0.009515,-0.892352,0.451214
80.433333,49.081200,36.034216,6.013900,0.005111,-0.010258,-0.894989,0.445940
80.450000,49.164554,35.970622,6.016386,0.005400,-0.010999,-0.897600,0.440641
80.466667,49.247270,35.905950,6.019042,0.005676,-0.011739,-0.900194,0.435293
80.483333,49.329329,35.840201,6.021868,0.005937,-0.012468,-0.902772,0.429898
80.500000,49.410712,35.773375,6.024862,0.006176,-0.013173,-0.905330,0.424460
80.516667,49.491398,35.705472,6.028026,0.006385,-0.013836,-0.907867,0.418981
80.533333,49.571369,35.636493,6.031359,0.006560,-0.014443,-0.910381,0.413467
80.550000,49.650604,35.566441,6.034854,0.006693,-0.014977,-0.912870,0.407921
80.566667,49.729087,35.495321,6.038492,0.006779,-0.015423,-0.915336,0.402339
80.583333,49.806806,35.423140,6.042238,0.006813,-0.015761,-0.917780,0.396718
80.600000,49.883747,35.349907,6.046055,0.006790,-0.015976,-0.920194,0.391078
80.616667,49.959897,35.275630,6.049908,0.006706,-0.016052,-0.922576,0.385422
80.633333,50.035243,35.200317,6.053760,0.006558,-0.015973,-0.924926,0.379755
80.650000,50.109762,35.123965,6.057573,0.006347,-0.015733,-0.927243,0.374077
80.666667,50.183313,35.046676,6.061302,0.006075,-0.015328,-0.929526,0.368387
80.683333,50.256025,34.968382,6.064915,0.005744,-0.014757,-0.931777,0.362686
80.700000,50.327885,34.889090,6.068376,0.005358,-0.014019,-0.933994,0.356973
80.716667,50.398880,34.808809,6.071645,0.004925,-0.013128,-0.936178,0.351246
80.733333,50.468995,34.727547,6.074686,0.004457,-0.012104,-0.938327,0.345509
80.750000,50.538218,34.645315,6.077460,0.003965,-0.010973,-0.940434,0.339776
80.766667,50.606534,34.562121,6.079927,0.003458,-0.009759,-0.942509,0.334019
80.783333,50.673928,34.477976,6.082053,0.002948,-0.008483,-0.944552,0.328238
80.800000,50.740385,34.392889,6.083831,0.002443,-0.007172,-0.946564,0.322428
80.816667,50.805885,34.306868,6.085271,0.001952,-0.005849,-0.948543,0.316587
80.833333,50.870410,34.219922,6.086393,0.001484,-0.004538,-0.950492,0.310713
80.850000,50.933942,34.132061,6.087211,0.001045,-0.003266,-0.952409,0.304802
80.866667,50.996462,34.043293,6.087743,0.000644,-0.002055,-0.954297,0.298853
80.883333,51.057951,33.953628,6.088007,0.000281,-0.000917,-0.956154,0.292863
80.900000,51.118391,33.863076,6.088020,-0.000044,0.000145,-0.957981,0.286832
80.916667,51.177761,33.771645,6.087800,-0.000331,0.001131,-0.959778,0.280758
80.933333,51.236043,33.679346,6.087364,-0.000583,0.002040,-0.961544,0.274642
80.950000,51.293218,33.586189,6.086730,-0.000802,0.002876,-0.963281,0.268480
80.966667,51.349266,33.492184,6.085916,-0.000990,0.003644,-0.964986,0.262272
80.983333,51.404167,33.397342,6.084941,-0.001152,0.004352,-0.966662,0.256016
81.000000,51.457903,33.301673,6.083823,-0.001290,0.005004,-0.968307,0.249709
81.016667,51.510452,33.205190,6.082579,-0.001407,0.005609,-0.969922,0.243349
81.033333,51.561793,33.107902,6.081217,-0.001505,0.006172,-0.971505,0.236933
81.050000,51.611904,33.009821,6.079741,-0.001587,0.006700,-0.973057,0.230461
81.066667,51.660762,32.910958,6.078154,-0.001654,0.007200,-0.974578,0.223928
81.083333,51.708344,32.811325,6.076459,-0.001710,0.007678,-0.976066,0.217334
81.100000,51.754627,32.710934,6.074659,-0.001755,0.008141,-0.977521,0.210675
81.116667,51.799585,32.609799,6.072755,-0.001790,0.008592,-0.978942,0.203950
81.133333,51.843196,32.507933,6.070751,-0.001816,0.009029,-0.980329,0.197158
81.150000,51.885435,32.405349,6.068650,-0.001833,0.009454,-0.981679,0.190297
81.166667,51.926276,32.302063,6.066455,-0.001840,0.009866,-0.982993,0.183366
81.183333,51.965696,32.198090,6.064168,-0.001839,0.010261,-0.984270,0.176364
81.200000,52.003670,32.093445,6.061793,-0.001827,0.010637,-0.985507,0.169288
81.216667,52.040172,31.988146,6.059332,-0.001806,0.010993,-0.986705,0.162138
81.233333,52.075177,31.882209,6.056790,-0.001776,0.011324,-0.987862,0.154910
81.250000,52.108659,31.775652,6.054170,-0.001736,0.011630,-0.988977,0.147602
81.266667,52.140592,31.668495,6.051480,-0.001686,0.011906,-0.990048,0.140213
81.283333,52.170948,31.560756,6.048728,-0.001627,0.012150,-0.991075,0.132740
81.300000,52.199700,31.452455,6.045925,-0.001560,0.012360,-0.992056,0.125181
81.316667,52.226818,31.343612,6.043077,-0.001483,0.012532,-0.992989,0.117532
81.333333,52.252275,31.234249,6.040193,-0.001399,0.012666,-0.993873,0.109793
81.350000,52.276042,31.124389,6.037284,-0.001308,0.012760,-0.994706,0.101961
81.366667,52.298089,31.014055,6.034357,-0.001210,0.012814,-0.995486,0.094035
81.383333,52.318387,30.903272,6.031421,-0.001108,0.012827,-0.996211,0.086015
81.400000,52.336907,30.792065,6.028486,-0.001000,0.012800,-0.996878,0.077903
81.416667,52.353621,30.680462,6.025561,-0.000890,0.012734,-0.997486,0.069702
81.433333,52.368497,30.568489,6.022654,-0.000777,0.012629,-0.998032,0.061415
81.450000,52.381508,30.456177,6.019776,-0.000663,0.012485,-0.998514,0.053046
81.466667,52.392627,30.343556,6.016935,-0.000549,0.012302,-0.998929,0.044597
81.483333,52.401834,30.230659,6.014139,-0.000436,0.012082,-0.999276,0.036071
81.500000,52.409109,30.117518,6.011396,-0.000325,0.011825,-0.999553,0.027470
81.516667,52.414434,30.004168,6.008714,-0.000217,0.011530,-0.999757,0.018796
81.533333,52.417789,29.890643,6.006101,-0.000113,0.011200,-0.999887,0.010051
81.550000,52.419154,29.776979,6.003565,-0.000013,0.010834,-0.999941,0.001236
81.566667,52.418510,29.663213,6.001114,0.000080,0.010433,-0.999916,-0.007652
81.583333,52.415836,29.549383,5.998756,0.000166,0.009995,-0.999812,-0.016614
81.600000,52.411113,29.435527,5.996499,0.000244,0.009523,-0.999626,-0.025647
81.616667,52.404319,29.321686,5.994352,0.000314,0.009022,-0.999356,-0.034734
81.633333,52.395434,29.207899,5.992323,0.000373,0.008495,-0.999002,-0.043851
81.650000,52.384440,29.094211,5.990419,0.000422,0.007950,-0.998564,-0.052976
81.666667,52.371315,28.980664,5.988651,0.000460,0.007391,-0.998043,-0.062087
81.683333,52.356058,28.867300,5.987022,0.000487,0.006824,-0.997442,-0.071158
81.700000,52.338694,28.754159,5.985531,0.000503,0.006254,-0.996762,-0.080168
81.716667,52.319259,28.641276,5.984174,0.000509,0.005688,-0.996007,-0.089093
81.733333,52.297791,28.528684,5.982946,0.000505,0.005132,-0.995182,-0.097910
81.750000,52.274329,28.416416,5.981845,0.000492,0.004589,-0.994292,-0.106596
81.766667,52.248911,28.304502,5.980865,0.000471,0.004065,-0.993341,-0.115136
81.783333,52.221574,28.192970,5.980002,0.000443,0.003562,-0.992335,-0.123526
81.800000,52.192358,28.081847,5.979252,0.000409,0.003077,-0.991273,-0.131792
81.816667,52.161299,27.971158,5.978611,0.000369,0.002612,-0.990160,-0.139915
81.833333,52.128434,27.860927,5.978074,0.000324,0.002166,-0.989000,-0.147898
81.850000,52.093801,27.751177,5.977637,0.000274,0.001741,-0.987795,-0.155747
81.866667,52.057435,27.641929,5.977295,0.000221,0.001334,-0.986548,-0.163464
81.883333,52.019321,27.533220,5.977048,0.000164,0.000946,-0.985261,-0.171055
81.900000,51.979526,27.425009,5.976887,0.000105,0.000577,-0.983936,-0.178523
81.916667,51.938097,27.317363,5.976810,0.000043,0.000226,-0.982574,-0.185872
81.933333,51.895066,27.210301,5.976812,-0.000021,-0.000107,-0.981178,-0.193106
81.950000,51.850463,27.103838,5.976890,-0.000086,-0.000423,-0.979749,-0.200227
81.966667,51.804318,26.997993,5.977041,-0.000153,-0.000720,-0.978295,-0.207217
81.983333,51.756661,26.892779,5.977260,-0.000219,-0.001001,-0.976811,-0.214101
82.000000,51.707523,26.788211,5.977544,-0.000287,-0.001265,-0.975300,-0.220878
82.016667,51.656935,26.684303,5.977889,-0.000353,-0.001513,-0.973765,-0.227551
82.033333,51.604927,26.581066,5.978291,-0.000420,-0.001743,-0.972206,-0.234119
82.050000,51.551528,26.478512,5.978747,-0.000485,-0.001957,-0.970625,-0.240588
82.066667,51.496768,26.376651,5.979253,-0.000549,-0.002156,-0.969023,-0.246961
82.083333,51.440676,26.275494,5.979805,-0.000612,-0.002338,-0.967399,-0.253244
82.100000,51.383281,26.175049,5.980400,-0.000673,-0.002504,-0.965756,-0.259441
82.116667,51.324612,26.075327,5.981033,-0.000731,-0.002655,-0.964091,-0.265556
82.133333,51.264689,25.976337,5.981701,-0.000788,-0.002791,-0.962407,-0.271595
82.150000,51.203536,25.878091,5.982401,-0.000841,-0.002913,-0.960703,-0.277563
82.166667,51.141172,25.780601,5.983130,-0.000892,-0.003019,-0.958978,-0.283463
82.183333,51.077618,25.683877,5.983884,-0.000940,-0.003112,-0.957233,-0.289300
82.200000,51.012895,25.587929,5.984660,-0.000985,-0.003190,-0.955467,-0.295078
82.216667,50.947023,25.492768,5.985455,-0.001027,-0.003255,-0.953681,-0.300800
82.233333,50.880017,25.398394,5.986265,-0.001064,-0.003306,-0.951874,-0.306469
82.250000,50.811891,25.304808,5.987088,-0.001098,-0.003342,-0.950042,-0.312102
82.266667,50.742657,25.212009,5.987920,-0.001128,-0.003366,-0.948191,-0.317682
82.283333,50.672326,25.119996,5.988757,-0.001153,-0.003375,-0.946319,-0.323215
82.300000,50.600910,25.028768,5.989598,-0.001173,-0.003371,-0.944427,-0.328702
82.316667,50.528415,24.938330,5.990438,-0.001189,-0.003354,-0.942513,-0.334150
82.333333,50.454779,24.848650,5.991274,-0.001200,-0.003323,-0.940577,-0.339562
82.350000,50.380080,24.759753,5.992103,-0.001205,-0.003279,-0.938617,-0.344943
82.366667,50.304322,24.671644,5.992922,-0.001205,-0.003221,-0.936633,-0.350296
82.383333,50.227510,24.584327,5.993728,-0.001199,-0.003151,-0.934622,-0.355626
82.400000,50.149645,24.497810,5.994517,-0.001187,-0.003068,-0.932585,-0.360934
82.416667,50.070732,24.412099,5.995286,-0.001169,-0.002971,-0.930526,-0.366211
82.433333,49.990774,24.327201,5.996031,-0.001145,-0.002863,-0.928438,-0.371476
82.450000,49.909774,24.243124,5.996751,-0.001115,-0.002741,-0.926319,-0.376728
82.466667,49.827735,24.159873,5.997440,-0.001077,-0.002607,-0.924171,-0.381969
82.483333,49.744659,24.077458,5.998097,-0.001033,-0.002460,-0.921992,-0.387201
82.500000,49.660551,23.995887,5.998717,-0.000981,-0.002300,-0.919779,-0.392428
82.516667,49.575412,23.915168,5.999297,-0.000921,-0.002126,-0.917531,-0.397657
82.533333,49.489247,23.835311,5.999834,-0.000853,-0.001938,-0.915244,-0.402894
82.550000,49.402058,23.756324,6.000324,-0.000776,-0.001736,-0.912915,-0.408145
82.566667,49.313845,23.678220,6.000763,-0.000689,-0.001517,-0.910532,-0.413435
82.583333,49.224605,23.601018,6.001147,-0.000591,-0.001281,-0.908091,-0.418771
82.600000,49.134332,23.524739,6.001471,-0.000482,-0.001029,-0.905596,-0.424140
82.616667,49.043019,23.449406,6.001729,-0.000362,-0.000760,-0.903043,-0.429549
82.633333,48.950663,23.375041,6.001916,-0.000229,-0.000474,-0.900428,-0.435004
82.650000,48.857227,23.301710,6.002024,-0.000083,-0.000170,-0.897748,-0.440508
82.666667,48.762546,23.229300,6.002049,0.000076,0.000152,-0.895001,-0.446064
82.683333,48.666799,23.157941,6.001985,0.000248,0.000491,-0.892184,-0.451672
82.700000,48.569984,23.087659,6.001829,0.000435,0.000846,-0.889297,-0.457329
82.716667,48.472098,23.018483,6.001573,0.000636,0.001217,-0.886341,-0.463031
82.733333,48.373139,22.950442,6.001213,0.000849,0.001600,-0.883328,-0.468752
82.750000,48.273105,22.883567,6.000743,0.001075,0.001995,-0.880254,-0.474497
82.766667,48.171996,22.817886,6.000157,0.001314,0.002400,-0.877114,-0.480274
82.783333,48.069816,22.753427,5.999451,0.001567,0.002817,-0.873886,-0.486120
82.800000,47.966573,22.690209,5.998623,0.001832,0.003242,-0.870598,-0.491982
82.816667,47.862277,22.628249,5.997671,0.002107,0.003671,-0.867251,-0.497853
82.833333,47.756938,22.567568,5.996592,0.002393,0.004104,-0.863849,-0.503729
82.850000,47.650558,22.508199,5.995384,0.002689,0.004540,-0.860393,-0.509604
82.866667,47.542867,22.450127,5.994034,0.002994,0.004977,-0.856884,-0.515477
82.883333,47.434160,22.393402,5.992551,0.003308,0.005415,-0.853322,-0.521346
82.900000,47.324448,22.338046,5.990932,0.003632,0.005853,-0.849707,-0.527210
82.916667,47.213744,22.284081,5.989176,0.003964,0.006292,-0.846044,-0.533061
82.933333,47.102060,22.231528,5.987281,0.004308,0.006733,-0.842310,-0.538933
82.950000,46.989409,22.180411,5.985245,0.004658,0.007171,-0.838547,-0.544762
82.966667,46.875804,22.130751,5.983064,0.005017,0.007606,-0.834749,-0.550555
82.983333,46.761265,22.082562,5.980739,0.005382,0.008038,-0.830920,-0.556307
83.000000,46.645811,22.035848,5.978269,0.005753,0.008466,-0.827067,-0.562011
83.016667,46.529419,21.990740,5.975643,0.006130,0.008890,-0.823193,-0.567659
83.033333,46.411881,21.947041,5.972862,0.006512,0.009308,-0.819305,-0.573245
83.050000,46.293498,21.904829,5.969935,0.006900,0.009721,-0.815398,-0.578778
83.066667,46.174292,21.864108,5.966862,0.007296,0.010132,-0.811449,-0.584290
83.083333,46.054284,21.824878,5.963642,0.007696,0.010537,-0.807496,-0.589729
83.100000,45.933498,21.787139,5.960276,0.008096,0.010933,-0.803573,-0.595051
83.116667,45.811955,21.750894,5.956763,0.008499,0.011322,-0.799655,-0.600293
83.133333,45.689665,21.716184,5.953100,0.008905,0.011704,-0.795741,-0.605458
83.150000,45.566345,21.683028,5.949269,0.009314,0.012080,-0.791837,-0.610542
83.166667,45.442336,21.651370,5.945290,0.009728,0.012452,-0.787912,-0.615585
83.183333,45.317662,21.621202,5.941164,0.010147,0.012819,-0.783986,-0.620563
83.200000,45.192346,21.592512,5.936892,0.010566,0.013178,-0.780080,-0.625452
83.216667,45.066411,21.565290,5.932474,0.010986,0.013530,-0.776207,-0.630237
83.233333,44.939880,21.539523,5.927910,0.011403,0.013872,-0.772390,-0.634894
83.250000,44.812752,21.515329,5.923190,0.011821,0.014208,-0.768604,-0.639458
83.266667,44.684784,21.492568,5.918310,0.012243,0.014540,-0.764809,-0.643977
83.283333,44.556290,21.471229,5.913286,0.012666,0.014867,-0.761039,-0.648412
83.300000,44.427291,21.451297,5.908119,0.013089,0.015186,-0.757306,-0.652753
83.316667,44.297806,21.432759,5.902809,0.013512,0.015499,-0.753612,-0.656998
83.333333,44.167857,21.415600,5.897356,0.013930,0.015803,-0.749992,-0.661111
83.350000,44.037444,21.399965,5.891747,0.014349,0.016101,-0.746400,-0.665148
83.366667,43.906337,21.385666,5.885984,0.014769,0.016396,-0.742831,-0.669115
83.383333,43.774830,21.372694,5.880080,0.015187,0.016684,-0.739311,-0.672986
83.400000,43.642940,21.361029,5.874038,0.015603,0.016966,-0.735841,-0.676762
83.416667,43.510686,21.350649,5.867858,0.016018,0.017241,-0.732425,-0.680441
83.433333,43.378079,21.341633,5.861532,0.016428,0.017510,-0.729079,-0.684008
83.450000,43.244888,21.333921,5.855051,0.016838,0.017775,-0.725773,-0.687499
83.466667,43.111391,21.327430,5.848435,0.017245,0.018035,-0.722524,-0.690896
83.483333,42.977603,21.322136,5.841686,0.017650,0.018289,-0.719333,-0.694200
83.500000,42.843540,21.318017,5.834804,0.018052,0.018538,-0.716201,-0.697414
83.516667,42.709215,21.315150,5.827780,0.018453,0.018784,-0.713116,-0.700551
83.533333,42.574418,21.313472,5.820607,0.018850,0.019025,-0.710105,-0.703586
83.550000,42.439397,21.312898,5.813305,0.019244,0.019261,-0.707156,-0.706534
83.566667,42.304165,21.313407,5.805874,0.019635,0.019493,-0.704267,-0.709396
83.583333,42.168735,21.314974,5.798317,0.020025,0.019722,-0.701423,-0.712191
83.600000,42.033124,21.317721,5.790617,0.020412,0.019948,-0.698649,-0.714895
83.616667,41.897146,21.321490,5.782780,0.020794,0.020169,-0.695953,-0.717503
83.633333,41.761016,21.326241,5.774820,0.021172,0.020387,-0.693322,-0.720029
83.650000,41.624744,21.331951,5.766738,0.021549,0.020602,-0.690747,-0.722481
83.666667,41.488346,21.338662,5.758525,0.021927,0.020817,-0.688209,-0.724882
83.683333,41.351668,21.346360,5.750174,0.022296,0.021027,-0.685775,-0.727168
83.700000,41.214890,21.354936,5.741704,0.022663,0.021234,-0.683405,-0.729379
83.716667,41.078022,21.364366,5.733116,0.023026,0.021439,-0.681097,-0.731517
83.733333,40.941076,21.374654,5.724409,0.023392,0.021645,-0.678823,-0.733610
83.750000,40.803938,21.385861,5.715563,0.023752,0.021848,-0.676632,-0.735614
83.766667,40.666748,21.397849,5.706603,0.024107,0.022047,-0.674522,-0.737531
83.783333,40.529516,21.410594,5.697530,0.024459,0.022245,-0.672475,-0.739381
83.800000,40.392251,21.424075,5.688345,0.024812,0.022445,-0.670467,-0.741185
83.816667,40.254882,21.438382,5.679025,0.025163,0.022643,-0.668527,-0.742917
83.833333,40.117506,21.453367,5.669597,0.025506,0.022838,-0.666676,-0.744560
83.850000,39.980133,21.469006,5.660060,0.025847,0.023032,-0.664888,-0.746140
83.866667,39.842770,21.485274,5.650416,0.026189,0.023228,-0.663142,-0.747675
83.883333,39.705440,21.502234,5.640651,0.026530,0.023424,-0.661456,-0.749149
83.900000,39.568096,21.519784,5.630777,0.026862,0.023617,-0.659861,-0.750536
83.916667,39.430798,21.537887,5.620799,0.027193,0.023810,-0.658325,-0.751865
83.933333,39.293554,21.556522,5.610719,0.027525,0.024005,-0.656834,-0.753150
83.950000,39.156384,21.575737,5.600523,0.027856,0.024201,-0.655400,-0.754380
83.966667,39.019287,21.595443,5.590225,0.028180,0.024395,-0.654049,-0.755533
83.983333,38.882263,21.615608,5.579828,0.028502,0.024589,-0.652759,-0.756630
84.000000,38.745312,21.636211,5.569331,0.028825,0.024786,-0.651515,-0.757683
84.016667,38.608439,21.657286,5.558722,0.029148,0.024985,-0.650327,-0.758683
84.033333,38.471633,21.678764,5.548011,0.029464,0.025182,-0.649218,-0.759614
84.050000,38.334889,21.700611,5.537202,0.029778,0.025380,-0.648170,-0.760490
84.066667,38.198206,21.722807,5.526295,0.030093,0.025581,-0.647169,-0.761322
84.083333,38.061589,21.745374,5.515276,0.030408,0.025785,-0.646224,-0.762105
84.100000,37.925023,21.768260,5.504155,0.030717,0.025987,-0.645352,-0.762825
84.116667,37.788507,21.791433,5.492935,0.031024,0.026191,-0.644538,-0.763493
84.133333,37.652039,21.814875,5.481617,0.031333,0.026399,-0.643775,-0.764117
84.150000,37.515622,21.838595,5.470188,0.031642,0.026609,-0.643066,-0.764694
84.166667,37.379239,21.862552,5.458655,0.031946,0.026820,-0.642424,-0.765213
84.183333,37.242893,21.886716,5.447024,0.032247,0.027032,-0.641841,-0.765682
84.200000,37.106580,21.911069,5.435293,0.032551,0.027248,-0.641310,-0.766107
84.216667,36.970300,21.935609,5.423451,0.032854,0.027468,-0.640833,-0.766485
84.233333,36.834037,21.960304,5.411504,0.033153,0.027689,-0.640420,-0.766810
84.250000,36.697794,21.985127,5.399457,0.033450,0.027911,-0.640063,-0.767086
84.266667,36.561569,22.010059,5.387310,0.033748,0.028138,-0.639760,-0.767318
84.283333,36.425360,22.035092,5.375051,0.034048,0.028370,-0.639511,-0.767503
84.300000,36.289149,22.060202,5.362685,0.034343,0.028602,-0.639322,-0.767639
84.316667,36.152942,22.085363,5.350216,0.034636,0.028837,-0.639188,-0.767729
84.333333,36.016738,22.110559,5.337646,0.034931,0.029077,-0.639108,-0.767773
84.350000,35.880532,22.135772,5.324962,0.035226,0.029322,-0.639081,-0.767773
84.366667,35.744305,22.160982,5.312168,0.035518,0.029567,-0.639103,-0.767731
84.383333,35.608067,22.186169,5.299270,0.035806,0.029813,-0.639166,-0.767656
84.400000,35.471814,22.211315,5.286268,0.036096,0.030063,-0.639266,-0.767549
84.416667,35.335544,22.236395,5.273150,0.036385,0.030315,-0.639397,-0.767417
84.433333,35.199234,22.261401,5.259921,0.036669,0.030565,-0.639551,-0.767265
84.450000,35.062902,22.286335,5.246587,0.036949,0.030814,-0.639724,-0.767098
84.466667,34.926549,22.311197,5.233152,0.037230,0.031064,-0.639910,-0.766919
84.483333,34.790172,22.335980,5.219603,0.037509,0.031314,-0.640104,-0.766733
84.500000,34.653752,22.360694,5.205947,0.037782,0.031559,-0.640297,-0.766548
84.516667,34.517309,22.385340,5.192191,0.038050,0.031800,-0.640487,-0.766366
84.533333,34.380843,22.409920,5.178337,0.038319,0.032042,-0.640676,-0.766185
84.550000,34.244352,22.434425,5.164374,0.038585,0.032281,-0.640862,-0.766006
84.566667,34.107814,22.458867,5.150308,0.038845,0.032516,-0.641044,-0.765831
84.583333,33.971252,22.483246,5.136146,0.039101,0.032746,-0.641222,-0.765659
84.600000,33.834664,22.507563,5.121890,0.039357,0.032977,-0.641399,-0.765487
84.616667,33.698050,22.531811,5.107530,0.039610,0.033206,-0.641575,-0.765317
84.633333,33.561387,22.556000,5.093071,0.039857,0.033429,-0.641746,-0.765151
84.650000,33.424696,22.580130,5.078521,0.040100,0.033649,-0.641915,-0.764987
84.666667,33.287979,22.604201,5.063880,0.040343,0.033869,-0.642083,-0.764823
84.683333,33.151234,22.628206,5.049139,0.040583,0.034086,-0.642250,-0.764660
84.700000,33.014434,22.652156,5.034305,0.040817,0.034298,-0.642414,-0.764501
84.716667,32.877606,22.676049,5.019383,0.041046,0.034507,-0.642575,-0.764344
84.733333,32.740750,22.699887,5.004376,0.041276,0.034716,-0.642736,-0.764187
84.750000,32.603863,22.723660,4.989271,0.041503,0.034923,-0.642896,-0.764031
84.766667,32.466919,22.747383,4.974078,0.041723,0.035124,-0.643051,-0.763879
84.783333,32.329944,22.771052,4.958803,0.041940,0.035321,-0.643204,-0.763729
84.800000,32.192939,22.794669,4.943445,0.042157,0.035519,-0.643358,-0.763578
84.816667,32.055902,22.818223,4.927995,0.042370,0.035714,-0.643509,-0.763430
84.833333,31.918804,22.841732,4.912462,0.042576,0.035903,-0.643656,-0.763285
84.850000,31.781673,22.865191,4.896850,0.042780,0.036090,-0.643801,-0.763143
84.866667,31.644510,22.888599,4.881160,0.042983,0.036276,-0.643946,-0.763001
84.883333,31.507281,22.911956,4.865379,0.043182,0.036459,-0.644089,-0.762860
84.900000,31.370019,22.935265,4.849523,0.043375,0.036636,-0.644227,-0.762724
84.916667,31.232724,22.958528,4.833594,0.043565,0.036811,-0.644363,-0.762590
84.933333,31.095394,22.981743,4.817589,0.043754,0.036985,-0.644499,-0.762456
84.950000,30.957995,23.004913,4.801500,0.043939,0.037156,-0.644632,-0.762324
84.966667,30.820561,23.028038,4.785340,0.044118,0.037321,-0.644761,-0.762197
84.983333,30.683092,23.051120,4.769112,0.044295,0.037484,-0.644889,-0.762071
85.000000,30.545586,23.074157,4.752811,0.044470,0.037646,-0.645015,-0.761945
85.016667,30.408009,23.097154,4.736432,0.044641,0.037803,-0.645139,-0.761823
85.033333,30.270394,23.120110,4.719988,0.044806,0.037956,-0.645259,-0.761704
85.050000,30.132742,23.143027,4.703479,0.044969,0.038108,-0.645378,-0.761586
85.066667,29.995052,23.165900,4.686901,0.045130,0.038256,-0.645495,-0.761469
85.083333,29.857286,23.188739,4.670253,0.045286,0.038401,-0.645610,-0.761356
85.100000,29.719482,23.211542,4.653543,0.045437,0.038542,-0.645721,-0.761245
85.116667,29.581639,23.234308,4.636773,0.045587,0.038681,-0.645831,-0.761136
85.133333,29.443756,23.257034,4.619938,0.045733,0.038817,-0.645940,-0.761028
85.150000,29.305794,23.279730,4.603038,0.045875,0.038949,-0.646045,-0.760924
85.166667,29.167792,23.302394,4.586083,0.046012,0.039077,-0.646147,-0.760822
85.183333,29.029748,23.325025,4.569072,0.046147,0.039203,-0.646248,-0.760721
85.200000,28.891664,23.347618,4.551999,0.046279,0.039326,-0.646347,-0.760623
85.216667,28.753497,23.370188,4.534869,0.046405,0.039444,-0.646443,-0.760528
85.233333,28.615288,23.392728,4.517687,0.046529,0.039560,-0.646536,-0.760435
85.250000,28.477037,23.415238,4.500454,0.046649,0.039673,-0.646628,-0.760343
85.266667,28.338700,23.437723,4.483160,0.046767,0.039783,-0.646718,-0.760254
85.283333,28.200319,23.460182,4.465819,0.046878,0.039887,-0.646804,-0.760169
85.300000,28.061895,23.482615,4.448432,0.046987,0.039990,-0.646888,-0.760085
85.316667,27.923427,23.505020,4.430996,0.047093,0.040089,-0.646971,-0.760003
85.333333,27.784870,23.527406,4.413508,0.047195,0.040185,-0.647050,-0.759923
85.350000,27.646268,23.549770,4.395977,0.047292,0.040277,-0.647127,-0.759847
85.366667,27.507621,23.572111,4.378406,0.047387,0.040366,-0.647202,-0.759773
85.383333,27.368928,23.594428,4.360789,0.047478,0.040452,-0.647275,-0.759700
85.400000,27.230143,23.616731,4.343127,0.047564,0.040533,-0.647345,-0.759631
85.416667,27.091311,23.639015,4.325427,0.047647,0.040612,-0.647412,-0.759564
85.433333,26.952433,23.661281,4.307691,0.047726,0.040687,-0.647478,-0.759499
85.450000,26.813460,23.683534,4.289910,0.047802,0.040759,-0.647541,-0.759436
85.466667,26.674439,23.705771,4.272095,0.047873,0.040827,-0.647601,-0.759377
85.483333,26.535370,23.727992,4.254249,0.047941,0.040891,-0.647659,-0.759320
85.500000,26.396252,23.750198,4.236369,0.048006,0.040953,-0.647715,-0.759265
85.516667,26.257037,23.772397,4.218452,0.048066,0.041011,-0.647769,-0.759212
85.533333,26.117772,23.794584,4.200507,0.048122,0.041064,-0.647819,-0.759163
85.550000,25.978458,23.816760,4.182535,0.048175,0.041115,-0.647868,-0.759116
85.566667,25.839093,23.838923,4.164534,0.048224,0.041162,-0.647914,-0.759071
85.583333,25.699628,23.861085,4.146503,0.048269,0.041205,-0.647957,-0.759029
85.600000,25.560112,23.883238,4.128449,0.048310,0.041245,-0.647998,-0.758989
85.616667,25.420545,23.905384,4.110373,0.048347,0.041281,-0.648036,-0.758952
85.633333,25.280875,23.927531,4.092269,0.048380,0.041314,-0.648072,-0.758917
85.650000,25.141153,23.949673,4.074147,0.048409,0.041343,-0.648105,-0.758885
85.666667,25.001378,23.971811,4.056007,0.048435,0.041368,-0.648136,-0.758856
85.683333,24.861550,23.993944,4.037851,0.048456,0.041390,-0.648165,-0.758829
85.700000,24.721617,24.016084,4.019672,0.048474,0.041408,-0.648191,-0.758805
85.716667,24.581631,24.038223,4.001481,0.048488,0.041422,-0.648214,-0.758783
85.733333,24.441590,24.060362,3.983279,0.048497,0.041433,-0.648235,-0.758764
85.750000,24.301442,24.082509,3.965058,0.048503,0.041440,-0.648253,-0.758748
85.766667,24.161239,24.104659,3.946829,0.048505,0.041443,-0.648269,-0.758734
85.783333,24.020981,24.126813,3.928593,0.048503,0.041443,-0.648282,-0.758723
85.800000,23.880668,24.148970,3.910351,0.048497,0.041439,-0.648293,-0.758714
85.816667,23.740244,24.171142,3.892098,0.048487,0.041431,-0.648301,-0.758708
85.833333,23.599764,24.193320,3.873841,0.048472,0.041419,-0.648306,-0.758705
85.850000,23.459228,24.215505,3.855584,0.048454,0.041404,-0.648309,-0.758705
85.866667,23.318580,24.237708,3.837320,0.048432,0.041385,-0.648310,-0.758707
85.883333,23.177874,24.259921,3.819057,0.048406,0.041362,-0.648308,-0.758712
85.900000,23.037111,24.282145,3.800797,0.048375,0.041335,-0.648303,-0.758719
85.916667,22.896290,24.304381,3.782544,0.048341,0.041305,-0.648295,-0.758729
85.933333,22.755355,24.326640,3.764289,0.048303,0.041271,-0.648285,-0.758742
85.950000,22.614361,24.348912,3.746041,0.048260,0.041233,-0.648273,-0.758758
85.966667,22.473309,24.371200,3.727804,0.048213,0.041191,-0.648257,-0.758776
85.983333,22.332140,24.393514,3.709571,0.048163,0.041145,-0.648239,-0.758797
86.000000,22.190911,24.415846,3.691350,0.048108,0.041096,-0.648219,-0.758821
86.016667,22.049623,24.438196,3.673143,0.048049,0.041043,-0.648195,-0.758847
86.033333,21.908275,24.460567,3.654954,0.047986,0.040986,-0.648170,-0.758877
86.050000,21.766809,24.482969,3.636774,0.047919,0.040925,-0.648141,-0.758908
86.066667,21.625282,24.505392,3.618612,0.047847,0.040860,-0.648110,-0.758943
86.083333,21.483694,24.527840,3.600472,0.047772,0.040791,-0.648076,-0.758981
86.100000,21.341985,24.550322,3.582348,0.047692,0.040719,-0.648039,-0.759021
86.116667,21.200216,24.572829,3.564246,0.047608,0.040642,-0.648000,-0.759064
86.133333,21.058385,24.595364,3.546169,0.047520,0.040562,-0.647958,-0.759109
86.150000,20.916431,24.617937,3.528116,0.047428,0.040478,-0.647914,-0.759158
86.166667,20.774416,24.640539,3.510089,0.047331,0.040390,-0.647866,-0.759209
86.183333,20.632338,24.663171,3.492091,0.047230,0.040298,-0.647816,-0.759263
86.200000,20.490198,24.685837,3.474130,0.047125,0.040202,-0.647763,-0.759319
86.216667,20.347933,24.708545,3.456193,0.047016,0.040102,-0.647708,-0.759379
86.233333,20.205606,24.731285,3.438290,0.046903,0.039998,-0.647649,-0.759441
86.250000,20.063215,24.754063,3.420427,0.046785,0.039891,-0.647589,-0.759506
86.266667,19.920699,24.776888,3.402596,0.046663,0.039780,-0.647525,-0.759573
86.283333,19.778119,24.799748,3.384803,0.046537,0.039664,-0.647458,-0.759644
86.300000,19.635475,24.822648,3.367053,0.046406,0.039545,-0.647389,-0.759717
86.316667,19.492705,24.845601,3.349343,0.046272,0.039422,-0.647317,-0.759793
86.333333,19.349870,24.868592,3.331675,0.046132,0.039294,-0.647242,-0.759872
86.350000,19.206970,24.891626,3.314054,0.045989,0.039164,-0.647165,-0.759953
86.366667,19.063943,24.914717,3.296479,0.045842,0.039029,-0.647085,-0.760037
86.383333,18.920850,24.937851,3.278953,0.045689,0.038890,-0.647001,-0.760125
86.400000,18.777693,24.961029,3.261476,0.045533,0.038747,-0.646916,-0.760214
86.416667,18.634470,24.984259,3.244060,0.045373,0.038601,-0.646827,-0.760306
86.433333,18.491118,25.007547,3.226690,0.045207,0.038449,-0.646735,-0.760402
86.450000,18.347700,25.030882,3.209375,0.045038,0.038295,-0.646641,-0.760500
86.466667,18.204216,25.054272,3.192124,0.044864,0.038137,-0.646544,-0.760601
86.483333,18.060603,25.077724,3.174927,0.044685,0.037973,-0.646444,-0.760705
86.500000,17.916923,25.101227,3.157789,0.044503,0.037807,-0.646341,-0.760811
86.516667,17.773177,25.124788,3.140720,0.044316,0.037637,-0.646236,-0.760920
86.533333,17.629299,25.148416,3.123712,0.044125,0.037462,-0.646127,-0.761032
86.550000,17.485356,25.172099,3.106768,0.043928,0.037284,-0.646015,-0.761147
86.566667,17.341346,25.195842,3.089896,0.043729,0.037102,-0.645901,-0.761264
86.583333,17.197203,25.219657,3.073092,0.043524,0.036916,-0.645784,-0.761384
86.600000,17.052995,25.243531,3.056358,0.043314,0.036725,-0.645664,-0.761507
86.616667,16.908719,25.267467,3.039700,0.043102,0.036532,-0.645541,-0.761632
86.633333,16.764310,25.291481,3.023117,0.042884,0.036334,-0.645416,-0.761760
86.650000,16.619835,25.315557,3.006609,0.042660,0.036131,-0.645287,-0.761892
86.666667,16.475293,25.339698,2.990181,0.042434,0.035926,-0.645156,-0.762025
86.683333,16.330617,25.363922,2.973836,0.042204,0.035717,-0.645022,-0.762161
86.700000,16.185874,25.388211,2.957570,0.041966,0.035502,-0.644883,-0.762302
86.716667,16.041065,25.412569,2.941389,0.041727,0.035286,-0.644744,-0.762443
86.733333,15.896121,25.437014,2.925298,0.041483,0.035065,-0.644601,-0.762587
86.750000,15.751110,25.461529,2.909292,0.041232,0.034838,-0.644454,-0.762735
86.766667,15.606032,25.486114,2.893374,0.040979,0.034610,-0.644306,-0.762885
86.783333,15.460820,25.510792,2.877554,0.040722,0.034377,-0.644155,-0.763037
86.800000,15.315541,25.535543,2.861823,0.040457,0.034138,-0.643998,-0.763193
86.816667,15.170194,25.560368,2.846186,0.040191,0.033899,-0.643841,-0.763350
86.833333,15.024714,25.585290,2.830653,0.039920,0.033655,-0.643681,-0.763510
86.850000,14.879166,25.610288,2.815215,0.039641,0.033404,-0.643516,-0.763675
86.866667,14.733551,25.635365,2.799876,0.039362,0.033153,-0.643351,-0.763840
86.883333,14.587802,25.660543,2.784648,0.039078,0.032898,-0.643182,-0.764008
86.900000,14.441986,25.685800,2.769519,0.038785,0.032635,-0.643007,-0.764181
86.916667,14.296102,25.711140,2.754496,0.038492,0.032373,-0.642833,-0.764353
86.933333,14.150085,25.736585,2.739588,0.038194,0.032106,-0.642655,-0.764529
86.950000,14.004001,25.762113,2.724786,0.037888,0.031831,-0.642472,-0.764710
86.966667,13.857850,25.787727,2.710095,0.037582,0.031558,-0.642289,-0.764890
86.983333,13.711565,25.813450,2.695525,0.037270,0.031279,-0.642102,-0.765074
87.000000,13.565214,25.839260,2.681066,0.036950,0.030994,-0.641910,-0.765262
87.016667,13.418796,25.865161,2.666726,0.036630,0.030709,-0.641718,-0.765449
87.033333,13.272245,25.891174,2.652512,0.036304,0.030419,-0.641522,-0.765641
87.050000,13.125627,25.917276,2.638413,0.035971,0.030122,-0.641321,-0.765837
87.066667,12.978944,25.943475,2.624441,0.035638,0.029827,-0.641121,-0.766032
87.083333,12.832128,25.969789,2.610599,0.035297,0.029524,-0.640915,-0.766231
87.100000,12.685246,25.996196,2.596877,0.034951,0.029217,-0.640705,-0.766434
87.116667,12.538298,26.022705,2.583291,0.034605,0.028911,-0.640496,-0.766636
87.133333,12.391218,26.049331,2.569838,0.034249,0.028597,-0.640281,-0.766844
87.150000,12.244073,26.076054,2.556511,0.033890,0.028279,-0.640063,-0.767054
87.166667,12.096864,26.102885,2.543329,0.033531,0.027962,-0.639844,-0.767263
87.183333,11.949522,26.129834,2.530282,0.033161,0.027636,-0.639619,-0.767479
87.200000,11.802116,26.156884,2.517367,0.032788,0.027309,-0.639393,-0.767695
87.216667,11.654647,26.184048,2.504606,0.032415,0.026980,-0.639166,-0.767912
87.233333,11.507046,26.211332,2.491983,0.032030,0.026643,-0.638931,-0.768135
87.250000,11.359381,26.238720,2.479497,0.031646,0.026305,-0.638696,-0.768358
87.266667,11.211654,26.266229,2.467176,0.031258,0.025966,-0.638459,-0.768582
87.283333,11.063797,26.293858,2.454993,0.030859,0.025617,-0.638216,-0.768812
87.300000,10.915876,26.321595,2.442954,0.030462,0.025271,-0.637973,-0.769041
87.316667,10.767827,26.349472,2.431083,0.030059,0.024919,-0.637726,-0.769273
87.333333,10.619716,26.377457,2.419358,0.029647,0.024560,-0.637474,-0.769509
87.350000,10.471543,26.405558,2.407789,0.029238,0.024204,-0.637223,-0.769744
87.366667,10.323242,26.433798,2.396387,0.028819,0.023841,-0.636966,-0.769984
87.383333,10.174880,26.462150,2.385137,0.028395,0.023472,-0.636705,-0.770227
87.400000,10.026458,26.490626,2.374056,0.027973,0.023107,-0.636445,-0.770468
87.416667,9.877910,26.519241,2.363141,0.027539,0.022732,-0.636177,-0.770716
87.433333,9.729301,26.547971,2.352382,0.027102,0.022355,-0.635908,-0.770965
87.450000,9.580635,26.576834,2.341806,0.026665,0.021977,-0.635638,-0.771214
87.466667,9.431842,26.605834,2.331394,0.026217,0.021592,-0.635360,-0.771468
87.483333,9.282991,26.634954,2.321144,0.025769,0.021207,-0.635083,-0.771722
87.500000,9.134084,26.664216,2.311093,0.025316,0.020818,-0.634803,-0.771979
87.516667,8.985052,26.693613,2.301202,0.024855,0.020422,-0.634517,-0.772239
87.533333,8.835964,26.723139,2.291487,0.024397,0.020030,-0.634233,-0.772498
87.550000,8.686753,26.752818,2.281963,0.023928,0.019629,-0.633942,-0.772761
87.566667,8.537487,26.782621,2.272609,0.023454,0.019225,-0.633649,-0.773026
87.583333,8.388166,26.812562,2.263448,0.022983,0.018824,-0.633357,-0.773289
87.600000,8.238723,26.842653,2.254472,0.022500,0.018414,-0.633060,-0.773557
87.616667,8.089226,26.872870,2.245671,0.022017,0.018004,-0.632766,-0.773821
87.633333,7.939677,26.903235,2.237080,0.021533,0.017594,-0.632481,-0.774077
87.650000,7.790008,26.933745,2.228668,0.021044,0.017181,-0.632206,-0.774324
87.666667,7.640287,26.964389,2.220444,0.020559,0.016774,-0.631950,-0.774555
87.683333,7.490448,26.995193,2.212428,0.020070,0.016365,-0.631717,-0.774766
87.700000,7.340553,27.026109,2.204591,0.019582,0.015957,-0.631510,-0.774956
87.716667,7.190601,27.057132,2.196953,0.019102,0.015559,-0.631339,-0.775116
87.733333,7.040522,27.088253,2.189504,0.018620,0.015161,-0.631205,-0.775244
87.750000,6.890378,27.119436,2.182228,0.018145,0.014770,-0.631113,-0.775338
87.766667,6.740165,27.150667,2.175156,0.017676,0.014386,-0.631072,-0.775389
87.783333,6.589816,27.181936,2.168252,0.017210,0.014007,-0.631078,-0.775402
87.800000,6.439391,27.213212,2.161524,0.016754,0.013638,-0.631132,-0.775374
87.816667,6.288821,27.244487,2.154983,0.016300,0.013271,-0.631240,-0.775303
87.833333,6.138170,27.275733,2.148603,0.015851,0.012911,-0.631393,-0.775194
87.850000,5.987432,27.306924,2.142405,0.015412,0.012560,-0.631596,-0.775043
87.866667,5.836540,27.338057,2.136373,0.014975,0.012211,-0.631850,-0.774850
87.883333,5.685557,27.369107,2.130497,0.014546,0.011870,-0.632148,-0.774620
87.900000,5.534409,27.400047,2.124804,0.014121,0.011534,-0.632501,-0.774345
87.916667,5.383164,27.430868,2.119261,0.013701,0.011203,-0.632900,-0.774031
87.933333,5.231816,27.461538,2.113882,0.013289,0.010879,-0.633346,-0.773678
87.950000,5.080296,27.492047,2.108665,0.012881,0.010558,-0.633845,-0.773280
87.966667,4.928669,27.522384,2.103592,0.012478,0.010243,-0.634390,-0.772845
87.983333,4.776925,27.552490,2.098689,0.012083,0.009934,-0.634986,-0.772365
88.000000,4.625004,27.582395,2.093928,0.011692,0.009629,-0.635632,-0.771844
88.016667,4.472964,27.612055,2.089316,0.011308,0.009329,-0.636323,-0.771283
88.033333,4.320736,27.641444,2.084858,0.010929,0.009034,-0.637070,-0.770675
88.050000,4.168388,27.670569,2.080534,0.010554,0.008743,-0.637862,-0.770028
88.066667,4.015906,27.699357,2.076365,0.010188,0.008458,-0.638706,-0.769337
88.083333,3.863233,27.727840,2.072331,0.009826,0.008177,-0.639600,-0.768601
88.100000,3.710429,27.755982,2.068434,0.009470,0.007900,-0.640541,-0.767825
88.116667,3.557422,27.783737,2.064681,0.009120,0.007628,-0.641537,-0.767000
88.133333,3.404282,27.811133,2.061052,0.008775,0.007360,-0.642579,-0.766133
88.150000,3.250997,27.838083,2.057566,0.008437,0.007097,-0.643675,-0.765220
88.166667,3.097509,27.864622,2.054206,0.008104,0.006838,-0.644819,-0.764261
88.183333,2.943880,27.890719,2.050971,0.007777,0.006583,-0.646013,-0.763258
88.200000,2.790037,27.916312,2.047870,0.007457,0.006332,-0.647261,-0.762206
88.216667,2.636054,27.941446,2.044883,0.007141,0.006085,-0.648555,-0.761110
88.233333,2.481915,27.966016,2.042028,0.006832,0.005843,-0.649905,-0.759962
88.250000,2.327567,27.990069,2.039288,0.006529,0.005605,-0.651302,-0.758770
88.266667,2.173071,28.013567,2.036664,0.006232,0.005370,-0.652752,-0.757527
88.283333,2.018356,28.036445,2.034162,0.005941,0.005140,-0.654253,-0.756235
88.300000,1.863496,28.058760,2.031764,0.005656,0.004913,-0.655800,-0.754898
88.316667,1.708476,28.080384,2.029488,0.005377,0.004691,-0.657407,-0.753502
88.333333,1.553247,28.101386,2.027316,0.005104,0.004473,-0.659057,-0.752062
88.350000,1.397867,28.121712,2.025250,0.004836,0.004258,-0.660765,-0.750565
88.366667,1.242271,28.141303,2.023294,0.004576,0.004048,-0.662519,-0.749020
88.383333,1.086532,28.160225,2.021433,0.004322,0.003841,-0.664321,-0.747425
88.400000,0.930633,28.178312,2.019683,0.004073,0.003638,-0.666184,-0.745767
88.416667,0.774534,28.195678,2.018024,0.003831,0.003440,-0.668087,-0.744065
88.433333,0.618286,28.212228,2.016463,0.003594,0.003245,-0.670052,-0.742298
88.450000,0.461834,28.227936,2.014999,0.003366,0.003055,-0.672057,-0.740485
88.466667,0.305247,28.242856,2.013619,0.003142,0.002867,-0.674118,-0.738611
88.483333,0.148454,28.256803,2.012340,0.002925,0.002685,-0.676228,-0.736681
88.500000,-0.008468,28.269925,2.011140,0.002715,0.002507,-0.678379,-0.734702
88.516667,-0.165524,28.282077,2.010029,0.002510,0.002332,-0.680598,-0.732649
88.533333,-0.322765,28.293290,2.009001,0.002313,0.002162,-0.682849,-0.730552
88.550000,-0.480125,28.303563,2.008050,0.002121,0.001995,-0.685165,-0.728382
88.566667,-0.637664,28.312761,2.007182,0.001937,0.001834,-0.687515,-0.726165
88.583333,-0.795310,28.321019,2.006385,0.001759,0.001676,-0.689910,-0.723891
88.600000,-0.953068,28.328133,2.005667,0.001587,0.001523,-0.692372,-0.721538
88.616667,-1.110977,28.334224,2.005016,0.001422,0.001374,-0.694858,-0.719144
88.633333,-1.268980,28.339204,2.004435,0.001263,0.001229,-0.697415,-0.716666
88.650000,-1.427122,28.343021,2.003922,0.001112,0.001090,-0.699993,-0.714148
88.666667,-1.585340,28.345770,2.003468,0.000966,0.000954,-0.702629,-0.711555
88.683333,-1.743681,28.347213,2.003083,0.000828,0.000824,-0.705304,-0.708904
88.700000,-1.902081,28.347556,2.002751,0.000696,0.000698,-0.708008,-0.706204
88.716667,-2.060531,28.346602,2.002478,0.000570,0.000576,-0.710787,-0.703407
88.733333,-2.219072,28.344424,2.002258,0.000453,0.000461,-0.713574,-0.700580
88.750000,-2.377642,28.340993,2.002088,0.000340,0.000349,-0.716433,-0.697656
88.766667,-2.536279,28.336192,2.001969,0.000235,0.000244,-0.719299,-0.694701
88.783333,-2.694925,28.330182,2.001893,0.000136,0.000142,-0.722216,-0.691668
88.800000,-2.853557,28.322665,2.001865,0.000044,0.000047,-0.725172,-0.688568
88.816667,-3.012223,28.313888,2.001874,-0.000041,-0.000044,-0.728141,-0.685428
88.833333,-3.170852,28.303656,2.001923,-0.000121,-0.000130,-0.731185,-0.682179
88.850000,-3.329481,28.292023,2.002008,-0.000193,-0.000209,-0.734220,-0.678911
88.866667,-3.488051,28.278992,2.002125,-0.000261,-0.000285,-0.737327,-0.675535
88.883333,-3.646582,28.264415,2.002274,-0.000321,-0.000353,-0.740425,-0.672139
88.900000,-3.805031,28.248492,2.002449,-0.000375,-0.000417,-0.743567,-0.668662
88.916667,-3.963351,28.230897,2.002652,-0.000423,-0.000475,-0.746736,-0.665120
88.933333,-4.121602,28.211904,2.002876,-0.000464,-0.000526,-0.749904,-0.661546
88.950000,-4.279698,28.191296,2.003121,-0.000500,-0.000572,-0.753137,-0.657864
88.966667,-4.437678,28.169149,2.003383,-0.000529,-0.000612,-0.756339,-0.654179
88.983333,-4.595479,28.145461,2.003660,-0.000552,-0.000645,-0.759604,-0.650385
89.000000,-4.753112,28.120108,2.003948,-0.000569,-0.000671,-0.762835,-0.646592
89.016667,-4.910549,28.093293,2.004245,-0.000580,-0.000691,-0.766104,-0.642717
89.033333,-5.067757,28.064686,2.004548,-0.000585,-0.000704,-0.769375,-0.638797
89.050000,-5.224735,28.034608,2.004853,-0.000587,-0.000714,-0.772640,-0.634844
89.066667,-5.381415,28.002800,2.005158,-0.000589,-0.000725,-0.775952,-0.630791
89.083333,-5.537850,27.969403,2.005460,-0.000594,-0.000739,-0.779230,-0.626737
89.100000,-5.693966,27.934354,2.005755,-0.000607,-0.000763,-0.782581,-0.622547
89.116667,-5.849772,27.897590,2.006044,-0.000628,-0.000798,-0.785892,-0.618364
89.133333,-6.005239,27.859244,2.006336,-0.000662,-0.000851,-0.789261,-0.614057
89.150000,-6.160317,27.819037,2.006645,-0.000711,-0.000924,-0.792628,-0.609705
89.166667,-6.315021,27.777263,2.006981,-0.000777,-0.001022,-0.796020,-0.605270
89.183333,-6.469238,27.733580,2.007364,-0.000865,-0.001151,-0.799453,-0.600727
89.200000,-6.623053,27.688233,2.007798,-0.000973,-0.001311,-0.802874,-0.596146
89.216667,-6.776351,27.641036,2.008305,-0.001107,-0.001510,-0.806386,-0.591386
89.233333,-6.929158,27.592029,2.008892,-0.001262,-0.001742,-0.809870,-0.586606
89.250000,-7.081419,27.541234,2.009574,-0.001441,-0.002015,-0.813451,-0.581627
89.266667,-7.233090,27.488482,2.010369,-0.001640,-0.002324,-0.817025,-0.576595
89.283333,-7.384184,27.433998,2.011278,-0.001863,-0.002676,-0.820675,-0.571386
89.300000,-7.534563,27.377372,2.012341,-0.002107,-0.003068,-0.824364,-0.566048
89.316667,-7.684293,27.318959,2.013544,-0.002370,-0.003501,-0.828093,-0.560574
89.333333,-7.833193,27.258377,2.014931,-0.002656,-0.003982,-0.831909,-0.554892
89.350000,-7.981350,27.195830,2.016496,-0.002957,-0.004500,-0.835728,-0.549117
89.366667,-8.128616,27.131138,2.018267,-0.003284,-0.005077,-0.839684,-0.543042
89.383333,-8.274984,27.064288,2.020257,-0.003622,-0.005692,-0.843623,-0.536893
89.400000,-8.420400,26.995325,2.022473,-0.003984,-0.006368,-0.847695,-0.530430
89.416667,-8.564742,26.924010,2.024954,-0.004359,-0.007088,-0.851781,-0.523832
89.433333,-8.708074,26.850626,2.027677,-0.004752,-0.007869,-0.855964,-0.516954
89.450000,-8.850118,26.774665,2.030718,-0.005159,-0.008705,-0.860205,-0.509848
89.466667,-8.991020,26.696556,2.034035,-0.005578,-0.009597,-0.864500,-0.502510
89.483333,-9.130464,26.615833,2.037704,-0.006013,-0.010558,-0.868898,-0.494843
89.500000,-9.268568,26.532744,2.041701,-0.006451,-0.011568,-0.873302,-0.486999
89.516667,-9.405094,26.447055,2.046073,-0.006906,-0.012664,-0.877856,-0.478707
89.533333,-9.540009,26.358772,2.050832,-0.007359,-0.013807,-0.882385,-0.470269
89.550000,-9.673227,26.267925,2.055987,-0.007824,-0.015044,-0.887061,-0.461341
89.566667,-9.804526,26.174262,2.061588,-0.008284,-0.016336,-0.891733,-0.452192
89.583333,-9.934011,26.078091,2.067601,-0.008747,-0.017718,-0.896505,-0.442593
89.600000,-10.061212,25.978871,2.074130,-0.009204,-0.019174,-0.901311,-0.432650
89.616667,-10.186387,25.877101,2.081107,-0.009652,-0.020709,-0.906161,-0.422316
89.633333,-10.308957,25.772213,2.088651,-0.010089,-0.022338,-0.911081,-0.411499
89.650000,-10.429157,25.664587,2.096707,-0.010504,-0.024032,-0.915978,-0.400370
89.666667,-10.546528,25.553899,2.105355,-0.010903,-0.025837,-0.920968,-0.388628
89.683333,-10.661063,25.440263,2.114591,-0.011264,-0.027686,-0.925858,-0.376687
89.700000,-10.772548,25.323659,2.124439,-0.011596,-0.029646,-0.930820,-0.364090
89.716667,-10.880669,25.203930,2.134950,-0.011880,-0.031643,-0.935655,-0.351295
89.733333,-10.985549,25.081383,2.146081,-0.012120,-0.033728,-0.940482,-0.337949
89.750000,-11.086543,24.955632,2.157939,-0.012303,-0.035858,-0.945193,-0.324304
89.766667,-11.184149,24.827271,2.170411,-0.012428,-0.038047,-0.949814,-0.310244
89.783333,-11.277449,24.695800,2.183642,-0.012487,-0.040289,-0.954327,-0.295771
89.800000,-11.367023,24.561790,2.197516,-0.012475,-0.042548,-0.958661,-0.281075
89.816667,-11.452131,24.424961,2.212133,-0.012387,-0.044842,-0.962857,-0.265975
89.833333,-11.532979,24.285612,2.227443,-0.012224,-0.047088,-0.966772,-0.250970
89.850000,-11.609201,24.143747,2.243479,-0.011979,-0.049341,-0.970516,-0.235628
89.866667,-11.680588,23.999439,2.260253,-0.011665,-0.051500,-0.973933,-0.220606
89.883333,-11.747346,23.853000,2.277702,-0.011276,-0.053617,-0.977124,-0.205492
89.900000,-11.809112,23.704440,2.295848,-0.010827,-0.055621,-0.979999,-0.190766
89.916667,-11.866697,23.554266,2.314550,-0.010320,-0.057528,-0.982604,-0.176276
89.933333,-11.919387,23.402359,2.333869,-0.009770,-0.059310,-0.984920,-0.162235
89.950000,-11.968221,23.249218,2.353652,-0.009186,-0.060955,-0.986953,-0.148739
89.966667,-12.012605,23.094786,2.373943,-0.008574,-0.062476,-0.988742,-0.135690
89.983333,-12.053277,22.939369,2.394637,-0.007952,-0.063852,-0.990278,-0.123325
90.000000,-12.090024,22.783026,2.415734,-0.007308,-0.065130,-0.991627,-0.111271
90.016667,-12.123177,22.625913,2.437181,-0.006672,-0.066269,-0.992760,-0.099956
90.033333,-12.152861,22.468146,2.458948,-0.006022,-0.067327,-0.993746,-0.088882
90.050000,-12.179039,22.309791,2.481023,-0.005385,-0.068268,-0.994563,-0.078454
90.066667,-12.202129,22.150988,2.503352,-0.004746,-0.069128,-0.995253,-0.068335
90.083333,-12.221829,21.991758,2.525946,-0.004122,-0.069896,-0.995816,-0.058723
90.100000,-12.238801,21.832240,2.548740,-0.003506,-0.070586,-0.996271,-0.049482
90.116667,-12.252552,21.672441,2.571755,-0.002902,-0.071203,-0.996630,-0.040622
90.133333,-12.263805,21.512468,2.594928,-0.002316,-0.071746,-0.996901,-0.032182
90.150000,-12.272243,21.352345,2.618267,-0.001740,-0.072228,-0.997097,-0.024019
90.166667,-12.278306,21.192136,2.641734,-0.001188,-0.072643,-0.997224,-0.016314
90.183333,-12.281912,21.031879,2.665319,-0.000644,-0.073008,-0.997292,-0.008795
90.200000,-12.283223,20.871632,2.689002,-0.000128,-0.073312,-0.997308,-0.001748
90.216667,-12.282344,20.711418,2.712769,0.000380,-0.073571,-0.997277,0.005149
90.233333,-12.279244,20.551306,2.736603,0.000863,-0.073780,-0.997206,0.011660
90.250000,-12.274207,20.391290,2.760489,0.001334,-0.073947,-0.997099,0.017981
90.266667,-12.267038,20.231455,2.784414,0.001784,-0.074071,-0.996962,0.024014
90.283333,-12.258162,20.071764,2.808365,0.002219,-0.074156,-0.996798,0.029822
90.300000,-12.247281,19.912260,2.832333,0.002637,-0.074204,-0.996611,0.035417
90.316667,-12.234836,19.753003,2.856294,0.003035,-0.074214,-0.996405,0.040752
90.333333,-12.220646,19.593966,2.880246,0.003421,-0.074190,-0.996179,0.045942
90.350000,-12.204948,19.435230,2.904166,0.003785,-0.074132,-0.995944,0.050845
90.366667,-12.187706,19.276738,2.928054,0.004139,-0.074039,-0.995692,0.055660
90.383333,-12.168992,19.118598,2.951885,0.004470,-0.073917,-0.995436,0.060198
90.400000,-12.148919,18.960720,2.975664,0.004791,-0.073762,-0.995168,0.064634
90.416667,-12.127419,18.803238,2.999360,0.005093,-0.073578,-0.994896,0.068868
90.433333,-12.104738,18.646030,3.022988,0.005384,-0.073365,-0.994616,0.072986
90.450000,-12.080681,18.489259,3.046506,0.005662,-0.073121,-0.994331,0.076993
90.466667,-12.055546,18.332775,3.069937,0.005928,-0.072852,-0.994040,0.080879
90.483333,-12.029201,18.176610,3.093260,0.006187,-0.072549,-0.993738,0.084749
90.500000,-12.001818,18.020890,3.116454,0.006435,-0.072223,-0.993433,0.088511
90.516667,-11.973325,17.865500,3.139526,0.006680,-0.071863,-0.993111,0.092314
90.533333,-11.943707,17.710610,3.162441,0.006915,-0.071478,-0.992783,0.096051
90.550000,-11.913030,17.556068,3.185223,0.007149,-0.071062,-0.992437,0.099841
90.566667,-11.881122,17.402086,3.207817,0.007379,-0.070616,-0.992075,0.103664
90.583333,-11.848158,17.248480,3.230263,0.007605,-0.070144,-0.991696,0.107519
90.600000,-11.813930,17.095304,3.252527,0.007831,-0.069634,-0.991293,0.111481
90.616667,-11.778601,16.942722,3.274592,0.008051,-0.069101,-0.990874,0.115451
90.633333,-11.742079,16.790585,3.296468,0.008269,-0.068531,-0.990430,0.119512
90.650000,-11.704342,16.639110,3.318112,0.008481,-0.067936,-0.989969,0.123589
90.666667,-11.665494,16.488092,3.339563,0.008688,-0.067310,-0.989485,0.127720
90.683333,-11.625269,16.337610,3.360773,0.008890,-0.066649,-0.988977,0.131919
90.700000,-11.583968,16.187817,3.381744,0.009085,-0.065962,-0.988449,0.136143
90.716667,-11.541395,16.038567,3.402471,0.009274,-0.065241,-0.987896,0.140426
90.733333,-11.497623,15.890081,3.422921,0.009454,-0.064492,-0.987321,0.144739
90.750000,-11.452699,15.742139,3.443131,0.009627,-0.063713,-0.986721,0.149093
90.766667,-11.406443,15.595043,3.463020,0.009791,-0.062902,-0.986098,0.153486
90.783333,-11.359040,15.448524,3.482655,0.009945,-0.062063,-0.985451,0.157913
90.800000,-11.310344,15.302639,3.502000,0.010089,-0.061198,-0.984781,0.162353
90.816667,-11.260440,15.157631,3.521019,0.010223,-0.060300,-0.984085,0.166841
90.833333,-11.209384,15.013249,3.539760,0.010347,-0.059377,-0.983364,0.171354
90.850000,-11.156929,14.869590,3.558162,0.010457,-0.058431,-0.982624,0.175859
90.866667,-11.103399,14.726830,3.576237,0.010557,-0.057451,-0.981853,0.180421
90.883333,-11.048649,14.584769,3.593995,0.010643,-0.056455,-0.981066,0.184958
90.900000,-10.992673,14.443704,3.611375,0.010717,-0.055426,-0.980249,0.189541
90.916667,-10.935568,14.303343,3.628441,0.010778,-0.054370,-0.979405,0.194150
90.933333,-10.877179,14.163760,3.645148,0.010824,-0.053309,-0.978552,0.198688
90.950000,-10.817672,14.025200,3.661474,0.010857,-0.052206,-0.977661,0.203313
90.966667,-10.757050,13.887390,3.677466,0.010875,-0.051088,-0.976752,0.207913
90.983333,-10.695109,13.750430,3.693065,0.010878,-0.049964,-0.975831,0.212458
91.000000,-10.632151,13.614518,3.708280,0.010866,-0.048800,-0.974873,0.217078
91.016667,-10.568115,13.479391,3.723148,0.010840,-0.047629,-0.973903,0.221644
91.033333,-10.502769,13.345171,3.737596,0.010798,-0.046449,-0.972920,0.226171
91.050000,-10.436500,13.212021,3.751659,0.010740,-0.045231,-0.971898,0.230765
91.066667,-10.369175,13.079698,3.765357,0.010667,-0.044017,-0.970873,0.235275
91.083333,-10.300750,12.948575,3.778601,0.010579,-0.042792,-0.969832,0.239755
91.100000,-10.231316,12.818292,3.791476,0.010474,-0.041534,-0.968755,0.244293
91.116667,-10.160873,12.688865,3.803976,0.010355,-0.040286,-0.967680,0.248728
91.133333,-10.089387,12.560678,3.816010,0.010222,-0.039030,-0.966588,0.253138
91.150000,-10.016941,12.433358,3.827668,0.010072,-0.037752,-0.965469,0.257570
91.166667,-9.943552,12.306909,3.838949,0.009909,-0.036484,-0.964351,0.261912
91.183333,-9.869049,12.181446,3.849790,0.009732,-0.035210,-0.963218,0.266227
91.200000,-9.793795,12.057147,3.860227,0.009540,-0.033926,-0.962067,0.270527
91.216667,-9.717662,11.933733,3.870288,0.009336,-0.032650,-0.960914,0.274757
91.233333,-9.640538,11.811288,3.879929,0.009119,-0.031373,-0.959748,0.278956
91.250000,-9.562691,11.690050,3.889152,0.008890,-0.030098,-0.958567,0.283132
91.266667,-9.484028,11.569707,3.898001,0.008653,-0.028838,-0.957376,0.287270
91.283333,-9.404512,11.450298,3.906457,0.008408,-0.027588,-0.956166,0.291402
91.300000,-9.324281,11.332148,3.914476,0.008155,-0.026351,-0.954934,0.295532
91.316667,-9.243284,11.214909,3.922128,0.007901,-0.025148,-0.953695,0.299617
91.333333,-9.161524,11.098593,3.929425,0.007641,-0.023960,-0.952420,0.303748
91.350000,-9.078875,10.983302,3.936333,0.007380,-0.022796,-0.951117,0.307900
91.366667,-8.995626,10.869273,3.942879,0.007119,-0.021667,-0.949790,0.312057
91.383333,-8.911624,10.756210,3.949103,0.006863,-0.020586,-0.948447,0.316193
91.400000,-8.826870,10.644127,3.955016,0.006607,-0.019527,-0.947049,0.320427
91.416667,-8.741419,10.533438,3.960568,0.006353,-0.018500,-0.945615,0.324700
91.433333,-8.655227,10.423757,3.965832,0.006104,-0.017520,-0.944160,0.328964
91.450000,-8.568298,10.315098,3.970819,0.005860,-0.016576,-0.942674,0.333250
91.466667,-8.480629,10.207477,3.975537,0.005615,-0.015651,-0.941128,0.337642
91.483333,-8.392308,10.101303,3.979948,0.005371,-0.014752,-0.939534,0.342097
91.500000,-8.303259,9.996195,3.984112,0.005134,-0.013897,-0.937920,0.346535
91.516667,-8.213480,9.892175,3.988035,0.004899,-0.013066,-0.936258,0.351035
91.533333,-8.122965,9.789263,3.991724,0.004664,-0.012256,-0.934541,0.355614
91.550000,-8.031590,9.687589,3.995158,0.004427,-0.011461,-0.932752,0.360310
91.566667,-7.939686,9.587365,3.998356,0.004196,-0.010702,-0.930934,0.365006
91.583333,-7.847042,9.488316,4.001339,0.003965,-0.009962,-0.929059,0.369775
91.600000,-7.753655,9.390463,4.004114,0.003734,-0.009241,-0.927125,0.374619
91.616667,-7.659495,9.293856,4.006681,0.003503,-0.008538,-0.925125,0.379551
91.633333,-7.564734,9.198864,4.009023,0.003274,-0.007858,-0.923060,0.384562
91.650000,-7.469236,9.105133,4.011176,0.003046,-0.007199,-0.920936,0.389635
91.666667,-7.373001,9.012685,4.013146,0.002819,-0.006559,-0.918741,0.394796
91.683333,-7.276029,8.921544,4.014938,0.002592,-0.005937,-0.916471,0.400049
91.700000,-7.178291,8.831765,4.016554,0.002366,-0.005335,-0.914129,0.405381
91.716667,-7.079966,8.743731,4.017979,0.002142,-0.004755,-0.911717,0.410787
91.733333,-6.980896,8.657099,4.019244,0.001919,-0.004190,-0.909207,0.416319
91.750000,-6.881076,8.571899,4.020352,0.001695,-0.003642,-0.906608,0.421955
91.766667,-6.780505,8.488164,4.021309,0.001472,-0.003111,-0.903915,0.427698
91.783333,-6.679183,8.405927,4.022118,0.001249,-0.002597,-0.901132,0.433536
91.800000,-6.577040,8.325309,4.022776,0.001031,-0.002107,-0.898283,0.439411
91.816667,-6.474385,8.246562,4.023288,0.000813,-0.001634,-0.895331,0.445397
91.833333,-6.370991,8.169410,4.023668,0.000594,-0.001173,-0.892242,0.451555
91.850000,-6.266862,8.093886,4.023921,0.000376,-0.000730,-0.889039,0.457830
91.866667,-6.162004,8.020025,4.024051,0.000159,-0.000303,-0.885717,0.464225
91.883333,-6.056420,7.947864,4.024063,-0.000055,0.000104,-0.882291,0.470704
91.900000,-5.950108,7.877451,4.023961,-0.000266,0.000490,-0.878760,0.477264
91.916667,-5.843281,7.809203,4.023739,-0.000475,0.000859,-0.875094,0.483952
91.933333,-5.735744,7.742789,4.023415,-0.000683,0.001212,-0.871289,0.490769
91.950000,-5.627503,7.678256,4.022993,-0.000888,0.001547,-0.867335,0.497722
91.966667,-5.518567,7.615651,4.022477,-0.001092,0.001867,-0.863198,0.504861
91.983333,-5.408946,7.555021,4.021872,-0.001294,0.002170,-0.858905,0.512128
92.000000,-5.298654,7.496412,4.021182,-0.001490,0.002450,-0.854503,0.519438
92.016667,-5.187705,7.439871,4.020411,-0.001682,0.002713,-0.849944,0.526863
92.033333,-5.076114,7.385454,4.019563,-0.001870,0.002958,-0.845225,0.534399
92.050000,-4.964163,7.333525,4.018641,-0.002055,0.003185,-0.840344,0.542040
92.066667,-4.851627,7.283793,4.017652,-0.002234,0.003393,-0.835299,0.549781
92.083333,-4.738534,7.236297,4.016602,-0.002407,0.003583,-0.830085,0.557620
92.100000,-4.624913,7.191075,4.015496,-0.002574,0.003753,-0.824701,0.565550
92.116667,-4.510795,7.148165,4.014340,-0.002734,0.003905,-0.819145,0.573567
92.133333,-4.396213,7.107609,4.013138,-0.002885,0.004035,-0.813465,0.581593
92.150000,-4.281201,7.069446,4.011896,-0.003027,0.004145,-0.807573,0.589745
92.166667,-4.165794,7.033718,4.010618,-0.003161,0.004237,-0.801499,0.597973
92.183333,-4.050033,7.000466,4.009309,-0.003286,0.004311,-0.795241,0.606269
92.200000,-3.933956,6.969733,4.007976,-0.003402,0.004366,-0.788819,0.614600
92.216667,-3.817608,6.941561,4.006621,-0.003508,0.004405,-0.782254,0.622934
92.233333,-3.701006,6.916117,4.005250,-0.003603,0.004427,-0.775571,0.631235
92.250000,-3.584584,6.893406,4.003873,-0.003689,0.004434,-0.768794,0.639471
92.266667,-3.468048,6.873326,4.002490,-0.003763,0.004428,-0.761950,0.647610
92.283333,-3.351464,6.855824,4.001104,-0.003827,0.004408,-0.755066,0.655622
92.300000,-3.234894,6.840837,3.999719,-0.003880,0.004375,-0.748173,0.663478
92.316667,-3.118397,6.828303,3.998338,-0.003922,0.004332,-0.741337,0.671107
92.333333,-3.002028,6.818159,3.996964,-0.003953,0.004279,-0.734571,0.678506
92.350000,-2.885838,6.810343,3.995600,-0.003973,0.004218,-0.727878,0.685683
92.366667,-2.769874,6.804794,3.994249,-0.003983,0.004147,-0.721260,0.692640
92.383333,-2.654182,6.801450,3.992915,-0.003982,0.004069,-0.714720,0.699388
92.400000,-2.538801,6.800255,3.991599,-0.003970,0.003983,-0.708258,0.705932
92.416667,-2.423771,6.801148,3.990305,-0.003948,0.003891,-0.701875,0.712279
92.433333,-2.309126,6.804076,3.989035,-0.003916,0.003792,-0.695573,0.718435
92.450000,-2.194899,6.808983,3.987791,-0.003874,0.003687,-0.689353,0.724406
92.466667,-2.081120,6.815815,3.986577,-0.003822,0.003576,-0.683216,0.730197
92.483333,-1.967816,6.824518,3.985395,-0.003760,0.003461,-0.677166,0.735812
92.500000,-1.855014,6.835038,3.984245,-0.003689,0.003340,-0.671204,0.741256
92.516667,-1.742736,6.847318,3.983130,-0.003609,0.003216,-0.665332,0.746532
92.533333,-1.631003,6.861304,3.982053,-0.003519,0.003088,-0.659552,0.751644
92.550000,-1.519833,6.876944,3.981013,-0.003421,0.002957,-0.653868,0.756595
92.566667,-1.409244,6.894182,3.980014,-0.003314,0.002822,-0.648281,0.761389
92.583333,-1.299249,6.912967,3.979056,-0.003199,0.002684,-0.642792,0.766030
92.600000,-1.189861,6.933248,3.978142,-0.003075,0.002544,-0.637401,0.770522
92.616667,-1.081092,6.954974,3.977272,-0.002943,0.002401,-0.632107,0.774872
92.633333,-0.972952,6.978097,3.976448,-0.002803,0.002256,-0.626907,0.779086
92.650000,-0.865448,7.002567,3.975673,-0.002655,0.002108,-0.621798,0.783170
92.666667,-0.758587,7.028339,3.974946,-0.002499,0.001958,-0.616777,0.787131
92.683333,-0.652374,7.055368,3.974269,-0.002336,0.001807,-0.611842,0.790975
92.700000,-0.546815,7.083616,3.973644,-0.002164,0.001653,-0.606988,0.794706
92.716667,-0.441916,7.113048,3.973072,-0.001986,0.001498,-0.602214,0.798331
92.733333,-0.337681,7.143628,3.972554,-0.001800,0.001341,-0.597515,0.801854
92.750000,-0.234113,7.175322,3.972090,-0.001607,0.001183,-0.592889,0.805282
92.766667,-0.131215,7.208098,3.971682,-0.001408,0.001024,-0.588334,0.808616
92.783333,-0.028988,7.241921,3.971332,-0.001201,0.000864,-0.583848,0.811862
92.800000,0.072567,7.276759,3.971039,-0.000988,0.000702,-0.579432,0.815020
92.816667,0.173448,7.312582,3.970805,-0.000768,0.000540,-0.575085,0.818093
92.833333,0.273658,7.349357,3.970630,-0.000541,0.000376,-0.570807,0.821084
92.850000,0.373196,7.387056,3.970517,-0.000308,0.000212,-0.566597,0.823995
92.866667,0.472065,7.425649,3.970465,-0.000068,0.000046,-0.562450,0.826831
92.883333,0.570266,7.465107,3.970475,0.000180,-0.000121,-0.558344,0.829610
92.900000,0.667803,7.505403,3.970548,0.000435,-0.000290,-0.554286,0.832326
92.916667,0.764678,7.546510,3.970686,0.000697,-0.000459,-0.550282,0.834978
92.933333,0.860893,7.588406,3.970889,0.000965,-0.000630,-0.546332,0.837568
92.950000,0.956450,7.631071,3.971157,0.001240,-0.000801,-0.542430,0.840099
92.966667,1.051327,7.674537,3.971496,0.001522,-0.000973,-0.538576,0.842575
92.983333,1.145803,7.718867,3.971906,0.001810,-0.001146,-0.534766,0.844998
93.000000,1.239620,7.763912,3.972384,0.002105,-0.001319,-0.530997,0.847370
93.016667,1.332782,7.809654,3.972933,0.002407,-0.001494,-0.527269,0.849694
93.033333,1.425292,7.856076,3.973553,0.002715,-0.001668,-0.523581,0.851970
93.050000,1.517152,7.903159,3.974244,0.003027,-0.001843,-0.519958,0.854185
93.066667,1.608367,7.950885,3.975008,0.003346,-0.002018,-0.516374,0.856354
93.083333,1.698940,7.999239,3.975845,0.003671,-0.002193,-0.512831,0.858479
93.100000,1.788876,8.048203,3.976756,0.004006,-0.002371,-0.509299,0.860577
93.116667,1.878177,8.097762,3.977741,0.004349,-0.002550,-0.505788,0.862643
93.133333,1.966850,8.147899,3.978802,0.004699,-0.002730,-0.502309,0.864671
93.150000,2.054899,8.198600,3.979939,0.005058,-0.002911,-0.498859,0.866664
93.166667,2.142327,8.249851,3.981153,0.005425,-0.003094,-0.495434,0.868623
93.183333,2.229103,8.301697,3.982452,0.005800,-0.003278,-0.492032,0.870552
93.200000,2.315467,8.354226,3.983838,0.006185,-0.003464,-0.488649,0.872451
93.216667,2.401210,8.407278,3.985307,0.006579,-0.003651,-0.485284,0.874324
93.233333,2.486335,8.460846,3.986859,0.006983,-0.003841,-0.481933,0.876172
93.250000,2.570842,8.514922,3.988498,0.007396,-0.004032,-0.478593,0.877997
93.266667,2.654735,8.569496,3.990224,0.007823,-0.004226,-0.475254,0.879804
93.283333,2.738016,8.624562,3.992039,0.008261,-0.004422,-0.471920,0.881592
93.300000,2.820687,8.680111,3.993944,0.008709,-0.004620,-0.468596,0.883357
93.316667,2.902750,8.736136,3.995941,0.009167,-0.004819,-0.465283,0.885102
93.333333,2.984208,8.792630,3.998031,0.009634,-0.005019,-0.461979,0.886824
93.350000,3.065013,8.849655,4.000228,0.010107,-0.005218,-0.458688,0.888525
93.366667,3.145388,8.907281,4.002530,0.010582,-0.005414,-0.455410,0.890202
93.383333,3.225158,8.965355,4.004930,0.011053,-0.005603,-0.452150,0.891856
93.400000,3.304326,9.023872,4.007430,0.011516,-0.005786,-0.448893,0.893493
93.416667,3.382894,9.082824,4.010030,0.011968,-0.005958,-0.445622,0.895121
93.433333,3.460869,9.142201,4.012724,0.012392,-0.006114,-0.442417,0.896703
93.450000,3.538257,9.201994,4.015503,0.012789,-0.006254,-0.439244,0.898255
93.466667,3.615065,9.262192,4.018357,0.013154,-0.006375,-0.436105,0.899777
93.483333,3.691276,9.322813,4.021280,0.013481,-0.006477,-0.433000,0.901270
93.500000,3.767032,9.384000,4.024269,0.013766,-0.006556,-0.429933,0.902732
93.516667,3.842223,9.445561,4.027302,0.014008,-0.006614,-0.426904,0.904164
93.533333,3.916858,9.507486,4.030368,0.014206,-0.006649,-0.423879,0.905583
93.550000,3.990944,9.569765,4.033459,0.014357,-0.006662,-0.420873,0.906981
93.566667,4.064489,9.632391,4.036566,0.014462,-0.006654,-0.417924,0.908342
93.583333,4.137500,9.695356,4.039680,0.014519,-0.006624,-0.415043,0.909662
93.600000,4.209985,9.758650,4.042793,0.014532,-0.006576,-0.412201,0.910953
93.616667,4.281902,9.822323,4.045893,0.014501,-0.006508,-0.409399,0.912217
93.633333,4.353413,9.886450,4.048976,0.014426,-0.006422,-0.406639,0.913453
93.650000,4.424417,9.950883,4.052028,0.014302,-0.006315,-0.403893,0.914673
93.666667,4.494920,10.015613,4.055041,0.014128,-0.006188,-0.401171,0.915874
93.683333,4.564932,10.080633,4.058006,0.013906,-0.006043,-0.398496,0.917045
93.700000,4.634463,10.145934,4.060914,0.013636,-0.005880,-0.395908,0.918170
93.716667,4.703523,10.211508,4.063756,0.013321,-0.005700,-0.393384,0.919260
93.733333,4.772082,10.277387,4.066515,0.012959,-0.005504,-0.390912,0.920320
93.750000,4.840269,10.343654,4.069184,0.012550,-0.005292,-0.388495,0.921350
93.766667,4.908015,10.410163,4.071757,0.012081,-0.005057,-0.386094,0.922366
93.783333,4.975330,10.476906,4.074224,0.011560,-0.004804,-0.383743,0.923355
93.800000,5.042224,10.543875,4.076578,0.010990,-0.004535,-0.381448,0.924314
93.816667,5.108708,10.611063,4.078810,0.010376,-0.004253,-0.379238,0.925231
93.833333,5.174792,10.678464,4.080913,0.009718,-0.003957,-0.377102,0.926112
93.850000,5.240430,10.746125,4.082849,0.009014,-0.003647,-0.375019,0.926966
93.866667,5.305769,10.814080,4.084633,0.008255,-0.003318,-0.372973,0.927800
93.883333,5.370738,10.882221,4.086257,0.007435,-0.002970,-0.370960,0.928614
93.900000,5.435346,10.950542,4.087713,0.006568,-0.002608,-0.369003,0.929401
93.916667,5.499605,11.019039,4.088995,0.005654,-0.002231,-0.367103,0.930160
93.933333,5.563525,11.087704,4.090093,0.004707,-0.001847,-0.365299,0.930876
93.950000,5.627091,11.156556,4.090981,0.003718,-0.001451,-0.363554,0.931565
93.966667,5.690378,11.225667,4.091643,0.002680,-0.001040,-0.361858,0.932229
93.983333,5.753358,11.294923,4.092094,0.001573,-0.000608,-0.360193,0.932876
94.000000,5.816041,11.364317,4.092327,0.000422,-0.000162,-0.358585,0.933497
94.016667,5.878438,11.433845,4.092336,-0.000775,0.000296,-0.357036,0.934090
94.033333,5.940560,11.503501,4.092113,-0.002006,0.000763,-0.355563,0.934650
94.050000,6.002409,11.573289,4.091640,-0.003267,0.001237,-0.354166,0.935176
94.066667,6.064018,11.643284,4.090869,-0.004573,0.001724,-0.352822,0.935678
94.083333,6.125384,11.713386,4.089839,-0.005956,0.002236,-0.351512,0.936162
94.100000,6.186518,11.783588,4.088544,-0.007383,0.002761,-0.350259,0.936620
94.116667,6.247430,11.853887,4.086976,-0.008853,0.003298,-0.349063,0.937052
94.133333,6.308130,11.924278,4.085128,-0.010361,0.003845,-0.347930,0.937455
94.150000,6.368624,11.994759,4.082985,-0.011885,0.004396,-0.346878,0.937825
94.166667,6.428930,12.065390,4.080478,-0.013452,0.004959,-0.345877,0.938170
94.183333,6.489056,12.136092,4.077665,-0.015097,0.005549,-0.344915,0.938496
94.200000,6.549012,12.206860,4.074538,-0.016782,0.006150,-0.344009,0.938796
94.216667,6.608807,12.277691,4.071093,-0.018506,0.006762,-0.343158,0.939071
94.233333,6.668453,12.348582,4.067323,-0.020263,0.007386,-0.342366,0.939319
94.250000,6.727955,12.419529,4.063213,-0.022023,0.008008,-0.341648,0.939536
94.266667,6.787323,12.490564,4.058686,-0.023825,0.008645,-0.340981,0.939728
94.283333,6.846571,12.561638,4.053812,-0.025703,0.009308,-0.340360,0.939898
94.300000,6.905709,12.632747,4.048584,-0.027617,0.009983,-0.339794,0.940041
94.316667,6.964748,12.703887,4.042998,-0.029567,0.010670,-0.339281,0.940160
94.333333,7.023696,12.775056,4.037045,-0.031548,0.011368,-0.338825,0.940252
94.350000,7.082561,12.846250,4.030706,-0.033524,0.012066,-0.338436,0.940314
94.366667,7.141345,12.917469,4.023903,-0.035546,0.012780,-0.338099,0.940352
94.383333,7.200068,12.988695,4.016712,-0.037640,0.013521,-0.337810,0.940364
94.400000,7.258739,13.059924,4.009126,-0.039757,0.014272,-0.337571,0.940352
94.416667,7.317363,13.131145,4.001138,-0.041891,0.015030,-0.337376,0.940317
94.433333,7.375942,13.202349,3.992743,-0.044028,0.015791,-0.337226,0.940261
94.450000,7.434481,13.273523,3.983912,-0.046126,0.016539,-0.337121,0.940185
94.466667,7.492985,13.344662,3.974586,-0.048235,0.017294,-0.337049,0.940091
94.483333,7.551456,13.415758,3.964855,-0.050367,0.018058,-0.337011,0.939979
94.500000,7.609894,13.486806,3.954726,-0.052480,0.018818,-0.337002,0.939852
94.516667,7.668300,13.557799,3.944206,-0.054567,0.019570,-0.337019,0.939711
94.533333,7.726674,13.628731,3.933301,-0.056612,0.020309,-0.337060,0.939560
94.550000,7.785014,13.699595,3.921990,-0.058580,0.021022,-0.337123,0.939401
94.566667,7.843340,13.770399,3.910241,-0.060532,0.021733,-0.337209,0.939230
94.583333,7.901640,13.841126,3.898132,-0.062475,0.022442,-0.337318,0.939047
94.600000,7.959912,13.911773,3.885669,-0.064381,0.023140,-0.337450,0.938854
94.616667,8.018159,13.982334,3.872860,-0.066252,0.023829,-0.337603,0.938652
94.633333,8.076381,14.052803,3.859711,-0.068071,0.024501,-0.337777,0.938441
94.650000,8.134578,14.123168,3.846193,-0.069823,0.025152,-0.337971,0.938226
94.666667,8.192782,14.193455,3.832297,-0.071565,0.025802,-0.338191,0.937998
94.683333,8.250968,14.263635,3.818085,-0.073288,0.026450,-0.338436,0.937758
94.700000,8.309135,14.333706,3.803565,-0.074978,0.027088,-0.338702,0.937510
94.716667,8.367285,14.403661,3.788743,-0.076634,0.027717,-0.338989,0.937254
94.733333,8.425418,14.473498,3.773627,-0.078238,0.028331,-0.339295,0.936993
94.750000,8.483540,14.543197,3.758175,-0.079787,0.028927,-0.339618,0.936727
94.766667,8.541688,14.612801,3.742402,-0.081337,0.029529,-0.339971,0.936446
94.783333,8.599825,14.682274,3.726354,-0.082862,0.030125,-0.340347,0.936157
94.800000,8.657953,14.751611,3.710038,-0.084356,0.030713,-0.340742,0.935861
94.816667,8.716072,14.820808,3.693460,-0.085820,0.031295,-0.341158,0.935557
94.833333,8.774182,14.889860,3.676624,-0.087230,0.031860,-0.341589,0.935250
94.850000,8.832295,14.958740,3.659477,-0.088604,0.032415,-0.342039,0.934937
94.866667,8.890450,15.027518,3.642065,-0.089975,0.032974,-0.342521,0.934610
94.883333,8.948604,15.096140,3.624416,-0.091315,0.033527,-0.343023,0.934277
94.900000,9.006756,15.164603,3.606537,-0.092626,0.034072,-0.343545,0.933936
94.916667,9.064908,15.232902,3.588432,-0.093907,0.034611,-0.344087,0.933588
94.933333,9.123064,15.301028,3.570094,-0.095128,0.035130,-0.344639,0.933242
94.950000,9.181287,15.369020,3.551479,-0.096336,0.035650,-0.345221,0.932883
94.966667,9.239517,15.436839,3.532658,-0.097526,0.036168,-0.345830,0.932514
94.983333,9.297753,15.504480,3.513638,-0.098687,0.036680,-0.346458,0.932139
95.000000,9.355998,15.571941,3.494424,-0.099820,0.037186,-0.347106,0.931757
95.016667,9.414251,15.639219,3.475022,-0.100918,0.037683,-0.347771,0.931370
95.033333,9.472528,15.706284,3.455398,-0.101972,0.038166,-0.348449,0.930982
95.050000,9.530886,15.773218,3.435560,-0.103020,0.038654,-0.349163,0.930579
95.066667,9.589258,15.839957,3.415551,-0.104041,0.039137,-0.349898,0.930170
95.083333,9.647647,15.906499,3.395377,-0.105036,0.039614,-0.350652,0.929754
95.100000,9.706052,15.972840,3.375041,-0.106005,0.040086,-0.351425,0.929331
95.116667,9.764482,16.038969,3.354537,-0.106928,0.040543,-0.352205,0.928910
95.133333,9.823019,16.104937,3.333823,-0.107839,0.041002,-0.353023,0.928474
95.150000,9.881579,16.170695,3.312964,-0.108726,0.041458,-0.353863,0.928031
95.166667,9.940162,16.236241,3.291968,-0.109588,0.041908,-0.354721,0.927581
95.183333,9.998771,16.301571,3.270837,-0.110423,0.042353,-0.355599,0.927126
95.200000,10.057405,16.366683,3.249578,-0.111227,0.042789,-0.356489,0.926668
95.216667,10.116095,16.431533,3.228153,-0.112002,0.043220,-0.357405,0.926202
95.233333,10.174892,16.496238,3.206581,-0.112757,0.043648,-0.358348,0.925725
95.250000,10.233720,16.560716,3.184898,-0.113487,0.044072,-0.359310,0.925243
95.266667,10.292581,16.624965,3.163108,-0.114192,0.044490,-0.360292,0.924754
95.283333,10.351475,16.688982,3.141214,-0.114873,0.044904,-0.361292,0.924260
95.300000,10.410431,16.752728,3.119194,-0.115519,0.045308,-0.362310,0.923761
95.316667,10.469513,16.816310,3.097042,-0.116147,0.045711,-0.363359,0.923250
95.333333,10.528636,16.879652,3.074803,-0.116750,0.046110,-0.364426,0.922733
95.350000,10.587798,16.942750,3.052481,-0.117330,0.046503,-0.365514,0.922210
95.366667,10.647002,17.005602,3.030081,-0.117887,0.046892,-0.366620,0.921680
95.383333,10.706276,17.068170,3.007583,-0.118415,0.047275,-0.367751,0.921142
95.400000,10.765696,17.130559,2.984974,-0.118920,0.047654,-0.368907,0.920595
95.416667,10.825163,17.192694,2.962301,-0.119402,0.048029,-0.370081,0.920042
95.433333,10.884677,17.254572,2.939569,-0.119860,0.048398,-0.371274,0.919482
95.450000,10.944239,17.316191,2.916781,-0.120296,0.048762,-0.372486,0.918915
95.466667,11.003886,17.377506,2.893922,-0.120707,0.049123,-0.373731,0.918337
95.483333,11.063691,17.438634,2.870975,-0.121091,0.049477,-0.374990,0.917753
95.500000,11.123549,17.499495,2.847986,-0.121452,0.049826,-0.376268,0.917164
95.516667,11.183462,17.560087,2.824961,-0.121791,0.050170,-0.377564,0.916567
95.533333,11.243429,17.620408,2.801902,-0.122108,0.050510,-0.378885,0.915961
95.550000,11.303500,17.680398,2.778794,-0.122398,0.050845,-0.380240,0.915342
95.566667,11.363733,17.740201,2.755624,-0.122662,0.051172,-0.381604,0.914721
95.583333,11.424026,17.799725,2.732435,-0.122902,0.051494,-0.382987,0.914092
95.600000,11.484380,17.858967,2.709230,-0.123120,0.051810,-0.384388,0.913456
95.616667,11.544803,17.917916,2.686011,-0.123317,0.052126,-0.385838,0.912801
95.633333,11.605445,17.976618,2.662733,-0.123482,0.052430,-0.387295,0.912143
95.650000,11.666153,18.035029,2.639454,-0.123624,0.052729,-0.388768,0.911480
95.666667,11.726928,18.093148,2.616178,-0.123743,0.053021,-0.390260,0.910809
95.683333,11.787770,18.150974,2.592908,-0.123839,0.053307,-0.391771,0.910131
95.700000,11.848715,18.208463,2.569643,-0.123909,0.053595,-0.393354,0.909421
95.716667,11.909871,18.265717,2.546349,-0.123952,0.053868,-0.394917,0.908721
95.733333,11.971100,18.322668,2.523075,-0.123972,0.054134,-0.396498,0.908014
95.750000,12.032401,18.379315,2.499824,-0.123970,0.054394,-0.398097,0.907299
95.766667,12.093774,18.435657,2.476601,-0.123943,0.054653,-0.399751,0.906560
95.783333,12.155297,18.491607,2.453405,-0.123888,0.054903,-0.401425,0.905812
95.800000,12.217008,18.547346,2.430204,-0.123811,0.055142,-0.403092,0.905067
95.816667,12.278797,18.602772,2.407044,-0.123713,0.055374,-0.404776,0.904315
95.833333,12.340663,18.657883,2.383927,-0.123591,0.055602,-0.406494,0.903547
95.850000,12.402652,18.712625,2.360858,-0.123439,0.055828,-0.408289,0.902744
95.866667,12.464872,18.767110,2.337801,-0.123266,0.056038,-0.410042,0.901959
95.883333,12.527174,18.821271,2.314799,-0.123073,0.056242,-0.411814,0.901165
95.900000,12.589556,18.875107,2.291857,-0.122860,0.056439,-0.413603,0.900362
95.916667,12.652041,18.928593,2.268979,-0.122612,0.056635,-0.415490,0.899515
95.933333,12.714797,18.981774,2.246131,-0.122344,0.056819,-0.417362,0.898673
95.950000,12.777639,19.034620,2.223355,-0.122059,0.056993,-0.419224,0.897833
95.966667,12.840567,19.087131,2.200652,-0.121754,0.057160,-0.421104,0.896984
95.983333,12.903579,19.139304,2.178025,-0.121414,0.057323,-0.423073,0.896092
96.000000,12.966773,19.191030,2.155496,-0.121051,0.057479,-0.425062,0.895190
96.016667,13.030180,19.242511,2.133008,-0.120676,0.057620,-0.427013,0.894303
96.033333,13.093675,19.293646,2.110607,-0.120281,0.057755,-0.428980,0.893405
96.050000,13.157259,19.344434,2.088297,-0.119850,0.057884,-0.431033,0.892466
96.066667,13.221016,19.394773,2.066101,-0.119392,0.058006,-0.433130,0.891504
96.083333,13.285008,19.444839,2.043963,-0.118928,0.058112,-0.435163,0.890568
96.100000,13.349090,19.494548,2.021927,-0.118444,0.058211,-0.437213,0.889622
96.116667,13.413262,19.543901,1.999994,-0.117918,0.058300,-0.439353,0.888631
96.133333,13.477606,19.592799,1.978191,-0.117359,0.058380,-0.441539,0.887616
96.150000,13.542198,19.641400,1.956464,-0.116792,0.058443,-0.443670,0.886623
96.166667,13.606882,19.689636,1.934853,-0.116205,0.058495,-0.445804,0.885626
96.183333,13.671657,19.737506,1.913359,-0.115563,0.058533,-0.448042,0.884578
96.200000,13.736610,19.784903,1.892021,-0.114886,0.058557,-0.450320,0.883507
96.216667,13.801820,19.831990,1.870780,-0.114199,0.058564,-0.452546,0.882458
96.233333,13.867124,19.878701,1.849674,-0.113491,0.058556,-0.454765,0.881408
96.250000,13.932522,19.925037,1.828706,-0.112713,0.058529,-0.457113,0.880294
96.266667,13.998114,19.970872,1.807926,-0.111902,0.058484,-0.459486,0.879165
96.283333,14.063961,20.016392,1.787263,-0.111085,0.058423,-0.461799,0.878059
96.300000,14.129904,20.061528,1.766755,-0.110240,0.058345,-0.464125,0.876944
96.316667,14.195942,20.106279,1.746403,-0.109325,0.058243,-0.466571,0.875767
96.333333,14.262198,20.150486,1.726278,-0.108380,0.058124,-0.469034,0.874576
96.350000,14.328697,20.194388,1.706283,-0.107438,0.057989,-0.471423,0.873416
96.366667,14.395291,20.237896,1.686460,-0.106454,0.057834,-0.473863,0.872225
96.383333,14.462002,20.280981,1.666826,-0.105410,0.057655,-0.476394,0.870984
96.400000,14.529063,20.323613,1.647397,-0.104342,0.057459,-0.478941,0.869728
96.416667,14.596220,20.365843,1.628157,-0.103299,0.057255,-0.481387,0.868514
96.433333,14.663471,20.407671,1.609106,-0.102197,0.057029,-0.483946,0.867237
96.450000,14.730875,20.449016,1.590286,-0.101066,0.056788,-0.486554,0.865925
96.466667,14.798597,20.489934,1.571675,-0.099932,0.056537,-0.489153,0.864608
96.483333,14.866411,20.530439,1.553260,-0.098827,0.056284,-0.491680,0.863317
96.500000,14.934314,20.570533,1.535039,-0.097664,0.056013,-0.494345,0.861944
96.516667,15.002410,20.610062,1.517082,-0.096500,0.055735,-0.497020,0.860553
96.533333,15.070775,20.649205,1.499302,-0.095362,0.055457,-0.499650,0.859174
96.550000,15.139223,20.687926,1.481715,-0.094226,0.055177,-0.502298,0.857773
96.566667,15.207772,20.726199,1.464330,-0.093064,0.054886,-0.505025,0.856315
96.583333,15.276674,20.763938,1.447182,-0.091906,0.054591,-0.507761,0.854840
96.600000,15.345655,20.801245,1.430223,-0.090795,0.054303,-0.510407,0.853400
96.616667,15.414712,20.838122,1.413452,-0.089639,0.054000,-0.513184,0.851875
96.633333,15.483922,20.874439,1.396922,-0.088486,0.053692,-0.515967,0.850332
96.650000,15.553418,20.910294,1.380586,-0.087345,0.053381,-0.518740,0.848781
96.666667,15.622984,20.945708,1.364437,-0.086223,0.053072,-0.521489,0.847230
96.683333,15.692621,20.980676,1.348475,-0.085067,0.052745,-0.524318,0.845619
96.700000,15.762614,21.015038,1.332758,-0.083900,0.052403,-0.527153,0.843993
96.716667,15.832670,21.048952,1.317225,-0.082739,0.052050,-0.529936,0.842385
96.733333,15.902785,21.082420,1.301874,-0.081497,0.051650,-0.532810,0.840716
96.750000,15.973039,21.115294,1.286762,-0.080214,0.051213,-0.535690,0.839035
96.766667,16.043565,21.147673,1.271858,-0.078887,0.050739,-0.538569,0.837344
96.783333,16.114148,21.179602,1.257160,-0.077478,0.050200,-0.541444,0.835653
96.800000,16.184807,21.211042,1.242697,-0.075971,0.049592,-0.544368,0.833926
96.816667,16.255805,21.241867,1.228571,-0.074389,0.048923,-0.547296,0.832190
96.833333,16.326858,21.272239,1.214707,-0.072706,0.048171,-0.550217,0.830455
96.850000,16.397967,21.302162,1.201111,-0.070880,0.047315,-0.553183,0.828689
96.866667,16.469248,21.331416,1.187947,-0.068967,0.046385,-0.556153,0.826913
96.883333,16.540774,21.360214,1.175114,-0.066960,0.045374,-0.559126,0.825128
96.900000,16.612352,21.388560,1.162602,-0.064798,0.044242,-0.562131,0.823318
96.916667,16.684049,21.416325,1.150522,-0.062553,0.043032,-0.565137,0.821496
96.933333,16.756039,21.443526,1.138915,-0.060227,0.041746,-0.568143,0.819661
96.950000,16.828076,21.470270,1.127680,-0.057746,0.040333,-0.571186,0.817793
96.966667,16.900180,21.496520,1.116858,-0.055183,0.038836,-0.574220,0.815915
96.983333,16.972617,21.522097,1.106669,-0.052550,0.037265,-0.577251,0.814022
97.000000,17.045094,21.547212,1.096902,-0.049793,0.035582,-0.580322,0.812085
97.016667,17.117609,21.571869,1.087558,-0.047010,0.033850,-0.583354,0.810150
97.033333,17.190287,21.595784,1.078947,-0.044212,0.032077,-0.586367,0.808202
97.050000,17.263169,21.619242,1.070830,-0.041356,0.030236,-0.589416,0.806203
97.066667,17.336076,21.642238,1.063172,-0.038565,0.028407,-0.592389,0.804227
97.083333,17.409087,21.664565,1.056189,-0.035819,0.026580,-0.595328,0.802244
97.100000,17.482306,21.686361,1.049743,-0.033083,0.024734,-0.598282,0.800220
97.116667,17.555522,21.707709,1.043708,-0.030472,0.022950,-0.601169,0.798211
97.133333,17.628782,21.728470,1.038204,-0.027982,0.021227,-0.603989,0.796219
97.150000,17.702241,21.748646,1.033229,-0.025573,0.019538,-0.606788,0.794212
97.166667,17.775674,21.768389,1.028604,-0.023283,0.017916,-0.609580,0.792180
97.183333,17.849104,21.787617,1.024391,-0.021162,0.016396,-0.612262,0.790202
97.200000,17.922722,21.806219,1.020677,-0.019136,0.014928,-0.614907,0.788226
97.216667,17.996293,21.824405,1.017255,-0.017187,0.013502,-0.617604,0.786185
97.233333,18.069828,21.842137,1.014147,-0.015428,0.012201,-0.620159,0.784229
97.250000,18.143535,21.859213,1.011488,-0.013761,0.010954,-0.622677,0.782281
97.266667,18.217180,21.875890,1.009066,-0.012156,0.009742,-0.625274,0.780250
97.283333,18.290765,21.892163,1.006880,-0.010743,0.008664,-0.627715,0.778321
97.300000,18.364505,21.907762,1.005078,-0.009414,0.007641,-0.630123,0.776400
97.316667,18.438172,21.922978,1.003460,-0.008137,0.006647,-0.632628,0.774385
97.333333,18.511764,21.937816,1.002022,-0.007036,0.005784,-0.634965,0.772487
97.350000,18.585341,21.951973,1.000880,-0.006007,0.004967,-0.637273,0.770599
97.366667,18.658985,21.965777,0.999877,-0.005012,0.004171,-0.639690,0.768606
97.383333,18.732547,21.979219,0.999007,-0.004172,0.003493,-0.641931,0.766743
97.400000,18.806075,21.992013,0.998356,-0.003388,0.002854,-0.644144,0.764891
97.416667,18.879663,22.004453,0.997818,-0.002634,0.002232,-0.646468,0.762933
97.433333,18.953161,22.016546,0.997384,-0.002001,0.001706,-0.648622,0.761106
97.450000,19.026611,22.028021,0.997121,-0.001414,0.001212,-0.650743,0.759296
97.466667,19.100114,22.039147,0.996946,-0.000854,0.000737,-0.652976,0.757378
97.483333,19.173521,22.049943,0.996848,-0.000390,0.000338,-0.655046,0.755589
97.500000,19.246869,22.060142,0.996876,0.000030,-0.000026,-0.657077,0.753823
97.516667,19.320261,22.070006,0.996966,0.000417,-0.000365,-0.659223,0.751947
97.533333,19.393553,22.079554,0.997108,0.000720,-0.000634,-0.661209,0.750201
97.550000,19.466776,22.088521,0.997332,0.000981,-0.000869,-0.663155,0.748481
97.566667,19.540037,22.097174,0.997590,0.001199,-0.001068,-0.665220,0.746645
97.583333,19.613193,22.105526,0.997878,0.001345,-0.001205,-0.667121,0.744947
97.600000,19.686275,22.113305,0.998204,0.001453,-0.001308,-0.668994,0.743265
97.616667,19.759386,22.120795,0.998538,0.001508,-0.001364,-0.670973,0.741479
97.633333,19.832390,22.127997,0.998880,0.001508,-0.001371,-0.672788,0.739832
97.650000,19.905446,22.134647,0.999215,0.001474,-0.001347,-0.674594,0.738186
97.666667,19.978393,22.141023,0.999535,0.001401,-0.001287,-0.676490,0.736449
97.683333,20.051232,22.147103,0.999839,0.001298,-0.001198,-0.678222,0.734855
97.700000,20.124113,22.152672,1.000094,0.001175,-0.001090,-0.679969,0.733239
97.716667,20.196881,22.157981,1.000321,0.001031,-0.000961,-0.681787,0.731549
97.733333,20.269544,22.162980,1.000515,0.000882,-0.000826,-0.683442,0.730004
97.750000,20.342237,22.167512,1.000662,0.000727,-0.000684,-0.685137,0.728414
97.766667,20.414817,22.171795,1.000785,0.000568,-0.000537,-0.686872,0.726778
97.783333,20.487292,22.175749,1.000878,0.000427,-0.000405,-0.688462,0.725272
97.800000,20.559788,22.179283,1.000936,0.000289,-0.000276,-0.690111,0.723704
97.816667,20.632173,22.182578,1.000975,0.000160,-0.000154,-0.691767,0.722120
97.833333,20.704451,22.185523,1.000987,0.000051,-0.000049,-0.693296,0.720653
97.850000,20.776743,22.188096,1.000975,-0.000055,0.000053,-0.694903,0.719104
97.866667,20.848924,22.190442,1.000949,-0.000149,0.000145,-0.696480,0.717576
97.883333,20.920999,22.192411,1.000900,-0.000228,0.000223,-0.697949,0.716147
97.900000,20.993082,22.194060,1.000837,-0.000302,0.000296,-0.699518,0.714615
97.916667,21.065054,22.195493,1.000764,-0.000364,0.000357,-0.701018,0.713144
97.933333,21.136921,22.196520,1.000675,-0.000413,0.000408,-0.702447,0.711736
97.950000,21.208790,22.197281,1.000578,-0.000455,0.000451,-0.703963,0.710237
97.966667,21.280550,22.197836,1.000476,-0.000486,0.000483,-0.705385,0.708824
97.983333,21.352204,22.197954,1.000366,-0.000506,0.000506,-0.706783,0.707430
98.000000,21.423857,22.197862,1.000254,-0.000519,0.000521,-0.708242,0.705969
98.016667,21.495403,22.197538,1.000140,-0.000522,0.000526,-0.709590,0.704615
98.033333,21.566946,22.196813,1.000028,-0.000517,0.000523,-0.710961,0.703231
98.050000,21.638382,22.195900,0.999917,-0.000505,0.000513,-0.712366,0.701808
98.066667,21.709713,22.194715,0.999811,-0.000486,0.000495,-0.713641,0.700511
98.083333,21.781036,22.193192,0.999711,-0.000460,0.000470,-0.714989,0.699135
98.100000,21.852256,22.191487,0.999615,-0.000428,0.000439,-0.716327,0.697764
98.116667,21.923370,22.189469,0.999527,-0.000392,0.000404,-0.717558,0.696499
98.133333,21.994475,22.187175,0.999448,-0.000348,0.000360,-0.718880,0.695134
98.150000,22.065479,22.184707,0.999375,-0.000301,0.000313,-0.720147,0.693821
98.166667,22.136377,22.181883,0.999316,-0.000251,0.000261,-0.721362,0.692558
98.183333,22.207266,22.178845,0.999267,-0.000192,0.000201,-0.722638,0.691226
98.200000,22.278057,22.175628,0.999226,-0.000132,0.000139,-0.723837,0.689971
98.216667,22.348829,22.172032,0.999205,-0.000067,0.000070,-0.725037,0.688710
98.233333,22.419504,22.168275,0.999194,0.000006,-0.000006,-0.726269,0.687411
98.250000,22.490082,22.164291,0.999197,0.000078,-0.000082,-0.727399,0.686215
98.266667,22.560641,22.159995,0.999220,0.000159,-0.000169,-0.728585,0.684956
98.283333,22.631107,22.155545,0.999255,0.000245,-0.000262,-0.729768,0.683695
98.300000,22.701475,22.150818,0.999311,0.000330,-0.000353,-0.730852,0.682536
98.316667,22.771826,22.145847,0.999387,0.000426,-0.000458,-0.732011,0.681293
98.333333,22.842088,22.140728,0.999476,0.000523,-0.000564,-0.733125,0.680093
98.350000,22.912250,22.135285,0.999595,0.000623,-0.000674,-0.734199,0.678934
98.366667,22.982397,22.129662,0.999732,0.000733,-0.000795,-0.735318,0.677721
98.383333,23.052459,22.123870,0.999886,0.000841,-0.000915,-0.736368,0.676580
98.400000,23.122492,22.117755,1.000075,0.000957,-0.001045,-0.737434,0.675418
98.416667,23.192443,22.111503,1.000280,0.001080,-0.001183,-0.738517,0.674233
98.433333,23.262307,22.105029,1.000512,0.001198,-0.001316,-0.739508,0.673145
98.450000,23.332146,22.098299,1.000776,0.001331,-0.001467,-0.740567,0.671979
98.466667,23.401907,22.091436,1.001058,0.001465,-0.001620,-0.741604,0.670835
98.483333,23.471578,22.084298,1.001377,0.001599,-0.001773,-0.742580,0.669753
98.500000,23.541230,22.076970,1.001725,0.001745,-0.001941,-0.743608,0.668611
98.516667,23.610808,22.069507,1.002092,0.001889,-0.002108,-0.744586,0.667520
98.533333,23.680351,22.061722,1.002510,0.002040,-0.002283,-0.745563,0.666428
98.550000,23.749822,22.053812,1.002948,0.002200,-0.002468,-0.746561,0.665308
98.566667,23.819219,22.045711,1.003419,0.002353,-0.002647,-0.747484,0.664270
98.583333,23.888585,22.037356,1.003935,0.002522,-0.002846,-0.748460,0.663169
98.600000,23.957885,22.028879,1.004473,0.002693,-0.003049,-0.749427,0.662074
98.616667,24.027107,22.020156,1.005058,0.002860,-0.003246,-0.750325,0.661055
98.633333,24.096305,22.011245,1.005680,0.003042,-0.003463,-0.751275,0.659974
98.650000,24.165442,22.002216,1.006326,0.003222,-0.003677,-0.752185,0.658933
98.666667,24.234498,21.992888,1.007035,0.003406,-0.003899,-0.753085,0.657903
98.683333,24.303537,21.983436,1.007772,0.003600,-0.004133,-0.754007,0.656843
98.700000,24.372513,21.973812,1.008547,0.003786,-0.004357,-0.754864,0.655856
98.716667,24.441454,21.963946,1.009378,0.003982,-0.004596,-0.755770,0.654809
98.733333,24.510344,21.953966,1.010237,0.004175,-0.004833,-0.756673,0.653762
98.750000,24.579167,21.943760,1.011152,0.004353,-0.005051,-0.757516,0.652783
98.766667,24.647963,21.933375,1.012111,0.004531,-0.005273,-0.758416,0.651734
98.783333,24.716713,21.922879,1.013098,0.004696,-0.005479,-0.759289,0.650714
98.800000,24.785393,21.912096,1.014147,0.004843,-0.005667,-0.760164,0.649689
98.816667,24.854052,21.901191,1.015217,0.004979,-0.005843,-0.761072,0.648622
98.833333,24.922661,21.890111,1.016316,0.005092,-0.005991,-0.761930,0.647612
98.850000,24.991228,21.878785,1.017444,0.005182,-0.006114,-0.762855,0.646520
98.866667,25.059757,21.867340,1.018585,0.005255,-0.006219,-0.763785,0.645419
98.883333,25.128229,21.855650,1.019744,0.005296,-0.006285,-0.764671,0.644368
98.900000,25.196668,21.843770,1.020910,0.005317,-0.006328,-0.765623,0.643236
98.916667,25.265073,21.831765,1.022081,0.005318,-0.006348,-0.766554,0.642127
98.933333,25.333420,21.819439,1.023250,0.005290,-0.006334,-0.767496,0.641000
98.950000,25.401736,21.806984,1.024413,0.005241,-0.006295,-0.768475,0.639827
98.966667,25.470010,21.794333,1.025567,0.005175,-0.006234,-0.769404,0.638711
98.983333,25.538235,21.781417,1.026700,0.005075,-0.006133,-0.770403,0.637507
99.000000,25.606433,21.768368,1.027820,0.004959,-0.006013,-0.771409,0.636292
99.016667,25.674579,21.755045,1.028907,0.004823,-0.005865,-0.772366,0.635133
99.033333,25.742685,21.741520,1.029963,0.004656,-0.005681,-0.773391,0.633887
99.050000,25.810762,21.727852,1.030997,0.004478,-0.005481,-0.774390,0.632669
99.066667,25.878770,21.713841,1.031967,0.004272,-0.005246,-0.775407,0.631426
99.083333,25.946747,21.699690,1.032905,0.004047,-0.004987,-0.776458,0.630137
99.100000,26.014672,21.685319,1.033795,0.003821,-0.004723,-0.777455,0.628910
99.116667,26.082538,21.670668,1.034614,0.003569,-0.004427,-0.778526,0.627587
99.133333,26.150367,21.655875,1.035395,0.003313,-0.004124,-0.779600,0.626256
99.150000,26.218119,21.640780,1.036094,0.003063,-0.003826,-0.780627,0.624978
99.166667,26.285825,21.625474,1.036739,0.002801,-0.003511,-0.781724,0.623608
99.183333,26.353484,21.610010,1.037342,0.002548,-0.003205,-0.782789,0.622274
99.200000,26.421058,21.594182,1.037858,0.002300,-0.002904,-0.783879,0.620903
99.216667,26.488584,21.578205,1.038341,0.002053,-0.002602,-0.785001,0.619485
99.233333,26.556036,21.561985,1.038770,0.001831,-0.002328,-0.786067,0.618134
99.250000,26.623417,21.545471,1.039139,0.001607,-0.002051,-0.787210,0.616679
99.266667,26.690742,21.528807,1.039478,0.001393,-0.001785,-0.788352,0.615221
99.283333,26.757964,21.511810,1.039754,0.001201,-0.001545,-0.789453,0.613809
99.300000,26.825130,21.494596,1.039994,0.001008,-0.001302,-0.790621,0.612304
99.316667,26.892228,21.477202,1.040203,0.000832,-0.001079,-0.791749,0.610845
99.333333,26.959226,21.459428,1.040353,0.000665,-0.000866,-0.792915,0.609331
99.350000,27.026157,21.441497,1.040481,0.000503,-0.000658,-0.794107,0.607777
99.366667,27.092988,21.423296,1.040571,0.000361,-0.000474,-0.795242,0.606292
99.383333,27.159736,21.404792,1.040625,0.000222,-0.000292,-0.796453,0.604700
99.400000,27.226411,21.386131,1.040658,0.000092,-0.000122,-0.797657,0.603112
99.416667,27.292950,21.367101,1.040652,-0.000021,0.000028,-0.798830,0.601557
99.433333,27.359427,21.347855,1.040626,-0.000132,0.000176,-0.800064,0.599914
99.450000,27.425811,21.328404,1.040579,-0.000229,0.000307,-0.801249,0.598330
99.466667,27.492079,21.308563,1.040502,-0.000321,0.000432,-0.802490,0.596665
99.483333,27.558263,21.288560,1.040414,-0.000408,0.000552,-0.803747,0.594971
99.500000,27.624316,21.268251,1.040304,-0.000484,0.000657,-0.804947,0.593346
99.516667,27.690275,21.247642,1.040178,-0.000559,0.000762,-0.806222,0.591612
99.533333,27.756144,21.226870,1.040041,-0.000629,0.000861,-0.807481,0.589893
99.550000,27.821839,21.205684,1.039881,-0.000694,0.000954,-0.808729,0.588180
99.566667,27.887467,21.184293,1.039709,-0.000758,0.001047,-0.810028,0.586390
99.583333,27.952972,21.162661,1.039525,-0.000818,0.001135,-0.811268,0.584673
99.600000,28.018348,21.140641,1.039320,-0.000878,0.001225,-0.812585,0.582840
99.616667,28.083621,21.118455,1.039106,-0.000938,0.001314,-0.813906,0.580995
99.633333,28.148724,21.095914,1.038875,-0.000993,0.001398,-0.815173,0.579215
99.650000,28.213727,21.073087,1.038629,-0.001049,0.001484,-0.816512,0.577325
99.666667,28.278618,21.050085,1.038375,-0.001103,0.001568,-0.817819,0.575472
99.683333,28.343339,21.026608,1.038099,-0.001155,0.001650,-0.819149,0.573578
99.700000,28.407945,21.002961,1.037816,-0.001208,0.001733,-0.820508,0.571631
99.716667,28.472389,20.979021,1.037518,-0.001256,0.001812,-0.821813,0.569753
99.733333,28.536694,20.954713,1.037206,-0.001305,0.001892,-0.823190,0.567762
99.750000,28.600878,20.930236,1.036886,-0.001353,0.001972,-0.824564,0.565763
99.766667,28.664843,20.905341,1.036548,-0.001397,0.002047,-0.825899,0.563813
99.783333,28.728707,20.880192,1.036201,-0.001442,0.002123,-0.827293,0.561764
99.800000,28.792420,20.854812,1.035844,-0.001483,0.002196,-0.828634,0.559784
99.816667,28.855952,20.828985,1.035471,-0.001524,0.002269,-0.830044,0.557691
99.833333,28.919350,20.802986,1.035091,-0.001564,0.002340,-0.831455,0.555585
99.850000,28.982534,20.776625,1.034698,-0.001599,0.002406,-0.832819,0.553538
99.866667,29.045580,20.749938,1.034294,-0.001633,0.002471,-0.834245,0.551386
99.883333,29.108487,20.723080,1.033884,-0.001665,0.002533,-0.835643,0.549264
99.900000,29.171167,20.695697,1.033459,-0.001692,0.002589,-0.837058,0.547105
99.916667,29.233701,20.668143,1.033030,-0.001718,0.002643,-0.838498,0.544895
99.933333,29.296027,20.640281,1.032593,-0.001739,0.002691,-0.839894,0.542740
99.950000,29.358174,20.612023,1.032147,-0.001757,0.002735,-0.841348,0.540483
99.966667,29.420170,20.583595,1.031699,-0.001773,0.002776,-0.842801,0.538215
99.983333,29.481879,20.554712,1.031243,-0.001783,0.002808,-0.844220,0.535986
100.000000,29.543466,20.525573,1.030785,-0.001791,0.002838,-0.845687,0.533669
100.016667,29.604853,20.496175,1.030323,-0.001795,0.002862,-0.847113,0.531401
100.033333,29.666017,20.466318,1.029858,-0.001795,0.002880,-0.848593,0.529036
100.050000,29.727018,20.436293,1.029393,-0.001793,0.002895,-0.850070,0.526658
100.066667,29.787730,20.405853,1.028927,-0.001787,0.002903,-0.851517,0.524316
100.083333,29.848286,20.375103,1.028460,-0.001778,0.002906,-0.853006,0.521889
100.100000,29.908647,20.344139,1.027995,-0.001767,0.002906,-0.854460,0.519506
100.116667,29.968741,20.312659,1.027532,-0.001750,0.002897,-0.855961,0.517030
100.133333,30.028659,20.281012,1.027070,-0.001732,0.002886,-0.857459,0.514542
100.150000,30.088287,20.248989,1.026613,-0.001710,0.002869,-0.858930,0.512082
100.166667,30.147721,20.216607,1.026160,-0.001686,0.002847,-0.860436,0.509549
100.183333,30.206968,20.184050,1.025711,-0.001660,0.002823,-0.861916,0.507041
100.200000,30.265901,20.150929,1.025270,-0.001632,0.002793,-0.863415,0.504483
100.216667,30.324647,20.117645,1.024834,-0.001603,0.002762,-0.864914,0.501910
100.233333,30.383099,20.084014,1.024405,-0.001573,0.002728,-0.866386,0.499364
100.250000,30.441324,20.049993,1.023985,-0.001542,0.002693,-0.867876,0.496772
100.266667,30.499358,20.015815,1.023568,-0.001511,0.002658,-0.869350,0.494187
100.283333,30.556986,19.981125,1.023163,-0.001481,0.002623,-0.870810,0.491610
100.300000,30.614488,19.946227,1.022762,-0.001451,0.002588,-0.872271,0.489014
100.316667,30.671696,19.911019,1.022367,-0.001423,0.002555,-0.873707,0.486444
100.333333,30.728658,19.875414,1.021979,-0.001395,0.002523,-0.875145,0.483853
100.350000,30.785425,19.839667,1.021594,-0.001368,0.002492,-0.876569,0.481267
100.366667,30.841780,19.803444,1.021218,-0.001344,0.002464,-0.877974,0.478700
100.383333,30.897997,19.767009,1.020845,-0.001319,0.002437,-0.879375,0.476121
100.400000,30.953919,19.730291,1.020478,-0.001296,0.002411,-0.880762,0.473551
100.416667,31.009580,19.693180,1.020115,-0.001274,0.002387,-0.882140,0.470979
100.433333,31.065043,19.655942,1.019756,-0.001253,0.002364,-0.883506,0.468412
100.450000,31.120083,19.618252,1.019403,-0.001233,0.002343,-0.884863,0.465844
100.466667,31.174981,19.580357,1.019052,-0.001214,0.002323,-0.886206,0.463284
100.483333,31.229573,19.542193,1.018706,-0.001196,0.002305,-0.887545,0.460713
100.500000,31.283901,19.503654,1.018363,-0.001180,0.002289,-0.888867,0.458159
100.516667,31.338027,19.465002,1.018022,-0.001163,0.002273,-0.890176,0.455610
100.533333,31.391712,19.425910,1.017686,-0.001149,0.002260,-0.891486,0.453041
100.550000,31.445259,19.386633,1.017351,-0.001135,0.002248,-0.892773,0.450499
100.566667,31.498484,19.347088,1.017019,-0.001121,0.002238,-0.894066,0.447928
100.583333,31.551447,19.307197,1.016689,-0.001109,0.002230,-0.895332,0.445393
100.600000,31.604207,19.267206,1.016361,-0.001098,0.002222,-0.896598,0.442838
100.616667,31.656499,19.226777,1.016036,-0.001087,0.002217,-0.897849,0.440297
100.633333,31.708669,19.186192,1.015711,-0.001078,0.002214,-0.899080,0.437777
100.650000,31.760489,19.145333,1.015387,-0.001069,0.002212,-0.900325,0.435211
100.666667,31.812065,19.104167,1.015064,-0.001061,0.002212,-0.901534,0.432701
100.683333,31.863411,19.062885,1.014742,-0.001054,0.002213,-0.902761,0.430135
100.700000,31.914388,19.021150,1.014420,-0.001048,0.002216,-0.903947,0.427638
100.716667,31.965159,18.979336,1.014099,-0.001043,0.002221,-0.905121,0.425146
100.733333,32.015547,18.937233,1.013777,-0.001039,0.002228,-0.906318,0.422589
100.750000,32.065716,18.894871,1.013455,-0.001035,0.002236,-0.907470,0.420109
100.766667,32.115620,18.852369,1.013133,-0.001032,0.002246,-0.908650,0.417552
100.783333,32.165183,18.809470,1.012809,-0.001030,0.002258,-0.909781,0.415082
100.800000,32.214540,18.766508,1.012485,-0.001029,0.002271,-0.910900,0.412620
100.816667,32.263469,18.723231,1.012159,-0.001028,0.002287,-0.912050,0.410071
100.833333,32.312217,18.679752,1.011832,-0.001028,0.002303,-0.913148,0.407620
100.850000,32.360655,18.636099,1.011503,-0.001029,0.002322,-0.914282,0.405071
100.866667,32.408791,18.592115,1.011171,-0.001031,0.002343,-0.915359,0.402631
100.883333,32.456723,18.548082,1.010838,-0.001032,0.002365,-0.916448,0.400146
100.900000,32.504170,18.503699,1.010502,-0.001035,0.002389,-0.917532,0.397654
100.916667,32.551487,18.459181,1.010163,-0.001039,0.002414,-0.918577,0.395232
100.933333,32.598435,18.414445,1.009822,-0.001043,0.002442,-0.919667,0.392691
100.950000,32.645136,18.369453,1.009476,-0.001047,0.002471,-0.920692,0.390280
100.966667,32.691582,18.324371,1.009129,-0.001053,0.002502,-0.921761,0.387749
100.983333,32.737665,18.278918,1.008775,-0.001058,0.002534,-0.922771,0.385339
101.000000,32.783544,18.233434,1.008420,-0.001064,0.002568,-0.923773,0.382930
101.016667,32.828981,18.187683,1.008059,-0.001071,0.002605,-0.924814,0.380409
101.033333,32.874240,18.141756,1.007695,-0.001079,0.002641,-0.925790,0.378026
101.050000,32.919170,18.095681,1.007326,-0.001087,0.002682,-0.926822,0.375491
101.066667,32.963807,18.049323,1.006951,-0.001095,0.002722,-0.927779,0.373119
101.083333,33.008227,18.002931,1.006574,-0.001103,0.002765,-0.928769,0.370647
101.100000,33.052240,17.956153,1.006188,-0.001113,0.002810,-0.929733,0.368223
101.116667,33.096053,17.909363,1.005800,-0.001122,0.002854,-0.930662,0.365867
101.133333,33.139449,17.862361,1.005404,-0.001132,0.002904,-0.931653,0.363337
101.150000,33.182638,17.815169,1.005004,-0.001142,0.002951,-0.932563,0.360994
101.166667,33.225519,17.767872,1.004598,-0.001154,0.003005,-0.933539,0.358463
101.183333,33.268083,17.720289,1.004183,-0.001165,0.003056,-0.934431,0.356130
101.200000,33.310447,17.672705,1.003766,-0.001176,0.003110,-0.935355,0.353693
101.216667,33.352384,17.624742,1.003337,-0.001188,0.003167,-0.936265,0.351278
101.233333,33.394125,17.576786,1.002906,-0.001200,0.003222,-0.937135,0.348950
101.250000,33.435452,17.528647,1.002466,-0.001213,0.003284,-0.938068,0.346434
101.266667,33.476567,17.480329,1.002018,-0.001225,0.003343,-0.938915,0.344131
101.283333,33.517373,17.431924,1.001565,-0.001239,0.003409,-0.939838,0.341602
101.300000,33.557861,17.383254,1.001101,-0.001252,0.003471,-0.940668,0.339309
101.316667,33.598145,17.334589,1.000635,-0.001266,0.003537,-0.941540,0.336882
101.333333,33.638005,17.285578,1.000154,-0.001280,0.003605,-0.942389,0.334497
101.350000,33.677676,17.236590,0.999670,-0.001293,0.003672,-0.943210,0.332173
101.366667,33.716911,17.187428,0.999175,-0.001308,0.003746,-0.944079,0.329694
101.383333,33.755956,17.138116,0.998672,-0.001322,0.003815,-0.944867,0.327430
101.400000,33.794664,17.088715,0.998162,-0.001338,0.003894,-0.945739,0.324902
101.416667,33.833082,17.039088,0.997640,-0.001352,0.003966,-0.946510,0.322648
101.433333,33.871264,16.989456,0.997114,-0.001367,0.004045,-0.947339,0.320204
101.450000,33.909055,16.939526,0.996572,-0.001382,0.004123,-0.948122,0.317876
101.466667,33.946664,16.889635,0.996027,-0.001398,0.004203,-0.948906,0.315528
101.483333,33.983788,16.839560,0.995468,-0.001413,0.004287,-0.949705,0.313112
101.500000,34.020772,16.789381,0.994902,-0.001428,0.004367,-0.950445,0.310858
101.516667,34.057365,16.739094,0.994325,-0.001445,0.004458,-0.951260,0.308356
101.533333,34.093725,16.688638,0.993737,-0.001460,0.004539,-0.951974,0.306141
101.550000,34.129787,16.638146,0.993142,-0.001477,0.004633,-0.952771,0.303652
101.566667,34.165522,16.587423,0.992532,-0.001492,0.004719,-0.953483,0.301407
101.583333,34.201052,16.536732,0.991918,-0.001508,0.004813,-0.954238,0.299007
101.600000,34.236164,16.485751,0.991284,-0.001524,0.004906,-0.954963,0.296681
101.616667,34.271103,16.434829,0.990648,-0.001540,0.004999,-0.955678,0.294368
101.633333,34.305566,16.383762,0.989995,-0.001556,0.005099,-0.956415,0.291962
101.650000,34.339885,16.332598,0.989335,-0.001572,0.005192,-0.957092,0.289734
101.666667,34.373814,16.281352,0.988661,-0.001589,0.005298,-0.957840,0.287251
101.683333,34.407512,16.229955,0.987976,-0.001604,0.005392,-0.958486,0.285085
101.700000,34.440907,16.178537,0.987282,-0.001621,0.005501,-0.959220,0.282603
101.716667,34.473986,16.126917,0.986571,-0.001636,0.005600,-0.959867,0.280395
101.733333,34.506845,16.075333,0.985855,-0.001652,0.005709,-0.960565,0.277992
101.750000,34.539305,16.023499,0.985118,-0.001668,0.005814,-0.961221,0.275712
101.766667,34.571605,15.971742,0.984379,-0.001684,0.005923,-0.961885,0.273386
101.783333,34.603392,15.919846,0.983618,-0.001699,0.006035,-0.962549,0.271035
101.800000,34.635077,15.867890,0.982852,-0.001714,0.006144,-0.963179,0.268785
101.816667,34.666326,15.815848,0.982069,-0.001731,0.006262,-0.963851,0.266363
101.833333,34.697398,15.763700,0.981275,-0.001745,0.006370,-0.964449,0.264186
101.850000,34.728110,15.711518,0.980468,-0.001761,0.006494,-0.965121,0.261719
101.866667,34.758570,15.659189,0.979647,-0.001775,0.006603,-0.965694,0.259593
101.883333,34.788744,15.606873,0.978816,-0.001791,0.006730,-0.966350,0.257136
101.900000,34.818592,15.554371,0.977966,-0.001805,0.006844,-0.966929,0.254947
101.916667,34.848228,15.501927,0.977110,-0.001820,0.006971,-0.967555,0.252558
101.933333,34.877467,15.449261,0.976231,-0.001834,0.007092,-0.968139,0.250307
101.950000,34.906561,15.396694,0.975350,-0.001848,0.007219,-0.968736,0.247982
101.966667,34.935118,15.344012,0.974443,-0.001862,0.007346,-0.969324,0.245671
101.983333,34.963608,15.291295,0.973533,-0.001875,0.007472,-0.969893,0.243410
102.000000,34.991626,15.238504,0.972600,-0.001889,0.007605,-0.970483,0.241040
102.016667,35.019513,15.185644,0.971659,-0.001902,0.007731,-0.971026,0.238841
102.033333,35.046992,15.132749,0.970700,-0.001915,0.007871,-0.971618,0.236416
102.050000,35.074276,15.079756,0.969729,-0.001927,0.007996,-0.972135,0.234277
102.066667,35.101216,15.026764,0.968743,-0.001940,0.008138,-0.972713,0.231859
102.083333,35.127901,14.973645,0.967741,-0.001951,0.008266,-0.973221,0.229716
102.100000,35.154300,14.920562,0.966727,-0.001963,0.008412,-0.973785,0.227305
102.116667,35.180387,14.867326,0.965693,-0.001974,0.008542,-0.974283,0.225156
102.133333,35.206246,14.814158,0.964652,-0.001986,0.008690,-0.974833,0.222757
102.150000,35.231737,14.760813,0.963586,-0.001996,0.008827,-0.975331,0.220560
102.166667,35.257057,14.707566,0.962516,-0.002007,0.008975,-0.975858,0.218211
102.183333,35.281954,14.654120,0.961418,-0.002017,0.009117,-0.976356,0.215969
102.200000,35.306731,14.600798,0.960319,-0.002026,0.009265,-0.976861,0.213667
102.216667,35.330970,14.547410,0.959191,-0.002036,0.009413,-0.977356,0.211381
102.233333,35.355160,14.493999,0.958060,-0.002045,0.009560,-0.977840,0.209125
102.250000,35.378859,14.440549,0.956902,-0.002053,0.009714,-0.978334,0.206796
102.266667,35.402463,14.387057,0.955738,-0.002061,0.009861,-0.978797,0.204585
102.283333,35.425623,14.333551,0.954550,-0.002069,0.010020,-0.979287,0.202218
102.300000,35.448644,14.279987,0.953352,-0.002076,0.010167,-0.979731,0.200049
102.316667,35.471263,14.226431,0.952134,-0.002083,0.010329,-0.980208,0.197689
102.333333,35.493704,14.172800,0.950902,-0.002089,0.010479,-0.980643,0.195515
102.350000,35.515783,14.119200,0.949653,-0.002095,0.010643,-0.981107,0.193161
102.366667,35.537645,14.065512,0.948388,-0.002101,0.010796,-0.981532,0.190982
102.383333,35.559185,14.011873,0.947107,-0.002106,0.010962,-0.981984,0.188635
102.400000,35.580471,13.958135,0.945808,-0.002110,0.011118,-0.982399,0.186451
102.416667,35.601471,13.904463,0.944495,-0.002114,0.011286,-0.982839,0.184110
102.433333,35.622184,13.850682,0.943161,-0.002117,0.011445,-0.983244,0.181921
102.450000,35.642645,13.796983,0.941816,-0.002121,0.011615,-0.983671,0.179586
102.466667,35.662788,13.743166,0.940447,-0.002123,0.011777,-0.984068,0.177392
102.483333,35.682709,13.689446,0.939070,-0.002125,0.011950,-0.984482,0.175064
102.500000,35.702284,13.635600,0.937666,-0.002126,0.012114,-0.984869,0.172864
102.516667,35.721667,13.581865,0.936256,-0.002127,0.012289,-0.985271,0.170543
102.533333,35.740677,13.527998,0.934816,-0.002127,0.012456,-0.985648,0.168337
102.550000,35.759522,13.474253,0.933373,-0.002127,0.012633,-0.986039,0.166023
102.566667,35.777970,13.420371,0.931898,-0.002126,0.012803,-0.986406,0.163812
102.583333,35.796276,13.366622,0.930421,-0.002125,0.012982,-0.986784,0.161504
102.600000,35.814166,13.312733,0.928910,-0.002123,0.013155,-0.987142,0.159288
102.616667,35.831934,13.258985,0.927399,-0.002120,0.013336,-0.987508,0.156987
102.633333,35.849268,13.205096,0.925853,-0.002117,0.013511,-0.987857,0.154765
102.650000,35.866499,13.151354,0.924307,-0.002113,0.013694,-0.988211,0.152471
102.666667,35.883281,13.097472,0.922724,-0.002108,0.013872,-0.988550,0.150243
102.683333,35.899975,13.043743,0.921144,-0.002103,0.014057,-0.988892,0.147957
102.700000,35.916208,12.989874,0.919526,-0.002097,0.014238,-0.989221,0.145723
102.716667,35.932366,12.936163,0.917910,-0.002091,0.014425,-0.989551,0.143444
102.733333,35.948053,12.882314,0.916255,-0.002084,0.014608,-0.989871,0.141203
102.750000,35.963675,12.828627,0.914604,-0.002076,0.014796,-0.990189,0.138932
102.766667,35.978820,12.774804,0.912913,-0.002068,0.014983,-0.990499,0.136685
102.783333,35.993908,12.721147,0.911226,-0.002058,0.015172,-0.990806,0.134421
102.800000,36.008514,12.667357,0.909499,-0.002048,0.015361,-0.991106,0.132168
102.816667,36.023067,12.613734,0.907776,-0.002038,0.015553,-0.991401,0.129912
102.833333,36.037138,12.559983,0.906012,-0.002027,0.015744,-0.991692,0.127653
102.850000,36.051157,12.506400,0.904253,-0.002015,0.015937,-0.991976,0.125404
102.866667,36.064697,12.452695,0.902453,-0.002002,0.016131,-0.992256,0.123138
102.883333,36.078183,12.399158,0.900657,-0.001989,0.016326,-0.992529,0.120897
102.900000,36.091196,12.345505,0.898820,-0.001974,0.016522,-0.992800,0.118624
102.916667,36.104150,12.292019,0.896987,-0.001959,0.016718,-0.993061,0.116391
102.933333,36.116639,12.238424,0.895114,-0.001943,0.016917,-0.993322,0.114112
102.950000,36.129061,12.184994,0.893244,-0.001927,0.017114,-0.993572,0.111887
102.966667,36.141031,12.131463,0.891334,-0.001910,0.017316,-0.993823,0.109601
102.983333,36.152922,12.078095,0.889426,-0.001892,0.017514,-0.994061,0.107384
103.000000,36.164377,12.024634,0.887480,-0.001873,0.017719,-0.994303,0.105091
103.016667,36.175737,11.971334,0.885535,-0.001854,0.017918,-0.994530,0.102884
103.033333,36.186681,11.917948,0.883552,-0.001833,0.018125,-0.994762,0.100584
103.050000,36.197512,11.864721,0.881569,-0.001812,0.018325,-0.994978,0.098386
103.066667,36.207950,11.811416,0.879549,-0.001789,0.018534,-0.995199,0.096079
103.083333,36.218252,11.758267,0.877528,-0.001767,0.018735,-0.995405,0.093891
103.100000,36.228188,11.705050,0.875473,-0.001743,0.018947,-0.995616,0.091578
103.116667,36.237963,11.651984,0.873413,-0.001719,0.019148,-0.995810,0.089400
103.133333,36.247402,11.598860,0.871322,-0.001693,0.019362,-0.996012,0.087081
103.150000,36.256651,11.545883,0.869223,-0.001668,0.019564,-0.996195,0.084913
103.166667,36.265597,11.492856,0.867096,-0.001640,0.019781,-0.996386,0.082588
103.183333,36.274322,11.439975,0.864958,-0.001613,0.019983,-0.996559,0.080431
103.200000,36.282780,11.387051,0.862796,-0.001583,0.020202,-0.996740,0.078099
103.216667,36.290981,11.334269,0.860619,-0.001555,0.020405,-0.996901,0.075953
103.233333,36.298956,11.281454,0.858421,-0.001523,0.020626,-0.997072,0.073614
103.250000,36.306636,11.228777,0.856205,-0.001493,0.020829,-0.997224,0.071479
103.266667,36.314133,11.176075,0.853972,-0.001459,0.021053,-0.997384,0.069134
103.283333,36.321292,11.123509,0.851717,-0.001428,0.021255,-0.997525,0.067009
103.300000,36.328316,11.070926,0.849448,-0.001392,0.021482,-0.997675,0.064657
103.316667,36.334955,11.018476,0.847154,-0.001359,0.021688,-0.997808,0.062513
103.333333,36.341512,10.966016,0.844851,-0.001321,0.021913,-0.997946,0.060181
103.350000,36.347633,10.913686,0.842516,-0.001286,0.022125,-0.998071,0.057989
103.366667,36.353727,10.861354,0.840179,-0.001247,0.022347,-0.998196,0.055709
103.383333,36.359332,10.809151,0.837804,-0.001209,0.022566,-0.998314,0.053465
103.400000,36.364936,10.756949,0.835430,-0.001169,0.022784,-0.998426,0.051242
103.416667,36.370075,10.704700,0.833010,-0.001128,0.023009,-0.998536,0.048942
103.433333,36.375164,10.652629,0.830596,-0.001088,0.023222,-0.998635,0.046779
103.450000,36.379850,10.600522,0.828142,-0.001043,0.023454,-0.998737,0.044419
103.466667,36.384425,10.548588,0.825687,-0.001003,0.023662,-0.998823,0.042321
103.483333,36.388662,10.496627,0.823199,-0.000955,0.023899,-0.998916,0.039930
103.500000,36.392725,10.444835,0.820704,-0.000914,0.024104,-0.998992,0.037866
103.516667,36.396519,10.393025,0.818182,-0.000864,0.024343,-0.999074,0.035468
103.533333,36.400071,10.341380,0.815647,-0.000821,0.024548,-0.999140,0.033418
103.550000,36.403429,10.289724,0.813092,-0.000769,0.024789,-0.999211,0.031014
103.566667,36.406472,10.238232,0.810516,-0.000724,0.024998,-0.999269,0.028930
103.583333,36.409399,10.186734,0.807928,-0.000671,0.025236,-0.999328,0.026565
103.600000,36.411935,10.135400,0.805312,-0.000622,0.025453,-0.999378,0.024409
103.616667,36.414437,10.084064,0.802692,-0.000569,0.025685,-0.999425,0.022125
103.633333,36.416469,10.032893,0.800035,-0.000516,0.025910,-0.999466,0.019892
103.650000,36.418502,9.981721,0.797378,-0.000463,0.026134,-0.999502,0.017693
103.666667,36.420087,9.930537,0.794675,-0.000406,0.026369,-0.999534,0.015380
103.683333,36.421617,9.879533,0.791977,-0.000353,0.026584,-0.999558,0.013270
103.700000,36.422789,9.828523,0.789243,-0.000292,0.026829,-0.999581,0.010873
103.716667,36.423818,9.777693,0.786505,-0.000240,0.027036,-0.999595,0.008857
103.733333,36.424582,9.726860,0.783739,-0.000175,0.027286,-0.999607,0.006419
103.750000,36.425113,9.676209,0.780960,-0.000121,0.027492,-0.999612,0.004413
103.766667,36.425475,9.625557,0.778163,-0.000056,0.027740,-0.999613,0.002001
103.783333,36.425511,9.575088,0.775343,0.000003,0.027956,-0.999609,-0.000096
103.800000,36.425477,9.524621,0.772516,0.000068,0.028195,-0.999600,-0.002408
103.816667,36.425019,9.474341,0.769655,0.000131,0.028422,-0.999585,-0.004602
103.833333,36.424560,9.424061,0.766794,0.000195,0.028651,-0.999566,-0.006808
103.850000,36.423642,9.373790,0.763886,0.000263,0.028889,-0.999541,-0.009102
103.866667,36.422692,9.323703,0.760984,0.000326,0.029107,-0.999514,-0.011198
103.883333,36.421390,9.273627,0.758046,0.000399,0.029357,-0.999476,-0.013599
103.900000,36.419950,9.223739,0.755103,0.000461,0.029563,-0.999441,-0.015579
103.916667,36.418270,9.173861,0.752135,0.000539,0.029821,-0.999392,-0.018053
103.933333,36.416343,9.124176,0.749152,0.000603,0.030033,-0.999347,-0.020076
103.950000,36.414292,9.074497,0.746156,0.000680,0.030280,-0.999289,-0.022437
103.966667,36.411880,9.025021,0.743131,0.000750,0.030503,-0.999232,-0.024572
103.983333,36.409465,8.975545,0.740107,0.000825,0.030737,-0.999168,-0.026808
104.000000,36.406570,8.926282,0.737042,0.000901,0.030973,-0.999097,-0.029058
104.016667,36.403675,8.877019,0.733977,0.000973,0.031194,-0.999027,-0.031164
104.033333,36.400410,8.827782,0.730872,0.001055,0.031442,-0.998942,-0.033532
104.050000,36.397036,8.778737,0.727766,0.001126,0.031652,-0.998867,-0.035528
104.066667,36.393421,8.729711,0.724635,0.001214,0.031911,-0.998767,-0.037998
104.083333,36.389571,8.680889,0.721489,0.001286,0.032120,-0.998683,-0.039993
104.100000,36.385612,8.632077,0.718331,0.001372,0.032365,-0.998579,-0.042323
104.116667,36.381290,8.583483,0.715145,0.001451,0.032588,-0.998479,-0.044447
104.133333,36.376969,8.534888,0.711959,0.001533,0.032817,-0.998372,-0.046631
104.150000,36.372188,8.486340,0.708724,0.001619,0.033053,-0.998256,-0.048885
104.166667,36.367398,8.437978,0.705498,0.001697,0.033267,-0.998147,-0.050918
104.183333,36.362288,8.389651,0.702237,0.001790,0.033517,-0.998014,-0.053307
104.200000,36.357033,8.341526,0.698972,0.001869,0.033727,-0.997898,-0.055309
104.216667,36.351602,8.293422,0.695687,0.001965,0.033977,-0.997754,-0.057692
104.233333,36.345886,8.245538,0.692382,0.002047,0.034190,-0.997627,-0.059725
104.250000,36.340140,8.197658,0.689074,0.002138,0.034422,-0.997483,-0.061948
104.266667,36.333968,8.150020,0.685731,0.002228,0.034650,-0.997338,-0.064125
104.283333,36.327795,8.102382,0.682387,0.002314,0.034866,-0.997195,-0.066184
104.300000,36.321263,8.054795,0.679004,0.002412,0.035109,-0.997030,-0.068510
104.316667,36.314637,8.007407,0.675621,0.002498,0.035319,-0.996882,-0.070520
104.333333,36.307805,7.960050,0.672217,0.002601,0.035566,-0.996703,-0.072884
104.350000,36.300729,7.912917,0.668796,0.002689,0.035776,-0.996546,-0.074894
104.366667,36.293605,7.865792,0.665369,0.002787,0.036008,-0.996368,-0.077117
104.383333,36.286082,7.818918,0.661910,0.002883,0.036231,-0.996191,-0.079258
104.400000,36.278559,7.772044,0.658451,0.002975,0.036444,-0.996018,-0.081303
104.416667,36.270676,7.725232,0.654952,0.003080,0.036684,-0.995819,-0.083606
104.433333,36.262711,7.678621,0.651455,0.003173,0.036894,-0.995639,-0.085625
104.450000,36.254550,7.632047,0.647937,0.003281,0.037134,-0.995428,-0.087944
104.466667,36.246145,7.585703,0.644402,0.003375,0.037343,-0.995239,-0.089961
104.483333,36.237714,7.539365,0.640864,0.003479,0.037567,-0.995031,-0.092142
104.500000,36.228874,7.493294,0.637292,0.003581,0.037785,-0.994822,-0.094283
104.516667,36.220033,7.447223,0.633720,0.003678,0.037990,-0.994620,-0.096305
104.533333,36.210871,7.401218,0.630113,0.003789,0.038217,-0.994387,-0.098588
104.550000,36.201600,7.355422,0.626505,0.003887,0.038416,-0.994177,-0.100606
104.566667,36.192183,7.309658,0.622882,0.003999,0.038635,-0.993936,-0.102869
104.583333,36.182486,7.264142,0.619240,0.004098,0.038826,-0.993718,-0.104881
104.600000,36.172788,7.218625,0.615599,0.004201,0.039023,-0.993488,-0.106965
104.616667,36.162664,7.173206,0.611915,0.004309,0.039221,-0.993244,-0.109134
104.633333,36.152546,7.127973,0.608242,0.004410,0.039402,-0.993013,-0.111146
104.650000,36.142184,7.082797,0.604546,0.004522,0.039597,-0.992754,-0.113363
104.666667,36.131652,7.037850,0.600844,0.004623,0.039770,-0.992515,-0.115369
104.683333,36.121059,6.992917,0.597137,0.004732,0.039953,-0.992254,-0.117527
104.700000,36.110116,6.948260,0.593409,0.004836,0.040120,-0.992003,-0.119568
104.716667,36.099173,6.903602,0.589681,0.004938,0.040283,-0.991752,-0.121575
104.733333,36.087908,6.859028,0.585925,0.005049,0.040453,-0.991476,-0.123744
104.750000,36.076561,6.814663,0.582173,0.005151,0.040607,-0.991218,-0.125744
104.766667,36.065082,6.770333,0.578410,0.005262,0.040769,-0.990936,-0.127892
104.783333,36.053334,6.726265,0.574636,0.005364,0.040914,-0.990670,-0.129887
104.800000,36.041587,6.682196,0.570862,0.005468,0.041059,-0.990399,-0.131887
104.816667,36.029459,6.638233,0.567058,0.005577,0.041205,-0.990107,-0.134010
104.833333,36.017317,6.594463,0.563264,0.005680,0.041341,-0.989829,-0.136005
104.850000,36.004991,6.550747,0.559457,0.005789,0.041480,-0.989531,-0.138107
104.866667,35.992460,6.507279,0.555646,0.005892,0.041606,-0.989246,-0.140096
104.883333,35.979929,6.463811,0.551835,0.005997,0.041733,-0.988953,-0.142107
104.900000,35.966976,6.420470,0.547994,0.006103,0.041856,-0.988649,-0.144164
104.916667,35.954060,6.377307,0.544168,0.006207,0.041973,-0.988352,-0.146154
104.933333,35.940926,6.334212,0.540327,0.006314,0.042089,-0.988040,-0.148210
104.950000,35.927631,6.291357,0.536488,0.006416,0.042197,-0.987735,-0.150194
104.966667,35.914322,6.248507,0.532648,0.006522,0.042306,-0.987421,-0.152212
104.983333,35.900653,6.205962,0.528798,0.006625,0.042407,-0.987105,-0.154211
105.000000,35.886984,6.163418,0.524948,0.006728,0.042506,-0.986788,-0.156197
105.016667,35.873081,6.120951,0.521084,0.006832,0.042601,-0.986463,-0.158208
105.033333,35.859043,6.078720,0.517225,0.006935,0.042691,-0.986138,-0.160190
105.050000,35.844980,6.036497,0.513365,0.007038,0.042781,-0.985808,-0.162181
105.066667,35.830577,5.994581,0.509499,0.007140,0.042863,-0.985476,-0.164163
105.083333,35.816174,5.952666,0.505634,0.007243,0.042944,-0.985138,-0.166150
105.100000,35.801539,5.910833,0.501757,0.007344,0.043020,-0.984799,-0.168125
105.116667,35.786774,5.869237,0.497886,0.007447,0.043094,-0.984453,-0.170115
105.133333,35.771993,5.827647,0.494015,0.007548,0.043165,-0.984108,-0.172081
105.150000,35.756871,5.786373,0.490142,0.007649,0.043231,-0.983754,-0.174070
105.166667,35.741748,5.745099,0.486268,0.007752,0.043295,-0.983395,-0.176069
105.183333,35.726410,5.703906,0.482386,0.007851,0.043355,-0.983040,-0.178017
105.200000,35.710932,5.662958,0.478511,0.007953,0.043412,-0.982672,-0.180021
105.216667,35.695453,5.622010,0.474636,0.008054,0.043468,-0.982302,-0.182011
105.233333,35.679565,5.581220,0.470746,0.008153,0.043516,-0.981935,-0.183966
105.250000,35.663734,5.540601,0.466872,0.008254,0.043565,-0.981553,-0.185980
105.266667,35.647720,5.500055,0.462992,0.008351,0.043608,-0.981184,-0.187902
105.283333,35.631539,5.459768,0.459119,0.008452,0.043649,-0.980792,-0.189921
105.300000,35.615358,5.419481,0.455247,0.008554,0.043690,-0.980395,-0.191946
105.316667,35.598810,5.379345,0.451364,0.008649,0.043722,-0.980016,-0.193859
105.333333,35.582282,5.339394,0.447496,0.008750,0.043755,-0.979610,-0.195889
105.350000,35.565620,5.299499,0.443625,0.008843,0.043783,-0.979227,-0.197784
105.366667,35.548748,5.259886,0.439762,0.008943,0.043808,-0.978812,-0.199819
105.383333,35.531876,5.220274,0.435899,0.009043,0.043832,-0.978391,-0.201861
105.400000,35.514696,5.180795,0.432030,0.009135,0.043850,-0.977999,-0.203744
105.416667,35.497482,5.141525,0.428175,0.009234,0.043866,-0.977569,-0.205791
105.433333,35.480203,5.102284,0.424319,0.009326,0.043880,-0.977168,-0.207679
105.450000,35.462651,5.063359,0.420472,0.009423,0.043889,-0.976732,-0.209712
105.466667,35.445099,5.024434,0.416626,0.009522,0.043897,-0.976287,-0.211769
105.483333,35.427317,4.985615,0.412776,0.009610,0.043901,-0.975882,-0.213623
105.500000,35.409430,4.947039,0.408941,0.009707,0.043901,-0.975427,-0.215686
105.516667,35.391542,4.908462,0.405105,0.009801,0.043901,-0.974985,-0.217672
105.533333,35.373265,4.870070,0.401266,0.009891,0.043895,-0.974553,-0.219593
105.550000,35.355045,4.831845,0.397442,0.009987,0.043887,-0.974083,-0.221667
105.566667,35.336688,4.793688,0.393618,0.010071,0.043877,-0.973666,-0.223489
105.583333,35.318139,4.755818,0.389808,0.010166,0.043862,-0.973186,-0.225569
105.600000,35.299590,4.717949,0.385999,0.010262,0.043845,-0.972700,-0.227654
105.616667,35.280754,4.680223,0.382189,0.010343,0.043826,-0.972275,-0.229465
105.633333,35.261878,4.642712,0.378395,0.010437,0.043801,-0.971778,-0.231559
105.650000,35.242975,4.605215,0.374601,0.010523,0.043776,-0.971318,-0.233481
105.666667,35.223776,4.568066,0.370824,0.010610,0.043746,-0.970842,-0.235456
105.683333,35.204577,4.530917,0.367047,0.010702,0.043711,-0.970329,-0.237564
105.700000,35.185211,4.493855,0.363271,0.010779,0.043679,-0.969891,-0.239347
105.716667,35.165689,4.457072,0.359513,0.010870,0.043636,-0.969366,-0.241468
105.733333,35.146168,4.420289,0.355756,0.010959,0.043592,-0.968844,-0.243558
105.750000,35.126344,4.383668,0.352002,0.011034,0.043548,-0.968389,-0.245367
105.766667,35.106503,4.347255,0.348265,0.011123,0.043494,-0.967846,-0.247507
105.783333,35.086630,4.310858,0.344529,0.011202,0.043444,-0.967353,-0.249432
105.800000,35.066470,4.274819,0.340815,0.011282,0.043386,-0.966839,-0.251421
105.816667,35.046310,4.238779,0.337101,0.011369,0.043321,-0.966277,-0.253580
105.833333,35.025993,4.202828,0.333391,0.011439,0.043266,-0.965815,-0.255342
105.850000,35.005516,4.167167,0.329703,0.011523,0.043192,-0.965241,-0.257509
105.866667,34.985038,4.131506,0.326014,0.011605,0.043118,-0.964671,-0.259646
105.883333,34.964283,4.096005,0.322333,0.011673,0.043051,-0.964191,-0.261430
105.900000,34.943490,4.060726,0.318671,0.011755,0.042966,-0.963597,-0.263622
105.916667,34.922698,4.025447,0.315009,0.011828,0.042888,-0.963054,-0.265607
105.933333,34.901509,3.990403,0.311361,0.011899,0.042806,-0.962517,-0.267557
105.950000,34.880403,3.955511,0.307728,0.011978,0.042710,-0.961903,-0.269767
105.966667,34.859191,3.920683,0.304099,0.012043,0.042628,-0.961389,-0.271604
105.983333,34.837774,3.886182,0.300496,0.012116,0.042529,-0.960794,-0.273716
106.000000,34.816356,3.851680,0.296894,0.012192,0.042423,-0.960159,-0.275946
106.016667,34.794725,3.817312,0.293301,0.012249,0.042338,-0.959669,-0.277657
106.033333,34.772998,3.783205,0.289731,0.012323,0.042222,-0.959020,-0.279902
106.050000,34.751271,3.749099,0.286162,0.012391,0.042112,-0.958408,-0.282005
106.066667,34.729227,3.715195,0.282607,0.012450,0.042012,-0.957867,-0.283851
106.083333,34.707193,3.681489,0.279072,0.012520,0.041885,-0.957197,-0.286115
106.100000,34.685144,3.647791,0.275537,0.012580,0.041773,-0.956610,-0.288086
106.116667,34.662804,3.614489,0.272038,0.012639,0.041656,-0.956013,-0.290075
106.133333,34.640464,3.581186,0.268539,0.012706,0.041519,-0.955322,-0.292359
106.150000,34.618018,3.547955,0.265047,0.012759,0.041405,-0.954761,-0.294201
106.166667,34.595375,3.515061,0.261586,0.012818,0.041270,-0.954108,-0.296329
106.183333,34.572732,3.482167,0.258125,0.012880,0.041124,-0.953401,-0.298612
106.200000,34.549895,3.449407,0.254677,0.012926,0.041009,-0.952861,-0.300345
106.216667,34.526951,3.416926,0.251256,0.012985,0.040856,-0.952151,-0.302607
106.233333,34.504008,3.384445,0.247835,0.013040,0.040708,-0.951464,-0.304776
106.250000,34.480787,3.352160,0.244433,0.013084,0.040582,-0.950891,-0.306573
106.266667,34.457545,3.320097,0.241054,0.013140,0.040416,-0.950140,-0.308913
106.283333,34.434303,3.288034,0.237675,0.013189,0.040268,-0.949473,-0.310974
106.300000,34.410705,3.256229,0.234322,0.013233,0.040128,-0.948848,-0.312893
106.316667,34.387167,3.224588,0.230987,0.013285,0.039953,-0.948072,-0.315256
106.333333,34.363596,3.192972,0.227653,0.013328,0.039807,-0.947424,-0.317216
106.350000,34.339762,3.161760,0.224362,0.013371,0.039652,-0.946745,-0.319253
106.366667,34.315929,3.130548,0.221070,0.013421,0.039470,-0.945943,-0.321642
106.383333,34.291995,3.099413,0.217787,0.013458,0.039326,-0.945313,-0.323507
106.400000,34.267869,3.068635,0.214540,0.013500,0.039158,-0.944580,-0.325657
106.416667,34.243743,3.037856,0.211294,0.013545,0.038972,-0.943769,-0.328022
106.433333,34.219452,3.007208,0.208062,0.013579,0.038827,-0.943140,-0.329842
106.450000,34.195034,2.976869,0.204862,0.013619,0.038646,-0.942354,-0.332100
106.466667,34.170617,2.946531,0.201662,0.013659,0.038461,-0.941551,-0.334388
106.483333,34.145976,2.916372,0.198482,0.013690,0.038310,-0.940902,-0.336227
106.500000,34.121269,2.886480,0.195330,0.013728,0.038116,-0.940062,-0.338587
106.516667,34.096562,2.856587,0.192177,0.013763,0.037931,-0.939269,-0.340801
106.533333,34.071578,2.826923,0.189050,0.013791,0.037776,-0.938598,-0.342660
106.550000,34.046583,2.797482,0.185946,0.013826,0.037567,-0.937705,-0.345117
106.566667,34.021589,2.768041,0.182843,0.013856,0.037384,-0.936920,-0.347263
106.583333,33.996269,2.738877,0.179770,0.013882,0.037220,-0.936217,-0.349170
106.600000,33.970989,2.709894,0.176716,0.013913,0.037002,-0.935284,-0.351684
106.616667,33.945709,2.680911,0.173662,0.013938,0.036819,-0.934505,-0.353767
106.633333,33.920060,2.652250,0.170644,0.013961,0.036644,-0.933758,-0.355750
106.650000,33.894497,2.623730,0.167641,0.013989,0.036418,-0.932794,-0.358292
106.666667,33.868917,2.595227,0.164640,0.014009,0.036237,-0.932020,-0.360318
106.683333,33.843074,2.567177,0.161689,0.014029,0.036051,-0.931231,-0.362370
106.700000,33.817231,2.539128,0.158738,0.014052,0.035818,-0.930236,-0.364939
106.716667,33.791337,2.511125,0.155792,0.014068,0.035636,-0.929466,-0.366914
106.733333,33.765217,2.483552,0.152894,0.014084,0.035441,-0.928636,-0.369027
106.750000,33.739096,2.455979,0.149996,0.014102,0.035203,-0.927621,-0.371594
106.766667,33.712896,2.428481,0.147106,0.014114,0.035019,-0.926842,-0.373548
106.783333,33.686501,2.401391,0.144262,0.014126,0.034815,-0.925973,-0.375715
106.800000,33.660105,2.374301,0.141418,0.014139,0.034574,-0.924949,-0.378251
106.816667,33.633607,2.347310,0.138586,0.014147,0.034385,-0.924146,-0.380225
106.833333,33.606940,2.320709,0.135797,0.014155,0.034172,-0.923241,-0.382437
106.850000,33.580273,2.294108,0.133009,0.014162,0.033926,-0.922206,-0.384949
106.866667,33.553486,2.267627,0.130234,0.014165,0.033730,-0.921379,-0.386941
106.883333,33.526551,2.241522,0.127502,0.014167,0.033505,-0.920439,-0.389189
106.900000,33.499616,2.215416,0.124770,0.014166,0.033251,-0.919390,-0.391684
106.916667,33.472547,2.189448,0.122054,0.014163,0.033043,-0.918538,-0.393695
106.933333,33.445347,2.163844,0.119381,0.014156,0.032804,-0.917568,-0.395971
106.950000,33.418147,2.138240,0.116707,0.014145,0.032536,-0.916501,-0.398457
106.966667,33.390806,2.112786,0.114053,0.014133,0.032312,-0.915624,-0.400486
106.983333,33.363345,2.087690,0.111443,0.014116,0.032055,-0.914626,-0.402782
107.000000,33.335885,2.062595,0.108833,0.014093,0.031768,-0.913538,-0.405267
107.016667,33.308280,2.037656,0.106245,0.014070,0.031526,-0.912635,-0.407315
107.033333,33.280562,2.013076,0.103703,0.014041,0.031249,-0.911612,-0.409621
107.050000,33.252843,1.988495,0.101161,0.014005,0.030941,-0.910499,-0.412114
107.066667,33.224984,1.964073,0.098643,0.013971,0.030680,-0.909569,-0.414182
107.083333,33.197012,1.940014,0.096174,0.013929,0.030385,-0.908526,-0.416490
107.100000,33.169040,1.915954,0.093704,0.013879,0.030056,-0.907383,-0.419000
107.116667,33.140933,1.892051,0.091260,0.013833,0.029777,-0.906425,-0.421088
107.133333,33.112712,1.868520,0.088868,0.013779,0.029465,-0.905364,-0.423388
107.150000,33.084491,1.844989,0.086476,0.013714,0.029113,-0.904186,-0.425925
107.166667,33.056146,1.821605,0.084108,0.013656,0.028816,-0.903201,-0.428033
107.183333,33.027679,1.798610,0.081798,0.013590,0.028490,-0.902126,-0.430317
107.200000,32.999213,1.775614,0.079488,0.013509,0.028115,-0.900908,-0.432888
107.216667,32.970639,1.752750,0.077201,0.013438,0.027799,-0.899893,-0.435017
107.233333,32.941931,1.730297,0.074978,0.013360,0.027462,-0.898809,-0.437275
107.250000,32.913223,1.707844,0.072754,0.013263,0.027061,-0.897545,-0.439891
107.266667,32.884428,1.685502,0.070550,0.013179,0.026727,-0.896500,-0.442040
107.283333,32.855484,1.663599,0.068418,0.013089,0.026381,-0.895413,-0.444262
107.300000,32.826539,1.641695,0.066285,0.012974,0.025954,-0.894097,-0.446933
107.316667,32.797533,1.619874,0.064168,0.012876,0.025602,-0.893021,-0.449103
107.333333,32.768357,1.598529,0.062131,0.012775,0.025249,-0.891935,-0.451278
107.350000,32.739180,1.577183,0.060094,0.012641,0.024795,-0.890560,-0.454013
107.366667,32.709970,1.555884,0.058066,0.012528,0.024425,-0.889452,-0.456203
107.383333,32.680567,1.535103,0.056129,0.012413,0.024055,-0.888336,-0.458396
107.400000,32.651165,1.514323,0.054192,0.012262,0.023584,-0.886932,-0.461135
107.416667,32.621760,1.493545,0.052256,0.012134,0.023197,-0.885791,-0.463345
107.433333,32.592136,1.473337,0.050423,0.012004,0.022809,-0.884642,-0.465558
107.450000,32.562511,1.453130,0.048591,0.011836,0.022323,-0.883211,-0.468294
107.466667,32.532887,1.432922,0.046758,0.011693,0.021919,-0.882038,-0.470523
107.483333,32.502957,1.413164,0.045017,0.011547,0.021515,-0.880855,-0.472755
107.500000,32.473117,1.393537,0.043293,0.011364,0.021017,-0.879402,-0.475480
107.516667,32.443277,1.373911,0.041569,0.011206,0.020600,-0.878200,-0.477719
107.533333,32.413174,1.354685,0.039929,0.011046,0.020183,-0.876988,-0.479960
107.550000,32.383124,1.335647,0.038319,0.010854,0.019693,-0.875561,-0.482584
107.566667,32.353074,1.316609,0.036708,0.010680,0.019257,-0.874299,-0.484887
107.583333,32.322811,1.297910,0.035169,0.010509,0.018836,-0.873071,-0.487115
107.600000,32.292562,1.279462,0.033673,0.010314,0.018364,-0.871690,-0.489605
107.616667,32.262313,1.261014,0.032177,0.010127,0.017916,-0.870376,-0.491957
107.633333,32.231905,1.242829,0.030736,0.009949,0.017499,-0.869145,-0.494147
107.650000,32.201473,1.224963,0.029353,0.009757,0.017055,-0.867828,-0.496476
107.666667,32.171042,1.207097,0.027969,0.009557,0.016598,-0.866466,-0.498869
107.683333,32.140504,1.189413,0.026624,0.009375,0.016191,-0.865241,-0.501007
107.700000,32.109906,1.172119,0.025350,0.009190,0.015781,-0.864003,-0.503156
107.716667,32.079308,1.154825,0.024076,0.008977,0.015316,-0.862589,-0.505593
107.733333,32.048656,1.137628,0.022823,0.008793,0.014918,-0.861373,-0.507678
107.750000,32.017907,1.120896,0.021656,0.008605,0.014520,-0.860148,-0.509765
107.766667,31.987158,1.104165,0.020490,0.008390,0.014068,-0.858748,-0.512136
107.783333,31.956406,1.087440,0.019325,0.008203,0.013681,-0.857541,-0.514169
107.800000,31.925521,1.071261,0.018263,0.008013,0.013293,-0.856325,-0.516203
107.816667,31.894636,1.055082,0.017201,0.007797,0.012857,-0.854947,-0.518497
107.833333,31.863751,1.038902,0.016139,0.007608,0.012479,-0.853750,-0.520479
107.850000,31.832663,1.023114,0.015157,0.007416,0.012102,-0.852544,-0.522462
107.866667,31.801656,1.007477,0.014197,0.007199,0.011679,-0.851187,-0.524683
107.883333,31.770649,0.991841,0.013237,0.007008,0.011312,-0.850001,-0.526614
107.900000,31.739498,0.976491,0.012335,0.006815,0.010945,-0.848806,-0.528546
107.916667,31.708383,0.961387,0.011475,0.006610,0.010560,-0.847546,-0.530575
107.933333,31.677268,0.946282,0.010614,0.006406,0.010179,-0.846293,-0.532581
107.950000,31.646065,0.931358,0.009790,0.006211,0.009821,-0.845110,-0.534466
107.966667,31.614854,0.916775,0.009026,0.006015,0.009464,-0.843920,-0.536352
107.983333,31.583643,0.902192,0.008262,0.005800,0.009078,-0.842628,-0.538388
108.000000,31.552400,0.887680,0.007512,0.005605,0.008730,-0.841457,-0.540224
108.016667,31.521105,0.873609,0.006843,0.005408,0.008383,-0.840279,-0.542063
108.033333,31.489811,0.859538,0.006173,0.005194,0.008010,-0.839009,-0.544033
108.050000,31.458516,0.845467,0.005504,0.004998,0.007672,-0.837850,-0.545823
108.066667,31.427042,0.831799,0.004915,0.004800,0.007334,-0.836685,-0.547615
108.083333,31.395676,0.818230,0.004337,0.004587,0.006974,-0.835436,-0.549524
108.100000,31.364309,0.804660,0.003760,0.004391,0.006645,-0.834290,-0.551268
108.116667,31.332822,0.791372,0.003238,0.004193,0.006316,-0.833137,-0.553014
108.133333,31.301395,0.778294,0.002750,0.003987,0.005979,-0.831948,-0.554807
108.150000,31.269967,0.765215,0.002261,0.003784,0.005649,-0.830775,-0.556567
108.166667,31.238474,0.752296,0.001804,0.003586,0.005329,-0.829635,-0.558270
108.183333,31.206996,0.739698,0.001403,0.003386,0.005010,-0.828488,-0.559974
108.200000,31.175518,0.727100,0.001002,0.003181,0.004684,-0.827304,-0.561726
108.216667,31.144026,0.714537,0.000607,0.002985,0.004377,-0.826178,-0.563384
108.233333,31.112507,0.702409,0.000290,0.002788,0.004071,-0.825046,-0.565043
108.250000,31.080988,0.690282,-0.000027,0.002588,0.003762,-0.823883,-0.566741
108.266667,31.049469,0.678155,-0.000344,0.002400,0.003475,-0.822773,-0.568354
108.283333,31.017828,0.666350,-0.000600,0.002211,0.003187,-0.821657,-0.569969
108.300000,30.986278,0.654683,-0.000837,0.002019,0.002897,-0.820515,-0.571614
108.316667,30.954727,0.643015,-0.001075,0.001845,0.002637,-0.819423,-0.573181
108.333333,30.923108,0.631537,-0.001279,0.001669,0.002377,-0.818325,-0.574749
108.350000,30.891535,0.620318,-0.001446,0.001493,0.002116,-0.817221,-0.576319
108.366667,30.859963,0.609098,-0.001612,0.001329,0.001878,-0.816127,-0.577868
108.383333,30.828371,0.597936,-0.001770,0.001172,0.001648,-0.815049,-0.579389
108.400000,30.796785,0.587153,-0.001873,0.001012,0.001418,-0.813965,-0.580912
108.416667,30.765199,0.576370,-0.001977,0.000862,0.001203,-0.812894,-0.582410
108.433333,30.733613,0.565586,-0.002081,0.000722,0.001004,-0.811836,-0.583885
108.450000,30.701924,0.555113,-0.002141,0.000581,0.000805,-0.810772,-0.585361
108.466667,30.670333,0.544754,-0.002190,0.000444,0.000613,-0.809725,-0.586809
108.483333,30.638742,0.534395,-0.002239,0.000323,0.000444,-0.808688,-0.588238
108.500000,30.607096,0.524207,-0.002268,0.000201,0.000275,-0.807645,-0.589668
108.516667,30.575509,0.514261,-0.002271,0.000078,0.000106,-0.806598,-0.591100
108.533333,30.543921,0.504314,-0.002274,-0.000026,-0.000036,-0.805601,-0.592458
108.550000,30.512322,0.494402,-0.002273,-0.000129,-0.000175,-0.804581,-0.593843
108.566667,30.480744,0.484856,-0.002238,-0.000232,-0.000314,-0.803556,-0.595229
108.583333,30.449166,0.475310,-0.002203,-0.000324,-0.000436,-0.802582,-0.596541
108.600000,30.417588,0.465764,-0.002168,-0.000407,-0.000546,-0.801584,-0.597882
108.616667,30.385935,0.456471,-0.002112,-0.000490,-0.000655,-0.800582,-0.599223
108.633333,30.354374,0.447313,-0.002047,-0.000571,-0.000760,-0.799608,-0.600522
108.650000,30.322813,0.438155,-0.001982,-0.000633,-0.000840,-0.798654,-0.601790
108.666667,30.291220,0.429110,-0.001909,-0.000696,-0.000920,-0.797675,-0.603087
108.683333,30.259682,0.420329,-0.001822,-0.000759,-0.001001,-0.796691,-0.604385
108.700000,30.228144,0.411547,-0.001735,-0.000806,-0.001059,-0.795790,-0.605571
108.716667,30.196606,0.402766,-0.001648,-0.000848,-0.001111,-0.794835,-0.606824
108.733333,30.164984,0.394293,-0.001547,-0.000891,-0.001163,-0.793875,-0.608079
108.750000,30.133476,0.385875,-0.001446,-0.000927,-0.001206,-0.792995,-0.609226
108.766667,30.101967,0.377458,-0.001345,-0.000948,-0.001230,-0.792064,-0.610436
108.783333,30.070415,0.369207,-0.001240,-0.000969,-0.001253,-0.791129,-0.611647
108.800000,30.038941,0.361142,-0.001132,-0.000990,-0.001277,-0.790190,-0.612860
108.816667,30.007467,0.353077,-0.001024,-0.000994,-0.001278,-0.789360,-0.613929
108.833333,29.975986,0.345040,-0.000917,-0.000993,-0.001273,-0.788449,-0.615098
108.850000,29.944552,0.337316,-0.000810,-0.000993,-0.001269,-0.787535,-0.616268
108.866667,29.913117,0.329592,-0.000704,-0.000986,-0.001257,-0.786725,-0.617301
108.883333,29.881683,0.321868,-0.000597,-0.000964,-0.001225,-0.785839,-0.618429
108.900000,29.850202,0.314338,-0.000496,-0.000941,-0.001193,-0.784950,-0.619557
108.916667,29.818812,0.306943,-0.000398,-0.000919,-0.001161,-0.784084,-0.620653
108.933333,29.787422,0.299548,-0.000301,-0.000882,-0.001112,-0.783297,-0.621646
108.950000,29.756019,0.292209,-0.000206,-0.000841,-0.001056,-0.782433,-0.622734
108.966667,29.724678,0.285132,-0.000125,-0.000799,-0.001001,-0.781565,-0.623823
108.983333,29.693337,0.278054,-0.000043,-0.000757,-0.000946,-0.780820,-0.624754
109.000000,29.661996,0.270976,0.000038,-0.000705,-0.000878,-0.779979,-0.625805
109.016667,29.630609,0.264103,0.000105,-0.000652,-0.000810,-0.779134,-0.626856
109.033333,29.599321,0.257332,0.000166,-0.000602,-0.000746,-0.778342,-0.627839
109.050000,29.568032,0.250561,0.000226,-0.000552,-0.000683,-0.777585,-0.628777
109.066667,29.536729,0.243857,0.000282,-0.000498,-0.000614,-0.776762,-0.629794
109.083333,29.505496,0.237383,0.000324,-0.000444,-0.000546,-0.775936,-0.630812
109.100000,29.474263,0.230909,0.000366,-0.000401,-0.000492,-0.775247,-0.631657
109.116667,29.443030,0.224435,0.000408,-0.000352,-0.000431,-0.774444,-0.632642
109.133333,29.411757,0.218161,0.000437,-0.000304,-0.000371,-0.773638,-0.633627
109.150000,29.380583,0.211974,0.000463,-0.000260,-0.000317,-0.772899,-0.634529
109.166667,29.349409,0.205788,0.000488,-0.000221,-0.000269,-0.772180,-0.635403
109.183333,29.318222,0.199667,0.000510,-0.000179,-0.000217,-0.771395,-0.636356
109.200000,29.287110,0.193758,0.000521,-0.000137,-0.000166,-0.770607,-0.637310
109.216667,29.255998,0.187850,0.000532,-0.000105,-0.000127,-0.769970,-0.638080
109.233333,29.224885,0.181942,0.000543,-0.000070,-0.000084,-0.769206,-0.639001
109.250000,29.193739,0.176217,0.000545,-0.000034,-0.000041,-0.768439,-0.639923
109.266667,29.162691,0.170578,0.000545,-0.000002,-0.000003,-0.767736,-0.640766
109.283333,29.131642,0.164939,0.000544,0.000024,0.000029,-0.767070,-0.641563
109.300000,29.100585,0.159351,0.000542,0.000053,0.000063,-0.766324,-0.642454
109.316667,29.069603,0.153971,0.000532,0.000082,0.000097,-0.765576,-0.643346
109.333333,29.038622,0.148592,0.000522,0.000102,0.000122,-0.764989,-0.644044
109.350000,29.007640,0.143213,0.000512,0.000124,0.000147,-0.764264,-0.644903
109.366667,28.976631,0.137989,0.000497,0.000147,0.000173,-0.763537,-0.645764
109.383333,28.945718,0.132861,0.000480,0.000167,0.000197,-0.762861,-0.646562
109.400000,28.914805,0.127732,0.000463,0.000181,0.000213,-0.762258,-0.647274
109.416667,28.883887,0.122630,0.000445,0.000196,0.000230,-0.761553,-0.648103
109.433333,28.853044,0.117743,0.000424,0.000211,0.000247,-0.760845,-0.648934
109.450000,28.822201,0.112856,0.000402,0.000221,0.000259,-0.760300,-0.649572
109.466667,28.791358,0.107969,0.000380,0.000230,0.000268,-0.759621,-0.650366
109.483333,28.760496,0.103202,0.000357,0.000238,0.000277,-0.758935,-0.651166
109.500000,28.729725,0.098548,0.000333,0.000246,0.000286,-0.758276,-0.651934
109.516667,28.698954,0.093893,0.000308,0.000248,0.000288,-0.757743,-0.652553
109.533333,28.668182,0.089239,0.000284,0.000249,0.000289,-0.757080,-0.653322
109.550000,28.637381,0.084788,0.000260,0.000251,0.000290,-0.756415,-0.654092
109.566667,28.606683,0.080358,0.000235,0.000250,0.000289,-0.755875,-0.654716
109.583333,28.575985,0.075928,0.000211,0.000245,0.000283,-0.755277,-0.655406
109.600000,28.545276,0.071575,0.000187,0.000239,0.000275,-0.754634,-0.656146
109.616667,28.514653,0.067360,0.000165,0.000234,0.000268,-0.753989,-0.656886
109.633333,28.484030,0.063144,0.000142,0.000226,0.000259,-0.753527,-0.657417
109.650000,28.453406,0.058929,0.000120,0.000213,0.000244,-0.752907,-0.658127
109.666667,28.422762,0.054865,0.000101,0.000200,0.000228,-0.752284,-0.658838
109.683333,28.392214,0.050856,0.000082,0.000188,0.000214,-0.751744,-0.659455
109.700000,28.361667,0.046847,0.000064,0.000172,0.000195,-0.751232,-0.660038
109.716667,28.331115,0.042870,0.000047,0.000152,0.000172,-0.750632,-0.660720
109.733333,28.300643,0.039058,0.000035,0.000132,0.000149,-0.750031,-0.661403
109.750000,28.270172,0.035247,0.000023,0.000115,0.000130,-0.749593,-0.661900
109.766667,28.239700,0.031435,0.000012,0.000091,0.000103,-0.749030,-0.662536
109.783333,28.209217,0.027721,0.000004,0.000067,0.000076,-0.748450,-0.663191
109.800000,28.178822,0.024098,0.000001,0.000044,0.000050,-0.747904,-0.663807
109.816667,28.148428,0.020476,-0.000003,0.000025,0.000028,-0.747477,-0.664287
109.833333,28.118033,0.016854,-0.000006,0.000001,0.000002,-0.746918,-0.664916
109.850000,28.087621,0.013387,-0.000002,-0.000022,-0.000025,-0.746357,-0.665546
109.866667,28.057304,0.009946,0.000002,-0.000042,-0.000046,-0.745901,-0.666056
109.883333,28.026987,0.006506,0.000006,-0.000059,-0.000066,-0.745429,-0.666585
109.900000,27.996665,0.003109,0.000012,-0.000079,-0.000088,-0.744887,-0.667191
109.916667,27.966426,-0.000157,0.000022,-0.000098,-0.000109,-0.744344,-0.667797
109.933333,27.936186,-0.003423,0.000032,-0.000110,-0.000122,-0.743971,-0.668212
109.950000,27.905947,-0.006689,0.000042,-0.000123,-0.000137,-0.743458,-0.668783
109.966667,27.875697,-0.009859,0.000055,-0.000137,-0.000152,-0.742933,-0.669366
109.983333,27.845536,-0.012957,0.000069,-0.000149,-0.000165,-0.742455,-0.669896
110.000000,27.815374,-0.016055,0.000084,-0.000156,-0.000173,-0.742070,-0.670322
110.016667,27.785213,-0.019153,0.000098,-0.000164,-0.000181,-0.741565,-0.670881
110.033333,27.755037,-0.022109,0.000114,-0.000171,-0.000189,-0.741057,-0.671442
110.050000,27.724953,-0.025046,0.000130,-0.000176,-0.000194,-0.740655,-0.671885
110.066667,27.694869,-0.027983,0.000147,-0.000179,-0.000197,-0.740236,-0.672347
110.083333,27.664782,-0.030883,0.000163,-0.000180,-0.000198,-0.739748,-0.672884
110.100000,27.634775,-0.033666,0.000180,-0.000182,-0.000200,-0.739258,-0.673422
110.116667,27.604769,-0.036448,0.000197,-0.000181,-0.000199,-0.738927,-0.673786
110.133333,27.574763,-0.039231,0.000214,-0.000177,-0.000194,-0.738479,-0.674277
110.150000,27.544750,-0.041936,0.000230,-0.000173,-0.000189,-0.738008,-0.674792
110.166667,27.514821,-0.044571,0.000245,-0.000168,-0.000184,-0.737578,-0.675262
110.183333,27.484892,-0.047206,0.000261,-0.000163,-0.000178,-0.737250,-0.675620
110.200000,27.454963,-0.049841,0.000276,-0.000152,-0.000166,-0.736799,-0.676112
110.216667,27.425024,-0.052362,0.000289,-0.000142,-0.000154,-0.736346,-0.676605
110.233333,27.395172,-0.054857,0.000301,-0.000132,-0.000144,-0.735981,-0.677002
110.250000,27.365320,-0.057351,0.000313,-0.000120,-0.000130,-0.735629,-0.677385
110.266667,27.335467,-0.059828,0.000325,-0.000103,-0.000112,-0.735196,-0.677855
110.283333,27.305692,-0.062188,0.000332,-0.000087,-0.000094,-0.734761,-0.678326
110.300000,27.275916,-0.064548,0.000340,-0.000073,-0.000079,-0.734456,-0.678656
110.316667,27.246141,-0.066908,0.000347,-0.000053,-0.000058,-0.734084,-0.679059
110.333333,27.216362,-0.069218,0.000351,-0.000030,-0.000033,-0.733669,-0.679507
110.350000,27.186662,-0.071450,0.000352,-0.000008,-0.000009,-0.733273,-0.679934
110.366667,27.156963,-0.073682,0.000353,0.000009,0.000010,-0.733003,-0.680226
110.383333,27.127264,-0.075914,0.000353,0.000037,0.000040,-0.732616,-0.680642
110.400000,27.097559,-0.078069,0.000348,0.000066,0.000071,-0.732219,-0.681069
110.416667,27.067935,-0.080180,0.000340,0.000092,0.000099,-0.731880,-0.681434
110.433333,27.038311,-0.082291,0.000332,0.000116,0.000124,-0.731601,-0.681733
110.450000,27.008687,-0.084402,0.000324,0.000151,0.000162,-0.731225,-0.682137
110.466667,26.979055,-0.086412,0.000307,0.000186,0.000199,-0.730847,-0.682542
110.483333,26.949506,-0.088408,0.000289,0.000215,0.000230,-0.730558,-0.682851
110.500000,26.919957,-0.090404,0.000271,0.000247,0.000264,-0.730267,-0.683161
110.516667,26.890406,-0.092383,0.000251,0.000288,0.000308,-0.729909,-0.683544
110.533333,26.860931,-0.094270,0.000221,0.000330,0.000352,-0.729550,-0.683927
110.550000,26.831455,-0.096158,0.000191,0.000361,0.000384,-0.729308,-0.684186
110.566667,26.801980,-0.098045,0.000162,0.000401,0.000427,-0.729008,-0.684505
110.583333,26.772502,-0.099894,0.000126,0.000447,0.000475,-0.728668,-0.684867
110.600000,26.743099,-0.101679,0.000083,0.000491,0.000522,-0.728347,-0.685208
110.616667,26.713696,-0.103465,0.000039,0.000523,0.000556,-0.728126,-0.685443
110.633333,26.684294,-0.105250,-0.000004,0.000566,0.000601,-0.727816,-0.685772
110.650000,26.654888,-0.106978,-0.000056,0.000612,0.000648,-0.727489,-0.686118
110.666667,26.625557,-0.108666,-0.000114,0.000650,0.000689,-0.727207,-0.686418
110.683333,26.596226,-0.110355,-0.000171,0.000680,0.000720,-0.726990,-0.686648
110.700000,26.566896,-0.112043,-0.000229,0.000717,0.000758,-0.726672,-0.686984
110.716667,26.537561,-0.113656,-0.000295,0.000754,0.000797,-0.726353,-0.687321
110.733333,26.508301,-0.115250,-0.000363,0.000781,0.000825,-0.726101,-0.687587
110.750000,26.479041,-0.116843,-0.000431,0.000803,0.000847,-0.725867,-0.687834
110.766667,26.449781,-0.118434,-0.000499,0.000827,0.000872,-0.725554,-0.688165
110.783333,26.420590,-0.119935,-0.000574,0.000851,0.000897,-0.725240,-0.688496
110.800000,26.391399,-0.121436,-0.000648,0.000865,0.000910,-0.725014,-0.688733
110.816667,26.362209,-0.122937,-0.000723,0.000876,0.000921,-0.724764,-0.688996
110.833333,26.333017,-0.124418,-0.000798,0.000886,0.000931,-0.724455,-0.689321
110.850000,26.303894,-0.125828,-0.000875,0.000896,0.000941,-0.724148,-0.689643
110.866667,26.274772,-0.127238,-0.000952,0.000898,0.000942,-0.723943,-0.689858
110.883333,26.245649,-0.128648,-0.001029,0.000897,0.000940,-0.723680,-0.690134
110.900000,26.216525,-0.130023,-0.001106,0.000893,0.000935,-0.723375,-0.690455
110.916667,26.187469,-0.131344,-0.001181,0.000888,0.000930,-0.723092,-0.690751
110.933333,26.158413,-0.132665,-0.001257,0.000881,0.000922,-0.722890,-0.690962
110.950000,26.129357,-0.133986,-0.001333,0.000866,0.000905,-0.722614,-0.691251
110.966667,26.100299,-0.135258,-0.001405,0.000848,0.000885,-0.722313,-0.691566
110.983333,26.071308,-0.136491,-0.001476,0.000830,0.000866,-0.722052,-0.691837
111.000000,26.042317,-0.137725,-0.001546,0.000813,0.000848,-0.721853,-0.692046
111.016667,26.013327,-0.138958,-0.001616,0.000783,0.000816,-0.721566,-0.692345
111.033333,25.984333,-0.140130,-0.001680,0.000751,0.000782,-0.721269,-0.692655
111.050000,25.955407,-0.141278,-0.001741,0.000722,0.000751,-0.721029,-0.692904
111.066667,25.926480,-0.142426,-0.001802,0.000695,0.000722,-0.720828,-0.693113
111.083333,25.897553,-0.143573,-0.001863,0.000648,0.000674,-0.720536,-0.693417
111.100000,25.868623,-0.144648,-0.001913,0.000602,0.000625,-0.720243,-0.693722
111.116667,25.839759,-0.145712,-0.001961,0.000563,0.000585,-0.720023,-0.693949
111.133333,25.810894,-0.146776,-0.002009,0.000523,0.000542,-0.719812,-0.694169
111.150000,25.782030,-0.147836,-0.002056,0.000462,0.000479,-0.719524,-0.694468
111.166667,25.753226,-0.148818,-0.002087,0.000402,0.000416,-0.719235,-0.694767
111.183333,25.724423,-0.149800,-0.002118,0.000355,0.000367,-0.719034,-0.694975
111.200000,25.695619,-0.150781,-0.002149,0.000300,0.000310,-0.718814,-0.695203
111.216667,25.666815,-0.151749,-0.002176,0.000225,0.000233,-0.718529,-0.695497
111.233333,25.638071,-0.152650,-0.002187,0.000151,0.000156,-0.718249,-0.695786
111.250000,25.609327,-0.153551,-0.002197,0.000096,0.000099,-0.718061,-0.695980
111.266667,25.580583,-0.154453,-0.002207,0.000026,0.000027,-0.717833,-0.696216
111.283333,25.551839,-0.155330,-0.002210,-0.000063,-0.000065,-0.717553,-0.696504
111.300000,25.523153,-0.156152,-0.002195,-0.000148,-0.000153,-0.717290,-0.696775
111.316667,25.494467,-0.156975,-0.002181,-0.000213,-0.000219,-0.717104,-0.696966
111.333333,25.465780,-0.157797,-0.002167,-0.000299,-0.000307,-0.716870,-0.697207
111.350000,25.437094,-0.158587,-0.002140,-0.000403,-0.000414,-0.716594,-0.697491
111.366667,25.408464,-0.159332,-0.002097,-0.000497,-0.000511,-0.716347,-0.697744
111.383333,25.379834,-0.160077,-0.002054,-0.000572,-0.000587,-0.716164,-0.697931
111.400000,25.351205,-0.160823,-0.002011,-0.000674,-0.000692,-0.715923,-0.698178
111.416667,25.322574,-0.161527,-0.001951,-0.000792,-0.000812,-0.715652,-0.698456
111.433333,25.294000,-0.162197,-0.001876,-0.000896,-0.000917,-0.715420,-0.698694
111.450000,25.265425,-0.162867,-0.001801,-0.000979,-0.001002,-0.715240,-0.698877
111.466667,25.236850,-0.163536,-0.001726,-0.001094,-0.001119,-0.714995,-0.699128
111.483333,25.208275,-0.164159,-0.001628,-0.001219,-0.001246,-0.714727,-0.699401
111.500000,25.179753,-0.164754,-0.001517,-0.001323,-0.001351,-0.714510,-0.699623
111.516667,25.151232,-0.165350,-0.001407,-0.001408,-0.001438,-0.714333,-0.699803
111.533333,25.122711,-0.165946,-0.001296,-0.001523,-0.001553,-0.714084,-0.700057
111.550000,25.094189,-0.166488,-0.001160,-0.001642,-0.001674,-0.713822,-0.700324
111.566667,25.065719,-0.167012,-0.001016,-0.001733,-0.001766,-0.713617,-0.700531
111.583333,25.037250,-0.167535,-0.000872,-0.001809,-0.001842,-0.713444,-0.700707
111.600000,25.008780,-0.168059,-0.000728,-0.001909,-0.001942,-0.713193,-0.700962
111.616667,24.980310,-0.168524,-0.000561,-0.002010,-0.002044,-0.712936,-0.701223
111.633333,24.951891,-0.168977,-0.000389,-0.002080,-0.002114,-0.712744,-0.701417
111.650000,24.923472,-0.169430,-0.000218,-0.002140,-0.002174,-0.712575,-0.701590
111.666667,24.895052,-0.169883,-0.000047,-0.002218,-0.002251,-0.712323,-0.701845
111.683333,24.866632,-0.170273,0.000143,-0.002296,-0.002328,-0.712071,-0.702099
111.700000,24.838262,-0.170658,0.000335,-0.002345,-0.002377,-0.711892,-0.702281
111.716667,24.809891,-0.171043,0.000527,-0.002389,-0.002421,-0.711720,-0.702455
111.733333,24.781520,-0.171427,0.000718,-0.002443,-0.002473,-0.711474,-0.702704
111.750000,24.753196,-0.171745,0.000924,-0.002496,-0.002526,-0.711228,-0.702953
111.766667,24.724872,-0.172063,0.001129,-0.002526,-0.002554,-0.711059,-0.703123
111.783333,24.696548,-0.172381,0.001334,-0.002553,-0.002581,-0.710887,-0.703297
111.800000,24.668224,-0.172694,0.001540,-0.002583,-0.002609,-0.710646,-0.703540
111.816667,24.639945,-0.172947,0.001753,-0.002612,-0.002636,-0.710406,-0.703783
111.833333,24.611666,-0.173200,0.001966,-0.002623,-0.002647,-0.710247,-0.703942
111.850000,24.583388,-0.173453,0.002178,-0.002633,-0.002655,-0.710074,-0.704117
111.866667,24.555109,-0.173697,0.002391,-0.002638,-0.002659,-0.709839,-0.704354
111.883333,24.526873,-0.173887,0.002605,-0.002642,-0.002661,-0.709610,-0.704585
111.900000,24.498637,-0.174077,0.002818,-0.002637,-0.002655,-0.709455,-0.704740
111.916667,24.470402,-0.174266,0.003031,-0.002629,-0.002645,-0.709282,-0.704915
111.933333,24.442166,-0.174444,0.003244,-0.002609,-0.002624,-0.709053,-0.705145
111.950000,24.413972,-0.174573,0.003451,-0.002589,-0.002602,-0.708834,-0.705365
111.966667,24.385778,-0.174701,0.003659,-0.002568,-0.002580,-0.708684,-0.705517
111.983333,24.357583,-0.174830,0.003866,-0.002540,-0.002550,-0.708511,-0.705690
112.000000,24.329389,-0.174943,0.004071,-0.002496,-0.002504,-0.708288,-0.705915
112.016667,24.301235,-0.175012,0.004266,-0.002453,-0.002460,-0.708079,-0.706125
112.033333,24.273080,-0.175081,0.004462,-0.002415,-0.002421,-0.707932,-0.706272
112.050000,24.244926,-0.175149,0.004657,-0.002368,-0.002372,-0.707761,-0.706444
112.066667,24.216771,-0.175201,0.004847,-0.002299,-0.002302,-0.707543,-0.706663
112.083333,24.188654,-0.175212,0.005024,-0.002234,-0.002235,-0.707343,-0.706863
112.100000,24.160538,-0.175223,0.005200,-0.002180,-0.002180,-0.707200,-0.707007
112.116667,24.132421,-0.175234,0.005377,-0.002111,-0.002111,-0.707031,-0.707176
112.133333,24.104304,-0.175226,0.005545,-0.002018,-0.002016,-0.706819,-0.707389
112.150000,24.076223,-0.175180,0.005697,-0.001931,-0.001928,-0.706628,-0.707580
112.166667,24.048142,-0.175134,0.005849,-0.001861,-0.001857,-0.706488,-0.707720
112.183333,24.020062,-0.175089,0.006000,-0.001771,-0.001767,-0.706322,-0.707887
112.200000,23.991981,-0.175023,0.006140,-0.001653,-0.001648,-0.706115,-0.708093
112.216667,23.963934,-0.174923,0.006260,-0.001545,-0.001540,-0.705932,-0.708276
112.233333,23.935887,-0.174823,0.006380,-0.001458,-0.001453,-0.705796,-0.708412
112.250000,23.907841,-0.174723,0.006500,-0.001347,-0.001342,-0.705632,-0.708576
112.266667,23.879794,-0.174602,0.006605,-0.001205,-0.001199,-0.705431,-0.708776
112.283333,23.851780,-0.174448,0.006687,-0.001076,-0.001070,-0.705255,-0.708952
112.300000,23.823765,-0.174295,0.006769,-0.000972,-0.000967,-0.705123,-0.709084
112.316667,23.795751,-0.174142,0.006852,-0.000842,-0.000837,-0.704963,-0.709243
112.333333,23.767736,-0.173967,0.006915,-0.000678,-0.000674,-0.704767,-0.709438
112.350000,23.739752,-0.173763,0.006953,-0.000533,-0.000529,-0.704598,-0.709606
112.366667,23.711768,-0.173558,0.006991,-0.000417,-0.000413,-0.704470,-0.709734
112.383333,23.683784,-0.173354,0.007029,-0.000275,-0.000273,-0.704313,-0.709890
112.400000,23.655800,-0.173127,0.007045,-0.000104,-0.000103,-0.704123,-0.710078
112.416667,23.627845,-0.172873,0.007035,0.000043,0.000043,-0.703960,-0.710239
112.433333,23.599889,-0.172619,0.007026,0.000158,0.000157,-0.703836,-0.710363
112.450000,23.571934,-0.172365,0.007016,0.000296,0.000293,-0.703682,-0.710514
112.466667,23.543979,-0.172089,0.006986,0.000458,0.000453,-0.703498,-0.710697
112.483333,23.516050,-0.171787,0.006934,0.000593,0.000587,-0.703342,-0.710851
112.500000,23.488121,-0.171484,0.006881,0.000695,0.000687,-0.703221,-0.710971
112.516667,23.460192,-0.171182,0.006828,0.000816,0.000806,-0.703072,-0.711118
112.533333,23.432263,-0.170858,0.006758,0.000956,0.000945,-0.702893,-0.711294
112.550000,23.404359,-0.170509,0.006668,0.001072,0.001059,-0.702743,-0.711442
112.566667,23.376455,-0.170161,0.006579,0.001158,0.001144,-0.702626,-0.711557
112.583333,23.348551,-0.169812,0.006490,0.001260,0.001244,-0.702481,-0.711700
112.600000,23.320648,-0.169442,0.006385,0.001378,0.001360,-0.702309,-0.711870
112.616667,23.292766,-0.169048,0.006265,0.001474,0.001454,-0.702164,-0.712012
112.633333,23.264885,-0.168655,0.006145,0.001545,0.001523,-0.702051,-0.712123
112.650000,23.237004,-0.168262,0.006025,0.001628,0.001604,-0.701911,-0.712261
112.666667,23.209123,-0.167847,0.005893,0.001723,0.001697,-0.701744,-0.712425
112.683333,23.181263,-0.167410,0.005748,0.001799,0.001771,-0.701605,-0.712561
112.700000,23.153402,-0.166974,0.005603,0.001854,0.001825,-0.701496,-0.712669
112.716667,23.125542,-0.166537,0.005459,0.001918,0.001887,-0.701361,-0.712802
112.733333,23.097682,-0.166080,0.005305,0.001990,0.001957,-0.701200,-0.712960
112.750000,23.069840,-0.165602,0.005141,0.002046,0.002012,-0.701066,-0.713091
112.766667,23.041998,-0.165124,0.004978,0.002087,0.002051,-0.700961,-0.713194
112.783333,23.014157,-0.164646,0.004815,0.002131,0.002094,-0.700830,-0.713322
112.800000,22.986316,-0.164147,0.004645,0.002180,0.002141,-0.700675,-0.713474
112.816667,22.958491,-0.163629,0.004470,0.002217,0.002176,-0.700547,-0.713600
112.833333,22.930666,-0.163111,0.004294,0.002242,0.002200,-0.700446,-0.713699
112.850000,22.902841,-0.162593,0.004118,0.002267,0.002224,-0.700320,-0.713822
112.866667,22.875016,-0.162055,0.003939,0.002293,0.002248,-0.700171,-0.713968
112.883333,22.847206,-0.161499,0.003757,0.002310,0.002265,-0.700048,-0.714089
112.900000,22.819396,-0.160942,0.003575,0.002319,0.002273,-0.699951,-0.714184
112.916667,22.791586,-0.160386,0.003393,0.002325,0.002278,-0.699830,-0.714302
112.933333,22.763776,-0.159811,0.003211,0.002328,0.002280,-0.699687,-0.714442
112.950000,22.735978,-0.159217,0.003028,0.002326,0.002277,-0.699569,-0.714558
112.966667,22.708180,-0.158624,0.002846,0.002320,0.002270,-0.699476,-0.714649
112.983333,22.680383,-0.158030,0.002663,0.002306,0.002257,-0.699361,-0.714762
113.000000,22.652585,-0.157419,0.002483,0.002286,0.002235,-0.699223,-0.714896
113.016667,22.624798,-0.156790,0.002306,0.002264,0.002214,-0.699110,-0.715007
113.033333,22.597010,-0.156162,0.002129,0.002243,0.002192,-0.699021,-0.715095
113.050000,22.569223,-0.155533,0.001952,0.002210,0.002160,-0.698911,-0.715202
113.066667,22.541436,-0.154887,0.001781,0.002166,0.002116,-0.698780,-0.715330
113.083333,22.513657,-0.154225,0.001615,0.002125,0.002075,-0.698671,-0.715437
113.100000,22.485878,-0.153562,0.001450,0.002088,0.002039,-0.698586,-0.715520
113.116667,22.458099,-0.152899,0.001285,0.002036,0.001988,-0.698481,-0.715622
113.133333,22.430320,-0.152221,0.001128,0.001969,0.001921,-0.698356,-0.715745
113.150000,22.402547,-0.151526,0.000980,0.001909,0.001862,-0.698253,-0.715847
113.166667,22.374774,-0.150831,0.000832,0.001856,0.001810,-0.698171,-0.715926
113.183333,22.347001,-0.150136,0.000684,0.001786,0.001741,-0.698072,-0.716023
113.200000,22.319228,-0.149426,0.000548,0.001695,0.001652,-0.697953,-0.716140
113.216667,22.291459,-0.148701,0.000424,0.001616,0.001575,-0.697854,-0.716237
113.233333,22.263690,-0.147975,0.000299,0.001549,0.001509,-0.697776,-0.716313
113.250000,22.235921,-0.147249,0.000175,0.001464,0.001426,-0.697682,-0.716404
113.266667,22.208152,-0.146510,0.000064,0.001360,0.001324,-0.697569,-0.716515
113.283333,22.180385,-0.145754,-0.000031,0.001270,0.001236,-0.697475,-0.716607
113.300000,22.152618,-0.144999,-0.000126,0.001196,0.001164,-0.697401,-0.716679
113.316667,22.124850,-0.144244,-0.000221,0.001108,0.001078,-0.697312,-0.716766
113.333333,22.097083,-0.143477,-0.000303,0.001002,0.000974,-0.697205,-0.716870
113.350000,22.069316,-0.142694,-0.000370,0.000913,0.000888,-0.697116,-0.716957
113.366667,22.041550,-0.141911,-0.000437,0.000844,0.000821,-0.697046,-0.717025
113.383333,22.013783,-0.141128,-0.000504,0.000763,0.000742,-0.696963,-0.717106
113.400000,21.986017,-0.140334,-0.000559,0.000667,0.000648,-0.696862,-0.717205
113.416667,21.958252,-0.139525,-0.000601,0.000587,0.000570,-0.696777,-0.717287
113.433333,21.930486,-0.138716,-0.000643,0.000527,0.000512,-0.696712,-0.717351
113.450000,21.902721,-0.137907,-0.000685,0.000457,0.000444,-0.696634,-0.717427
113.466667,21.874956,-0.137087,-0.000717,0.000374,0.000363,-0.696539,-0.717519
113.483333,21.847194,-0.136254,-0.000738,0.000306,0.000297,-0.696459,-0.717597
113.500000,21.819431,-0.135421,-0.000758,0.000255,0.000248,-0.696398,-0.717656
113.516667,21.791669,-0.134587,-0.000778,0.000196,0.000191,-0.696325,-0.717727
113.533333,21.763907,-0.133744,-0.000791,0.000127,0.000123,-0.696236,-0.717813
113.550000,21.736148,-0.132888,-0.000794,0.000070,0.000068,-0.696161,-0.717886
113.566667,21.708390,-0.132032,-0.000796,0.000029,0.000028,-0.696104,-0.717941
113.583333,21.680632,-0.131175,-0.000799,-0.000019,-0.000018,-0.696036,-0.718007
113.600000,21.652874,-0.130310,-0.000795,-0.000074,-0.000072,-0.695953,-0.718087
113.616667,21.625121,-0.129433,-0.000783,-0.000120,-0.000116,-0.695884,-0.718154
113.633333,21.597369,-0.128556,-0.000772,-0.000152,-0.000148,-0.695831,-0.718206
113.650000,21.569616,-0.127678,-0.000760,-0.000189,-0.000183,-0.695768,-0.718266
113.666667,21.541864,-0.126793,-0.000743,-0.000231,-0.000223,-0.695692,-0.718340
113.683333,21.514118,-0.125896,-0.000721,-0.000265,-0.000256,-0.695627,-0.718403
113.700000,21.486372,-0.125000,-0.000698,-0.000288,-0.000279,-0.695578,-0.718450
113.716667,21.458627,-0.124103,-0.000676,-0.000313,-0.000303,-0.695521,-0.718506
113.733333,21.430881,-0.123199,-0.000650,-0.000341,-0.000330,-0.695451,-0.718574
113.750000,21.403144,-0.122284,-0.000620,-0.000364,-0.000352,-0.695391,-0.718631
113.766667,21.375407,-0.121370,-0.000591,-0.000378,-0.000366,-0.695346,-0.718675
113.783333,21.347669,-0.120455,-0.000561,-0.000392,-0.000380,-0.695294,-0.718725
113.800000,21.319932,-0.119534,-0.000529,-0.000407,-0.000393,-0.695230,-0.718787
113.816667,21.292205,-0.118603,-0.000496,-0.000417,-0.000404,-0.695176,-0.718840
113.833333,21.264477,-0.117672,-0.000462,-0.000422,-0.000409,-0.695135,-0.718879
113.850000,21.236749,-0.116742,-0.000429,-0.000426,-0.000412,-0.695088,-0.718924
113.866667,21.209022,-0.115805,-0.000395,-0.000427,-0.000412,-0.695030,-0.718980
113.883333,21.181305,-0.114860,-0.000362,-0.000425,-0.000411,-0.694981,-0.719028
113.900000,21.153589,-0.113915,-0.000328,-0.000421,-0.000407,-0.694944,-0.719063
113.916667,21.125872,-0.112970,-0.000294,-0.000414,-0.000400,-0.694903,-0.719104
113.933333,21.098156,-0.112020,-0.000262,-0.000401,-0.000387,-0.694851,-0.719153
113.950000,21.070452,-0.111061,-0.000232,-0.000388,-0.000375,-0.694807,-0.719196
113.966667,21.042748,-0.110103,-0.000201,-0.000375,-0.000362,-0.694775,-0.719227
113.983333,21.015044,-0.109145,-0.000171,-0.000357,-0.000345,-0.694738,-0.719263
114.000000,20.987340,-0.108183,-0.000143,-0.000330,-0.000319,-0.694693,-0.719306
114.016667,20.959649,-0.107214,-0.000120,-0.000305,-0.000294,-0.694654,-0.719344
114.033333,20.931959,-0.106245,-0.000096,-0.000282,-0.000273,-0.694626,-0.719371
114.050000,20.904269,-0.105276,-0.000073,-0.000254,-0.000245,-0.694594,-0.719402
114.066667,20.876578,-0.104303,-0.000053,-0.000214,-0.000206,-0.694555,-0.719440
114.083333,20.848903,-0.103324,-0.000040,-0.000176,-0.000170,-0.694521,-0.719472
114.100000,20.821228,-0.102345,-0.000027,-0.000145,-0.000140,-0.694497,-0.719495
114.116667,20.793553,-0.101367,-0.000014,-0.000108,-0.000104,-0.694471,-0.719521
114.133333,20.765878,-0.100385,-0.000005,-0.000058,-0.000056,-0.694438,-0.719553
114.150000,20.738219,-0.099399,-0.000006,-0.000012,-0.000011,-0.694409,-0.719580
114.166667,20.710560,-0.098412,-0.000007,0.000025,0.000024,-0.694389,-0.719599
114.183333,20.682902,-0.097426,-0.000008,0.000065,0.000063,-0.694368,-0.719620
114.200000,20.655243,-0.096437,-0.000013,0.000116,0.000112,-0.694341,-0.719646
114.216667,20.627602,-0.095444,-0.000029,0.000162,0.000156,-0.694318,-0.719668
114.233333,20.599961,-0.094451,-0.000044,0.000195,0.000188,-0.694302,-0.719684
114.250000,20.572320,-0.093459,-0.000059,0.000230,0.000222,-0.694285,-0.719700
114.266667,20.544680,-0.092464,-0.000077,0.000272,0.000262,-0.694265,-0.719719
114.283333,20.517058,-0.091467,-0.000104,0.000309,0.000298,-0.694247,-0.719737
114.300000,20.489436,-0.090470,-0.000130,0.000333,0.000321,-0.694236,-0.719748
114.316667,20.461815,-0.089473,-0.000156,0.000357,0.000345,-0.694223,-0.719759
114.333333,20.434193,-0.088474,-0.000184,0.000386,0.000372,-0.694209,-0.719773
114.350000,20.406592,-0.087474,-0.000217,0.000410,0.000396,-0.694197,-0.719785
114.366667,20.378991,-0.086474,-0.000251,0.000424,0.000409,-0.694189,-0.719792
114.383333,20.351390,-0.085474,-0.000284,0.000438,0.000423,-0.694182,-0.719799
114.400000,20.323789,-0.084473,-0.000318,0.000452,0.000436,-0.694174,-0.719807
114.416667,20.296210,-0.083472,-0.000355,0.000464,0.000447,-0.694167,-0.719814
114.433333,20.268630,-0.082470,-0.000392,0.000468,0.000451,-0.694164,-0.719817
114.450000,20.241051,-0.081469,-0.000429,0.000472,0.000455,-0.694161,-0.719820
114.466667,20.213472,-0.080467,-0.000466,0.000471,0.000454,-0.694159,-0.719821
114.483333,20.185916,-0.079466,-0.000503,0.000469,0.000453,-0.694158,-0.719822
114.500000,20.158360,-0.078465,-0.000539,0.000464,0.000448,-0.694159,-0.719822
114.516667,20.130804,-0.077464,-0.000576,0.000458,0.000442,-0.694160,-0.719820
114.533333,20.103248,-0.076463,-0.000612,0.000443,0.000427,-0.694165,-0.719816
114.550000,20.075717,-0.075464,-0.000645,0.000428,0.000413,-0.694169,-0.719812
114.566667,20.048186,-0.074465,-0.000678,0.000413,0.000398,-0.694174,-0.719807
114.583333,20.020654,-0.073466,-0.000711,0.000397,0.000383,-0.694180,-0.719802
114.600000,19.993123,-0.072467,-0.000743,0.000368,0.000355,-0.694190,-0.719791
114.616667,19.965618,-0.071472,-0.000768,0.000339,0.000327,-0.694201,-0.719781
114.633333,19.938112,-0.070477,-0.000793,0.000315,0.000303,-0.694210,-0.719772
114.650000,19.910607,-0.069481,-0.000819,0.000290,0.000280,-0.694219,-0.719763
114.666667,19.883101,-0.068486,-0.000843,0.000246,0.000237,-0.694236,-0.719747
114.683333,19.855623,-0.067496,-0.000858,0.000203,0.000196,-0.694253,-0.719731
114.700000,19.828145,-0.066506,-0.000872,0.000169,0.000163,-0.694266,-0.719718
114.716667,19.800667,-0.065516,-0.000886,0.000135,0.000130,-0.694280,-0.719705
114.733333,19.773189,-0.064526,-0.000900,0.000078,0.000075,-0.694302,-0.719683
114.750000,19.745711,-0.063542,-0.000899,0.000020,0.000019,-0.694325,-0.719661
114.766667,19.718261,-0.062559,-0.000898,-0.000024,-0.000023,-0.694343,-0.719644
114.783333,19.690812,-0.061576,-0.000897,-0.000068,-0.000065,-0.694360,-0.719627
114.800000,19.663362,-0.060593,-0.000896,-0.000137,-0.000132,-0.694388,-0.719600
114.816667,19.635912,-0.059617,-0.000878,-0.000210,-0.000203,-0.694418,-0.719572
114.833333,19.608493,-0.058642,-0.000859,-0.000263,-0.000254,-0.694439,-0.719551
114.850000,19.581074,-0.057668,-0.000839,-0.000317,-0.000306,-0.694461,-0.719530
114.866667,19.553654,-0.056693,-0.000820,-0.000398,-0.000385,-0.694494,-0.719498
114.883333,19.526234,-0.055727,-0.000781,-0.000486,-0.000469,-0.694530,-0.719464
114.900000,19.498846,-0.054762,-0.000739,-0.000550,-0.000531,-0.694556,-0.719438
114.916667,19.471458,-0.053798,-0.000698,-0.000613,-0.000592,-0.694582,-0.719413
114.933333,19.444070,-0.052833,-0.000656,-0.000705,-0.000681,-0.694620,-0.719376
114.950000,19.416682,-0.051878,-0.000594,-0.000807,-0.000779,-0.694662,-0.719336
114.966667,19.389327,-0.050925,-0.000526,-0.000883,-0.000853,-0.694693,-0.719306
114.983333,19.361971,-0.049973,-0.000459,-0.000955,-0.000923,-0.694723,-0.719276
115.000000,19.334616,-0.049020,-0.000392,-0.001056,-0.001020,-0.694765,-0.719236
115.016667,19.307260,-0.048077,-0.000302,-0.001170,-0.001130,-0.694812,-0.719189
115.033333,19.279939,-0.047138,-0.000205,-0.001256,-0.001213,-0.694848,-0.719154
115.050000,19.252618,-0.046198,-0.000109,-0.001336,-0.001291,-0.694882,-0.719121
115.066667,19.225297,-0.045259,-0.000012,-0.001437,-0.001389,-0.694927,-0.719078
115.083333,19.197975,-0.044329,0.000106,-0.001553,-0.001501,-0.694979,-0.719027
115.100000,19.170690,-0.043405,0.000234,-0.001639,-0.001584,-0.695018,-0.718988
115.116667,19.143404,-0.042480,0.000361,-0.001715,-0.001658,-0.695054,-0.718953
115.133333,19.116119,-0.041556,0.000489,-0.001807,-0.001747,-0.695100,-0.718908
115.150000,19.088833,-0.040640,0.000634,-0.001912,-0.001849,-0.695155,-0.718855
115.166667,19.061584,-0.039730,0.000788,-0.001988,-0.001923,-0.695197,-0.718814
115.183333,19.034336,-0.038821,0.000943,-0.002052,-0.001984,-0.695234,-0.718778
115.200000,19.007087,-0.037912,0.001097,-0.002124,-0.002055,-0.695279,-0.718734
115.216667,18.979838,-0.037010,0.001263,-0.002208,-0.002137,-0.695335,-0.718679
115.233333,18.952628,-0.036116,0.001439,-0.002271,-0.002197,-0.695380,-0.718636
115.250000,18.925418,-0.035222,0.001614,-0.002319,-0.002245,-0.695417,-0.718599
115.266667,18.898208,-0.034328,0.001790,-0.002373,-0.002296,-0.695461,-0.718556
115.283333,18.870997,-0.033441,0.001973,-0.002434,-0.002356,-0.695518,-0.718500
115.300000,18.843827,-0.032563,0.002164,-0.002481,-0.002402,-0.695565,-0.718455
115.316667,18.816656,-0.031684,0.002355,-0.002515,-0.002435,-0.695603,-0.718417
115.333333,18.789486,-0.030806,0.002546,-0.002550,-0.002469,-0.695647,-0.718375
115.350000,18.762315,-0.029933,0.002740,-0.002589,-0.002508,-0.695704,-0.718319
115.366667,18.735186,-0.029071,0.002941,-0.002619,-0.002537,-0.695754,-0.718271
115.383333,18.708056,-0.028209,0.003141,-0.002638,-0.002556,-0.695793,-0.718233
115.400000,18.680927,-0.027346,0.003342,-0.002657,-0.002574,-0.695835,-0.718193
115.416667,18.653797,-0.026488,0.003544,-0.002674,-0.002591,-0.695894,-0.718135
115.433333,18.626711,-0.025642,0.003748,-0.002686,-0.002603,-0.695946,-0.718085
115.450000,18.599624,-0.024796,0.003953,-0.002690,-0.002607,-0.695985,-0.718046
115.466667,18.572537,-0.023950,0.004158,-0.002694,-0.002611,-0.696026,-0.718007
115.483333,18.545450,-0.023106,0.004362,-0.002688,-0.002606,-0.696086,-0.717949
115.500000,18.518407,-0.022276,0.004565,-0.002681,-0.002600,-0.696141,-0.717896
115.516667,18.491364,-0.021447,0.004768,-0.002670,-0.002590,-0.696181,-0.717856
115.533333,18.464321,-0.020617,0.004971,-0.002659,-0.002579,-0.696222,-0.717817
115.550000,18.437278,-0.019788,0.005174,-0.002633,-0.002554,-0.696281,-0.717760
115.566667,18.410280,-0.018975,0.005370,-0.002606,-0.002528,-0.696339,-0.717704
115.583333,18.383282,-0.018162,0.005565,-0.002580,-0.002503,-0.696380,-0.717664
115.600000,18.356284,-0.017349,0.005761,-0.002554,-0.002478,-0.696421,-0.717625
115.616667,18.329287,-0.016536,0.005957,-0.002509,-0.002435,-0.696479,-0.717569
115.633333,18.302288,-0.015738,0.006141,-0.002459,-0.002387,-0.696540,-0.717510
115.650000,18.275337,-0.014942,0.006324,-0.002418,-0.002348,-0.696582,-0.717469
115.666667,18.248386,-0.014146,0.006507,-0.002377,-0.002308,-0.696624,-0.717429
115.683333,18.221435,-0.013350,0.006690,-0.002316,-0.002250,-0.696679,-0.717375
115.700000,18.194483,-0.012566,0.006859,-0.002244,-0.002180,-0.696742,-0.717315
115.716667,18.167580,-0.011787,0.007023,-0.002187,-0.002124,-0.696787,-0.717272
115.733333,18.140677,-0.011009,0.007188,-0.002131,-0.002070,-0.696829,-0.717231
115.750000,18.113774,-0.010230,0.007352,-0.002056,-0.001998,-0.696883,-0.717179
115.766667,18.086870,-0.009461,0.007502,-0.001961,-0.001906,-0.696947,-0.717118
115.783333,18.060016,-0.008700,0.007642,-0.001885,-0.001832,-0.696995,-0.717071
115.800000,18.033162,-0.007939,0.007783,-0.001815,-0.001764,-0.697038,-0.717030
115.816667,18.006308,-0.007177,0.007923,-0.001728,-0.001680,-0.697089,-0.716981
115.833333,17.979454,-0.006424,0.008050,-0.001611,-0.001567,-0.697154,-0.716918
115.850000,17.952651,-0.005680,0.008161,-0.001514,-0.001473,-0.697205,-0.716868
115.866667,17.925848,-0.004937,0.008272,-0.001429,-0.001390,-0.697249,-0.716826
115.883333,17.899045,-0.004193,0.008383,-0.001334,-0.001297,-0.697297,-0.716780
115.900000,17.872242,-0.003455,0.008482,-0.001195,-0.001163,-0.697363,-0.716716
115.916667,17.845491,-0.002729,0.008559,-0.001076,-0.001047,-0.697419,-0.716662
115.933333,17.818740,-0.002003,0.008635,-0.000976,-0.000950,-0.697463,-0.716619
115.950000,17.791989,-0.001277,0.008711,-0.000876,-0.000852,-0.697508,-0.716576
115.966667,17.765238,-0.000554,0.008780,-0.000724,-0.000704,-0.697575,-0.716511
115.983333,17.738541,0.000153,0.008817,-0.000587,-0.000572,-0.697634,-0.716453
116.000000,17.711844,0.000861,0.008853,-0.000482,-0.000469,-0.697679,-0.716410
116.016667,17.685147,0.001569,0.008890,-0.000376,-0.000366,-0.697724,-0.716366
116.033333,17.658450,0.002276,0.008926,-0.000230,-0.000224,-0.697789,-0.716304
116.050000,17.631807,0.002966,0.008923,-0.000087,-0.000085,-0.697853,-0.716241
116.066667,17.605165,0.003655,0.008920,0.000013,0.000013,-0.697898,-0.716197
116.083333,17.578523,0.004345,0.008918,0.000113,0.000110,-0.697944,-0.716153
116.100000,17.551881,0.005034,0.008915,0.000241,0.000235,-0.698005,-0.716093
116.116667,17.525239,0.005709,0.008883,0.000382,0.000372,-0.698073,-0.716026
116.133333,17.498653,0.006380,0.008845,0.000471,0.000460,-0.698119,-0.715981
116.150000,17.472068,0.007051,0.008807,0.000561,0.000547,-0.698165,-0.715936
116.166667,17.445482,0.007722,0.008769,0.000667,0.000651,-0.698223,-0.715880
116.183333,17.418897,0.008381,0.008711,0.000793,0.000774,-0.698292,-0.715812
116.200000,17.392369,0.009034,0.008642,0.000880,0.000858,-0.698343,-0.715762
116.216667,17.365842,0.009686,0.008573,0.000959,0.000935,-0.698390,-0.715717
116.233333,17.339314,0.010338,0.008504,0.001046,0.001021,-0.698443,-0.715665
116.250000,17.312787,0.010982,0.008422,0.001156,0.001128,-0.698513,-0.715595
116.266667,17.286319,0.011615,0.008326,0.001239,0.001209,-0.698569,-0.715541
116.283333,17.259851,0.012248,0.008230,0.001307,0.001276,-0.698616,-0.715494
116.300000,17.233383,0.012882,0.008134,0.001377,0.001344,-0.698665,-0.715447
116.316667,17.206914,0.013510,0.008032,0.001471,0.001437,-0.698736,-0.715376
116.333333,17.180507,0.014124,0.007913,0.001549,0.001513,-0.698797,-0.715316
116.350000,17.154100,0.014738,0.007794,0.001606,0.001569,-0.698845,-0.715269
116.366667,17.127693,0.015353,0.007674,0.001664,0.001626,-0.698894,-0.715222
116.383333,17.101286,0.015966,0.007554,0.001739,0.001700,-0.698962,-0.715155
116.400000,17.074941,0.016561,0.007416,0.001810,0.001769,-0.699028,-0.715089
116.416667,17.048596,0.017155,0.007278,0.001857,0.001815,-0.699077,-0.715042
116.433333,17.022252,0.017750,0.007140,0.001904,0.001862,-0.699126,-0.714994
116.450000,16.995907,0.018345,0.007002,0.001960,0.001917,-0.699189,-0.714931
116.466667,16.969562,0.018925,0.006851,0.002022,0.001978,-0.699262,-0.714860
116.483333,16.943281,0.019500,0.006697,0.002059,0.002014,-0.699311,-0.714811
116.500000,16.917000,0.020075,0.006544,0.002095,0.002050,-0.699361,-0.714763
116.516667,16.890718,0.020650,0.006391,0.002135,0.002090,-0.699419,-0.714706
116.533333,16.864437,0.021214,0.006230,0.002182,0.002136,-0.699494,-0.714632
116.550000,16.838221,0.021770,0.006066,0.002212,0.002166,-0.699548,-0.714579
116.566667,16.812005,0.022325,0.005901,0.002238,0.002192,-0.699598,-0.714529
116.583333,16.785789,0.022881,0.005737,0.002265,0.002218,-0.699651,-0.714478
116.600000,16.759573,0.023430,0.005570,0.002296,0.002249,-0.699727,-0.714404
116.616667,16.733424,0.023965,0.005398,0.002318,0.002271,-0.699788,-0.714343
116.633333,16.707274,0.024501,0.005226,0.002334,0.002286,-0.699839,-0.714294
116.650000,16.681125,0.025036,0.005054,0.002349,0.002302,-0.699889,-0.714244
116.666667,16.654975,0.025570,0.004882,0.002365,0.002318,-0.699962,-0.714173
116.683333,16.628893,0.026085,0.004707,0.002377,0.002330,-0.700030,-0.714106
116.700000,16.602812,0.026601,0.004532,0.002382,0.002335,-0.700081,-0.714055
116.716667,16.576730,0.027116,0.004357,0.002387,0.002340,-0.700133,-0.714005
116.733333,16.550649,0.027632,0.004182,0.002389,0.002343,-0.700199,-0.713940
116.750000,16.524567,0.028131,0.004007,0.002388,0.002343,-0.700274,-0.713866
116.766667,16.498554,0.028627,0.003832,0.002383,0.002338,-0.700326,-0.713815
116.783333,16.472542,0.029122,0.003657,0.002377,0.002333,-0.700379,-0.713764
116.800000,16.446530,0.029617,0.003483,0.002369,0.002325,-0.700438,-0.713706
116.816667,16.420517,0.030101,0.003310,0.002353,0.002310,-0.700516,-0.713629
116.833333,16.394575,0.030576,0.003140,0.002337,0.002294,-0.700574,-0.713572
116.850000,16.368634,0.031051,0.002969,0.002321,0.002279,-0.700627,-0.713520
116.866667,16.342692,0.031525,0.002799,0.002305,0.002264,-0.700680,-0.713468
116.883333,16.316750,0.031995,0.002631,0.002276,0.002236,-0.700759,-0.713391
116.900000,16.290881,0.032449,0.002468,0.002250,0.002210,-0.700824,-0.713327
116.916667,16.265011,0.032903,0.002306,0.002225,0.002187,-0.700878,-0.713274
116.933333,16.239142,0.033357,0.002144,0.002201,0.002163,-0.700932,-0.713222
116.950000,16.213272,0.033811,0.001982,0.002169,0.002132,-0.701002,-0.713152
116.966667,16.187402,0.034247,0.001829,0.002134,0.002098,-0.701077,-0.713080
116.983333,16.161606,0.034680,0.001677,0.002108,0.002073,-0.701131,-0.713026
117.000000,16.135810,0.035113,0.001525,0.002081,0.002047,-0.701185,-0.712973
117.016667,16.110014,0.035546,0.001373,0.002051,0.002018,-0.701248,-0.712912
117.033333,16.084217,0.035967,0.001227,0.002013,0.001980,-0.701330,-0.712831
117.050000,16.058496,0.036379,0.001084,0.001987,0.001956,-0.701386,-0.712776
117.066667,16.032775,0.036792,0.000942,0.001963,0.001932,-0.701441,-0.712722
117.083333,16.007054,0.037204,0.000800,0.001938,0.001908,-0.701496,-0.712668
117.100000,15.981332,0.037610,0.000660,0.001903,0.001873,-0.701578,-0.712587
117.116667,15.955687,0.038001,0.000527,0.001875,0.001847,-0.701644,-0.712523
117.133333,15.930042,0.038393,0.000393,0.001853,0.001825,-0.701699,-0.712468
117.150000,15.904397,0.038784,0.000260,0.001830,0.001803,-0.701755,-0.712414
117.166667,15.878752,0.039175,0.000127,0.001802,0.001775,-0.701828,-0.712342
117.183333,15.853107,0.039547,0.000001,0.001773,0.001747,-0.701903,-0.712268
117.200000,15.827540,0.039917,-0.000125,0.001753,0.001728,-0.701960,-0.712213
117.216667,15.801973,0.040287,-0.000250,0.001732,0.001708,-0.702016,-0.712157
117.233333,15.776406,0.040656,-0.000375,0.001710,0.001686,-0.702079,-0.712095
117.250000,15.750838,0.041014,-0.000496,0.001681,0.001658,-0.702164,-0.712011
117.266667,15.725350,0.041363,-0.000614,0.001662,0.001639,-0.702222,-0.711954
117.283333,15.699862,0.041711,-0.000732,0.001644,0.001622,-0.702279,-0.711898
117.300000,15.674374,0.042060,-0.000851,0.001626,0.001604,-0.702336,-0.711842
117.316667,15.648886,0.042403,-0.000967,0.001601,0.001580,-0.702418,-0.711761
117.333333,15.623479,0.042730,-0.001079,0.001581,0.001561,-0.702486,-0.711694
117.350000,15.598071,0.043057,-0.001190,0.001565,0.001545,-0.702544,-0.711637
117.366667,15.572664,0.043384,-0.001302,0.001549,0.001529,-0.702601,-0.711580
117.383333,15.547256,0.043711,-0.001413,0.001530,0.001511,-0.702673,-0.711510
117.400000,15.521849,0.044020,-0.001520,0.001509,0.001491,-0.702752,-0.711431
117.416667,15.496523,0.044326,-0.001626,0.001495,0.001477,-0.702811,-0.711374
117.433333,15.471198,0.044631,-0.001732,0.001481,0.001464,-0.702869,-0.711317
117.450000,15.445872,0.044937,-0.001838,0.001467,0.001450,-0.702929,-0.711257
117.466667,15.420547,0.045232,-0.001942,0.001448,0.001431,-0.703017,-0.711170
117.483333,15.395305,0.045516,-0.002043,0.001435,0.001419,-0.703079,-0.711109
117.500000,15.370063,0.045799,-0.002144,0.001423,0.001407,-0.703138,-0.711050
117.516667,15.344821,0.046083,-0.002245,0.001411,0.001396,-0.703197,-0.710992
117.533333,15.319579,0.046365,-0.002346,0.001397,0.001382,-0.703275,-0.710915
117.550000,15.294422,0.046627,-0.002443,0.001384,0.001369,-0.703350,-0.710841
117.566667,15.269265,0.046889,-0.002540,0.001374,0.001360,-0.703409,-0.710782
117.583333,15.244107,0.047150,-0.002637,0.001364,0.001350,-0.703469,-0.710723
117.600000,15.218950,0.047412,-0.002734,0.001354,0.001340,-0.703535,-0.710658
117.616667,15.193793,0.047660,-0.002829,0.001341,0.001328,-0.703623,-0.710571
117.633333,15.168722,0.047900,-0.002922,0.001334,0.001321,-0.703683,-0.710512
117.650000,15.143651,0.048140,-0.003016,0.001326,0.001314,-0.703743,-0.710452
117.666667,15.118580,0.048379,-0.003109,0.001319,0.001306,-0.703803,-0.710393
117.683333,15.093510,0.048615,-0.003203,0.001310,0.001298,-0.703886,-0.710310
117.700000,15.068526,0.048832,-0.003294,0.001303,0.001291,-0.703958,-0.710240
117.716667,15.043543,0.049050,-0.003385,0.001297,0.001286,-0.704018,-0.710179
117.733333,15.018560,0.049268,-0.003476,0.001292,0.001281,-0.704079,-0.710119
117.750000,14.993577,0.049485,-0.003567,0.001286,0.001275,-0.704149,-0.710050
117.766667,14.968594,0.049687,-0.003657,0.001280,0.001270,-0.704234,-0.709965
117.783333,14.943700,0.049882,-0.003746,0.001277,0.001267,-0.704296,-0.709905
117.800000,14.918806,0.050078,-0.003835,0.001274,0.001264,-0.704357,-0.709844
117.816667,14.893912,0.050273,-0.003925,0.001271,0.001261,-0.704419,-0.709783
117.833333,14.869017,0.050462,-0.004014,0.001267,0.001258,-0.704505,-0.709697
117.850000,14.844214,0.050635,-0.004102,0.001265,0.001256,-0.704575,-0.709628
117.866667,14.819410,0.050809,-0.004190,0.001264,0.001255,-0.704637,-0.709566
117.883333,14.794607,0.050982,-0.004278,0.001263,0.001254,-0.704699,-0.709504
117.900000,14.769804,0.051155,-0.004366,0.001261,0.001253,-0.704770,-0.709433
117.916667,14.745000,0.051311,-0.004455,0.001260,0.001252,-0.704855,-0.709349
117.933333,14.720288,0.051461,-0.004542,0.001259,0.001251,-0.704918,-0.709287
117.950000,14.695577,0.051612,-0.004630,0.001258,0.001251,-0.704980,-0.709224
117.966667,14.670865,0.051763,-0.004718,0.001257,0.001250,-0.705043,-0.709162
117.983333,14.646154,0.051907,-0.004805,0.001256,0.001249,-0.705131,-0.709075
118.000000,14.621536,0.052035,-0.004893,0.001254,0.001248,-0.705201,-0.709006
118.016667,14.596918,0.052163,-0.004980,0.001253,0.001246,-0.705264,-0.708943
118.033333,14.572300,0.052292,-0.005067,0.001251,0.001245,-0.705327,-0.708880
118.050000,14.547682,0.052420,-0.005154,0.001249,0.001243,-0.705398,-0.708809
118.066667,14.523063,0.052531,-0.005240,0.001246,0.001240,-0.705485,-0.708723
118.083333,14.498540,0.052637,-0.005327,0.001243,0.001238,-0.705548,-0.708659
118.100000,14.474017,0.052743,-0.005413,0.001240,0.001235,-0.705612,-0.708596
118.116667,14.449493,0.052848,-0.005499,0.001238,0.001233,-0.705677,-0.708532
118.133333,14.424970,0.052949,-0.005584,0.001233,0.001229,-0.705763,-0.708446
118.150000,14.400543,0.053032,-0.005669,0.001229,0.001224,-0.705835,-0.708375
118.166667,14.376116,0.053115,-0.005754,0.001225,0.001221,-0.705899,-0.708310
118.183333,14.351689,0.053198,-0.005838,0.001221,0.001217,-0.705964,-0.708246
118.200000,14.327262,0.053281,-0.005923,0.001217,0.001213,-0.706032,-0.708178
118.216667,14.302835,0.053349,-0.006006,0.001210,0.001207,-0.706122,-0.708088
118.233333,14.278505,0.053410,-0.006089,0.001205,0.001202,-0.706187,-0.708023
118.250000,14.254176,0.053470,-0.006172,0.001199,0.001197,-0.706252,-0.707958
118.266667,14.229847,0.053530,-0.006254,0.001194,0.001192,-0.706318,-0.707893
118.283333,14.205517,0.053589,-0.006337,0.001187,0.001185,-0.706400,-0.707811
118.300000,14.181287,0.053626,-0.006417,0.001180,0.001178,-0.706476,-0.707735
118.316667,14.157057,0.053664,-0.006498,0.001173,0.001172,-0.706542,-0.707669
118.333333,14.132826,0.053702,-0.006578,0.001167,0.001165,-0.706608,-0.707603
118.350000,14.108596,0.053740,-0.006658,0.001161,0.001159,-0.706674,-0.707537
118.366667,14.084366,0.053766,-0.006738,0.001151,0.001150,-0.706767,-0.707445
118.383333,14.060236,0.053781,-0.006815,0.001143,0.001142,-0.706833,-0.707378
118.400000,14.036106,0.053796,-0.006893,0.001135,0.001135,-0.706900,-0.707312
118.416667,14.011976,0.053811,-0.006971,0.001128,0.001127,-0.706966,-0.707246
118.433333,13.987847,0.053826,-0.007048,0.001119,0.001118,-0.707042,-0.707170
118.450000,13.963717,0.053820,-0.007123,0.001108,0.001108,-0.707125,-0.707087
118.466667,13.939689,0.053813,-0.007198,0.001099,0.001099,-0.707192,-0.707020
118.483333,13.915661,0.053805,-0.007273,0.001090,0.001091,-0.707259,-0.706952
118.500000,13.891633,0.053797,-0.007347,0.001081,0.001082,-0.707327,-0.706885
118.516667,13.867605,0.053783,-0.007421,0.001069,0.001070,-0.707415,-0.706797
118.533333,13.843681,0.053753,-0.007492,0.001059,0.001060,-0.707486,-0.706726
118.550000,13.819756,0.053722,-0.007563,0.001048,0.001050,-0.707554,-0.706658
118.566667,13.795832,0.053692,-0.007634,0.001038,0.001040,-0.707622,-0.706590
118.583333,13.771907,0.053661,-0.007705,0.001028,0.001030,-0.707690,-0.706522
118.600000,13.747983,0.053616,-0.007774,0.001014,0.001016,-0.707781,-0.706431
118.616667,13.724163,0.053563,-0.007841,0.001002,0.001005,-0.707849,-0.706362
118.633333,13.700343,0.053509,-0.007908,0.000991,0.000993,-0.707917,-0.706294
118.650000,13.676523,0.053456,-0.007975,0.000980,0.000982,-0.707986,-0.706225
118.666667,13.652704,0.053403,-0.008043,0.000967,0.000969,-0.708063,-0.706148
118.683333,13.628884,0.053327,-0.008106,0.000952,0.000955,-0.708145,-0.706065
118.700000,13.605170,0.053251,-0.008169,0.000940,0.000943,-0.708214,-0.705996
118.716667,13.581457,0.053175,-0.008232,0.000927,0.000930,-0.708283,-0.705927
118.733333,13.557743,0.053099,-0.008295,0.000915,0.000918,-0.708352,-0.705858
118.750000,13.534030,0.053017,-0.008356,0.000898,0.000902,-0.708440,-0.705770
118.766667,13.510424,0.052917,-0.008415,0.000884,0.000888,-0.708512,-0.705698
118.783333,13.486818,0.052818,-0.008473,0.000870,0.000874,-0.708581,-0.705628
118.800000,13.463212,0.052719,-0.008531,0.000857,0.000860,-0.708651,-0.705558
118.816667,13.439606,0.052620,-0.008589,0.000843,0.000847,-0.708721,-0.705488
118.833333,13.416000,0.052509,-0.008645,0.000825,0.000829,-0.708810,-0.705398
118.850000,13.392503,0.052387,-0.008698,0.000810,0.000814,-0.708880,-0.705328
118.866667,13.369006,0.052265,-0.008752,0.000795,0.000799,-0.708951,-0.705257
118.883333,13.345509,0.052143,-0.008805,0.000780,0.000784,-0.709021,-0.705187
118.900000,13.322013,0.052021,-0.008858,0.000765,0.000769,-0.709093,-0.705114
118.916667,13.298516,0.051880,-0.008907,0.000746,0.000750,-0.709179,-0.705028
118.933333,13.275129,0.051735,-0.008955,0.000730,0.000734,-0.709249,-0.704957
118.950000,13.251743,0.051591,-0.009003,0.000714,0.000719,-0.709319,-0.704887
118.966667,13.228356,0.051446,-0.009051,0.000699,0.000703,-0.709389,-0.704816
118.983333,13.204970,0.051300,-0.009098,0.000681,0.000685,-0.709469,-0.704736
119.000000,13.181696,0.051133,-0.009141,0.000664,0.000668,-0.709544,-0.704660
119.016667,13.158421,0.050966,-0.009183,0.000648,0.000653,-0.709613,-0.704591
119.033333,13.135146,0.050799,-0.009226,0.000633,0.000637,-0.709682,-0.704522
119.050000,13.111872,0.050632,-0.009268,0.000617,0.000622,-0.709751,-0.704452
119.066667,13.088597,0.050459,-0.009309,0.000598,0.000603,-0.709833,-0.704369
119.083333,13.065436,0.050270,-0.009346,0.000583,0.000588,-0.709900,-0.704302
119.100000,13.042275,0.050082,-0.009383,0.000568,0.000573,-0.709966,-0.704235
119.116667,13.019114,0.049893,-0.009421,0.000553,0.000557,-0.710033,-0.704168
119.133333,12.995953,0.049704,-0.009458,0.000538,0.000542,-0.710100,-0.704100
119.150000,12.972791,0.049506,-0.009493,0.000520,0.000525,-0.710178,-0.704022
119.166667,12.949745,0.049297,-0.009525,0.000505,0.000510,-0.710243,-0.703956
119.183333,12.926699,0.049088,-0.009557,0.000491,0.000495,-0.710307,-0.703891
119.200000,12.903652,0.048878,-0.009589,0.000476,0.000481,-0.710372,-0.703826
119.216667,12.880606,0.048669,-0.009621,0.000462,0.000466,-0.710437,-0.703760
119.233333,12.857559,0.048447,-0.009650,0.000445,0.000449,-0.710511,-0.703686
119.250000,12.834629,0.048218,-0.009678,0.000431,0.000435,-0.710573,-0.703623
119.266667,12.811698,0.047989,-0.009705,0.000417,0.000421,-0.710636,-0.703560
119.283333,12.788768,0.047760,-0.009732,0.000403,0.000407,-0.710699,-0.703496
119.300000,12.765838,0.047531,-0.009760,0.000388,0.000392,-0.710762,-0.703433
119.316667,12.742908,0.047287,-0.009783,0.000373,0.000377,-0.710831,-0.703362
119.333333,12.720095,0.047039,-0.009806,0.000359,0.000363,-0.710892,-0.703301
119.350000,12.697282,0.046792,-0.009829,0.000345,0.000349,-0.710952,-0.703240
119.366667,12.674469,0.046544,-0.009851,0.000332,0.000335,-0.711013,-0.703179
119.383333,12.651656,0.046296,-0.009874,0.000318,0.000322,-0.711074,-0.703117
119.400000,12.628844,0.046031,-0.009893,0.000303,0.000307,-0.711139,-0.703051
119.416667,12.606150,0.045765,-0.009911,0.000290,0.000294,-0.711198,-0.702992
119.433333,12.583456,0.045500,-0.009929,0.000277,0.000280,-0.711256,-0.702933
119.450000,12.560762,0.045234,-0.009947,0.000264,0.000267,-0.711315,-0.702873
119.466667,12.538069,0.044968,-0.009966,0.000250,0.000253,-0.711376,-0.702812
119.483333,12.515375,0.044684,-0.009980,0.000237,0.000240,-0.711435,-0.702751
119.500000,12.492801,0.044401,-0.009994,0.000224,0.000227,-0.711492,-0.702694
119.516667,12.470228,0.044119,-0.010008,0.000212,0.000214,-0.711548,-0.702637
119.533333,12.447655,0.043836,-0.010022,0.000199,0.000202,-0.711605,-0.702580
119.550000,12.425081,0.043552,-0.010035,0.000186,0.000188,-0.711665,-0.702519
119.566667,12.402629,0.043253,-0.010045,0.000174,0.000176,-0.711719,-0.702464
119.583333,12.380178,0.042954,-0.010055,0.000161,0.000164,-0.711774,-0.702409
119.600000,12.357726,0.042655,-0.010065,0.000149,0.000151,-0.711828,-0.702353
119.616667,12.335274,0.042356,-0.010075,0.000137,0.000139,-0.711883,-0.702298
119.633333,12.312823,0.042055,-0.010085,0.000125,0.000126,-0.711939,-0.702241
119.650000,12.290494,0.041740,-0.010091,0.000113,0.000114,-0.711992,-0.702188
119.666667,12.268166,0.041426,-0.010097,0.000101,0.000103,-0.712044,-0.702135
119.683333,12.245837,0.041112,-0.010103,0.000090,0.000091,-0.712097,-0.702081
119.700000,12.223509,0.040797,-0.010109,0.000078,0.000079,-0.712149,-0.702028
119.716667,12.201180,0.040481,-0.010115,0.000066,0.000067,-0.712202,-0.701975
119.733333,12.178976,0.040152,-0.010117,0.000055,0.000056,-0.712252,-0.701924
119.750000,12.156773,0.039823,-0.010120,0.000044,0.000044,-0.712303,-0.701872
119.766667,12.134569,0.039494,-0.010122,0.000033,0.000033,-0.712353,-0.701821
119.783333,12.112365,0.039165,-0.010125,0.000021,0.000022,-0.712404,-0.701770
119.800000,12.090161,0.038834,-0.010127,0.000011,0.000011,-0.712453,-0.701720
119.816667,12.068083,0.038491,-0.010126,-0.000000,-0.000000,-0.712501,-0.701671
119.833333,12.046005,0.038149,-0.010125,-0.000011,-0.000011,-0.712550,-0.701622
119.850000,12.023927,0.037806,-0.010124,-0.000022,-0.000022,-0.712598,-0.701572
119.866667,12.001849,0.037463,-0.010123,-0.000032,-0.000033,-0.712647,-0.701523
119.883333,11.979771,0.037120,-0.010121,-0.000042,-0.000043,-0.712693,-0.701476
119.900000,11.957821,0.036764,-0.010117,-0.000053,-0.000053,-0.712739,-0.701429
119.916667,11.935870,0.036408,-0.010113,-0.000063,-0.000064,-0.712786,-0.701382
119.933333,11.913920,0.036053,-0.010109,-0.000073,-0.000074,-0.712832,-0.701335
119.950000,11.891969,0.035697,-0.010104,-0.000083,-0.000085,-0.712879,-0.701287
119.966667,11.870019,0.035342,-0.010100,-0.000093,-0.000095,-0.712924,-0.701242
119.983333,11.848197,0.034974,-0.010093,-0.000102,-0.000104,-0.712966,-0.701199
120.000000,11.826375,0.034606,-0.010085,-0.000112,-0.000114,-0.713010,-0.701154
120.016667,11.804553,0.034239,-0.010078,-0.000122,-0.000124,-0.713055,-0.701108
120.033333,11.782731,0.033871,-0.010071,-0.000132,-0.000134,-0.713099,-0.701063
120.050000,11.760910,0.033503,-0.010063,-0.000141,-0.000144,-0.713144,-0.701018
120.066667,11.739088,0.033124,-0.010053,-0.000150,-0.000152,-0.713182,-0.700979
120.083333,11.717397,0.032745,-0.010043,-0.000159,-0.000162,-0.713224,-0.700936
120.100000,11.695705,0.032366,-0.010033,-0.000169,-0.000172,-0.713266,-0.700893
120.116667,11.674013,0.031987,-0.010023,-0.000178,-0.000181,-0.713309,-0.700850
120.133333,11.652322,0.031608,-0.010012,-0.000187,-0.000191,-0.713352,-0.700806
120.150000,11.630630,0.031219,-0.010000,-0.000195,-0.000199,-0.713387,-0.700770
120.166667,11.609070,0.030830,-0.009987,-0.000205,-0.000208,-0.713427,-0.700729
120.183333,11.587510,0.030440,-0.009974,-0.000214,-0.000218,-0.713468,-0.700688
120.200000,11.565950,0.030051,-0.009961,-0.000223,-0.000227,-0.713508,-0.700647
120.216667,11.544390,0.029662,-0.009947,-0.000232,-0.000236,-0.713549,-0.700606
120.233333,11.522830,0.029265,-0.009933,-0.000239,-0.000244,-0.713581,-0.700572
120.250000,11.501403,0.028866,-0.009917,-0.000248,-0.000253,-0.713620,-0.700533
120.266667,11.479976,0.028467,-0.009901,-0.000257,-0.000262,-0.713658,-0.700494
120.283333,11.458549,0.028067,-0.009885,-0.000266,-0.000271,-0.713697,-0.700455
120.300000,11.437122,0.027668,-0.009870,-0.000275,-0.000280,-0.713735,-0.700415
120.316667,11.415695,0.027264,-0.009853,-0.000282,-0.000288,-0.713765,-0.700385
120.333333,11.394403,0.026856,-0.009834,-0.000291,-0.000296,-0.713802,-0.700348
120.350000,11.373110,0.026448,-0.009816,-0.000300,-0.000305,-0.713838,-0.700311
120.366667,11.351817,0.026040,-0.009798,-0.000308,-0.000314,-0.713875,-0.700273
120.383333,11.330524,0.025632,-0.009779,-0.000317,-0.000323,-0.713911,-0.700236
120.400000,11.309232,0.025222,-0.009761,-0.000324,-0.000330,-0.713940,-0.700207
120.416667,11.288075,0.024806,-0.009740,-0.000332,-0.000339,-0.713974,-0.700173
120.433333,11.266918,0.024390,-0.009719,-0.000340,-0.000347,-0.714008,-0.700137
120.450000,11.245761,0.023974,-0.009698,-0.000349,-0.000356,-0.714043,-0.700102
120.466667,11.224604,0.023558,-0.009677,-0.000357,-0.000365,-0.714077,-0.700067
120.483333,11.203447,0.023142,-0.009656,-0.000365,-0.000372,-0.714108,-0.700035
120.500000,11.182290,0.022716,-0.009633,-0.000372,-0.000379,-0.714135,-0.700007
120.516667,11.161270,0.022292,-0.009610,-0.000380,-0.000388,-0.714168,-0.699974
120.533333,11.140251,0.021869,-0.009587,-0.000388,-0.000396,-0.714200,-0.699941
120.550000,11.119231,0.021445,-0.009564,-0.000396,-0.000405,-0.714233,-0.699908
120.566667,11.098211,0.021022,-0.009540,-0.000405,-0.000413,-0.714266,-0.699874
120.583333,11.077191,0.020592,-0.009516,-0.000410,-0.000419,-0.714287,-0.699852
120.600000,11.056310,0.020162,-0.009490,-0.000418,-0.000427,-0.714318,-0.699821
120.616667,11.035429,0.019732,-0.009465,-0.000426,-0.000435,-0.714348,-0.699790
120.633333,11.014548,0.019302,-0.009439,-0.000434,-0.000443,-0.714379,-0.699759
120.650000,10.993666,0.018871,-0.009414,-0.000442,-0.000451,-0.714410,-0.699727
120.666667,10.972785,0.018438,-0.009388,-0.000448,-0.000457,-0.714430,-0.699706
120.683333,10.952044,0.018002,-0.009360,-0.000455,-0.000465,-0.714458,-0.699678
120.700000,10.931302,0.017566,-0.009332,-0.000463,-0.000473,-0.714487,-0.699648
120.716667,10.910561,0.017130,-0.009305,-0.000471,-0.000481,-0.714516,-0.699619
120.733333,10.889820,0.016694,-0.009277,-0.000478,-0.000489,-0.714544,-0.699590
120.750000,10.869078,0.016258,-0.009249,-0.000485,-0.000495,-0.714568,-0.699565
120.766667,10.848337,0.015814,-0.009220,-0.000491,-0.000501,-0.714589,-0.699544
120.783333,10.827737,0.015373,-0.009190,-0.000498,-0.000509,-0.714616,-0.699517
120.800000,10.807137,0.014931,-0.009160,-0.000506,-0.000517,-0.714642,-0.699490
120.816667,10.786537,0.014490,-0.009130,-0.000513,-0.000524,-0.714669,-0.699462
120.833333,10.765937,0.014049,-0.009101,-0.000521,-0.000532,-0.714696,-0.699435
120.850000,10.745337,0.013603,-0.009070,-0.000525,-0.000537,-0.714711,-0.699420
120.866667,10.724879,0.013158,-0.009038,-0.000532,-0.000544,-0.714735,-0.699394
120.883333,10.704422,0.012712,-0.009006,-0.000540,-0.000552,-0.714760,-0.699369
120.900000,10.683965,0.012266,-0.008975,-0.000547,-0.000559,-0.714785,-0.699344
120.916667,10.663507,0.011820,-0.008943,-0.000554,-0.000567,-0.714810,-0.699319
120.933333,10.643050,0.011374,-0.008911,-0.000560,-0.000572,-0.714827,-0.699301
120.950000,10.622737,0.010924,-0.008878,-0.000565,-0.000578,-0.714846,-0.699281
120.966667,10.602423,0.010475,-0.008844,-0.000572,-0.000585,-0.714869,-0.699258
120.983333,10.582110,0.010025,-0.008811,-0.000579,-0.000592,-0.714891,-0.699235
121.000000,10.561797,0.009576,-0.008777,-0.000586,-0.000600,-0.714914,-0.699212
121.016667,10.541483,0.009126,-0.008744,-0.000593,-0.000606,-0.714936,-0.699190
121.033333,10.521170,0.008673,-0.008709,-0.000597,-0.000611,-0.714948,-0.699177
121.050000,10.501002,0.008220,-0.008673,-0.000604,-0.000617,-0.714968,-0.699156
121.066667,10.480834,0.007768,-0.008638,-0.000611,-0.000624,-0.714989,-0.699135
121.083333,10.460667,0.007315,-0.008603,-0.000617,-0.000631,-0.715010,-0.699114
121.100000,10.440499,0.006862,-0.008567,-0.000624,-0.000639,-0.715031,-0.699092
121.116667,10.420331,0.006409,-0.008532,-0.000629,-0.000643,-0.715045,-0.699078
121.133333,10.400310,0.005954,-0.008495,-0.000634,-0.000649,-0.715060,-0.699063
121.150000,10.380289,0.005499,-0.008458,-0.000641,-0.000655,-0.715078,-0.699044
121.166667,10.360268,0.005044,-0.008421,-0.000647,-0.000662,-0.715097,-0.699024
121.183333,10.340247,0.004589,-0.008384,-0.000654,-0.000669,-0.715116,-0.699005
121.200000,10.320226,0.004135,-0.008347,-0.000660,-0.000675,-0.715134,-0.698987
121.216667,10.300205,0.003677,-0.008309,-0.000663,-0.000679,-0.715143,-0.698978
121.233333,10.280332,0.003220,-0.008270,-0.000670,-0.000685,-0.715159,-0.698961
121.250000,10.260460,0.002763,-0.008232,-0.000676,-0.000692,-0.715176,-0.698944
121.266667,10.240587,0.002307,-0.008193,-0.000682,-0.000698,-0.715193,-0.698927
121.283333,10.220714,0.001850,-0.008155,-0.000688,-0.000705,-0.715210,-0.698909
121.300000,10.200841,0.001394,-0.008116,-0.000693,-0.000709,-0.715221,-0.698897
121.316667,10.180969,0.000932,-0.008076,-0.000697,-0.000713,-0.715232,-0.698887
121.333333,10.161246,0.000475,-0.008036,-0.000703,-0.000720,-0.715247,-0.698872
121.350000,10.141523,0.000017,-0.007996,-0.000709,-0.000726,-0.715261,-0.698856
121.366667,10.121799,-0.000441,-0.007956,-0.000715,-0.000732,-0.715276,-0.698841
121.383333,10.102076,-0.000898,-0.007916,-0.000721,-0.000738,-0.715291,-0.698826
121.400000,10.082353,-0.001357,-0.007875,-0.000724,-0.000741,-0.715298,-0.698818
121.416667,10.062781,-0.001815,-0.007834,-0.000729,-0.000746,-0.715309,-0.698807
121.433333,10.043209,-0.002273,-0.007793,-0.000735,-0.000752,-0.715322,-0.698794
121.450000,10.023637,-0.002731,-0.007751,-0.000741,-0.000758,-0.715335,-0.698781
121.466667,10.004065,-0.003189,-0.007710,-0.000746,-0.000764,-0.715348,-0.698768
121.483333,9.984493,-0.003648,-0.007669,-0.000751,-0.000769,-0.715358,-0.698757
121.500000,9.964920,-0.004108,-0.007626,-0.000754,-0.000772,-0.715364,-0.698751
121.516667,9.945501,-0.004566,-0.007584,-0.000759,-0.000777,-0.715375,-0.698740
121.533333,9.926081,-0.005023,-0.007541,-0.000765,-0.000783,-0.715386,-0.698729
121.550000,9.906661,-0.005481,-0.007498,-0.000770,-0.000788,-0.715397,-0.698718
121.566667,9.887242,-0.005939,-0.007456,-0.000776,-0.000794,-0.715408,-0.698706
121.583333,9.867822,-0.006397,-0.007413,-0.000779,-0.000798,-0.715415,-0.698699
121.600000,9.848402,-0.006857,-0.007369,-0.000782,-0.000801,-0.715420,-0.698693
121.616667,9.829136,-0.007314,-0.007326,-0.000787,-0.000806,-0.715429,-0.698684
121.633333,9.809870,-0.007771,-0.007282,-0.000792,-0.000812,-0.715438,-0.698675
121.650000,9.790604,-0.008228,-0.007238,-0.000798,-0.000817,-0.715447,-0.698666
121.666667,9.771338,-0.008685,-0.007194,-0.000803,-0.000822,-0.715456,-0.698657
121.683333,9.752072,-0.009142,-0.007150,-0.000806,-0.000825,-0.715460,-0.698652
121.700000,9.732961,-0.009598,-0.007106,-0.000809,-0.000828,-0.715465,-0.698647
121.716667,9.713851,-0.010053,-0.007061,-0.000814,-0.000833,-0.715472,-0.698640
121.733333,9.694740,-0.010508,-0.007016,-0.000819,-0.000838,-0.715479,-0.698633
121.750000,9.675629,-0.010964,-0.006971,-0.000823,-0.000843,-0.715486,-0.698626
121.766667,9.656518,-0.011419,-0.006927,-0.000828,-0.000848,-0.715493,-0.698619
121.783333,9.637407,-0.011875,-0.006881,-0.000830,-0.000850,-0.715496,-0.698616
121.800000,9.618453,-0.012329,-0.006836,-0.000834,-0.000854,-0.715500,-0.698612
121.816667,9.599499,-0.012782,-0.006790,-0.000838,-0.000859,-0.715505,-0.698607
121.833333,9.580545,-0.013235,-0.006744,-0.000843,-0.000863,-0.715510,-0.698602
121.850000,9.561590,-0.013689,-0.006699,-0.000847,-0.000868,-0.715515,-0.698597
121.866667,9.542636,-0.014142,-0.006653,-0.000851,-0.000872,-0.715519,-0.698592
121.883333,9.523682,-0.014596,-0.006607,-0.000853,-0.000874,-0.715521,-0.698590
121.900000,9.504886,-0.015046,-0.006560,-0.000857,-0.000878,-0.715523,-0.698588
121.916667,9.486089,-0.015497,-0.006514,-0.000861,-0.000882,-0.715526,-0.698585
121.933333,9.467293,-0.015948,-0.006467,-0.000865,-0.000886,-0.715529,-0.698581
121.950000,9.448497,-0.016398,-0.006421,-0.000870,-0.000891,-0.715533,-0.698578
121.966667,9.429700,-0.016849,-0.006374,-0.000873,-0.000894,-0.715535,-0.698576
121.983333,9.410904,-0.017300,-0.006327,-0.000875,-0.000896,-0.715536,-0.698575
122.000000,9.392267,-0.017747,-0.006280,-0.000878,-0.000899,-0.715537,-0.698574
122.016667,9.373630,-0.018195,-0.006233,-0.000882,-0.000903,-0.715538,-0.698573
122.033333,9.354993,-0.018642,-0.006186,-0.000886,-0.000908,-0.715539,-0.698572
122.050000,9.336356,-0.019089,-0.006139,-0.000890,-0.000912,-0.715540,-0.698571
122.066667,9.317719,-0.019537,-0.006091,-0.000893,-0.000915,-0.715540,-0.698570
122.083333,9.299082,-0.019984,-0.006044,-0.000895,-0.000917,-0.715541,-0.698570
122.100000,9.280605,-0.020428,-0.005996,-0.000898,-0.000920,-0.715540,-0.698571
122.116667,9.262129,-0.020871,-0.005948,-0.000901,-0.000923,-0.715539,-0.698571
122.133333,9.243653,-0.021315,-0.005900,-0.000905,-0.000927,-0.715538,-0.698572
122.150000,9.225176,-0.021758,-0.005852,-0.000909,-0.000931,-0.715537,-0.698573
122.166667,9.206700,-0.022202,-0.005805,-0.000911,-0.000934,-0.715536,-0.698574
122.183333,9.188224,-0.022645,-0.005756,-0.000913,-0.000935,-0.715536,-0.698575
122.200000,9.169909,-0.023084,-0.005708,-0.000916,-0.000938,-0.715534,-0.698577
122.216667,9.151595,-0.023523,-0.005660,-0.000919,-0.000941,-0.715531,-0.698580
122.233333,9.133281,-0.023963,-0.005611,-0.000923,-0.000945,-0.715528,-0.698583
122.250000,9.114967,-0.024402,-0.005563,-0.000926,-0.000948,-0.715525,-0.698586
122.266667,9.096652,-0.024841,-0.005515,-0.000928,-0.000951,-0.715523,-0.698588
122.283333,9.078338,-0.025280,-0.005466,-0.000930,-0.000953,-0.715521,-0.698590
122.300000,9.060187,-0.025714,-0.005417,-0.000932,-0.000955,-0.715518,-0.698593
122.316667,9.042036,-0.026148,-0.005369,-0.000935,-0.000958,-0.715513,-0.698598
122.333333,9.023886,-0.026582,-0.005320,-0.000938,-0.000961,-0.715508,-0.698603
122.350000,9.005735,-0.027016,-0.005271,-0.000941,-0.000964,-0.715503,-0.698608
122.366667,8.987584,-0.027451,-0.005222,-0.000944,-0.000967,-0.715499,-0.698612
122.383333,8.969433,-0.027884,-0.005173,-0.000945,-0.000968,-0.715497,-0.698615
122.400000,8.951447,-0.028313,-0.005124,-0.000947,-0.000970,-0.715493,-0.698619
122.416667,8.933461,-0.028742,-0.005075,-0.000950,-0.000973,-0.715486,-0.698626
122.433333,8.915475,-0.029171,-0.005026,-0.000953,-0.000976,-0.715479,-0.698633
122.450000,8.897490,-0.029600,-0.004977,-0.000955,-0.000978,-0.715473,-0.698640
122.466667,8.879504,-0.030028,-0.004928,-0.000958,-0.000981,-0.715467,-0.698645
122.483333,8.861518,-0.030457,-0.004879,-0.000959,-0.000982,-0.715463,-0.698649
122.500000,8.843698,-0.030880,-0.004830,-0.000960,-0.000983,-0.715459,-0.698653
122.516667,8.825878,-0.031302,-0.004781,-0.000963,-0.000986,-0.715451,-0.698662
122.533333,8.808059,-0.031725,-0.004731,-0.000965,-0.000988,-0.715442,-0.698671
122.550000,8.790239,-0.032148,-0.004682,-0.000968,-0.000991,-0.715433,-0.698680
122.566667,8.772419,-0.032571,-0.004633,-0.000970,-0.000993,-0.715425,-0.698688
122.583333,8.754599,-0.032994,-0.004584,-0.000971,-0.000995,-0.715420,-0.698693
122.600000,8.736780,-0.033414,-0.004534,-0.000973,-0.000996,-0.715415,-0.698698
122.616667,8.719128,-0.033831,-0.004484,-0.000974,-0.000998,-0.715407,-0.698707
122.633333,8.701475,-0.034247,-0.004435,-0.000977,-0.001000,-0.715396,-0.698718
122.650000,8.683823,-0.034664,-0.004386,-0.000979,-0.001002,-0.715385,-0.698729
122.666667,8.666171,-0.035080,-0.004336,-0.000981,-0.001004,-0.715374,-0.698740
122.683333,8.648519,-0.035496,-0.004287,-0.000982,-0.001006,-0.715368,-0.698746
122.700000,8.630867,-0.035911,-0.004237,-0.000983,-0.001007,-0.715362,-0.698752
122.716667,8.613384,-0.036320,-0.004188,-0.000985,-0.001008,-0.715355,-0.698760
122.733333,8.595901,-0.036730,-0.004138,-0.000987,-0.001010,-0.715342,-0.698773
122.750000,8.578418,-0.037139,-0.004089,-0.000989,-0.001012,-0.715329,-0.698786
122.766667,8.560935,-0.037549,-0.004039,-0.000990,-0.001014,-0.715316,-0.698799
122.783333,8.543452,-0.037958,-0.003990,-0.000992,-0.001015,-0.715307,-0.698808
122.800000,8.525969,-0.038367,-0.003940,-0.000993,-0.001016,-0.715301,-0.698815
122.816667,8.508656,-0.038769,-0.003891,-0.000994,-0.001017,-0.715294,-0.698822
122.833333,8.491343,-0.039171,-0.003841,-0.000995,-0.001019,-0.715280,-0.698836
122.850000,8.474031,-0.039573,-0.003792,-0.000997,-0.001020,-0.715266,-0.698851
122.866667,8.456718,-0.039975,-0.003743,-0.000999,-0.001022,-0.715251,-0.698866
122.883333,8.439405,-0.040377,-0.003693,-0.001000,-0.001023,-0.715238,-0.698879
122.900000,8.422092,-0.040779,-0.003644,-0.001001,-0.001024,-0.715230,-0.698887
122.916667,8.404780,-0.041178,-0.003594,-0.001002,-0.001025,-0.715222,-0.698895
122.933333,8.387639,-0.041572,-0.003545,-0.001003,-0.001026,-0.715211,-0.698907
122.950000,8.370498,-0.041967,-0.003495,-0.001004,-0.001027,-0.715195,-0.698924
122.966667,8.353357,-0.042361,-0.003446,-0.001005,-0.001029,-0.715178,-0.698941
122.983333,8.336216,-0.042755,-0.003397,-0.001007,-0.001030,-0.715161,-0.698958
123.000000,8.319075,-0.043149,-0.003347,-0.001008,-0.001031,-0.715151,-0.698968
123.016667,8.301934,-0.043542,-0.003298,-0.001008,-0.001032,-0.715143,-0.698977
123.033333,8.284967,-0.043928,-0.003249,-0.001009,-0.001032,-0.715134,-0.698986
123.050000,8.267999,-0.044314,-0.003200,-0.001010,-0.001033,-0.715117,-0.699003
123.066667,8.251031,-0.044700,-0.003151,-0.001011,-0.001034,-0.715098,-0.699022
123.083333,8.234063,-0.045086,-0.003102,-0.001012,-0.001035,-0.715080,-0.699041
123.100000,8.217096,-0.045472,-0.003053,-0.001013,-0.001036,-0.715064,-0.699057
123.116667,8.200128,-0.045858,-0.003003,-0.001014,-0.001037,-0.715055,-0.699067
123.133333,8.183160,-0.046240,-0.002954,-0.001014,-0.001037,-0.715045,-0.699077
123.150000,8.166367,-0.046617,-0.002905,-0.001015,-0.001038,-0.715033,-0.699089
123.166667,8.149574,-0.046995,-0.002856,-0.001016,-0.001039,-0.715012,-0.699110
123.183333,8.132780,-0.047372,-0.002808,-0.001016,-0.001039,-0.714992,-0.699131
123.200000,8.115987,-0.047749,-0.002759,-0.001017,-0.001040,-0.714971,-0.699152
123.216667,8.099194,-0.048127,-0.002710,-0.001018,-0.001041,-0.714958,-0.699165
123.233333,8.082401,-0.048503,-0.002661,-0.001018,-0.001041,-0.714948,-0.699176
123.250000,8.065738,-0.048872,-0.002613,-0.001018,-0.001041,-0.714937,-0.699187
123.266667,8.049076,-0.049241,-0.002564,-0.001019,-0.001042,-0.714920,-0.699205
123.283333,8.032413,-0.049611,-0.002515,-0.001019,-0.001042,-0.714897,-0.699228
123.300000,8.015751,-0.049980,-0.002467,-0.001020,-0.001043,-0.714875,-0.699251
123.316667,7.999088,-0.050349,-0.002418,-0.001021,-0.001043,-0.714854,-0.699272
123.333333,7.982426,-0.050718,-0.002369,-0.001021,-0.001044,-0.714842,-0.699284
123.350000,7.965763,-0.051085,-0.002321,-0.001021,-0.001044,-0.714831,-0.699296
123.366667,7.949101,-0.051448,-0.002272,-0.001021,-0.001044,-0.714819,-0.699308
123.383333,7.932438,-0.051812,-0.002223,-0.001022,-0.001044,-0.714796,-0.699331
123.400000,7.915775,-0.052176,-0.002175,-0.001022,-0.001044,-0.714772,-0.699356
123.416667,7.899113,-0.052539,-0.002126,-0.001022,-0.001045,-0.714747,-0.699381
123.433333,7.882450,-0.052903,-0.002077,-0.001022,-0.001045,-0.714729,-0.699400
123.450000,7.865788,-0.053266,-0.002028,-0.001022,-0.001045,-0.714716,-0.699413
123.466667,7.849125,-0.053625,-0.001980,-0.001023,-0.001045,-0.714703,-0.699426
123.483333,7.832462,-0.053982,-0.001931,-0.001023,-0.001045,-0.714689,-0.699441
123.500000,7.815799,-0.054340,-0.001882,-0.001023,-0.001045,-0.714662,-0.699468
123.516667,7.799137,-0.054698,-0.001833,-0.001023,-0.001045,-0.714635,-0.699496
123.533333,7.782474,-0.055055,-0.001785,-0.001023,-0.001045,-0.714609,-0.699523
123.550000,7.765811,-0.055413,-0.001736,-0.001023,-0.001045,-0.714593,-0.699539
123.566667,7.749148,-0.055769,-0.001687,-0.001023,-0.001045,-0.714579,-0.699553
123.583333,7.732485,-0.056120,-0.001639,-0.001023,-0.001045,-0.714566,-0.699567
123.600000,7.715822,-0.056471,-0.001590,-0.001022,-0.001044,-0.714545,-0.699588
123.616667,7.699160,-0.056822,-0.001541,-0.001022,-0.001044,-0.714516,-0.699617
123.633333,7.682497,-0.057173,-0.001492,-0.001022,-0.001044,-0.714488,-0.699646
123.650000,7.665834,-0.057524,-0.001444,-0.001022,-0.001043,-0.714461,-0.699673
123.666667,7.649171,-0.057875,-0.001395,-0.001022,-0.001043,-0.714447,-0.699688
123.683333,7.632508,-0.058223,-0.001346,-0.001021,-0.001043,-0.714432,-0.699703
123.700000,7.615845,-0.058567,-0.001298,-0.001021,-0.001043,-0.714417,-0.699718
123.716667,7.599182,-0.058911,-0.001249,-0.001021,-0.001042,-0.714390,-0.699746
123.733333,7.582519,-0.059255,-0.001200,-0.001020,-0.001041,-0.714360,-0.699777
123.750000,7.565856,-0.059598,-0.001152,-0.001020,-0.001041,-0.714329,-0.699808
123.766667,7.549193,-0.059942,-0.001103,-0.001019,-0.001040,-0.714306,-0.699832
123.783333,7.532530,-0.060286,-0.001055,-0.001019,-0.001040,-0.714290,-0.699849
123.800000,7.515866,-0.060624,-0.001006,-0.001019,-0.001040,-0.714274,-0.699865
123.816667,7.499203,-0.060961,-0.000958,-0.001018,-0.001039,-0.714256,-0.699883
123.833333,7.482540,-0.061297,-0.000909,-0.001017,-0.001038,-0.714224,-0.699916
123.850000,7.465877,-0.061634,-0.000861,-0.001017,-0.001037,-0.714192,-0.699949
123.866667,7.449214,-0.061970,-0.000812,-0.001016,-0.001036,-0.714159,-0.699982
123.883333,7.432550,-0.062307,-0.000764,-0.001015,-0.001036,-0.714139,-0.700002
123.900000,7.415887,-0.062642,-0.000716,-0.001015,-0.001035,-0.714122,-0.700019
123.916667,7.399224,-0.062971,-0.000667,-0.001014,-0.001035,-0.714106,-0.700036
123.933333,7.382561,-0.063299,-0.000619,-0.001014,-0.001034,-0.714081,-0.700061
123.950000,7.365897,-0.063628,-0.000571,-0.001013,-0.001033,-0.714047,-0.700096
123.966667,7.349234,-0.063956,-0.000523,-0.001011,-0.001032,-0.714012,-0.700132
123.983333,7.332570,-0.064285,-0.000475,-0.001010,-0.001030,-0.713980,-0.700165
124.000000,7.315907,-0.064613,-0.000426,-0.001010,-0.001030,-0.713962,-0.700183
124.016667,7.299244,-0.064938,-0.000378,-0.001009,-0.001029,-0.713944,-0.700201
124.033333,7.282580,-0.065258,-0.000330,-0.001009,-0.001028,-0.713927,-0.700219
124.050000,7.265917,-0.065578,-0.000282,-0.001007,-0.001027,-0.713895,-0.700251
124.066667,7.249253,-0.065898,-0.000235,-0.001006,-0.001026,-0.713859,-0.700288
124.083333,7.232590,-0.066218,-0.000187,-0.001005,-0.001024,-0.713822,-0.700326
124.100000,7.215926,-0.066539,-0.000139,-0.001004,-0.001023,-0.713793,-0.700355
124.116667,7.199262,-0.066859,-0.000091,-0.001003,-0.001022,-0.713775,-0.700374
124.133333,7.182599,-0.067172,-0.000043,-0.001002,-0.001021,-0.713756,-0.700393
124.150000,7.165935,-0.067483,0.000004,-0.001001,-0.001020,-0.713736,-0.700414
124.166667,7.149271,-0.067794,0.000052,-0.001000,-0.001019,-0.713697,-0.700453
124.183333,7.132608,-0.068105,0.000099,-0.000998,-0.001017,-0.713659,-0.700492
124.200000,7.115944,-0.068417,0.000147,-0.000996,-0.001015,-0.713621,-0.700531
124.216667,7.099280,-0.068728,0.000195,-0.000995,-0.001014,-0.713596,-0.700556
124.233333,7.082617,-0.069038,0.000242,-0.000994,-0.001013,-0.713576,-0.700576
124.250000,7.065953,-0.069340,0.000289,-0.000994,-0.001012,-0.713557,-0.700596
124.266667,7.049289,-0.069642,0.000336,-0.000992,-0.001011,-0.713529,-0.700624
124.283333,7.032625,-0.069944,0.000383,-0.000990,-0.001009,-0.713489,-0.700665
124.300000,7.015961,-0.070245,0.000430,-0.000988,-0.001006,-0.713448,-0.700707
124.316667,6.999297,-0.070547,0.000478,-0.000987,-0.001004,-0.713409,-0.700746
124.333333,6.982633,-0.070849,0.000525,-0.000986,-0.001003,-0.713388,-0.700767
124.350000,6.965970,-0.071147,0.000572,-0.000985,-0.001002,-0.713368,-0.700788
124.366667,6.949305,-0.071439,0.000618,-0.000984,-0.001001,-0.713347,-0.700810
124.383333,6.932641,-0.071731,0.000665,-0.000982,-0.000999,-0.713311,-0.700846
124.400000,6.915977,-0.072023,0.000711,-0.000979,-0.000997,-0.713269,-0.700889
124.416667,6.899313,-0.072315,0.000758,-0.000977,-0.000994,-0.713226,-0.700933
124.433333,6.882649,-0.072607,0.000805,-0.000975,-0.000992,-0.713192,-0.700968
124.450000,6.865985,-0.072899,0.000851,-0.000974,-0.000991,-0.713170,-0.700990
124.466667,6.849321,-0.073183,0.000897,-0.000973,-0.000990,-0.713148,-0.701012
124.483333,6.832657,-0.073465,0.000943,-0.000972,-0.000989,-0.713126,-0.701034
124.500000,6.815993,-0.073747,0.000989,-0.000969,-0.000986,-0.713082,-0.701080
124.516667,6.799328,-0.074028,0.001035,-0.000967,-0.000983,-0.713037,-0.701125
124.533333,6.782664,-0.074310,0.001081,-0.000964,-0.000981,-0.712993,-0.701170
124.550000,6.766000,-0.074591,0.001127,-0.000963,-0.000979,-0.712964,-0.701199
124.566667,6.749336,-0.074873,0.001173,-0.000961,-0.000978,-0.712941,-0.701223
124.583333,6.732671,-0.075144,0.001219,-0.000960,-0.000976,-0.712918,-0.701246
124.600000,6.716007,-0.075414,0.001264,-0.000958,-0.000974,-0.712887,-0.701277
124.616667,6.699343,-0.075685,0.001310,-0.000956,-0.000971,-0.712841,-0.701324
124.633333,6.682678,-0.075956,0.001355,-0.000953,-0.000968,-0.712795,-0.701371
124.650000,6.666014,-0.076227,0.001400,-0.000950,-0.000965,-0.712749,-0.701418
124.666667,6.649349,-0.076498,0.001446,-0.000949,-0.000964,-0.712725,-0.701442
124.683333,6.632685,-0.076765,0.001491,-0.000947,-0.000962,-0.712702,-0.701466
124.700000,6.616020,-0.077024,0.001536,-0.000946,-0.000961,-0.712678,-0.701490
124.716667,6.599356,-0.077284,0.001580,-0.000943,-0.000958,-0.712638,-0.701531
124.733333,6.582691,-0.077543,0.001625,-0.000940,-0.000955,-0.712589,-0.701580
124.750000,6.566027,-0.077803,0.001670,-0.000937,-0.000952,-0.712541,-0.701629
124.766667,6.549362,-0.078063,0.001714,-0.000935,-0.000949,-0.712501,-0.701670
124.783333,6.532697,-0.078322,0.001759,-0.000933,-0.000947,-0.712476,-0.701695
124.800000,6.516033,-0.078574,0.001803,-0.000931,-0.000946,-0.712451,-0.701720
124.816667,6.499368,-0.078822,0.001847,-0.000930,-0.000944,-0.712427,-0.701745
124.833333,6.482703,-0.079070,0.001891,-0.000926,-0.000940,-0.712377,-0.701796
124.850000,6.466038,-0.079317,0.001935,-0.000923,-0.000937,-0.712326,-0.701847
124.866667,6.449374,-0.079565,0.001979,-0.000920,-0.000933,-0.712276,-0.701899
124.883333,6.432709,-0.079813,0.002023,-0.000917,-0.000931,-0.712242,-0.701933
124.900000,6.416044,-0.080061,0.002067,-0.000916,-0.000929,-0.712216,-0.701959
124.916667,6.399379,-0.080297,0.002110,-0.000914,-0.000927,-0.712190,-0.701985
124.933333,6.382714,-0.080532,0.002153,-0.000912,-0.000925,-0.712156,-0.702020
124.950000,6.366049,-0.080768,0.002196,-0.000908,-0.000921,-0.712104,-0.702073
124.966667,6.349384,-0.081004,0.002239,-0.000904,-0.000917,-0.712052,-0.702126
124.983333,6.332719,-0.081239,0.002282,-0.000901,-0.000913,-0.711999,-0.702179
125.000000,6.316054,-0.081475,0.002325,-0.000899,-0.000911,-0.711972,-0.702206
125.016667,6.299389,-0.081707,0.002368,-0.000897,-0.000909,-0.711946,-0.702233
125.033333,6.282724,-0.081930,0.002410,-0.000895,-0.000907,-0.711919,-0.702261
125.050000,6.266059,-0.082153,0.002452,-0.000892,-0.000904,-0.711875,-0.702305
125.066667,6.249394,-0.082376,0.002494,-0.000888,-0.000900,-0.711820,-0.702360
125.083333,6.232729,-0.082598,0.002536,-0.000884,-0.000896,-0.711766,-0.702416
125.100000,6.216064,-0.082821,0.002579,-0.000881,-0.000892,-0.711720,-0.702462
125.116667,6.199399,-0.083044,0.002621,-0.000879,-0.000890,-0.711692,-0.702490
125.133333,6.182733,-0.083259,0.002662,-0.000877,-0.000888,-0.711664,-0.702519
125.150000,6.166068,-0.083469,0.002703,-0.000875,-0.000886,-0.711637,-0.702547
125.166667,6.149403,-0.083679,0.002745,-0.000871,-0.000882,-0.711582,-0.702602
125.183333,6.132738,-0.083889,0.002786,-0.000866,-0.000877,-0.711525,-0.702659
125.200000,6.116072,-0.084098,0.002827,-0.000862,-0.000873,-0.711469,-0.702717
125.216667,6.099407,-0.084308,0.002868,-0.000859,-0.000870,-0.711430,-0.702756
125.233333,6.082742,-0.084518,0.002909,-0.000857,-0.000868,-0.711401,-0.702785
125.250000,6.066076,-0.084715,0.002949,-0.000855,-0.000865,-0.711372,-0.702814
125.266667,6.049411,-0.084911,0.002990,-0.000852,-0.000863,-0.711336,-0.702851
125.283333,6.032745,-0.085107,0.003030,-0.000848,-0.000858,-0.711277,-0.702911
125.300000,6.016080,-0.085303,0.003070,-0.000843,-0.000853,-0.711219,-0.702970
125.316667,5.999414,-0.085500,0.003110,-0.000839,-0.000848,-0.711160,-0.703029
125.333333,5.982749,-0.085696,0.003150,-0.000836,-0.000846,-0.711129,-0.703060
125.350000,5.966083,-0.085888,0.003190,-0.000834,-0.000844,-0.711099,-0.703090
125.366667,5.949418,-0.086070,0.003229,-0.000832,-0.000841,-0.711070,-0.703121
125.383333,5.932752,-0.086252,0.003268,-0.000828,-0.000837,-0.711022,-0.703169
125.400000,5.916086,-0.086435,0.003307,-0.000823,-0.000832,-0.710961,-0.703230
125.416667,5.899421,-0.086617,0.003346,-0.000818,-0.000827,-0.710901,-0.703291
125.433333,5.882755,-0.086799,0.003385,-0.000814,-0.000823,-0.710849,-0.703344
125.450000,5.866090,-0.086981,0.003424,-0.000812,-0.000820,-0.710818,-0.703375
125.466667,5.849424,-0.087154,0.003462,-0.000809,-0.000818,-0.710787,-0.703406
125.483333,5.832758,-0.087322,0.003500,-0.000807,-0.000815,-0.710756,-0.703437
125.500000,5.816092,-0.087490,0.003538,-0.000802,-0.000810,-0.710697,-0.703498
125.516667,5.799427,-0.087657,0.003576,-0.000797,-0.000805,-0.710634,-0.703561
125.533333,5.782761,-0.087825,0.003614,-0.000792,-0.000800,-0.710572,-0.703624
125.550000,5.766095,-0.087992,0.003652,-0.000788,-0.000796,-0.710527,-0.703669
125.566667,5.749429,-0.088160,0.003689,-0.000786,-0.000793,-0.710496,-0.703701
125.583333,5.732763,-0.088314,0.003726,-0.000783,-0.000791,-0.710464,-0.703733
125.600000,5.716097,-0.088466,0.003763,-0.000780,-0.000787,-0.710425,-0.703772
125.616667,5.699431,-0.088619,0.003799,-0.000775,-0.000782,-0.710360,-0.703837
125.633333,5.682765,-0.088771,0.003836,-0.000769,-0.000776,-0.710296,-0.703902
125.650000,5.666100,-0.088924,0.003872,-0.000764,-0.000771,-0.710231,-0.703968
125.666667,5.649434,-0.089076,0.003909,-0.000761,-0.000768,-0.710196,-0.704004
125.683333,5.632768,-0.089225,0.003945,-0.000758,-0.000765,-0.710163,-0.704037
125.700000,5.616102,-0.089362,0.003981,-0.000755,-0.000762,-0.710130,-0.704070
125.716667,5.599436,-0.089499,0.004016,-0.000751,-0.000757,-0.710079,-0.704121
125.733333,5.582769,-0.089636,0.004051,-0.000745,-0.000752,-0.710012,-0.704188
125.750000,5.566103,-0.089773,0.004086,-0.000740,-0.000746,-0.709946,-0.704255
125.766667,5.549437,-0.089910,0.004122,-0.000735,-0.000741,-0.709887,-0.704315
125.783333,5.532771,-0.090047,0.004157,-0.000732,-0.000738,-0.709853,-0.704349
125.800000,5.516105,-0.090175,0.004191,-0.000729,-0.000735,-0.709819,-0.704383
125.816667,5.499439,-0.090296,0.004225,-0.000726,-0.000732,-0.709786,-0.704417
125.833333,5.482773,-0.090417,0.004259,-0.000721,-0.000726,-0.709722,-0.704482
125.850000,5.466107,-0.090538,0.004293,-0.000715,-0.000720,-0.709653,-0.704551
125.866667,5.449440,-0.090659,0.004327,-0.000709,-0.000714,-0.709585,-0.704620
125.883333,5.432774,-0.090780,0.004361,-0.000704,-0.000709,-0.709534,-0.704670
125.900000,5.416108,-0.090901,0.004395,-0.000701,-0.000706,-0.709500,-0.704705
125.916667,5.399442,-0.091008,0.004427,-0.000698,-0.000703,-0.709465,-0.704740
125.933333,5.382775,-0.091113,0.004460,-0.000695,-0.000699,-0.709423,-0.704782
125.950000,5.366109,-0.091217,0.004492,-0.000688,-0.000693,-0.709353,-0.704853
125.966667,5.349443,-0.091322,0.004525,-0.000682,-0.000686,-0.709282,-0.704924
125.983333,5.332776,-0.091426,0.004557,-0.000676,-0.000680,-0.709212,-0.704995
126.000000,5.316110,-0.091531,0.004589,-0.000672,-0.000676,-0.709171,-0.705036
126.016667,5.299444,-0.091632,0.004622,-0.000669,-0.000673,-0.709136,-0.705072
126.033333,5.282777,-0.091720,0.004652,-0.000666,-0.000670,-0.709100,-0.705108
126.050000,5.266111,-0.091808,0.004683,-0.000661,-0.000665,-0.709045,-0.705162
126.066667,5.249445,-0.091895,0.004714,-0.000655,-0.000658,-0.708973,-0.705235
126.083333,5.232778,-0.091983,0.004745,-0.000648,-0.000651,-0.708900,-0.705308
126.100000,5.216112,-0.092071,0.004776,-0.000642,-0.000645,-0.708834,-0.705375
126.116667,5.199445,-0.092158,0.004807,-0.000639,-0.000642,-0.708797,-0.705412
126.133333,5.182779,-0.092237,0.004837,-0.000636,-0.000639,-0.708761,-0.705449
126.150000,5.166112,-0.092307,0.004866,-0.000632,-0.000635,-0.708724,-0.705486
126.166667,5.149446,-0.092378,0.004896,-0.000626,-0.000629,-0.708656,-0.705554
126.183333,5.132779,-0.092448,0.004925,-0.000619,-0.000622,-0.708581,-0.705629
126.200000,5.116113,-0.092518,0.004954,-0.000612,-0.000615,-0.708506,-0.705704
126.216667,5.099446,-0.092588,0.004984,-0.000607,-0.000610,-0.708450,-0.705760
126.233333,5.082780,-0.092659,0.005013,-0.000604,-0.000606,-0.708413,-0.705798
126.250000,5.066113,-0.092714,0.005041,-0.000600,-0.000603,-0.708375,-0.705836
126.266667,5.049447,-0.092766,0.005069,-0.000596,-0.000598,-0.708331,-0.705880
126.283333,5.032780,-0.092819,0.005096,-0.000589,-0.000591,-0.708255,-0.705957
126.300000,5.016114,-0.092871,0.005124,-0.000582,-0.000584,-0.708178,-0.706034
126.316667,4.999447,-0.092924,0.005152,-0.000575,-0.000577,-0.708101,-0.706111
126.333333,4.982781,-0.092976,0.005179,-0.000571,-0.000572,-0.708056,-0.706156
126.350000,4.966114,-0.093026,0.005207,-0.000567,-0.000569,-0.708017,-0.706195
126.366667,4.949447,-0.093060,0.005233,-0.000564,-0.000565,-0.707978,-0.706234
126.383333,4.932781,-0.093094,0.005259,-0.000558,-0.000559,-0.707921,-0.706292
126.400000,4.916114,-0.093128,0.005284,-0.000551,-0.000552,-0.707842,-0.706370
126.416667,4.899448,-0.093162,0.005310,-0.000543,-0.000544,-0.707763,-0.706449
126.433333,4.882781,-0.093196,0.005336,-0.000537,-0.000537,-0.707690,-0.706523
126.450000,4.866114,-0.093230,0.005362,-0.000533,-0.000534,-0.707650,-0.706562
126.466667,4.849448,-0.093255,0.005387,-0.000529,-0.000530,-0.707610,-0.706602
126.483333,4.832781,-0.093270,0.005412,-0.000525,-0.000526,-0.707571,-0.706642
126.500000,4.816114,-0.093286,0.005436,-0.000518,-0.000519,-0.707499,-0.706714
126.516667,4.799448,-0.093301,0.005460,-0.000511,-0.000511,-0.707418,-0.706795
126.533333,4.782781,-0.093316,0.005484,-0.000503,-0.000503,-0.707337,-0.706876
126.550000,4.766115,-0.093331,0.005508,-0.000497,-0.000497,-0.707275,-0.706938
126.566667,4.749448,-0.093347,0.005532,-0.000493,-0.000493,-0.707234,-0.706979
126.583333,4.732781,-0.093347,0.005555,-0.000489,-0.000489,-0.707193,-0.707020
126.600000,4.716115,-0.093343,0.005577,-0.000485,-0.000485,-0.707148,-0.707066
126.616667,4.699448,-0.093338,0.005599,-0.000477,-0.000477,-0.707065,-0.707148
126.633333,4.682781,-0.093334,0.005622,-0.000469,-0.000469,-0.706982,-0.707231
126.650000,4.666115,-0.093330,0.005644,-0.000461,-0.000461,-0.706899,-0.707314
126.666667,4.649448,-0.093326,0.005666,-0.000456,-0.000456,-0.706849,-0.707365
126.683333,4.632781,-0.093320,0.005688,-0.000452,-0.000452,-0.706807,-0.707406
126.700000,4.616115,-0.093296,0.005709,-0.000448,-0.000447,-0.706765,-0.707448
126.716667,4.599448,-0.093273,0.005729,-0.000442,-0.000441,-0.706705,-0.707509
126.733333,4.582781,-0.093249,0.005749,-0.000434,-0.000433,-0.706620,-0.707593
126.750000,4.566115,-0.093225,0.005770,-0.000425,-0.000425,-0.706535,-0.707678
126.766667,4.549448,-0.093201,0.005790,-0.000418,-0.000417,-0.706454,-0.707758
126.783333,4.532782,-0.093177,0.005810,-0.000413,-0.000413,-0.706411,-0.707801
126.800000,4.516115,-0.093145,0.005830,-0.000409,-0.000408,-0.706368,-0.707844
126.816667,4.499448,-0.093101,0.005848,-0.000405,-0.000404,-0.706326,-0.707887
126.833333,4.482782,-0.093057,0.005867,-0.000397,-0.000396,-0.706250,-0.707963
126.850000,4.466115,-0.093013,0.005885,-0.000389,-0.000388,-0.706163,-0.708049
126.866667,4.449449,-0.092969,0.005903,-0.000380,-0.000379,-0.706076,-0.708136
126.883333,4.432782,-0.092925,0.005922,-0.000373,-0.000372,-0.706007,-0.708204
126.900000,4.416115,-0.092881,0.005940,-0.000369,-0.000368,-0.705963,-0.708248
126.916667,4.399449,-0.092821,0.005957,-0.000365,-0.000364,-0.705919,-0.708292
126.933333,4.382782,-0.092757,0.005973,-0.000360,-0.000359,-0.705872,-0.708339
126.950000,4.366116,-0.092692,0.005989,-0.000351,-0.000350,-0.705783,-0.708427
126.966667,4.349449,-0.092627,0.006006,-0.000342,-0.000341,-0.705694,-0.708516
126.983333,4.332783,-0.092562,0.006022,-0.000333,-0.000332,-0.705605,-0.708605
127.000000,4.316116,-0.092498,0.006038,-0.000328,-0.000326,-0.705549,-0.708661
127.016667,4.299450,-0.092431,0.006054,-0.000323,-0.000322,-0.705504,-0.708706
127.033333,4.282783,-0.092346,0.006069,-0.000319,-0.000317,-0.705459,-0.708750
127.050000,4.266117,-0.092260,0.006083,-0.000312,-0.000311,-0.705396,-0.708813
127.066667,4.249450,-0.092174,0.006097,-0.000303,-0.000302,-0.705305,-0.708903
127.083333,4.232784,-0.092088,0.006111,-0.000294,-0.000293,-0.705214,-0.708994
127.100000,4.216117,-0.092002,0.006125,-0.000285,-0.000284,-0.705126,-0.709082
127.116667,4.199451,-0.091916,0.006139,-0.000281,-0.000279,-0.705080,-0.709127
127.133333,4.182785,-0.091822,0.006153,-0.000276,-0.000274,-0.705034,-0.709173
127.150000,4.166118,-0.091714,0.006165,-0.000271,-0.000270,-0.704988,-0.709219
127.166667,4.149452,-0.091607,0.006177,-0.000263,-0.000262,-0.704909,-0.709298
127.183333,4.132786,-0.091499,0.006189,-0.000254,-0.000252,-0.704816,-0.709390
127.200000,4.116119,-0.091392,0.006200,-0.000244,-0.000243,-0.704723,-0.709483
127.216667,4.099453,-0.091284,0.006212,-0.000236,-0.000235,-0.704647,-0.709558
127.233333,4.082787,-0.091177,0.006224,-0.000232,-0.000230,-0.704600,-0.709604
127.250000,4.066120,-0.091053,0.006235,-0.000227,-0.000225,-0.704553,-0.709651
127.266667,4.049454,-0.090924,0.006244,-0.000222,-0.000220,-0.704505,-0.709699
127.283333,4.032788,-0.090794,0.006254,-0.000212,-0.000211,-0.704410,-0.709794
127.300000,4.016122,-0.090664,0.006264,-0.000202,-0.000201,-0.704314,-0.709888
127.316667,3.999456,-0.090535,0.006273,-0.000193,-0.000191,-0.704219,-0.709983
127.333333,3.982790,-0.090405,0.006283,-0.000186,-0.000185,-0.704157,-0.710044
127.350000,3.966123,-0.090275,0.006293,-0.000181,-0.000180,-0.704109,-0.710092
127.366667,3.949458,-0.090123,0.006300,-0.000176,-0.000175,-0.704061,-0.710139
127.383333,3.932792,-0.089970,0.006307,-0.000170,-0.000168,-0.703996,-0.710204
127.400000,3.916126,-0.089818,0.006315,-0.000159,-0.000158,-0.703899,-0.710300
127.416667,3.899460,-0.089666,0.006322,-0.000149,-0.000148,-0.703801,-0.710397
127.433333,3.882794,-0.089514,0.006329,-0.000139,-0.000138,-0.703705,-0.710492
127.450000,3.866128,-0.089361,0.006337,-0.000134,-0.000133,-0.703656,-0.710541
127.466667,3.849462,-0.089201,0.006343,-0.000129,-0.000128,-0.703607,-0.710589
127.483333,3.832796,-0.089026,0.006348,-0.000124,-0.000123,-0.703558,-0.710638
127.500000,3.816130,-0.088851,0.006353,-0.000115,-0.000114,-0.703475,-0.710720
127.516667,3.799465,-0.088675,0.006358,-0.000105,-0.000104,-0.703376,-0.710818
127.533333,3.782799,-0.088500,0.006363,-0.000095,-0.000094,-0.703277,-0.710916
127.550000,3.766133,-0.088325,0.006368,-0.000086,-0.000085,-0.703194,-0.710998
127.566667,3.749467,-0.088149,0.006373,-0.000081,-0.000080,-0.703144,-0.711048
127.583333,3.732802,-0.087958,0.006376,-0.000076,-0.000075,-0.703094,-0.711097
127.600000,3.716136,-0.087760,0.006379,-0.000070,-0.000069,-0.703044,-0.711147
127.616667,3.699471,-0.087561,0.006381,-0.000060,-0.000059,-0.702943,-0.711246
127.633333,3.682805,-0.087362,0.006384,-0.000049,-0.000048,-0.702841,-0.711347
127.650000,3.666140,-0.087163,0.006386,-0.000038,-0.000038,-0.702740,-0.711447
127.666667,3.649474,-0.086964,0.006389,-0.000031,-0.000031,-0.702672,-0.711514
127.683333,3.632809,-0.086765,0.006391,-0.000026,-0.000025,-0.702621,-0.711565
127.700000,3.616144,-0.086543,0.006391,-0.000020,-0.000020,-0.702569,-0.711615
127.716667,3.599479,-0.086320,0.006391,-0.000013,-0.000013,-0.702502,-0.711682
127.733333,3.582813,-0.086097,0.006391,-0.000002,-0.000002,-0.702399,-0.711784
127.750000,3.566148,-0.085874,0.006391,0.000009,0.000009,-0.702295,-0.711886
127.766667,3.549483,-0.085651,0.006391,0.000020,0.000020,-0.702192,-0.711988
127.783333,3.532818,-0.085429,0.006391,0.000025,0.000025,-0.702138,-0.712040
127.800000,3.516153,-0.085198,0.006390,0.000031,0.000031,-0.702086,-0.712092
127.816667,3.499488,-0.084951,0.006387,0.000037,0.000036,-0.702034,-0.712144
127.833333,3.482823,-0.084704,0.006384,0.000046,0.000045,-0.701948,-0.712228
127.850000,3.466158,-0.084456,0.006382,0.000057,0.000056,-0.701843,-0.712332
127.866667,3.449493,-0.084209,0.006379,0.000068,0.000067,-0.701737,-0.712436
127.883333,3.432829,-0.083962,0.006376,0.000078,0.000077,-0.701647,-0.712525
127.900000,3.416164,-0.083714,0.006374,0.000084,0.000082,-0.701594,-0.712577
127.916667,3.399499,-0.083451,0.006369,0.000089,0.000088,-0.701541,-0.712630
127.933333,3.382835,-0.083179,0.006364,0.000095,0.000094,-0.701487,-0.712682
127.950000,3.366170,-0.082907,0.006359,0.000106,0.000105,-0.701382,-0.712785
127.966667,3.349506,-0.082635,0.006353,0.000118,0.000116,-0.701275,-0.712891
127.983333,3.332841,-0.082362,0.006348,0.000130,0.000127,-0.701167,-0.712997
128.000000,3.316177,-0.082090,0.006343,0.000138,0.000135,-0.701093,-0.713070
128.016667,3.299513,-0.081818,0.006337,0.000143,0.000141,-0.701038,-0.713124
128.033333,3.282848,-0.081521,0.006329,0.000149,0.000147,-0.700984,-0.713177
128.050000,3.266184,-0.081224,0.006321,0.000157,0.000154,-0.700915,-0.713245
128.066667,3.249520,-0.080926,0.006313,0.000169,0.000166,-0.700805,-0.713353
128.083333,3.232856,-0.080628,0.006305,0.000181,0.000177,-0.700695,-0.713461
128.100000,3.216192,-0.080331,0.006297,0.000193,0.000189,-0.700585,-0.713569
128.116667,3.199528,-0.080033,0.006289,0.000199,0.000195,-0.700527,-0.713626
128.133333,3.182865,-0.079728,0.006280,0.000205,0.000201,-0.700471,-0.713681
128.150000,3.166201,-0.079405,0.006269,0.000211,0.000207,-0.700416,-0.713735
128.166667,3.149538,-0.079081,0.006258,0.000221,0.000216,-0.700327,-0.713822
128.183333,3.132874,-0.078758,0.006247,0.000233,0.000228,-0.700215,-0.713932
128.200000,3.116210,-0.078434,0.006236,0.000245,0.000240,-0.700103,-0.714041
128.216667,3.099547,-0.078110,0.006226,0.000256,0.000251,-0.700006,-0.714137
128.233333,3.082883,-0.077787,0.006215,0.000262,0.000257,-0.699949,-0.714192
128.250000,3.066220,-0.077448,0.006202,0.000268,0.000263,-0.699893,-0.714248
128.266667,3.049557,-0.077098,0.006188,0.000274,0.000269,-0.699836,-0.714303
128.283333,3.032894,-0.076748,0.006175,0.000286,0.000280,-0.699728,-0.714409
128.300000,3.016231,-0.076398,0.006161,0.000299,0.000292,-0.699614,-0.714521
128.316667,2.999568,-0.076048,0.006147,0.000311,0.000305,-0.699500,-0.714633
128.333333,2.982905,-0.075698,0.006133,0.000320,0.000313,-0.699419,-0.714712
128.350000,2.966242,-0.075348,0.006119,0.000326,0.000319,-0.699361,-0.714768
128.366667,2.949580,-0.074974,0.006103,0.000333,0.000326,-0.699303,-0.714825
128.383333,2.932917,-0.074597,0.006086,0.000341,0.000333,-0.699233,-0.714894
128.400000,2.916255,-0.074220,0.006070,0.000353,0.000346,-0.699117,-0.715007
128.416667,2.899593,-0.073843,0.006053,0.000366,0.000358,-0.699000,-0.715121
128.433333,2.882930,-0.073466,0.006036,0.000379,0.000370,-0.698884,-0.715235
128.450000,2.866268,-0.073090,0.006019,0.000386,0.000377,-0.698820,-0.715297
128.466667,2.849606,-0.072707,0.006002,0.000393,0.000384,-0.698761,-0.715355
128.483333,2.832944,-0.072303,0.005982,0.000399,0.000390,-0.698703,-0.715412
128.500000,2.816282,-0.071898,0.005963,0.000409,0.000400,-0.698612,-0.715501
128.516667,2.799620,-0.071494,0.005943,0.000422,0.000412,-0.698493,-0.715616
128.533333,2.782959,-0.071090,0.005923,0.000436,0.000425,-0.698375,-0.715732
128.550000,2.766297,-0.070686,0.005903,0.000447,0.000436,-0.698270,-0.715834
128.566667,2.749635,-0.070282,0.005884,0.000454,0.000443,-0.698210,-0.715893
128.583333,2.732974,-0.069863,0.005862,0.000461,0.000449,-0.698150,-0.715951
128.600000,2.716313,-0.069431,0.005839,0.000467,0.000455,-0.698091,-0.716009
128.616667,2.699652,-0.068999,0.005817,0.000480,0.000468,-0.697979,-0.716118
128.633333,2.682991,-0.068567,0.005794,0.000493,0.000480,-0.697858,-0.716236
128.650000,2.666330,-0.068135,0.005771,0.000507,0.000493,-0.697738,-0.716353
128.666667,2.649668,-0.067703,0.005748,0.000516,0.000503,-0.697650,-0.716439
128.683333,2.633007,-0.067271,0.005725,0.000523,0.000509,-0.697589,-0.716498
128.700000,2.616347,-0.066815,0.005700,0.000530,0.000516,-0.697528,-0.716557
128.716667,2.599687,-0.066355,0.005674,0.000538,0.000524,-0.697456,-0.716627
128.733333,2.583026,-0.065895,0.005648,0.000552,0.000537,-0.697334,-0.716746
128.750000,2.566366,-0.065435,0.005622,0.000566,0.000550,-0.697211,-0.716865
128.766667,2.549706,-0.064974,0.005596,0.000579,0.000563,-0.697089,-0.716984
128.783333,2.533046,-0.064514,0.005570,0.000587,0.000571,-0.697019,-0.717053
128.800000,2.516385,-0.064049,0.005543,0.000594,0.000578,-0.696957,-0.717113
128.816667,2.499726,-0.063560,0.005514,0.000601,0.000584,-0.696895,-0.717173
128.833333,2.483066,-0.063071,0.005485,0.000612,0.000594,-0.696802,-0.717263
128.850000,2.466407,-0.062582,0.005456,0.000626,0.000608,-0.696677,-0.717384
128.866667,2.449748,-0.062094,0.005427,0.000640,0.000621,-0.696553,-0.717505
128.883333,2.433088,-0.061605,0.005398,0.000653,0.000633,-0.696439,-0.717615
128.900000,2.416429,-0.061116,0.005368,0.000660,0.000640,-0.696376,-0.717676
128.916667,2.399770,-0.060612,0.005338,0.000667,0.000647,-0.696313,-0.717737
128.933333,2.383111,-0.060094,0.005305,0.000674,0.000654,-0.696251,-0.717798
128.950000,2.366452,-0.059576,0.005273,0.000687,0.000666,-0.696135,-0.717910
128.966667,2.349794,-0.059058,0.005240,0.000702,0.000680,-0.696009,-0.718033
128.983333,2.333135,-0.058540,0.005208,0.000716,0.000694,-0.695882,-0.718156
129.000000,2.316477,-0.058022,0.005175,0.000727,0.000704,-0.695787,-0.718248
129.016667,2.299818,-0.057504,0.005143,0.000734,0.000711,-0.695723,-0.718310
129.033333,2.283160,-0.056962,0.005108,0.000741,0.000718,-0.695659,-0.718372
129.050000,2.266503,-0.056414,0.005072,0.000750,0.000726,-0.695586,-0.718442
129.066667,2.249845,-0.055867,0.005036,0.000764,0.000740,-0.695457,-0.718567
129.083333,2.233187,-0.055319,0.005000,0.000779,0.000754,-0.695328,-0.718692
129.100000,2.216530,-0.054771,0.004964,0.000794,0.000768,-0.695199,-0.718816
129.116667,2.199872,-0.054224,0.004929,0.000803,0.000776,-0.695123,-0.718890
129.133333,2.183215,-0.053672,0.004892,0.000810,0.000783,-0.695058,-0.718953
129.150000,2.166558,-0.053094,0.004853,0.000817,0.000790,-0.694993,-0.719016
129.166667,2.149901,-0.052516,0.004814,0.000828,0.000800,-0.694898,-0.719108
129.183333,2.133245,-0.051938,0.004775,0.000843,0.000815,-0.694767,-0.719234
129.200000,2.116588,-0.051361,0.004736,0.000858,0.000829,-0.694636,-0.719361
129.216667,2.099932,-0.050783,0.004696,0.000872,0.000842,-0.694514,-0.719478
129.233333,2.083275,-0.050205,0.004657,0.000880,0.000849,-0.694448,-0.719542
129.250000,2.066619,-0.049613,0.004616,0.000888,0.000856,-0.694382,-0.719606
129.266667,2.049963,-0.049005,0.004574,0.000895,0.000864,-0.694316,-0.719670
129.283333,2.033308,-0.048397,0.004531,0.000909,0.000876,-0.694197,-0.719784
129.300000,2.016652,-0.047788,0.004488,0.000924,0.000891,-0.694064,-0.719912
129.316667,1.999997,-0.047180,0.004446,0.000939,0.000905,-0.693931,-0.720040
129.333333,1.983341,-0.046572,0.004403,0.000951,0.000917,-0.693828,-0.720139
129.350000,1.966686,-0.045963,0.004360,0.000959,0.000924,-0.693761,-0.720204
129.366667,1.950031,-0.045331,0.004315,0.000967,0.000931,-0.693694,-0.720268
129.383333,1.933377,-0.044692,0.004268,0.000975,0.000939,-0.693620,-0.720340
129.400000,1.916723,-0.044052,0.004222,0.000991,0.000954,-0.693485,-0.720470
129.416667,1.900068,-0.043413,0.004176,0.001007,0.000969,-0.693350,-0.720600
129.433333,1.883414,-0.042774,0.004130,0.001022,0.000983,-0.693215,-0.720730
129.450000,1.866760,-0.042134,0.004083,0.001032,0.000992,-0.693132,-0.720810
129.466667,1.850105,-0.041492,0.004037,0.001040,0.001000,-0.693064,-0.720875
129.483333,1.833452,-0.040821,0.003987,0.001048,0.001007,-0.692995,-0.720941
129.500000,1.816799,-0.040150,0.003937,0.001059,0.001018,-0.692898,-0.721034
129.516667,1.800146,-0.039479,0.003887,0.001075,0.001033,-0.692761,-0.721166
129.533333,1.783493,-0.038808,0.003837,0.001091,0.001048,-0.692623,-0.721298
129.550000,1.766840,-0.038138,0.003788,0.001106,0.001062,-0.692493,-0.721423
129.566667,1.750187,-0.037467,0.003738,0.001114,0.001069,-0.692424,-0.721490
129.583333,1.733534,-0.036783,0.003686,0.001122,0.001077,-0.692354,-0.721556
129.600000,1.716883,-0.036080,0.003633,0.001130,0.001085,-0.692285,-0.721622
129.616667,1.700231,-0.035377,0.003579,0.001145,0.001098,-0.692164,-0.721739
129.633333,1.683579,-0.034674,0.003526,0.001161,0.001113,-0.692024,-0.721872
129.650000,1.666927,-0.033971,0.003472,0.001177,0.001128,-0.691885,-0.722006
129.666667,1.650276,-0.033269,0.003419,0.001190,0.001140,-0.691774,-0.722112
129.683333,1.633624,-0.032566,0.003365,0.001198,0.001148,-0.691704,-0.722179
129.700000,1.616973,-0.031839,0.003309,0.001207,0.001155,-0.691634,-0.722246
129.716667,1.600323,-0.031104,0.003252,0.001215,0.001164,-0.691559,-0.722318
129.733333,1.583672,-0.030369,0.003194,0.001232,0.001179,-0.691418,-0.722453
129.750000,1.567022,-0.029634,0.003137,0.001249,0.001195,-0.691276,-0.722589
129.766667,1.550372,-0.028898,0.003080,0.001265,0.001210,-0.691134,-0.722724
129.783333,1.533721,-0.028163,0.003022,0.001276,0.001220,-0.691044,-0.722810
129.800000,1.517071,-0.027426,0.002965,0.001284,0.001228,-0.690973,-0.722878
129.816667,1.500422,-0.026658,0.002904,0.001293,0.001235,-0.690902,-0.722947
129.833333,1.483773,-0.025890,0.002843,0.001304,0.001246,-0.690803,-0.723041
129.850000,1.467125,-0.025122,0.002782,0.001321,0.001262,-0.690659,-0.723178
129.866667,1.450476,-0.024354,0.002720,0.001338,0.001277,-0.690515,-0.723316
129.883333,1.433827,-0.023586,0.002659,0.001355,0.001293,-0.690376,-0.723449
129.900000,1.417178,-0.022818,0.002598,0.001363,0.001301,-0.690303,-0.723518
129.916667,1.400530,-0.022037,0.002536,0.001372,0.001308,-0.690231,-0.723587
129.933333,1.383883,-0.021236,0.002471,0.001380,0.001316,-0.690158,-0.723656
129.950000,1.367235,-0.020434,0.002406,0.001395,0.001330,-0.690034,-0.723774
129.966667,1.350588,-0.019633,0.002341,0.001412,0.001346,-0.689888,-0.723913
129.983333,1.333941,-0.018831,0.002276,0.001429,0.001362,-0.689742,-0.724052
130.000000,1.317293,-0.018030,0.002211,0.001444,0.001375,-0.689624,-0.724165
130.016667,1.300646,-0.017229,0.002146,0.001452,0.001383,-0.689550,-0.724235
130.033333,1.284000,-0.016404,0.002078,0.001461,0.001391,-0.689477,-0.724305
130.050000,1.267355,-0.015568,0.002009,0.001470,0.001399,-0.689402,-0.724376
130.066667,1.250709,-0.014733,0.001940,0.001487,0.001415,-0.689253,-0.724517
130.083333,1.234063,-0.013898,0.001871,0.001505,0.001431,-0.689105,-0.724658
130.100000,1.217418,-0.013063,0.001802,0.001523,0.001447,-0.688957,-0.724799
130.116667,1.200772,-0.012228,0.001733,0.001534,0.001458,-0.688860,-0.724891
130.133333,1.184127,-0.011392,0.001664,0.001543,0.001466,-0.688786,-0.724962
130.150000,1.167483,-0.010522,0.001591,0.001552,0.001474,-0.688711,-0.725033
130.166667,1.150839,-0.009653,0.001518,0.001564,0.001485,-0.688611,-0.725128
130.183333,1.134195,-0.008783,0.001446,0.001582,0.001502,-0.688460,-0.725271
130.200000,1.117551,-0.007914,0.001373,0.001600,0.001518,-0.688310,-0.725413
130.216667,1.100908,-0.007044,0.001300,0.001618,0.001534,-0.688161,-0.725555
130.233333,1.084264,-0.006175,0.001227,0.001627,0.001542,-0.688085,-0.725626
130.250000,1.067621,-0.005294,0.001152,0.001636,0.001551,-0.688010,-0.725698
130.266667,1.050979,-0.004390,0.001075,0.001645,0.001559,-0.687934,-0.725770
130.283333,1.034337,-0.003485,0.000998,0.001660,0.001573,-0.687808,-0.725889
130.300000,1.017695,-0.002581,0.000921,0.001678,0.001589,-0.687655,-0.726034
130.316667,1.001053,-0.001677,0.000844,0.001696,0.001606,-0.687502,-0.726178
130.333333,0.984411,-0.000773,0.000767,0.001712,0.001620,-0.687376,-0.726298
130.350000,0.967769,0.000131,0.000690,0.001721,0.001628,-0.687299,-0.726371
130.366667,0.951128,0.001059,0.000610,0.001730,0.001637,-0.687222,-0.726444
130.383333,0.934488,0.001998,0.000529,0.001739,0.001645,-0.687145,-0.726516
130.400000,0.917848,0.002938,0.000448,0.001758,0.001662,-0.686992,-0.726661
130.416667,0.901208,0.003877,0.000367,0.001776,0.001679,-0.686837,-0.726807
130.433333,0.884568,0.004816,0.000286,0.001795,0.001695,-0.686683,-0.726953
130.450000,0.867928,0.005756,0.000204,0.001807,0.001707,-0.686578,-0.727052
130.466667,0.851288,0.006695,0.000123,0.001817,0.001715,-0.686501,-0.727125
130.483333,0.834650,0.007669,0.000038,0.001826,0.001724,-0.686423,-0.727199
130.500000,0.818013,0.008644,-0.000047,0.001838,0.001735,-0.686321,-0.727294
130.516667,0.801375,0.009619,-0.000133,0.001857,0.001752,-0.686164,-0.727442
130.533333,0.784737,0.010594,-0.000218,0.001876,0.001769,-0.686007,-0.727590
130.550000,0.768099,0.011569,-0.000304,0.001895,0.001786,-0.685850,-0.727738
130.566667,0.751461,0.012544,-0.000389,0.001905,0.001795,-0.685770,-0.727814
130.583333,0.734824,0.013530,-0.000476,0.001914,0.001803,-0.685691,-0.727888
130.600000,0.718188,0.014541,-0.000565,0.001924,0.001812,-0.685612,-0.727963
130.616667,0.701552,0.015553,-0.000655,0.001940,0.001826,-0.685483,-0.728084
130.633333,0.684917,0.016564,-0.000745,0.001959,0.001843,-0.685324,-0.728233
130.650000,0.668281,0.017575,-0.000835,0.001978,0.001861,-0.685165,-0.728383
130.666667,0.651645,0.018586,-0.000924,0.001995,0.001875,-0.685029,-0.728510
130.683333,0.635009,0.019597,-0.001014,0.002004,0.001884,-0.684949,-0.728586
130.700000,0.618375,0.020631,-0.001106,0.002014,0.001893,-0.684869,-0.728661
130.716667,0.601742,0.021678,-0.001200,0.002024,0.001902,-0.684789,-0.728736
130.733333,0.585108,0.022726,-0.001294,0.002043,0.001919,-0.684633,-0.728883
130.750000,0.568475,0.023774,-0.001388,0.002062,0.001936,-0.684471,-0.729034
130.766667,0.551841,0.024822,-0.001482,0.002082,0.001954,-0.684310,-0.729186
130.783333,0.535208,0.025869,-0.001576,0.002095,0.001966,-0.684198,-0.729291
130.800000,0.518574,0.026917,-0.001670,0.002105,0.001975,-0.684117,-0.729367
130.816667,0.501943,0.027999,-0.001769,0.002115,0.001984,-0.684036,-0.729443
130.833333,0.485312,0.029084,-0.001867,0.002128,0.001995,-0.683933,-0.729539
130.850000,0.468681,0.030169,-0.001966,0.002148,0.002012,-0.683770,-0.729692
130.866667,0.452050,0.031254,-0.002064,0.002168,0.002030,-0.683606,-0.729845
130.883333,0.435419,0.032338,-0.002162,0.002188,0.002048,-0.683442,-0.729998
130.900000,0.418788,0.033423,-0.002261,0.002198,0.002058,-0.683355,-0.730080
130.916667,0.402158,0.034518,-0.002361,0.002208,0.002066,-0.683273,-0.730157
130.933333,0.385529,0.035640,-0.002463,0.002218,0.002075,-0.683190,-0.730234
130.950000,0.368901,0.036762,-0.002566,0.002234,0.002090,-0.683060,-0.730356
130.966667,0.352272,0.037884,-0.002669,0.002255,0.002108,-0.682894,-0.730511
130.983333,0.335644,0.039006,-0.002772,0.002275,0.002126,-0.682728,-0.730666
131.000000,0.319015,0.040129,-0.002875,0.002293,0.002141,-0.682584,-0.730801
131.016667,0.302387,0.041251,-0.002978,0.002303,0.002150,-0.682500,-0.730879
131.033333,0.285760,0.042395,-0.003084,0.002313,0.002159,-0.682417,-0.730956
131.050000,0.269134,0.043555,-0.003191,0.002323,0.002168,-0.682333,-0.731034
131.066667,0.252508,0.044715,-0.003299,0.002343,0.002186,-0.682174,-0.731183
131.083333,0.235882,0.045876,-0.003406,0.002363,0.002204,-0.682006,-0.731339
131.100000,0.219256,0.047036,-0.003514,0.002384,0.002222,-0.681838,-0.731496
131.116667,0.202630,0.048196,-0.003621,0.002399,0.002235,-0.681718,-0.731607
131.133333,0.186004,0.049356,-0.003729,0.002409,0.002244,-0.681634,-0.731686
131.150000,0.169381,0.050551,-0.003840,0.002420,0.002253,-0.681549,-0.731765
131.166667,0.152758,0.051749,-0.003952,0.002432,0.002265,-0.681446,-0.731861
131.183333,0.136134,0.052948,-0.004065,0.002453,0.002283,-0.681276,-0.732019
131.200000,0.119511,0.054147,-0.004177,0.002474,0.002302,-0.681106,-0.732177
131.216667,0.102888,0.055345,-0.004289,0.002495,0.002320,-0.680935,-0.732336
131.233333,0.086265,0.056544,-0.004401,0.002507,0.002330,-0.680841,-0.732423
131.250000,0.069643,0.057751,-0.004514,0.002517,0.002339,-0.680755,-0.732503
131.266667,0.053022,0.058988,-0.004631,0.002528,0.002349,-0.680669,-0.732583
131.283333,0.036402,0.060226,-0.004748,0.002544,0.002363,-0.680537,-0.732705
131.300000,0.019782,0.061463,-0.004864,0.002553,0.002371,-0.680464,-0.732774
131.316667,0.003162,0.062701,-0.004981,0.002565,0.002381,-0.680371,-0.732859
131.333333,-0.013459,0.063938,-0.005098,0.002576,0.002391,-0.680279,-0.732945
131.350000,-0.030079,0.065176,-0.005215,0.002577,0.002392,-0.680268,-0.732955
131.366667,-0.046698,0.066434,-0.005334,0.002579,0.002394,-0.680252,-0.732970
