timestamp,tx,ty,tz,qx,qy,qz,qw
0.000000,0.000000,0.000000,0.000000,-0.000000,-0.000000,0.999849,0.017381
0.016667,-0.000579,-0.016657,-0.000000,-0.000000,-0.000001,0.999852,0.017230
0.033333,-0.001159,-0.033313,-0.000000,-0.000000,-0.000013,0.999886,0.015114
0.050000,-0.001738,-0.049970,-0.000000,-0.000000,-0.000021,0.999909,0.013527
0.066667,-0.002317,-0.066626,-0.000000,-0.000000,-0.000028,0.999924,0.012292
0.083333,-0.002896,-0.083283,-0.000000,-0.000000,-0.000033,0.999936,0.011304
0.100000,-0.003445,-0.099940,-0.000000,-0.000000,-0.000042,0.999952,0.009808
0.116667,-0.003526,-0.116607,-0.000003,-0.000000,-0.000050,0.999965,0.008311
0.133333,-0.003606,-0.133273,-0.000006,-1.000000,-0.000000,-0.000000,-0.000000
0.150000,-0.003687,-0.149940,-0.000008,-1.000000,-0.000000,-0.000000,-0.000000
0.166667,-0.003767,-0.166606,-0.000011,-1.000000,-0.000000,-0.000000,-0.000000
0.183333,-0.003848,-0.183273,-0.000014,-1.000000,-0.000000,-0.000000,-0.000000
0.200000,-0.003928,-0.199939,-0.000017,-1.000000,-0.000000,-0.000000,-0.000000
0.216667,-0.003969,-0.216606,0.000013,-1.000000,-0.000000,-0.000000,-0.000000
0.233333,-0.003993,-0.233272,0.000057,-1.000000,-0.000000,-0.000000,-0.000000
0.250000,-0.004017,-0.249939,0.000100,-1.000000,-0.000000,-0.000000,-0.000000
0.266667,-0.004041,-0.266605,0.000143,-1.000000,-0.000000,-0.000000,-0.000000
0.283333,-0.004065,-0.283272,0.000187,-1.000000,-0.000000,-0.000000,-0.000000
0.300000,-0.004090,-0.299939,0.000230,-1.000000,-0.000000,-0.000000,-0.000000
0.316667,-0.004104,-0.316605,0.000258,-1.000000,-0.000000,-0.000000,-0.000000
0.333333,-0.004101,-0.333272,0.000260,-1.000000,-0.000000,-0.000000,-0.000000
0.350000,-0.004098,-0.349938,0.000262,-1.000000,-0.000000,-0.000000,-0.000000
0.366667,-0.004095,-0.366605,0.000264,-1.000000,-0.000000,-0.000000,-0.000000
0.383333,-0.004092,-0.383272,0.000266,-1.000000,-0.000000,-0.000000,-0.000000
0.400000,-0.004089,-0.399938,0.000268,-1.000000,-0.000000,-0.000000,-0.000000
0.416667,-0.004086,-0.416605,0.000270,-1.000000,-0.000000,-0.000000,-0.000000
0.433333,-0.004067,-0.433272,0.000269,-1.000000,-0.000000,-0.000000,-0.000000
0.450000,-0.004048,-0.449938,0.000269,-1.000000,-0.000000,-0.000000,-0.000000
0.466667,-0.004029,-0.466605,0.000268,-1.000000,-0.000000,-0.000000,-0.000000
0.483333,-0.004010,-0.483272,0.000267,-1.000000,-0.000000,-0.000000,-0.000000
0.500000,-0.003991,-0.499938,0.000267,-1.000000,-0.000000,-0.000000,-0.000000
0.516667,-0.003972,-0.516605,0.000266,-1.000000,-0.000000,-0.000000,-0.000000
0.533333,-0.003946,-0.533272,0.000265,-1.000000,-0.000000,-0.000000,-0.000000
0.550000,-0.003917,-0.549938,0.000264,-1.000000,-0.000000,-0.000000,-0.000000
0.566667,-0.003887,-0.566605,0.000263,-1.000000,-0.000000,-0.000000,-0.000000
0.583333,-0.003858,-0.583272,0.000262,-1.000000,-0.000000,-0.000000,-0.000000
0.600000,-0.003829,-0.599938,0.000260,-1.000000,-0.000000,-0.000000,-0.000000
0.616667,-0.003800,-0.616605,0.000259,-1.000000,-0.000000,-0.000000,-0.000000
0.633333,-0.003768,-0.633272,0.000258,-1.000000,-0.000000,-0.000000,-0.000000
0.650000,-0.003731,-0.649938,0.000256,-1.000000,-0.000000,-0.000000,-0.000000
0.666667,-0.003695,-0.666605,0.000254,-1.000000,-0.000000,-0.000000,-0.000000
0.683333,-0.003658,-0.683271,0.000253,-1.000000,-0.000000,-0.000000,-0.000000
0.700000,-0.003622,-0.699938,0.000251,-1.000000,-0.000000,-0.000000,-0.000000
0.716667,-0.003585,-0.716605,0.000249,-1.000000,-0.000000,-0.000000,-0.000000
0.733333,-0.003548,-0.733271,0.000247,-1.000000,-0.000000,-0.000000,-0.000000
0.750000,-0.003507,-0.749938,0.000245,-1.000000,-0.000000,-0.000000,-0.000000
0.766667,-0.003466,-0.766605,0.000243,-1.000000,-0.000000,-0.000000,-0.000000
0.783333,-0.003425,-0.783271,0.000241,-1.000000,-0.000000,-0.000000,-0.000000
0.800000,-0.003384,-0.799938,0.000239,-1.000000,-0.000000,-0.000000,-0.000000
0.816667,-0.003342,-0.816604,0.000237,-1.000000,-0.000000,-0.000000,-0.000000
0.833333,-0.003301,-0.833271,0.000234,-1.000000,-0.000000,-0.000000,-0.000000
0.850000,-0.003258,-0.849938,0.000232,-1.000000,-0.000000,-0.000000,-0.000000
0.866667,-0.003214,-0.866604,0.000230,-1.000000,-0.000000,-0.000000,-0.000000
0.883333,-0.003169,-0.883271,0.000227,-1.000000,-0.000000,-0.000000,-0.000000
0.900000,-0.003125,-0.899937,0.000225,-1.000000,-0.000000,-0.000000,-0.000000
0.916667,-0.003081,-0.916604,0.000223,-1.000000,-0.000000,-0.000000,-0.000000
0.933333,-0.003036,-0.933271,0.000220,-1.000000,-0.000000,-0.000000,-0.000000
0.950000,-0.002991,-0.949937,0.000218,-1.000000,-0.000000,-0.000000,-0.000000
0.966667,-0.002945,-0.966604,0.000215,-1.000000,-0.000000,-0.000000,-0.000000
0.983333,-0.002899,-0.983270,0.000212,-1.000000,-0.000000,-0.000000,-0.000000
1.000000,-0.002852,-0.999937,0.000210,-1.000000,-0.000000,-0.000000,-0.000000
1.016667,-0.002806,-1.016604,0.000207,-1.000000,-0.000000,-0.000000,-0.000000
1.033333,-0.002759,-1.033270,0.000204,-1.000000,-0.000000,-0.000000,-0.000000
1.050000,-0.002713,-1.049937,0.000202,-1.000000,-0.000000,-0.000000,-0.000000
1.066667,-0.002666,-1.066603,0.000199,-1.000000,-0.000000,-0.000000,-0.000000
1.083333,-0.002619,-1.083270,0.000196,-1.000000,-0.000000,-0.000000,-0.000000
1.100000,-0.002571,-1.099937,0.000193,-1.000000,-0.000000,-0.000000,-0.000000
1.116667,-0.002524,-1.116603,0.000191,-1.000000,-0.000000,-0.000000,-0.000000
1.133333,-0.002477,-1.133270,0.000188,-1.000000,-0.000000,-0.000000,-0.000000
1.150000,-0.002430,-1.149936,0.000185,-1.000000,-0.000000,-0.000000,-0.000000
1.166667,-0.002382,-1.166603,0.000182,-1.000000,-0.000000,-0.000000,-0.000000
1.183333,-0.002335,-1.183270,0.000179,-1.000000,-0.000000,-0.000000,-0.000000
1.200000,-0.002287,-1.199936,0.000176,-1.000000,-0.000000,-0.000000,-0.000000
1.216667,-0.002240,-1.216603,0.000174,-1.000000,-0.000000,-0.000000,-0.000000
1.233333,-0.002192,-1.233269,0.000171,-1.000000,-0.000000,-0.000000,-0.000000
1.250000,-0.002145,-1.249936,0.000168,-1.000000,-0.000000,-0.000000,-0.000000
1.266667,-0.002097,-1.266603,0.000165,-1.000000,-0.000000,-0.000000,-0.000000
1.283333,-0.002051,-1.283269,0.000162,-1.000000,-0.000000,-0.000000,-0.000000
1.300000,-0.002004,-1.299936,0.000159,-1.000000,-0.000000,-0.000000,-0.000000
1.316667,-0.001957,-1.316602,0.000156,-1.000000,-0.000000,-0.000000,-0.000000
1.333333,-0.001910,-1.333269,0.000153,-1.000000,-0.000000,-0.000000,-0.000000
1.350000,-0.001863,-1.349936,0.000150,-1.000000,-0.000000,-0.000000,-0.000000
1.366667,-0.001816,-1.366602,0.000147,-1.000000,-0.000000,-0.000000,-0.000000
1.383333,-0.001770,-1.383269,0.000144,-1.000000,-0.000000,-0.000000,-0.000000
1.400000,-0.001724,-1.399935,0.000141,-1.000000,-0.000000,-0.000000,-0.000000
1.416667,-0.001678,-1.416602,0.000138,-1.000000,-0.000000,-0.000000,-0.000000
1.433333,-0.001632,-1.433269,0.000135,-1.000000,-0.000000,-0.000000,-0.000000
1.450000,-0.001586,-1.449935,0.000132,-1.000000,-0.000000,-0.000000,-0.000000
1.466667,-0.001541,-1.466602,0.000129,-1.000000,-0.000000,-0.000000,-0.000000
1.483333,-0.001496,-1.483269,0.000126,-1.000000,-0.000000,-0.000000,-0.000000
1.500000,-0.001452,-1.499935,0.000123,-1.000000,-0.000000,-0.000000,-0.000000
1.516667,-0.001408,-1.516602,0.000120,-1.000000,-0.000000,-0.000000,-0.000000
1.533333,-0.001364,-1.533268,0.000117,-1.000000,-0.000000,-0.000000,-0.000000
1.550000,-0.001320,-1.549935,0.000114,-1.000000,-0.000000,-0.000000,-0.000000
1.566667,-0.001276,-1.566602,0.000111,-1.000000,-0.000000,-0.000000,-0.000000
1.583333,-0.001232,-1.583268,0.000108,-1.000000,-0.000000,-0.000000,-0.000000
1.600000,-0.001190,-1.599935,0.000105,-1.000000,-0.000000,-0.000000,-0.000000
1.616667,-0.001149,-1.616601,0.000102,-1.000000,-0.000000,-0.000000,-0.000000
1.633333,-0.001107,-1.633268,0.000099,-1.000000,-0.000000,-0.000000,-0.000000
1.650000,-0.001065,-1.649935,0.000096,-1.000000,-0.000000,-0.000000,-0.000000
1.666667,-0.001023,-1.666601,0.000093,-1.000000,-0.000000,-0.000000,-0.000000
1.683333,-0.000981,-1.683268,0.000089,-1.000000,-0.000000,-0.000000,-0.000000
1.700000,-0.000942,-1.699934,0.000087,-1.000000,-0.000000,-0.000000,-0.000000
1.716667,-0.000903,-1.716601,0.000084,-1.000000,-0.000000,-0.000000,-0.000000
1.733333,-0.000864,-1.733268,0.000081,-1.000000,-0.000000,-0.000000,-0.000000
1.750000,-0.000826,-1.749934,0.000078,-1.000000,-0.000000,-0.000000,-0.000000
1.766667,-0.000787,-1.766601,0.000075,-1.000000,-0.000000,-0.000000,-0.000000
1.783333,-0.000748,-1.783268,0.000072,-1.000000,-0.000000,-0.000000,-0.000000
1.800000,-0.000711,-1.799934,0.000069,-1.000000,-0.000000,-0.000000,-0.000000
1.816667,-0.000675,-1.816601,0.000066,-1.000000,-0.000000,-0.000000,-0.000000
1.833333,-0.000640,-1.833267,0.000063,-1.000000,-0.000000,-0.000000,-0.000000
1.850000,-0.000605,-1.849934,0.000060,-1.000000,-0.000000,-0.000000,-0.000000
1.866667,-0.000569,-1.866601,0.000057,-1.000000,-0.000000,-0.000000,-0.000000
1.883333,-0.000534,-1.883267,0.000054,-1.000000,-0.000000,-0.000000,-0.000000
1.900000,-0.000499,-1.899934,0.000051,-1.000000,-0.000000,-0.000000,-0.000000
1.916667,-0.000468,-1.916601,0.000048,-1.000000,-0.000000,-0.000000,-0.000000
1.933333,-0.000437,-1.933267,0.000046,-1.000000,-0.000000,-0.000000,-0.000000
1.950000,-0.000405,-1.949934,0.000043,-1.000000,-0.000000,-0.000000,-0.000000
1.966667,-0.000374,-1.966601,0.000040,-1.000000,-0.000000,-0.000000,-0.000000
1.983333,-0.000342,-1.983267,0.000037,-1.000000,-0.000000,-0.000000,-0.000000
2.000000,-0.000311,-1.999934,0.000034,-1.000000,-0.000000,-0.000000,-0.000000
2.016667,-0.000284,-2.016600,0.000032,-1.000000,-0.000000,-0.000000,-0.000000
2.033333,-0.000257,-2.033267,0.000029,-1.000000,-0.000000,-0.000000,-0.000000
2.050000,-0.000231,-2.049934,0.000026,-1.000000,-0.000000,-0.000000,-0.000000
2.066667,-0.000204,-2.066600,0.000023,-1.000000,-0.000000,-0.000000,-0.000000
2.083333,-0.000178,-2.083267,0.000021,-1.000000,-0.000000,-0.000000,-0.000000
2.100000,-0.000151,-2.099934,0.000018,-1.000000,-0.000000,-0.000000,-0.000000
2.116667,-0.000127,-2.116600,0.000015,-1.000000,-0.000000,-0.000000,-0.000000
2.133333,-0.000106,-2.133267,0.000013,-1.000000,-0.000000,-0.000000,-0.000000
2.150000,-0.000085,-2.149934,0.000010,-1.000000,-0.000000,-0.000000,-0.000000
2.166667,-0.000064,-2.166600,0.000008,-1.000000,-0.000000,-0.000000,-0.000000
2.183333,-0.000043,-2.183267,0.000005,-1.000000,-0.000000,-0.000000,-0.000000
2.200000,-0.000022,-2.199934,0.000003,-1.000000,-0.000000,-0.000000,-0.000000
2.216667,-0.000002,-2.216600,0.000000,-1.000000,-0.000000,-0.000000,-0.000000
2.233333,0.000010,-2.233267,-0.000002,-1.000000,-0.000000,-0.000000,-0.000000
2.250000,0.000022,-2.249934,-0.000005,-1.000000,-0.000000,-0.000000,-0.000000
2.266667,0.000034,-2.266600,-0.000007,-1.000000,-0.000000,-0.000000,-0.000000
2.283333,0.000046,-2.283267,-0.000009,-1.000000,-0.000000,-0.000000,-0.000000
2.300000,0.000058,-2.299934,-0.000012,-1.000000,-0.000000,-0.000000,-0.000000
2.316667,0.000070,-2.316600,-0.000014,-1.000000,-0.000000,-0.000000,-0.000000
2.333333,0.000063,-2.333267,-0.000016,-1.000000,-0.000000,-0.000000,-0.000000
2.350000,0.000049,-2.349934,-0.000019,-1.000000,-0.000000,-0.000000,-0.000000
2.366667,0.000036,-2.366600,-0.000021,-1.000000,-0.000000,-0.000000,-0.000000
2.383333,0.000022,-2.383267,-0.000023,-1.000000,-0.000000,-0.000000,-0.000000
2.400000,0.000008,-2.399934,-0.000025,-1.000000,-0.000000,-0.000000,-0.000000
2.416667,-0.000005,-2.416600,-0.000027,-1.000000,-0.000000,-0.000000,-0.000000
2.433333,-0.000037,-2.433267,-0.000029,-1.000000,-0.000000,-0.000000,-0.000000
2.450000,-0.000097,-2.449933,-0.000031,-1.000000,-0.000000,-0.000000,-0.000000
2.466667,-0.000157,-2.466600,-0.000033,-1.000000,-0.000000,-0.000000,-0.000000
2.483333,-0.000217,-2.483266,-0.000035,-1.000000,-0.000000,-0.000000,-0.000000
2.500000,-0.000277,-2.499933,-0.000038,-1.000000,-0.000000,-0.000000,-0.000000
2.516667,-0.000337,-2.516600,-0.000040,-1.000000,-0.000000,-0.000000,-0.000000
2.533333,-0.000400,-2.533266,-0.000042,-1.000000,-0.000000,-0.000000,-0.000000
2.550000,-0.000528,-2.549932,-0.000043,-1.000000,-0.000000,-0.000000,-0.000000
2.566667,-0.000655,-2.566598,-0.000045,-1.000000,-0.000000,-0.000000,-0.000000
2.583333,-0.000783,-2.583265,-0.000047,-1.000000,-0.000000,-0.000000,-0.000000
2.600000,-0.000911,-2.599931,-0.000049,-1.000000,-0.000000,-0.000000,-0.000000
2.616667,-0.001038,-2.616597,-0.000051,-1.000000,-0.000000,-0.000000,-0.000000
2.633333,-0.001166,-2.633263,-0.000052,-1.000000,-0.000000,-0.000000,-0.000000
2.650000,-0.001356,-2.649929,-0.000054,-1.000000,-0.000000,-0.000000,-0.000000
2.666667,-0.001574,-2.666594,-0.000056,-1.000000,-0.000000,-0.000000,-0.000000
2.683333,-0.001791,-2.683259,-0.000057,-1.000000,-0.000000,-0.000000,-0.000000
2.700000,-0.002009,-2.699924,-0.000059,-1.000000,-0.000000,-0.000000,-0.000000
2.716667,-0.002227,-2.716590,-0.000061,-0.000000,-0.000047,0.999971,0.007581
2.733333,-0.002444,-2.733255,-0.000062,-0.000000,-0.000047,0.999968,0.008003
2.750000,-0.002701,-2.749920,-0.000064,-0.000000,-0.000046,0.999965,0.008342
2.766667,-0.003031,-2.766583,-0.000065,-0.000000,-0.000045,0.999962,0.008681
2.783333,-0.003362,-2.783246,-0.000067,-0.000000,-0.000044,0.999956,0.009426
2.800000,-0.003693,-2.799910,-0.000068,-0.000000,-0.000043,0.999948,0.010175
2.816667,-0.004023,-2.816573,-0.000070,-0.000000,-0.000042,0.999940,0.010923
2.833333,-0.004354,-2.833236,-0.000071,-0.000000,-0.000041,0.999933,0.011555
2.850000,-0.004685,-2.849900,-0.000073,-0.000000,-0.000041,0.999928,0.011964
2.866667,-0.005151,-2.866560,-0.000074,-0.000000,-0.000040,0.999923,0.012373
2.883333,-0.005618,-2.883220,-0.000075,-0.000001,-0.000039,0.999914,0.013094
2.900000,-0.006085,-2.899880,-0.000076,-0.000001,-0.000038,0.999902,0.013986
2.916667,-0.006552,-2.916540,-0.000078,-0.000001,-0.000037,0.999889,0.014877
2.933333,-0.007019,-2.933200,-0.000079,-0.000001,-0.000036,0.999876,0.015769
2.950000,-0.007486,-2.949861,-0.000080,-0.000001,-0.000035,0.999868,0.016253
2.966667,-0.008057,-2.966517,-0.000081,-0.000001,-0.000035,0.999860,0.016736
2.983333,-0.008685,-2.983172,-0.000082,-0.000001,-0.000034,0.999849,0.017383
3.000000,-0.009312,-2.999827,-0.000083,-0.000001,-0.000033,0.999830,0.018431
3.016667,-0.009940,-3.016482,-0.000084,-0.000001,-0.000032,0.999810,0.019476
3.033333,-0.010568,-3.033137,-0.000086,-0.000001,-0.000031,0.999790,0.020516
3.050000,-0.011196,-3.049792,-0.000087,-0.000001,-0.000030,0.999774,0.021242
3.066667,-0.011878,-3.066444,-0.000088,-0.000001,-0.000029,0.999762,0.021797
3.083333,-0.012708,-3.083447,-0.000089,-0.000001,-0.000029,0.999749,0.022396
3.100000,-0.013537,-3.100450,-0.000089,-0.000001,-0.000027,0.999722,0.023595
3.116667,-0.014367,-3.117453,-0.000090,-0.000001,-0.000026,0.999693,0.024783
3.133333,-0.015197,-3.134456,-0.000091,-0.000001,-0.000025,0.999663,0.025959
3.150000,-0.016026,-3.151458,-0.000092,-0.000001,-0.000024,0.999636,0.026966
3.166667,-0.016872,-3.168460,-0.000093,-0.000001,-0.000024,0.999619,0.027594
3.183333,-0.017941,-3.185884,-0.000094,-0.000001,-0.000023,0.999602,0.028228
3.200000,-0.019010,-3.203307,-0.000094,-0.000001,-0.000022,0.999563,0.029573
3.216667,-0.020080,-3.220730,-0.000095,-0.000001,-0.000021,0.999522,0.030906
3.233333,-0.021149,-3.238153,-0.000096,-0.000001,-0.000020,0.999481,0.032225
3.250000,-0.022218,-3.255576,-0.000097,-0.000001,-0.000019,0.999439,0.033486
3.266667,-0.023290,-3.272999,-0.000097,-0.000001,-0.000018,0.999415,0.034186
3.283333,-0.024635,-3.290829,-0.000098,-0.000001,-0.000018,0.999389,0.034955
3.300000,-0.025980,-3.308658,-0.000099,-0.000001,-0.000017,0.999336,0.036444
3.316667,-0.027324,-3.326488,-0.000099,-0.000001,-0.000016,0.999281,0.037918
3.333333,-0.028669,-3.344317,-0.000100,-0.000001,-0.000015,0.999224,0.039379
3.350000,-0.030014,-3.362146,-0.000100,-0.000001,-0.000013,0.999167,0.040818
3.366667,-0.031384,-3.379974,-0.000101,-0.000001,-0.000013,0.999135,0.041589
3.383333,-0.033040,-3.398194,-0.000101,-0.000001,-0.000012,0.999092,0.042616
3.400000,-0.034697,-3.416414,-0.000102,-0.000000,-0.000011,0.999021,0.044242
3.416667,-0.036353,-3.434634,-0.000102,-0.000000,-0.000010,0.998948,0.045854
3.433333,-0.038010,-3.452854,-0.000102,-0.000000,-0.000009,0.998874,0.047451
3.450000,-0.039666,-3.471074,-0.000103,-0.000000,-0.000008,0.998801,0.048964
3.466667,-0.041417,-3.489285,-0.000103,-0.000000,-0.000008,0.998759,0.049802
3.483333,-0.043422,-3.507878,-0.000103,-0.000000,-0.000007,0.998687,0.051221
3.500000,-0.045427,-3.526472,-0.000103,-0.000000,-0.000006,0.998596,0.052978
3.516667,-0.047432,-3.545066,-0.000104,-0.000000,-0.000005,0.998502,0.054720
3.533333,-0.049437,-3.563660,-0.000104,-0.000000,-0.000004,0.998406,0.056447
3.550000,-0.051442,-3.582254,-0.000104,-0.000000,-0.000003,0.998322,0.057909
3.566667,-0.053663,-3.600822,-0.000104,-0.000000,-0.000002,0.998264,0.058898
3.583333,-0.056053,-3.619771,-0.000104,-0.000000,-0.000001,0.998151,0.060789
3.600000,-0.058443,-3.638720,-0.000104,-0.000000,-0.000000,0.998035,0.062665
3.616667,-0.060833,-3.657669,-0.000104,0.000000,0.000001,0.997916,0.064525
3.633333,-0.063223,-3.676618,-0.000104,0.000000,0.000002,0.997795,0.066369
3.650000,-0.065646,-3.695563,-0.000104,0.000000,0.000002,0.997710,0.067637
3.666667,-0.068457,-3.714847,-0.000104,0.000000,0.000003,0.997598,0.069271
3.683333,-0.071268,-3.734131,-0.000104,0.000000,0.000004,0.997457,0.071269
3.700000,-0.074079,-3.753415,-0.000104,0.000000,0.000005,0.997314,0.073251
3.716667,-0.076890,-3.772699,-0.000103,0.000000,0.000006,0.997167,0.075218
3.733333,-0.079701,-3.791983,-0.000103,0.000001,0.000007,0.997025,0.077084
3.750000,-0.082770,-3.811227,-0.000103,0.000001,0.000008,0.996918,0.078445
3.766667,-0.086036,-3.830824,-0.000102,0.000001,0.000008,0.996750,0.080555
3.783333,-0.089301,-3.850421,-0.000102,0.000001,0.000009,0.996579,0.082648
3.800000,-0.092567,-3.870019,-0.000102,0.000001,0.000010,0.996404,0.084725
3.816667,-0.095833,-3.889616,-0.000101,0.000001,0.000011,0.996227,0.086786
3.833333,-0.099232,-3.909190,-0.000101,0.000001,0.000012,0.996096,0.088278
3.850000,-0.102985,-3.929078,-0.000100,0.000001,0.000013,0.995898,0.090481
3.866667,-0.106738,-3.948965,-0.000100,0.000001,0.000014,0.995697,0.092668
3.883333,-0.110491,-3.968853,-0.000099,0.000001,0.000014,0.995493,0.094839
3.900000,-0.114244,-3.988741,-0.000099,0.000001,0.000015,0.995285,0.096993
3.916667,-0.118035,-4.008621,-0.000098,0.000002,0.000016,0.995107,0.098800
3.933333,-0.122304,-4.028774,-0.000097,0.000002,0.000017,0.994887,0.100996
3.950000,-0.126574,-4.048928,-0.000097,0.000002,0.000018,0.994654,0.103264
3.966667,-0.130843,-4.069081,-0.000096,0.000002,0.000018,0.994418,0.105516
3.983333,-0.135112,-4.089235,-0.000095,0.000002,0.000019,0.994178,0.107752
4.000000,-0.139382,-4.109389,-0.000094,0.000002,0.000020,0.993945,0.109879
4.016667,-0.144089,-4.129444,-0.000093,0.000002,0.000021,0.993701,0.112061
4.033333,-0.148901,-4.149838,-0.000092,0.000002,0.000022,0.993435,0.114395
4.050000,-0.153714,-4.170232,-0.000092,0.000003,0.000022,0.993166,0.116713
4.066667,-0.158526,-4.190626,-0.000091,0.000003,0.000023,0.992892,0.119015
4.083333,-0.163338,-4.211020,-0.000090,0.000003,0.000024,0.992616,0.121301
4.100000,-0.168573,-4.231309,-0.000089,0.000003,0.000024,0.992333,0.123597
4.116667,-0.173951,-4.251918,-0.000088,0.000003,0.000025,0.992033,0.125977
4.133333,-0.179329,-4.272526,-0.000086,0.000003,0.000026,0.991730,0.128341
4.150000,-0.184707,-4.293134,-0.000085,0.000004,0.000027,0.991423,0.130689
4.166667,-0.190084,-4.313743,-0.000084,0.000004,0.000027,0.991113,0.133022
4.183333,-0.195906,-4.334230,-0.000083,0.000004,0.000028,0.990772,0.135538
4.200000,-0.201868,-4.355026,-0.000082,0.000004,0.000029,0.990440,0.137946
4.216667,-0.207831,-4.375822,-0.000080,0.000004,0.000029,0.990103,0.140339
4.233333,-0.213794,-4.396618,-0.000079,0.000004,0.000030,0.989764,0.142717
4.250000,-0.219757,-4.417414,-0.000078,0.000004,0.000031,0.989391,0.145277
4.266667,-0.226219,-4.438061,-0.000077,0.000005,0.000031,0.989015,0.147815
4.283333,-0.232781,-4.459018,-0.000075,0.000005,0.000032,0.988651,0.150233
4.300000,-0.239343,-4.479976,-0.000074,0.000005,0.000032,0.988283,0.152635
4.316667,-0.245905,-4.500933,-0.000072,0.000005,0.000033,0.987911,0.155022
4.333333,-0.252550,-4.521863,-0.000071,0.000005,0.000034,0.987456,0.157892
4.350000,-0.259722,-4.542956,-0.000069,0.000006,0.000034,0.987066,0.160312
4.366667,-0.266895,-4.564048,-0.000068,0.000006,0.000035,0.986672,0.162722
4.383333,-0.274067,-4.585141,-0.000066,0.000006,0.000035,0.986274,0.165118
4.400000,-0.281240,-4.606233,-0.000064,0.000006,0.000036,0.985872,0.167500
4.416667,-0.288622,-4.627251,-0.000063,0.000006,0.000036,0.985351,0.170539
4.433333,-0.296411,-4.648453,-0.000061,0.000006,0.000037,0.984932,0.172945
4.450000,-0.304200,-4.669655,-0.000059,0.000007,0.000037,0.984508,0.175337
4.466667,-0.311989,-4.690857,-0.000058,0.000007,0.000038,0.984082,0.177715
4.483333,-0.319779,-4.712059,-0.000056,0.000007,0.000038,0.983633,0.180185
4.500000,-0.327935,-4.733122,-0.000054,0.000007,0.000039,0.983066,0.183253
4.516667,-0.336343,-4.754409,-0.000052,0.000007,0.000039,0.982620,0.185626
4.533333,-0.344752,-4.775696,-0.000050,0.000008,0.000040,0.982172,0.187985
4.550000,-0.353160,-4.796983,-0.000049,0.000008,0.000040,0.981720,0.190331
4.566667,-0.361613,-4.818252,-0.000047,0.000008,0.000041,0.981146,0.193269
4.583333,-0.370640,-4.839600,-0.000045,0.000008,0.000041,0.980619,0.195923
4.600000,-0.379667,-4.860949,-0.000043,0.000008,0.000041,0.980152,0.198250
4.616667,-0.388694,-4.882298,-0.000041,0.000009,0.000042,0.979681,0.200563
4.633333,-0.397721,-4.903646,-0.000039,0.000009,0.000042,0.979205,0.202872
4.650000,-0.407008,-4.924882,-0.000037,0.000009,0.000043,0.978509,0.206206
4.666667,-0.416648,-4.946270,-0.000035,0.000009,0.000043,0.978025,0.208488
4.683333,-0.426289,-4.967659,-0.000033,0.000009,0.000043,0.977538,0.210759
4.700000,-0.435929,-4.989048,-0.000031,0.000010,0.000044,0.977048,0.213017
4.716667,-0.445573,-5.010435,-0.000029,0.000010,0.000044,0.976423,0.215866
4.733333,-0.455819,-5.031844,-0.000026,0.000010,0.000044,0.975809,0.218625
4.750000,-0.466066,-5.053252,-0.000024,0.000010,0.000045,0.975309,0.220844
4.766667,-0.476313,-5.074661,-0.000022,0.000010,0.000045,0.974807,0.223051
4.783333,-0.486559,-5.096069,-0.000020,0.000010,0.000045,0.974269,0.225389
4.800000,-0.497067,-5.117350,-0.000018,0.000011,0.000045,0.973509,0.228647
4.816667,-0.507909,-5.138759,-0.000015,0.000011,0.000046,0.973000,0.230806
4.833333,-0.518752,-5.160169,-0.000013,0.000011,0.000046,0.972488,0.232955
4.850000,-0.529594,-5.181579,-0.000011,0.000011,0.000046,0.971973,0.235093
4.866667,-0.540498,-5.202957,-0.000009,0.000012,0.000051,0.971261,0.238017
4.883333,-0.551924,-5.224352,-0.000006,0.000014,0.000057,0.970626,0.240592
4.900000,-0.563350,-5.245746,-0.000004,0.000016,0.000064,0.970106,0.242681
4.916667,-0.574776,-5.267141,-0.000002,0.000018,0.000070,0.969584,0.244761
4.933333,-0.586202,-5.288535,0.000001,0.000023,0.000089,0.968944,0.247281
4.950000,-0.597974,-5.309740,0.000005,0.000032,0.000123,0.968186,0.250230
4.966667,-0.609971,-5.331103,0.000011,0.000041,0.000158,0.967656,0.252274
4.983333,-0.621968,-5.352466,0.000016,0.000050,0.000192,0.967123,0.254309
5.000000,-0.633965,-5.373829,0.000022,0.000062,0.000234,0.966545,0.256498
5.016667,-0.646159,-5.395079,0.000034,0.000086,0.000319,0.965734,0.259532
5.033333,-0.658720,-5.416391,0.000054,0.000108,0.000398,0.965129,0.261775
5.050000,-0.671281,-5.437704,0.000073,0.000130,0.000476,0.964582,0.263783
5.066667,-0.683842,-5.459016,0.000093,0.000153,0.000553,0.964033,0.265783
5.083333,-0.696474,-5.480286,0.000117,0.000194,0.000695,0.963225,0.268694
5.100000,-0.709594,-5.501529,0.000163,0.000234,0.000831,0.962511,0.271243
5.116667,-0.722714,-5.522772,0.000209,0.000270,0.000951,0.961947,0.273236
5.133333,-0.735833,-5.544014,0.000255,0.000307,0.001071,0.961380,0.275221
5.150000,-0.748953,-5.565257,0.000301,0.000363,0.001253,0.960607,0.277907
5.166667,-0.762474,-5.586246,0.000380,0.000425,0.001453,0.959789,0.280718
5.183333,-0.776149,-5.607398,0.000464,0.000475,0.001612,0.959206,0.282702
5.200000,-0.789823,-5.628551,0.000547,0.000526,0.001770,0.958621,0.284679
5.216667,-0.803497,-5.649703,0.000630,0.000595,0.001985,0.957873,0.287184
5.233333,-0.817480,-5.670651,0.000746,0.000682,0.002248,0.956980,0.290144
5.250000,-0.831705,-5.691692,0.000877,0.000748,0.002447,0.956357,0.292191
5.266667,-0.845930,-5.712733,0.001008,0.000813,0.002640,0.955752,0.294160
5.283333,-0.860155,-5.733773,0.001139,0.000895,0.002881,0.955021,0.296522
5.300000,-0.874613,-5.754653,0.001300,0.001003,0.003195,0.954098,0.299476
5.316667,-0.889385,-5.775561,0.001489,0.001091,0.003446,0.953388,0.301724
5.333333,-0.904156,-5.796470,0.001678,0.001170,0.003671,0.952763,0.303692
5.350000,-0.918928,-5.817378,0.001866,0.001265,0.003937,0.952039,0.305949
5.366667,-0.933873,-5.838161,0.002081,0.001396,0.004297,0.951083,0.308903
5.383333,-0.949188,-5.858914,0.002338,0.001507,0.004600,0.950293,0.311320
5.400000,-0.964503,-5.879667,0.002594,0.001602,0.004856,0.949644,0.313290
5.416667,-0.979818,-5.900421,0.002850,0.001710,0.005144,0.948918,0.315476
5.433333,-0.995260,-5.921077,0.003128,0.001864,0.005548,0.947926,0.318437
5.450000,-1.011115,-5.941653,0.003461,0.002000,0.005902,0.947061,0.320993
5.466667,-1.026970,-5.962229,0.003793,0.002111,0.006185,0.946387,0.322968
5.483333,-1.042825,-5.982805,0.004126,0.002233,0.006496,0.945650,0.325113
5.500000,-1.058775,-6.003305,0.004477,0.002411,0.006941,0.944620,0.328083
5.516667,-1.075166,-6.023680,0.004896,0.002574,0.007344,0.943687,0.330749
5.533333,-1.091557,-6.044055,0.005314,0.002700,0.007653,0.942986,0.332732
5.550000,-1.107948,-6.064431,0.005732,0.002839,0.007988,0.942228,0.334864
5.566667,-1.124414,-6.084744,0.006167,0.003041,0.008471,0.941158,0.337848
5.583333,-1.141337,-6.104895,0.006679,0.003231,0.008918,0.940160,0.340600
5.600000,-1.158260,-6.125046,0.007192,0.003374,0.009251,0.939432,0.342594
5.616667,-1.175182,-6.145197,0.007704,0.003531,0.009613,0.938642,0.344740
5.633333,-1.192171,-6.165291,0.008232,0.003758,0.010131,0.937529,0.347739
5.650000,-1.209622,-6.185194,0.008847,0.003974,0.010617,0.936474,0.350553
5.666667,-1.227073,-6.205096,0.009462,0.004135,0.010974,0.935717,0.352557
5.683333,-1.244523,-6.224999,0.010078,0.004312,0.011364,0.934885,0.354742
5.700000,-1.262041,-6.244841,0.010710,0.004565,0.011915,0.933726,0.357760
5.716667,-1.280014,-6.264471,0.011435,0.004809,0.012436,0.932620,0.360613
5.733333,-1.297987,-6.284101,0.012161,0.004986,0.012813,0.931832,0.362630
5.750000,-1.315960,-6.303731,0.012887,0.005188,0.013236,0.930948,0.364876
5.766667,-1.334010,-6.323288,0.013634,0.005468,0.013818,0.929741,0.367914
5.783333,-1.352501,-6.342620,0.014478,0.005737,0.014367,0.928591,0.370783
5.800000,-1.370991,-6.361952,0.015322,0.005933,0.014764,0.927769,0.372815
5.816667,-1.389481,-6.381285,0.016167,0.006161,0.015222,0.926821,0.375144
5.833333,-1.408067,-6.400522,0.017038,0.006469,0.015832,0.925565,0.378203
5.850000,-1.427068,-6.419532,0.018009,0.006762,0.016402,0.924376,0.381069
5.866667,-1.446069,-6.438541,0.018979,0.006977,0.016818,0.923521,0.383115
5.883333,-1.465070,-6.457551,0.019949,0.007236,0.017315,0.922497,0.385547
5.900000,-1.484193,-6.476434,0.020957,0.007573,0.017950,0.921189,0.388628
5.916667,-1.503697,-6.495095,0.022061,0.007887,0.018536,0.919971,0.391467
5.933333,-1.523202,-6.513757,0.023164,0.008121,0.018967,0.919081,0.393528
5.950000,-1.542706,-6.532418,0.024267,0.008417,0.019507,0.917970,0.396080
5.966667,-1.562365,-6.550911,0.025421,0.008782,0.020166,0.916607,0.399183
5.983333,-1.582364,-6.569200,0.026665,0.009116,0.020760,0.915368,0.401978
6.000000,-1.602364,-6.587488,0.027909,0.009370,0.021206,0.914441,0.404054
6.016667,-1.622363,-6.605776,0.029152,0.009705,0.021790,0.913231,0.406744
6.033333,-1.642555,-6.623844,0.030462,0.010101,0.022470,0.911812,0.409869
6.050000,-1.663041,-6.641733,0.031853,0.010452,0.023065,0.910560,0.412600
6.066667,-1.683526,-6.659623,0.033243,0.010725,0.023525,0.909595,0.414691
6.083333,-1.704011,-6.677512,0.034633,0.011105,0.024157,0.908272,0.417534
6.100000,-1.724732,-6.695118,0.036110,0.011531,0.024855,0.906795,0.420680
6.116667,-1.745693,-6.712583,0.037652,0.011895,0.025445,0.905541,0.423328
6.133333,-1.766654,-6.730048,0.039195,0.012189,0.025916,0.904537,0.425432
6.150000,-1.787615,-6.747513,0.040738,0.012618,0.026597,0.903090,0.428441
6.166667,-1.808858,-6.764621,0.042390,0.013075,0.027311,0.901554,0.431606
6.183333,-1.830282,-6.781638,0.044092,0.013449,0.027889,0.900307,0.434154
6.200000,-1.851707,-6.798654,0.045793,0.013763,0.028370,0.899263,0.436270
6.216667,-1.873131,-6.815670,0.047495,0.014247,0.029102,0.897680,0.439456
6.233333,-1.894887,-6.832245,0.049331,0.014735,0.029829,0.896083,0.442638
6.250000,-1.916762,-6.848787,0.051196,0.015114,0.030388,0.894853,0.445069
6.266667,-1.938637,-6.865330,0.053062,0.015477,0.030917,0.893683,0.447366
6.283333,-1.960513,-6.881872,0.054927,0.015992,0.031661,0.892035,0.450573
6.300000,-1.982769,-6.897878,0.056956,0.016512,0.032399,0.890377,0.453770
6.316667,-2.005081,-6.913923,0.058989,0.016891,0.032932,0.889175,0.456067
6.333333,-2.027392,-6.929968,0.061023,0.017308,0.033512,0.887865,0.458556
6.350000,-2.049762,-6.945926,0.063084,0.017854,0.034263,0.886156,0.461774
6.366667,-2.072495,-6.961449,0.065291,0.018405,0.035008,0.884436,0.464983
6.383333,-2.095228,-6.976972,0.067497,0.018780,0.035511,0.883275,0.467132
6.400000,-2.117960,-6.992495,0.069704,0.019255,0.036140,0.881813,0.469818
6.416667,-2.140810,-7.007833,0.071967,0.019833,0.036896,0.880041,0.473046
6.433333,-2.163947,-7.022813,0.074351,0.020385,0.037608,0.878351,0.476099
6.450000,-2.187083,-7.037792,0.076734,0.020781,0.038113,0.877148,0.478254
6.466667,-2.210220,-7.052771,0.079118,0.021318,0.038792,0.875524,0.481143
6.483333,-2.233531,-7.067457,0.081589,0.021927,0.039550,0.873690,0.484377
6.500000,-2.257053,-7.081870,0.084153,0.022474,0.040222,0.872042,0.487257
6.516667,-2.280576,-7.096284,0.086716,0.022890,0.040727,0.870799,0.489415
6.533333,-2.304098,-7.110697,0.089280,0.023494,0.041454,0.869003,0.492508
6.550000,-2.327849,-7.124701,0.091965,0.024132,0.042210,0.867107,0.495743
6.566667,-2.351737,-7.138528,0.094711,0.024670,0.042838,0.865515,0.498438
6.583333,-2.375625,-7.152355,0.097456,0.025116,0.043355,0.864198,0.500651
6.600000,-2.399513,-7.166182,0.100202,0.025779,0.044113,0.862255,0.503891
6.616667,-2.423681,-7.179478,0.103105,0.026446,0.044864,0.860299,0.507123
6.633333,-2.447913,-7.192699,0.106035,0.026968,0.045444,0.858773,0.509624
6.650000,-2.472145,-7.205921,0.108965,0.027478,0.046006,0.857289,0.512040
6.666667,-2.496393,-7.219111,0.111905,0.028168,0.046756,0.855287,0.515272
6.683333,-2.520948,-7.231710,0.115020,0.028863,0.047499,0.853271,0.518497
6.700000,-2.545502,-7.244309,0.118136,0.029364,0.048029,0.851824,0.520794
6.716667,-2.570057,-7.256908,0.121251,0.029940,0.048631,0.850166,0.523408
6.733333,-2.594682,-7.269352,0.124411,0.030657,0.049371,0.848106,0.526629
6.750000,-2.619534,-7.281312,0.127712,0.031366,0.050091,0.846068,0.529789
6.766667,-2.644387,-7.293273,0.131014,0.031852,0.050580,0.844675,0.531932
6.783333,-2.669240,-7.305233,0.134315,0.032496,0.051219,0.842837,0.534739
6.800000,-2.694212,-7.316912,0.137697,0.033238,0.051945,0.840722,0.537944
6.816667,-2.719343,-7.328222,0.141184,0.033924,0.052606,0.838764,0.540886
6.833333,-2.744474,-7.339531,0.144672,0.034426,0.053085,0.837335,0.543017
6.850000,-2.769604,-7.350840,0.148159,0.035139,0.053757,0.835314,0.546009
6.866667,-2.794897,-7.361738,0.151763,0.035903,0.054466,0.833145,0.549193
6.883333,-2.820288,-7.372387,0.155437,0.036562,0.055068,0.831277,0.551914
6.900000,-2.845679,-7.383036,0.159111,0.037079,0.055536,0.829812,0.554033
6.916667,-2.871070,-7.393686,0.162785,0.037860,0.056234,0.827608,0.557197
6.933333,-2.896658,-7.403792,0.166611,0.038645,0.056924,0.825391,0.560354
6.950000,-2.922291,-7.413774,0.170471,0.039271,0.057466,0.823624,0.562849
6.966667,-2.947925,-7.423755,0.174331,0.039853,0.057964,0.821985,0.565148
6.983333,-2.973559,-7.433734,0.178192,0.040652,0.058640,0.819735,0.568281
7.000000,-2.999416,-7.443043,0.182238,0.041455,0.059307,0.817471,0.571406
7.016667,-3.025273,-7.452351,0.186283,0.042044,0.059790,0.815814,0.573677
7.033333,-3.051130,-7.461660,0.190329,0.042689,0.060313,0.813999,0.576147
7.050000,-3.077027,-7.470836,0.194411,0.043505,0.060964,0.811707,0.579242
7.066667,-3.103089,-7.479467,0.198641,0.044322,0.061606,0.809405,0.582326
7.083333,-3.129151,-7.488097,0.202870,0.044871,0.062031,0.807863,0.584376
7.100000,-3.155213,-7.496727,0.207100,0.045580,0.062574,0.805871,0.587008
7.116667,-3.181347,-7.505095,0.211400,0.046409,0.063199,0.803541,0.590062
7.133333,-3.207595,-7.513045,0.215812,0.047186,0.063775,0.801352,0.592910
7.150000,-3.233842,-7.520995,0.220224,0.047742,0.064182,0.799786,0.594931
7.166667,-3.260090,-7.528945,0.224637,0.048514,0.064740,0.797617,0.597714
7.183333,-3.286433,-7.536501,0.229152,0.049353,0.065336,0.795254,0.600721
7.200000,-3.312847,-7.543769,0.233745,0.050087,0.065848,0.793186,0.603333
7.216667,-3.339261,-7.551037,0.238337,0.050649,0.066236,0.791600,0.605323
7.233333,-3.365675,-7.558304,0.242929,0.051482,0.066803,0.789255,0.608247
7.250000,-3.392202,-7.565049,0.247657,0.052329,0.067368,0.786863,0.611203
7.266667,-3.418763,-7.571635,0.252426,0.053014,0.067819,0.784926,0.613581
7.283333,-3.445324,-7.578220,0.257196,0.053623,0.068214,0.783206,0.615678
7.300000,-3.471885,-7.584806,0.261965,0.054473,0.068757,0.780804,0.618587
7.316667,-3.498568,-7.590741,0.266901,0.055324,0.069291,0.778389,0.621489
7.333333,-3.525257,-7.596648,0.271844,0.055959,0.069683,0.776589,0.623636
7.350000,-3.551945,-7.602554,0.276788,0.056623,0.070088,0.774704,0.625872
7.366667,-3.578650,-7.608360,0.281757,0.057475,0.070599,0.772283,0.628722
7.383333,-3.605448,-7.613590,0.286871,0.058329,0.071101,0.769849,0.631565
7.400000,-3.632245,-7.618820,0.291984,0.058910,0.071437,0.768194,0.633486
7.416667,-3.659042,-7.624049,0.297098,0.059629,0.071847,0.766144,0.635851
7.433333,-3.685870,-7.629051,0.302269,0.060481,0.072325,0.763708,0.638640
7.450000,-3.712758,-7.633610,0.307550,0.061292,0.072770,0.761384,0.641282
7.466667,-3.739646,-7.638168,0.312830,0.061859,0.073078,0.759756,0.643120
7.483333,-3.766533,-7.642727,0.318111,0.062629,0.073489,0.757546,0.645602
7.500000,-3.793459,-7.646932,0.323478,0.063479,0.073933,0.755101,0.648326
7.516667,-3.820418,-7.650826,0.328921,0.064231,0.074319,0.752927,0.650732
7.533333,-3.847378,-7.654719,0.334364,0.064796,0.074604,0.751295,0.652527
7.550000,-3.874338,-7.658612,0.339807,0.065615,0.075011,0.748928,0.655114
7.566667,-3.901337,-7.662031,0.345364,0.066459,0.075421,0.746479,0.657772
7.583333,-3.928351,-7.665267,0.350966,0.067152,0.075752,0.744462,0.659946
7.600000,-3.955365,-7.668502,0.356567,0.067741,0.076028,0.742747,0.661783
7.616667,-3.982379,-7.671738,0.362168,0.068576,0.076414,0.740312,0.664377
7.633333,-4.009427,-7.674382,0.367909,0.069412,0.076791,0.737865,0.666963
7.650000,-4.036479,-7.676969,0.373664,0.070044,0.077070,0.736010,0.668912
7.666667,-4.063531,-7.679556,0.379418,0.070677,0.077346,0.734154,0.670850
7.683333,-4.090585,-7.682077,0.385188,0.071497,0.077697,0.731743,0.673353
7.700000,-4.117658,-7.684026,0.391091,0.072318,0.078040,0.729321,0.675848
7.716667,-4.144731,-7.685976,0.396995,0.072885,0.078273,0.727649,0.677561
7.733333,-4.171804,-7.687925,0.402898,0.073551,0.078543,0.725683,0.679563
7.750000,-4.198879,-7.689694,0.408842,0.074350,0.078860,0.723323,0.681951
7.766667,-4.225958,-7.691031,0.414887,0.075120,0.079159,0.721039,0.684247
7.783333,-4.253038,-7.692367,0.420932,0.075643,0.079360,0.719489,0.685796
7.800000,-4.280117,-7.693704,0.426977,0.076333,0.079621,0.717447,0.687825
7.816667,-4.307192,-7.694757,0.433086,0.077103,0.079906,0.715164,0.690080
7.833333,-4.334263,-7.695510,0.439265,0.077795,0.080156,0.713107,0.692099
7.850000,-4.361335,-7.696263,0.445445,0.078298,0.080336,0.711613,0.693558
7.866667,-4.388406,-7.697016,0.451624,0.079006,0.080587,0.709515,0.695594
7.883333,-4.415464,-7.697395,0.457889,0.079745,0.080843,0.707317,0.697716
7.900000,-4.442516,-7.697592,0.464195,0.080360,0.081051,0.705486,0.699473
7.916667,-4.469568,-7.697790,0.470501,0.080856,0.081217,0.704012,0.700880
7.933333,-4.496619,-7.697988,0.476808,0.081566,0.081453,0.701906,0.702880
7.950000,-4.523645,-7.697730,0.483219,0.082275,0.081682,0.699794,0.704874
7.966667,-4.550667,-7.697401,0.489646,0.082818,0.081855,0.698178,0.706392
7.983333,-4.577689,-7.697073,0.496073,0.083334,0.082018,0.696642,0.707827
8.000000,-4.604709,-7.696716,0.502507,0.084014,0.082229,0.694622,0.709705
8.016667,-4.631693,-7.695889,0.509049,0.084694,0.082435,0.692595,0.711578
8.033333,-4.658677,-7.695062,0.515590,0.085169,0.082577,0.691180,0.712879
8.050000,-4.685661,-7.694234,0.522132,0.085704,0.082735,0.689591,0.714334
8.066667,-4.712633,-7.693290,0.528701,0.086355,0.082925,0.687655,0.716098
8.083333,-4.739572,-7.691989,0.535351,0.086993,0.083106,0.685752,0.717823
8.100000,-4.766510,-7.690689,0.542001,0.087418,0.083226,0.684489,0.718962
8.116667,-4.793449,-7.689388,0.548652,0.087968,0.083380,0.682857,0.720428
8.133333,-4.820365,-7.687892,0.555347,0.088591,0.083551,0.681003,0.722084
8.150000,-4.847253,-7.686144,0.562101,0.089160,0.083703,0.679307,0.723593
8.166667,-4.874140,-7.684397,0.568854,0.089567,0.083812,0.678100,0.724662
8.183333,-4.901028,-7.682650,0.575608,0.090129,0.083961,0.676432,0.726132
8.200000,-4.927880,-7.680636,0.582423,0.090726,0.084115,0.674659,0.727687
8.216667,-4.954712,-7.678466,0.589275,0.091232,0.084243,0.673156,0.729000
8.233333,-4.981544,-7.676295,0.596126,0.091623,0.084341,0.671995,0.730010
8.250000,-5.008376,-7.674125,0.602978,0.092194,0.084484,0.670305,0.731474
8.266667,-5.035159,-7.671626,0.609906,0.092765,0.084624,0.668610,0.732935
8.283333,-5.061932,-7.669054,0.616851,0.093211,0.084731,0.667288,0.734070
8.300000,-5.088704,-7.666483,0.623796,0.093618,0.084828,0.666082,0.735101
8.316667,-5.115476,-7.663908,0.630742,0.094165,0.084958,0.664468,0.736476
8.333333,-5.142186,-7.660959,0.637775,0.094711,0.085084,0.662850,0.737848
8.350000,-5.168896,-7.658010,0.644809,0.095102,0.085174,0.661697,0.738822
8.366667,-5.195606,-7.655061,0.651842,0.095524,0.085271,0.660454,0.739868
8.383333,-5.222304,-7.652040,0.658893,0.096047,0.085389,0.658913,0.741159
8.400000,-5.248950,-7.648733,0.666011,0.096568,0.085503,0.657375,0.742443
8.416667,-5.275595,-7.645427,0.673130,0.096909,0.085579,0.656372,0.743277
8.433333,-5.302241,-7.642120,0.680248,0.097344,0.085674,0.655097,0.744333
8.450000,-5.328861,-7.638681,0.687398,0.097846,0.085782,0.653627,0.745547
8.466667,-5.355441,-7.635036,0.694597,0.098311,0.085880,0.652258,0.746672
8.483333,-5.382021,-7.631392,0.701796,0.098638,0.085949,0.651300,0.747457
8.500000,-5.408601,-7.627747,0.708995,0.099084,0.086043,0.650000,0.748518
8.516667,-5.435142,-7.623916,0.716239,0.099564,0.086142,0.648597,0.749659
8.533333,-5.461656,-7.619952,0.723515,0.099979,0.086226,0.647385,0.750641
8.550000,-5.488169,-7.615988,0.730791,0.100292,0.086290,0.646473,0.751378
8.566667,-5.514682,-7.612025,0.738067,0.100748,0.086382,0.645152,0.752440
8.583333,-5.541143,-7.607827,0.745400,0.101208,0.086474,0.643815,0.753513
8.600000,-5.567589,-7.603561,0.752750,0.101575,0.086546,0.642749,0.754365
8.616667,-5.594035,-7.599296,0.760100,0.101897,0.086610,0.641817,0.755107
8.633333,-5.620481,-7.595030,0.767450,0.102339,0.086696,0.640543,0.756118
8.650000,-5.646862,-7.590489,0.774868,0.102781,0.086781,0.639268,0.757127
8.666667,-5.673240,-7.585938,0.782289,0.103103,0.086843,0.638338,0.757861
8.683333,-5.699619,-7.581387,0.789709,0.103439,0.086907,0.637375,0.758617
8.700000,-5.725987,-7.576794,0.797140,0.103863,0.086988,0.636160,0.759570
8.716667,-5.752299,-7.571973,0.804628,0.104286,0.087067,0.634943,0.760520
8.733333,-5.778610,-7.567152,0.812117,0.104569,0.087120,0.634137,0.761148
8.750000,-5.804921,-7.562332,0.819605,0.104916,0.087185,0.633149,0.761914
8.766667,-5.831210,-7.557422,0.827116,0.105323,0.087260,0.631991,0.762811
8.783333,-5.857454,-7.552346,0.834669,0.105708,0.087330,0.630894,0.763657
8.800000,-5.883699,-7.547269,0.842222,0.105974,0.087379,0.630141,0.764236
8.816667,-5.909944,-7.542193,0.849776,0.106331,0.087445,0.629133,0.765009
8.833333,-5.936153,-7.536987,0.857362,0.106723,0.087516,0.628028,0.765854
8.850000,-5.962332,-7.531669,0.864978,0.107067,0.087578,0.627057,0.766594
8.866667,-5.988511,-7.526352,0.872594,0.107322,0.087624,0.626339,0.767140
8.883333,-6.014689,-7.521034,0.880210,0.107689,0.087691,0.625315,0.767916
8.900000,-6.040821,-7.515551,0.887869,0.108065,0.087758,0.624262,0.768712
8.916667,-6.066935,-7.510005,0.895545,0.108371,0.087813,0.623406,0.769356
8.933333,-6.093048,-7.504459,0.903221,0.108630,0.087859,0.622686,0.769897
8.950000,-6.119162,-7.498913,0.910897,0.108992,0.087924,0.621684,0.770649
8.966667,-6.145217,-7.493168,0.918626,0.109354,0.087988,0.620680,0.771399
8.983333,-6.171267,-7.487406,0.926360,0.109625,0.088036,0.619931,0.771957
9.000000,-6.197317,-7.481644,0.934094,0.109896,0.088085,0.619188,0.772509
9.016667,-6.223359,-7.475859,0.941833,0.110245,0.088147,0.618231,0.773218
9.033333,-6.249346,-7.469892,0.949623,0.110594,0.088208,0.617274,0.773926
9.050000,-6.275333,-7.463926,0.957413,0.110832,0.088251,0.616625,0.774404
9.066667,-6.301320,-7.457959,0.965203,0.111114,0.088301,0.615861,0.774966
9.083333,-6.327289,-7.451934,0.973008,0.111450,0.088361,0.614949,0.775634
9.100000,-6.353214,-7.445774,0.980852,0.111773,0.088418,0.614072,0.776276
9.116667,-6.379140,-7.439613,0.988696,0.111993,0.088457,0.613478,0.776709
9.133333,-6.405065,-7.433453,0.996539,0.112285,0.088509,0.612697,0.777278
9.150000,-6.430961,-7.427202,1.004409,0.112609,0.088567,0.611827,0.777910
9.166667,-6.456827,-7.420858,1.012304,0.112899,0.088618,0.611047,0.778474
9.183333,-6.482692,-7.414514,1.020200,0.113112,0.088656,0.610481,0.778883
9.200000,-6.508557,-7.408170,1.028096,0.113412,0.088710,0.609685,0.779457
9.216667,-6.534383,-7.401707,1.036026,0.113725,0.088765,0.608854,0.780054
9.233333,-6.560189,-7.395189,1.043972,0.113984,0.088811,0.608166,0.780548
9.250000,-6.585996,-7.388671,1.051918,0.114195,0.088849,0.607610,0.780946
9.266667,-6.611802,-7.382153,1.059864,0.114498,0.088904,0.606818,0.781510
9.283333,-6.637559,-7.375491,1.067852,0.114800,0.088958,0.606026,0.782074
9.300000,-6.663308,-7.368807,1.075847,0.115031,0.089000,0.605423,0.782502
9.316667,-6.689057,-7.362124,1.083842,0.115254,0.089041,0.604847,0.782910
9.333333,-6.714803,-7.355431,1.091840,0.115546,0.089095,0.604093,0.783443
9.350000,-6.740497,-7.348592,1.099882,0.115839,0.089148,0.603338,0.783975
9.366667,-6.766190,-7.341753,1.107924,0.116043,0.089186,0.602814,0.784344
9.383333,-6.791883,-7.334913,1.115966,0.116276,0.089230,0.602222,0.784759
9.400000,-6.817563,-7.328037,1.124020,0.116559,0.089282,0.601502,0.785263
9.416667,-6.843202,-7.321049,1.132109,0.116835,0.089333,0.600797,0.785755
9.433333,-6.868841,-7.314062,1.140197,0.117020,0.089368,0.600329,0.786082
9.450000,-6.894480,-7.307075,1.148285,0.117262,0.089414,0.599721,0.786504
9.466667,-6.920096,-7.300025,1.156393,0.117536,0.089466,0.599034,0.786981
9.483333,-6.945682,-7.292897,1.164526,0.117785,0.089513,0.598407,0.787415
9.500000,-6.971269,-7.285770,1.172658,0.117964,0.089547,0.597960,0.787725
9.516667,-6.996855,-7.278642,1.180791,0.118215,0.089595,0.597340,0.788152
9.533333,-7.022409,-7.271429,1.188951,0.118480,0.089646,0.596684,0.788603
9.550000,-7.047943,-7.264168,1.197127,0.118705,0.089689,0.596130,0.788983
9.566667,-7.073478,-7.256906,1.205303,0.118880,0.089724,0.595699,0.789278
9.583333,-7.099013,-7.249645,1.213479,0.119137,0.089775,0.595074,0.789705
9.600000,-7.124507,-7.242280,1.221690,0.119394,0.089825,0.594447,0.790132
9.616667,-7.149992,-7.234892,1.229909,0.119595,0.089865,0.593960,0.790464
9.633333,-7.175477,-7.227505,1.238127,0.119781,0.089902,0.593513,0.790767
9.650000,-7.200961,-7.220115,1.246346,0.120030,0.089952,0.592916,0.791171
9.666667,-7.226398,-7.212607,1.254605,0.120279,0.090002,0.592318,0.791575
9.683333,-7.251835,-7.205099,1.262865,0.120458,0.090038,0.591893,0.791862
9.700000,-7.277271,-7.197591,1.271124,0.120652,0.090079,0.591432,0.792172
9.716667,-7.302698,-7.190060,1.279391,0.120894,0.090129,0.590862,0.792555
9.733333,-7.328088,-7.182438,1.287691,0.121135,0.090178,0.590295,0.792935
9.750000,-7.353478,-7.174817,1.295990,0.121294,0.090212,0.589924,0.793183
9.766667,-7.378867,-7.167195,1.304289,0.121498,0.090255,0.589452,0.793498
9.783333,-7.404239,-7.159531,1.312604,0.121733,0.090305,0.588908,0.793860
9.800000,-7.429583,-7.151801,1.320943,0.121951,0.090351,0.588403,0.794196
9.816667,-7.454928,-7.144072,1.329281,0.122105,0.090384,0.588048,0.794431
9.833333,-7.480272,-7.136343,1.337619,0.122317,0.090430,0.587565,0.794750
9.850000,-7.505590,-7.128553,1.345980,0.122545,0.090479,0.587045,0.795094
9.866667,-7.530890,-7.120720,1.354356,0.122742,0.090522,0.586597,0.795389
9.883333,-7.556190,-7.112888,1.362733,0.122892,0.090555,0.586258,0.795612
9.900000,-7.581490,-7.105056,1.371109,0.123112,0.090604,0.585767,0.795935
9.916667,-7.606757,-7.097147,1.379514,0.123333,0.090653,0.585270,0.796260
9.933333,-7.632015,-7.089218,1.387928,0.123510,0.090692,0.584876,0.796518
9.950000,-7.657272,-7.081288,1.396341,0.123667,0.090728,0.584528,0.796744
9.966667,-7.682530,-7.073358,1.404755,0.123883,0.090778,0.584055,0.797052
9.983333,-7.707747,-7.065339,1.413203,0.124099,0.090827,0.583581,0.797360
10.000000,-7.732963,-7.057316,1.421653,0.124257,0.090863,0.583237,0.797583
10.016667,-7.758179,-7.049294,1.430103,0.124423,0.090902,0.582878,0.797815
10.033333,-7.783389,-7.041258,1.438558,0.124633,0.090952,0.582426,0.798107
10.050000,-7.808565,-7.033148,1.447044,0.124843,0.091001,0.581974,0.798398
10.066667,-7.833741,-7.025038,1.455529,0.124983,0.091035,0.581675,0.798590
10.083333,-7.858917,-7.016928,1.464014,0.125158,0.091077,0.581306,0.798827
10.100000,-7.884079,-7.008789,1.472512,0.125362,0.091127,0.580874,0.799103
10.116667,-7.909217,-7.000596,1.481032,0.125556,0.091174,0.580466,0.799363
10.133333,-7.934354,-6.992402,1.489552,0.125691,0.091207,0.580185,0.799542
10.150000,-7.959491,-6.984209,1.498072,0.125873,0.091252,0.579808,0.799782
10.166667,-7.984608,-6.975973,1.506610,0.126072,0.091302,0.579396,0.800044
10.183333,-8.009708,-6.967700,1.515164,0.126247,0.091345,0.579034,0.800273
10.200000,-8.034808,-6.959428,1.523718,0.126378,0.091378,0.578766,0.800443
10.216667,-8.059908,-6.951156,1.532272,0.126567,0.091427,0.578381,0.800685
10.233333,-8.084981,-6.942828,1.540850,0.126761,0.091476,0.577988,0.800933
10.250000,-8.110045,-6.934481,1.549438,0.126919,0.091517,0.577669,0.801134
10.266667,-8.135108,-6.926133,1.558025,0.127054,0.091552,0.577399,0.801303
10.283333,-8.160172,-6.917785,1.566612,0.127243,0.091602,0.577023,0.801538
10.300000,-8.185203,-6.909372,1.575229,0.127432,0.091651,0.576648,0.801772
10.316667,-8.210232,-6.900953,1.583849,0.127574,0.091689,0.576368,0.801946
10.333333,-8.235260,-6.892534,1.592468,0.127718,0.091728,0.576089,0.802119
10.350000,-8.260285,-6.884107,1.601092,0.127903,0.091778,0.575731,0.802341
10.366667,-8.285279,-6.875621,1.609744,0.128088,0.091828,0.575372,0.802563
10.383333,-8.310274,-6.867135,1.618395,0.128214,0.091863,0.575130,0.802713
10.400000,-8.335269,-6.858648,1.627047,0.128365,0.091905,0.574842,0.802890
10.416667,-8.360253,-6.850142,1.635708,0.128546,0.091956,0.574500,0.803100
10.433333,-8.385215,-6.841591,1.644392,0.128719,0.092004,0.574172,0.803302
10.450000,-8.410177,-6.833041,1.653075,0.128838,0.092037,0.573949,0.803438
10.466667,-8.435139,-6.824490,1.661758,0.128996,0.092083,0.573654,0.803618
10.483333,-8.460085,-6.815909,1.670456,0.129172,0.092133,0.573328,0.803817
10.500000,-8.485015,-6.807298,1.679170,0.129330,0.092178,0.573036,0.803994
10.516667,-8.509945,-6.798686,1.687884,0.129446,0.092212,0.572823,0.804124
10.533333,-8.534876,-6.790075,1.696598,0.129611,0.092260,0.572523,0.804305
10.550000,-8.559785,-6.781423,1.705332,0.129783,0.092311,0.572212,0.804493
10.566667,-8.584684,-6.772754,1.714076,0.129926,0.092353,0.571954,0.804648
10.583333,-8.609584,-6.764085,1.722820,0.130044,0.092388,0.571745,0.804774
10.600000,-8.634484,-6.755415,1.731564,0.130212,0.092439,0.571448,0.804952
10.616667,-8.659357,-6.746698,1.740335,0.130380,0.092490,0.571151,0.805129
10.633333,-8.684227,-6.737974,1.749108,0.130509,0.092529,0.570925,0.805264
10.650000,-8.709097,-6.729250,1.757882,0.130633,0.092568,0.570708,0.805393
10.666667,-8.733965,-6.720522,1.766658,0.130798,0.092619,0.570425,0.805561
10.683333,-8.758807,-6.711746,1.775461,0.130962,0.092670,0.570142,0.805729
10.700000,-8.783648,-6.702970,1.784263,0.131077,0.092706,0.569946,0.805845
10.716667,-8.808490,-6.694195,1.793066,0.131208,0.092748,0.569723,0.805977
10.733333,-8.833324,-6.685406,1.801876,0.131369,0.092799,0.569453,0.806135
10.750000,-8.858138,-6.676581,1.810708,0.131526,0.092849,0.569189,0.806290
10.766667,-8.882952,-6.667756,1.819539,0.131632,0.092883,0.569013,0.806393
10.783333,-8.907766,-6.658931,1.828370,0.131771,0.092928,0.568785,0.806526
10.800000,-8.932568,-6.650085,1.837215,0.131928,0.092980,0.568527,0.806676
10.816667,-8.957355,-6.641213,1.846074,0.132071,0.093027,0.568293,0.806813
10.833333,-8.982142,-6.632342,1.854934,0.132175,0.093061,0.568125,0.806910
10.850000,-9.006930,-6.623470,1.863793,0.132321,0.093110,0.567893,0.807044
10.866667,-9.031700,-6.614570,1.872670,0.132475,0.093162,0.567647,0.807185
10.883333,-9.056462,-6.605655,1.881558,0.132605,0.093206,0.567440,0.807304
10.900000,-9.081223,-6.596739,1.890445,0.132708,0.093241,0.567279,0.807397
10.916667,-9.105985,-6.587823,1.899332,0.132859,0.093293,0.567045,0.807530
10.933333,-9.130726,-6.578873,1.908242,0.133010,0.093345,0.566811,0.807663
10.950000,-9.155463,-6.569916,1.917156,0.133128,0.093386,0.566630,0.807766
10.966667,-9.180199,-6.560959,1.926071,0.133237,0.093424,0.566463,0.807861
10.983333,-9.204935,-6.552001,1.934986,0.133385,0.093476,0.566240,0.807987
11.000000,-9.229648,-6.543004,1.943927,0.133532,0.093529,0.566017,0.808112
11.016667,-9.254361,-6.534007,1.952869,0.133638,0.093566,0.565860,0.808201
11.033333,-9.279074,-6.525011,1.961810,0.133754,0.093608,0.565688,0.808298
11.050000,-9.303781,-6.516006,1.970757,0.133899,0.093660,0.565476,0.808416
11.066667,-9.328471,-6.506972,1.979724,0.134042,0.093712,0.565265,0.808533
11.083333,-9.353161,-6.497938,1.988692,0.134138,0.093747,0.565128,0.808610
11.100000,-9.377850,-6.488904,1.997659,0.134261,0.093793,0.564952,0.808707
11.116667,-9.402531,-6.479856,2.006637,0.134402,0.093845,0.564750,0.808818
11.133333,-9.427198,-6.470787,2.015631,0.134534,0.093894,0.564564,0.808920
11.150000,-9.451865,-6.461719,2.024625,0.134628,0.093930,0.564433,0.808992
11.166667,-9.476533,-6.452650,2.033618,0.134757,0.093979,0.564254,0.809089
11.183333,-9.501187,-6.443561,2.042627,0.134896,0.094032,0.564063,0.809194
11.200000,-9.525833,-6.434459,2.051646,0.135016,0.094077,0.563899,0.809283
11.216667,-9.550479,-6.425357,2.060666,0.135107,0.094113,0.563774,0.809350
11.233333,-9.575124,-6.416255,2.069685,0.135242,0.094165,0.563594,0.809447
11.250000,-9.599754,-6.407129,2.078724,0.135378,0.094218,0.563412,0.809545
11.266667,-9.624379,-6.397996,2.087769,0.135487,0.094260,0.563268,0.809622
11.283333,-9.649004,-6.388863,2.096813,0.135584,0.094299,0.563140,0.809690
11.300000,-9.673629,-6.379729,2.105857,0.135717,0.094352,0.562967,0.809782
11.316667,-9.698234,-6.370568,2.114926,0.135851,0.094405,0.562794,0.809873
11.333333,-9.722839,-6.361405,2.123995,0.135948,0.094444,0.562669,0.809940
11.350000,-9.747444,-6.352243,2.133064,0.136052,0.094486,0.562538,0.810008
11.366667,-9.772046,-6.343076,2.142138,0.136183,0.094539,0.562374,0.810094
11.383333,-9.796631,-6.333886,2.151231,0.136314,0.094593,0.562210,0.810180
11.400000,-9.821217,-6.324696,2.160325,0.136402,0.094629,0.562102,0.810236
11.416667,-9.845803,-6.315506,2.169419,0.136512,0.094674,0.561968,0.810304
11.433333,-9.870382,-6.306306,2.178521,0.136640,0.094728,0.561812,0.810384
11.450000,-9.894948,-6.297090,2.187639,0.136762,0.094779,0.561666,0.810460
11.466667,-9.919515,-6.287875,2.196757,0.136847,0.094814,0.561565,0.810511
11.483333,-9.944082,-6.278659,2.205875,0.136962,0.094864,0.561430,0.810580
11.500000,-9.968639,-6.269429,2.215006,0.137088,0.094917,0.561282,0.810654
11.516667,-9.993188,-6.260189,2.224148,0.137199,0.094965,0.561153,0.810719
11.533333,-10.017737,-6.250949,2.233290,0.137282,0.095000,0.561058,0.810767
11.550000,-10.042286,-6.241709,2.242431,0.137403,0.095053,0.560921,0.810834
11.566667,-10.066823,-6.232452,2.251591,0.137527,0.095107,0.560782,0.810904
11.583333,-10.091354,-6.223189,2.260756,0.137628,0.095151,0.560669,0.810959
11.600000,-10.115886,-6.213927,2.269921,0.137714,0.095189,0.560574,0.811006
11.616667,-10.140418,-6.204664,2.279086,0.137836,0.095243,0.560442,0.811070
11.633333,-10.164934,-6.195381,2.288273,0.137958,0.095298,0.560310,0.811134
11.650000,-10.189449,-6.186098,2.297461,0.138049,0.095339,0.560212,0.811182
11.666667,-10.213964,-6.176814,2.306650,0.138142,0.095380,0.560114,0.811229
11.683333,-10.238477,-6.167527,2.315841,0.138262,0.095435,0.559989,0.811288
11.700000,-10.262976,-6.158224,2.325053,0.138381,0.095489,0.559864,0.811347
11.716667,-10.287475,-6.148920,2.334264,0.138463,0.095527,0.559780,0.811387
11.733333,-10.311974,-6.139616,2.343475,0.138562,0.095572,0.559681,0.811433
11.750000,-10.336468,-6.130307,2.352694,0.138679,0.095626,0.559563,0.811488
11.766667,-10.360951,-6.120985,2.361928,0.138792,0.095679,0.559451,0.811540
11.783333,-10.385435,-6.111663,2.371162,0.138869,0.095715,0.559374,0.811575
11.800000,-10.409918,-6.102340,2.380396,0.138973,0.095764,0.559274,0.811621
11.816667,-10.434394,-6.093010,2.389641,0.139088,0.095818,0.559164,0.811671
11.833333,-10.458862,-6.083671,2.398897,0.139191,0.095867,0.559065,0.811715
11.850000,-10.483331,-6.074332,2.408154,0.139267,0.095903,0.558993,0.811747
11.866667,-10.507800,-6.064993,2.417410,0.139376,0.095956,0.558893,0.811791
11.883333,-10.532258,-6.055643,2.426681,0.139489,0.096011,0.558789,0.811837
11.900000,-10.556712,-6.046288,2.435960,0.139583,0.096056,0.558703,0.811875
11.916667,-10.581166,-6.036933,2.445238,0.139661,0.096094,0.558634,0.811905
11.933333,-10.605621,-6.027579,2.454516,0.139772,0.096149,0.558536,0.811946
11.950000,-10.630063,-6.018211,2.463814,0.139884,0.096204,0.558438,0.811988
11.966667,-10.654503,-6.008842,2.473114,0.139969,0.096246,0.558364,0.812019
11.983333,-10.678943,-5.999473,2.482414,0.140053,0.096288,0.558293,0.812049
12.000000,-10.703383,-5.990102,2.491715,0.140163,0.096343,0.558200,0.812087
12.016667,-10.727810,-5.980720,2.501037,0.140273,0.096398,0.558108,0.812124
12.033333,-10.752237,-5.971337,2.510359,0.140350,0.096437,0.558045,0.812150
12.050000,-10.776664,-5.961955,2.519680,0.140438,0.096482,0.557973,0.812178
12.066667,-10.801087,-5.952569,2.529008,0.140546,0.096538,0.557887,0.812213
12.083333,-10.825502,-5.943174,2.538351,0.140652,0.096591,0.557803,0.812246
12.100000,-10.849916,-5.933779,2.547694,0.140723,0.096628,0.557748,0.812267
12.116667,-10.874330,-5.924385,2.557037,0.140817,0.096677,0.557676,0.812294
12.133333,-10.898739,-5.914985,2.566389,0.140923,0.096732,0.557595,0.812325
12.150000,-10.923140,-5.905579,2.575753,0.141019,0.096782,0.557522,0.812352
12.166667,-10.947542,-5.896173,2.585117,0.141089,0.096819,0.557471,0.812371
12.183333,-10.971944,-5.886767,2.594481,0.141188,0.096871,0.557399,0.812396
12.200000,-10.996338,-5.877355,2.603858,0.141292,0.096927,0.557324,0.812423
12.216667,-11.020729,-5.867939,2.613243,0.141380,0.096973,0.557262,0.812445
12.233333,-11.045119,-5.858523,2.622627,0.141450,0.097011,0.557213,0.812462
12.250000,-11.069509,-5.849107,2.632012,0.141552,0.097066,0.557143,0.812485
12.266667,-11.093889,-5.839684,2.641414,0.141655,0.097122,0.557073,0.812509
12.283333,-11.118268,-5.830259,2.650819,0.141735,0.097165,0.557020,0.812526
12.300000,-11.142647,-5.820834,2.660224,0.141810,0.097206,0.556971,0.812542
12.316667,-11.167025,-5.811409,2.669630,0.141911,0.097262,0.556906,0.812562
12.333333,-11.191393,-5.801976,2.679055,0.142012,0.097317,0.556841,0.812582
12.350000,-11.215760,-5.792543,2.688481,0.142085,0.097357,0.556795,0.812596
12.366667,-11.240128,-5.783110,2.697906,0.142165,0.097402,0.556746,0.812610
12.383333,-11.264494,-5.773676,2.707336,0.142265,0.097458,0.556686,0.812627
12.400000,-11.288851,-5.764236,2.716781,0.142363,0.097513,0.556627,0.812644
12.416667,-11.313208,-5.754796,2.726227,0.142429,0.097550,0.556588,0.812655
12.433333,-11.337565,-5.745356,2.735672,0.142514,0.097598,0.556540,0.812667
12.450000,-11.361918,-5.735913,2.745126,0.142612,0.097654,0.556485,0.812681
12.466667,-11.386265,-5.726467,2.754591,0.142702,0.097705,0.556434,0.812693
12.483333,-11.410612,-5.717021,2.764057,0.142767,0.097742,0.556399,0.812702
12.500000,-11.434959,-5.707574,2.773522,0.142857,0.097794,0.556352,0.812712
12.516667,-11.459301,-5.698125,2.782999,0.142953,0.097850,0.556302,0.812722
12.533333,-11.483638,-5.688673,2.792484,0.143036,0.097898,0.556260,0.812731
12.550000,-11.507976,-5.679222,2.801969,0.143099,0.097936,0.556228,0.812737
12.566667,-11.532313,-5.669771,2.811454,0.143194,0.097991,0.556183,0.812745
12.583333,-11.556643,-5.660316,2.820954,0.143289,0.098047,0.556137,0.812752
12.600000,-11.580971,-5.650860,2.830459,0.143364,0.098092,0.556102,0.812758
12.616667,-11.605300,-5.641404,2.839963,0.143432,0.098133,0.556071,0.812762
12.633333,-11.629628,-5.631949,2.849467,0.143526,0.098189,0.556029,0.812767
12.650000,-11.653947,-5.622489,2.858991,0.143619,0.098245,0.555988,0.812772
12.666667,-11.678267,-5.613030,2.868514,0.143688,0.098286,0.555958,0.812776
12.683333,-11.702586,-5.603571,2.878038,0.143761,0.098330,0.555928,0.812778
12.700000,-11.726904,-5.594111,2.887565,0.143853,0.098386,0.555890,0.812781
12.716667,-11.751214,-5.584649,2.897107,0.143945,0.098442,0.555852,0.812784
12.733333,-11.775525,-5.575187,2.906650,0.144007,0.098480,0.555828,0.812785
12.750000,-11.799836,-5.565724,2.916193,0.144084,0.098528,0.555798,0.812786
12.766667,-11.824143,-5.556261,2.925742,0.144175,0.098584,0.555764,0.812786
12.783333,-11.848446,-5.546797,2.935304,0.144260,0.098636,0.555733,0.812786
12.800000,-11.872748,-5.537333,2.944865,0.144320,0.098673,0.555711,0.812785
12.816667,-11.897051,-5.527868,2.954426,0.144401,0.098724,0.555683,0.812784
12.833333,-11.921349,-5.518403,2.963998,0.144490,0.098780,0.555652,0.812783
12.850000,-11.945644,-5.508938,2.973578,0.144568,0.098828,0.555626,0.812781
12.866667,-11.969938,-5.499472,2.983158,0.144627,0.098865,0.555606,0.812779
12.883333,-11.994233,-5.490006,2.992738,0.144712,0.098918,0.555578,0.812777
12.900000,-12.018522,-5.480540,3.002331,0.144799,0.098973,0.555549,0.812775
12.916667,-12.042809,-5.471073,3.011929,0.144869,0.099017,0.555526,0.812773
12.933333,-12.067096,-5.461606,3.021527,0.144930,0.099055,0.555505,0.812771
12.950000,-12.091383,-5.452139,3.031126,0.145015,0.099109,0.555477,0.812769
12.966667,-12.115663,-5.442671,3.040740,0.145100,0.099162,0.555448,0.812767
12.983333,-12.139943,-5.433203,3.050356,0.145164,0.099202,0.555427,0.812765
13.000000,-12.164222,-5.423734,3.059972,0.145228,0.099242,0.555405,0.812764
13.016667,-12.188501,-5.414266,3.069590,0.145311,0.099294,0.555377,0.812762
13.033333,-12.212773,-5.404796,3.079223,0.145394,0.099346,0.555349,0.812760
13.050000,-12.237045,-5.395327,3.088856,0.145450,0.099381,0.555330,0.812759
13.066667,-12.261317,-5.385857,3.098489,0.145518,0.099423,0.555307,0.812757
13.083333,-12.285587,-5.376387,3.108127,0.145598,0.099474,0.555280,0.812755
13.100000,-12.309852,-5.366916,3.117777,0.145675,0.099522,0.555254,0.812753
13.116667,-12.334117,-5.357445,3.127427,0.145728,0.099555,0.555236,0.812752
13.133333,-12.358382,-5.347975,3.137076,0.145799,0.099599,0.555212,0.812750
13.150000,-12.382643,-5.338503,3.146734,0.145877,0.099648,0.555186,0.812748
13.166667,-12.406901,-5.329031,3.156400,0.145947,0.099692,0.555163,0.812746
13.183333,-12.431160,-5.319559,3.166066,0.145998,0.099724,0.555145,0.812744
13.200000,-12.455418,-5.310087,3.175732,0.146072,0.099770,0.555120,0.812743
13.216667,-12.479671,-5.300614,3.185409,0.146149,0.099818,0.555094,0.812741
13.233333,-12.503922,-5.291141,3.195091,0.146212,0.099858,0.555072,0.812740
13.250000,-12.528174,-5.281668,3.204773,0.146265,0.099890,0.555054,0.812739
13.266667,-12.552425,-5.272195,3.214455,0.146340,0.099937,0.555028,0.812737
13.283333,-12.576670,-5.262720,3.224151,0.146415,0.099984,0.555001,0.812736
13.300000,-12.600915,-5.253246,3.233848,0.146472,0.100020,0.554981,0.812735
13.316667,-12.625159,-5.243771,3.243546,0.146528,0.100054,0.554962,0.812734
13.333333,-12.649403,-5.234297,3.253244,0.146602,0.100100,0.554936,0.812732
13.350000,-12.673641,-5.224821,3.262957,0.146675,0.100146,0.554911,0.812731
13.366667,-12.697879,-5.215345,3.272670,0.146726,0.100178,0.554893,0.812730
13.383333,-12.722117,-5.205869,3.282383,0.146785,0.100214,0.554873,0.812728
13.400000,-12.746353,-5.196393,3.292099,0.146856,0.100259,0.554848,0.812727
13.416667,-12.770585,-5.186916,3.301827,0.146926,0.100302,0.554825,0.812725
13.433333,-12.794816,-5.177439,3.311555,0.146973,0.100331,0.554809,0.812724
13.450000,-12.819048,-5.167962,3.321282,0.147034,0.100370,0.554787,0.812722
13.466667,-12.843276,-5.158485,3.331016,0.147104,0.100413,0.554764,0.812721
13.483333,-12.867502,-5.149007,3.340758,0.147167,0.100452,0.554742,0.812719
13.500000,-12.891727,-5.139529,3.350500,0.147212,0.100481,0.554726,0.812718
13.516667,-12.915952,-5.130051,3.360242,0.147277,0.100521,0.554704,0.812717
13.533333,-12.940174,-5.120572,3.369993,0.147344,0.100563,0.554680,0.812716
13.550000,-12.964393,-5.111093,3.379749,0.147401,0.100598,0.554660,0.812715
13.566667,-12.988612,-5.101613,3.389505,0.147447,0.100626,0.554644,0.812714
13.583333,-13.012831,-5.092134,3.399261,0.147513,0.100667,0.554621,0.812713
13.600000,-13.037045,-5.082654,3.409029,0.147579,0.100708,0.554597,0.812712
13.616667,-13.061259,-5.073174,3.418798,0.147631,0.100740,0.554579,0.812711
13.633333,-13.085472,-5.063693,3.428568,0.147679,0.100770,0.554561,0.812710
13.650000,-13.109685,-5.054213,3.438338,0.147744,0.100811,0.554538,0.812709
13.666667,-13.133892,-5.044731,3.448121,0.147810,0.100851,0.554514,0.812709
13.683333,-13.158099,-5.035249,3.457904,0.147856,0.100880,0.554498,0.812708
13.700000,-13.182307,-5.025768,3.467687,0.147908,0.100912,0.554479,0.812707
13.716667,-13.206513,-5.016286,3.477474,0.147972,0.100952,0.554456,0.812706
13.733333,-13.230714,-5.006803,3.487270,0.148035,0.100991,0.554433,0.812706
13.750000,-13.254916,-4.997320,3.497066,0.148077,0.101017,0.554418,0.812705
13.766667,-13.279117,-4.987837,3.506863,0.148132,0.101050,0.554398,0.812704
13.783333,-13.303316,-4.978353,3.516665,0.148194,0.101089,0.554376,0.812703
13.800000,-13.327512,-4.968869,3.526474,0.148251,0.101124,0.554355,0.812703
13.816667,-13.351708,-4.959385,3.536283,0.148292,0.101149,0.554340,0.812702
13.833333,-13.375903,-4.949901,3.546093,0.148349,0.101184,0.554320,0.812702
13.850000,-13.400096,-4.940416,3.555910,0.148409,0.101221,0.554298,0.812701
13.866667,-13.424286,-4.930931,3.565731,0.148460,0.101253,0.554279,0.812700
13.883333,-13.448476,-4.921446,3.575553,0.148500,0.101277,0.554265,0.812700
13.900000,-13.472666,-4.911960,3.585375,0.148558,0.101314,0.554244,0.812699
13.916667,-13.496852,-4.902474,3.595206,0.148617,0.101350,0.554222,0.812699
13.933333,-13.521037,-4.892988,3.605040,0.148663,0.101378,0.554206,0.812698
13.950000,-13.545222,-4.883501,3.614874,0.148705,0.101404,0.554190,0.812697
13.966667,-13.569407,-4.874015,3.624708,0.148763,0.101440,0.554170,0.812697
13.983333,-13.593587,-4.864527,3.634553,0.148820,0.101475,0.554149,0.812696
14.000000,-13.617766,-4.855040,3.644399,0.148862,0.101501,0.554134,0.812695
14.016667,-13.641946,-4.845552,3.654244,0.148907,0.101529,0.554118,0.812695
14.033333,-13.666125,-4.836064,3.664092,0.148963,0.101564,0.554097,0.812694
14.050000,-13.690299,-4.826576,3.673950,0.149020,0.101599,0.554077,0.812693
14.066667,-13.714474,-4.817087,3.683807,0.149057,0.101622,0.554063,0.812692
14.083333,-13.738648,-4.807599,3.693664,0.149105,0.101651,0.554046,0.812692
14.100000,-13.762821,-4.798110,3.703526,0.149160,0.101685,0.554026,0.812691
14.116667,-13.786990,-4.788620,3.713395,0.149212,0.101717,0.554007,0.812690
14.133333,-13.811159,-4.779130,3.723264,0.149249,0.101740,0.553994,0.812690
14.150000,-13.835329,-4.769641,3.733132,0.149298,0.101770,0.553976,0.812689
14.166667,-13.859495,-4.760150,3.743007,0.149352,0.101804,0.553956,0.812688
14.183333,-13.883660,-4.750660,3.752887,0.149399,0.101833,0.553939,0.812688
14.200000,-13.907824,-4.741169,3.762767,0.149435,0.101854,0.553926,0.812688
14.216667,-13.931988,-4.731678,3.772647,0.149487,0.101886,0.553906,0.812687
14.233333,-13.956149,-4.722187,3.782535,0.149540,0.101919,0.553886,0.812687
14.250000,-13.980309,-4.712695,3.792426,0.149583,0.101945,0.553870,0.812687
14.266667,-14.004468,-4.703203,3.802317,0.149620,0.101968,0.553856,0.812687
14.283333,-14.028628,-4.693711,3.812208,0.149672,0.102000,0.553836,0.812687
14.300000,-14.052783,-4.684218,3.822109,0.149724,0.102032,0.553816,0.812687
14.316667,-14.076937,-4.674725,3.832010,0.149764,0.102055,0.553800,0.812687
14.333333,-14.101092,-4.665232,3.841912,0.149804,0.102080,0.553785,0.812688
14.350000,-14.125246,-4.655739,3.851815,0.149855,0.102111,0.553765,0.812688
14.366667,-14.149395,-4.646245,3.861727,0.149906,0.102142,0.553745,0.812688
14.383333,-14.173545,-4.636750,3.871639,0.149941,0.102164,0.553731,0.812688
14.400000,-14.197695,-4.627256,3.881552,0.149983,0.102189,0.553715,0.812688
14.416667,-14.221843,-4.617761,3.891467,0.150033,0.102220,0.553696,0.812688
14.433333,-14.245988,-4.608265,3.901390,0.150081,0.102249,0.553677,0.812688
14.450000,-14.270133,-4.598770,3.911312,0.150113,0.102269,0.553665,0.812688
14.466667,-14.294278,-4.589274,3.921235,0.150157,0.102295,0.553649,0.812688
14.483333,-14.318421,-4.579778,3.931162,0.150205,0.102325,0.553631,0.812687
14.500000,-14.342562,-4.570282,3.941095,0.150248,0.102351,0.553615,0.812687
14.516667,-14.366702,-4.560785,3.951027,0.150279,0.102370,0.553604,0.812687
14.533333,-14.390843,-4.551289,3.960959,0.150324,0.102398,0.553587,0.812686
14.550000,-14.414980,-4.541791,3.970899,0.150371,0.102427,0.553569,0.812686
14.566667,-14.439117,-4.532294,3.980840,0.150410,0.102451,0.553555,0.812685
14.583333,-14.463253,-4.522797,3.990782,0.150442,0.102470,0.553543,0.812685
14.600000,-14.487389,-4.513299,4.000724,0.150488,0.102498,0.553525,0.812685
14.616667,-14.511522,-4.503801,4.010675,0.150534,0.102526,0.553507,0.812685
14.633333,-14.535654,-4.494302,4.020626,0.150569,0.102548,0.553494,0.812685
14.650000,-14.559786,-4.484804,4.030578,0.150604,0.102569,0.553480,0.812686
14.666667,-14.583917,-4.475305,4.040530,0.150649,0.102596,0.553462,0.812686
14.683333,-14.608045,-4.465805,4.050491,0.150695,0.102624,0.553444,0.812687
14.700000,-14.632173,-4.456306,4.060451,0.150727,0.102643,0.553431,0.812687
14.716667,-14.656300,-4.446806,4.070412,0.150764,0.102666,0.553416,0.812687
14.733333,-14.680427,-4.437306,4.080376,0.150808,0.102693,0.553398,0.812688
14.750000,-14.704550,-4.427805,4.090346,0.150852,0.102719,0.553381,0.812688
14.766667,-14.728673,-4.418304,4.100316,0.150881,0.102737,0.553369,0.812689
14.783333,-14.752797,-4.408803,4.110286,0.150920,0.102761,0.553354,0.812689
14.800000,-14.776918,-4.399302,4.120260,0.150964,0.102787,0.553336,0.812689
14.816667,-14.801037,-4.389800,4.130239,0.151004,0.102811,0.553320,0.812689
14.833333,-14.825157,-4.380298,4.140218,0.151033,0.102829,0.553309,0.812689
14.850000,-14.849276,-4.370796,4.150197,0.151074,0.102854,0.553293,0.812690
14.866667,-14.873392,-4.361293,4.160182,0.151117,0.102880,0.553276,0.812690
14.883333,-14.897507,-4.351790,4.170169,0.151153,0.102901,0.553262,0.812690
14.900000,-14.921623,-4.342287,4.180157,0.151181,0.102919,0.553250,0.812690
14.916667,-14.945738,-4.332784,4.190145,0.151223,0.102944,0.553234,0.812691
14.933333,-14.969850,-4.323280,4.200140,0.151265,0.102969,0.553217,0.812691
14.950000,-14.993961,-4.313776,4.210137,0.151297,0.102989,0.553204,0.812692
14.966667,-15.018072,-4.304272,4.220133,0.151328,0.103007,0.553191,0.812692
14.983333,-15.042183,-4.294767,4.230130,0.151368,0.103032,0.553174,0.812693
15.000000,-15.066290,-4.285262,4.240134,0.151409,0.103056,0.553158,0.812694
15.016667,-15.090397,-4.275757,4.250139,0.151438,0.103073,0.553146,0.812694
15.033333,-15.114505,-4.266251,4.260144,0.151470,0.103093,0.553132,0.812695
15.050000,-15.138611,-4.256746,4.270150,0.151510,0.103117,0.553116,0.812696
15.066667,-15.162714,-4.247239,4.280163,0.151549,0.103140,0.553100,0.812696
15.083333,-15.186818,-4.237733,4.290176,0.151575,0.103156,0.553090,0.812697
15.100000,-15.210921,-4.228226,4.300189,0.151609,0.103177,0.553076,0.812697
15.116667,-15.235023,-4.218719,4.310205,0.151648,0.103200,0.553060,0.812697
15.133333,-15.259123,-4.209212,4.320226,0.151684,0.103222,0.553046,0.812698
15.150000,-15.283223,-4.199705,4.330246,0.151709,0.103237,0.553036,0.812698
15.166667,-15.307322,-4.190197,4.340267,0.151745,0.103259,0.553022,0.812698
15.183333,-15.331420,-4.180689,4.350293,0.151783,0.103282,0.553007,0.812698
15.200000,-15.355516,-4.171181,4.360321,0.151816,0.103302,0.552993,0.812699
15.216667,-15.379612,-4.161672,4.370350,0.151841,0.103317,0.552983,0.812699
15.233333,-15.403708,-4.152164,4.380379,0.151879,0.103340,0.552968,0.812699
15.250000,-15.427802,-4.142655,4.390413,0.151917,0.103363,0.552952,0.812700
15.266667,-15.451894,-4.133145,4.400450,0.151947,0.103381,0.552940,0.812701
15.283333,-15.475987,-4.123636,4.410486,0.151975,0.103397,0.552928,0.812701
15.300000,-15.500079,-4.114127,4.420522,0.152012,0.103420,0.552912,0.812702
15.316667,-15.524168,-4.104616,4.430566,0.152050,0.103442,0.552896,0.812703
15.333333,-15.548257,-4.095105,4.440610,0.152077,0.103458,0.552884,0.812704
15.350000,-15.572345,-4.085595,4.450654,0.152106,0.103476,0.552871,0.812705
15.366667,-15.596434,-4.076084,4.460700,0.152143,0.103497,0.552856,0.812706
15.383333,-15.620519,-4.066572,4.470751,0.152179,0.103519,0.552840,0.812707
15.400000,-15.644604,-4.057060,4.480803,0.152203,0.103533,0.552830,0.812708
15.416667,-15.668689,-4.047548,4.490854,0.152233,0.103551,0.552817,0.812709
15.433333,-15.692773,-4.038036,4.500909,0.152268,0.103572,0.552802,0.812710
15.450000,-15.716855,-4.028523,4.510967,0.152301,0.103592,0.552788,0.812710
15.466667,-15.740937,-4.019010,4.521026,0.152323,0.103605,0.552779,0.812711
15.483333,-15.765018,-4.009497,4.531085,0.152354,0.103624,0.552767,0.812711
15.500000,-15.789098,-3.999984,4.541147,0.152387,0.103644,0.552753,0.812712
15.516667,-15.813177,-3.990470,4.551213,0.152417,0.103661,0.552741,0.812712
15.533333,-15.837256,-3.980956,4.561278,0.152438,0.103675,0.552732,0.812713
15.550000,-15.861334,-3.971443,4.571343,0.152471,0.103694,0.552718,0.812713
15.566667,-15.885411,-3.961928,4.581414,0.152504,0.103714,0.552704,0.812714
15.583333,-15.909486,-3.952414,4.591486,0.152531,0.103730,0.552693,0.812714
15.600000,-15.933562,-3.942899,4.601558,0.152555,0.103744,0.552683,0.812715
15.616667,-15.957637,-3.933384,4.611630,0.152588,0.103764,0.552669,0.812716
15.633333,-15.981709,-3.923868,4.621709,0.152621,0.103784,0.552654,0.812717
15.650000,-16.005782,-3.914353,4.631788,0.152646,0.103799,0.552643,0.812718
15.666667,-16.029854,-3.904837,4.641867,0.152672,0.103814,0.552631,0.812719
15.683333,-16.053925,-3.895321,4.651946,0.152706,0.103834,0.552616,0.812721
15.700000,-16.077994,-3.885804,4.662032,0.152739,0.103853,0.552601,0.812722
15.716667,-16.102063,-3.876287,4.672118,0.152762,0.103867,0.552591,0.812723
15.733333,-16.126132,-3.866770,4.682204,0.152789,0.103883,0.552579,0.812724
15.750000,-16.150200,-3.857253,4.692292,0.152822,0.103902,0.552564,0.812726
15.766667,-16.174265,-3.847734,4.702384,0.152853,0.103920,0.552550,0.812727
15.783333,-16.198331,-3.838216,4.712477,0.152874,0.103932,0.552540,0.812728
15.800000,-16.222396,-3.828698,4.722569,0.152902,0.103949,0.552527,0.812730
15.816667,-16.246460,-3.819179,4.732665,0.152933,0.103968,0.552513,0.812731
15.833333,-16.270523,-3.809660,4.742763,0.152961,0.103984,0.552500,0.812732
15.850000,-16.294585,-3.800140,4.752862,0.152981,0.103996,0.552491,0.812733
15.866667,-16.318648,-3.790621,4.762961,0.153011,0.104013,0.552478,0.812735
15.883333,-16.342708,-3.781101,4.773064,0.153041,0.104031,0.552464,0.812736
15.900000,-16.366768,-3.771581,4.783169,0.153066,0.104046,0.552453,0.812737
15.916667,-16.390827,-3.762060,4.793274,0.153087,0.104058,0.552443,0.812738
15.933333,-16.414887,-3.752540,4.803379,0.153117,0.104076,0.552430,0.812739
15.950000,-16.438943,-3.743018,4.813489,0.153146,0.104093,0.552416,0.812740
15.966667,-16.463000,-3.733497,4.823600,0.153169,0.104106,0.552406,0.812741
15.983333,-16.487056,-3.723975,4.833711,0.153191,0.104120,0.552396,0.812742
16.000000,-16.511113,-3.714454,4.843822,0.153221,0.104137,0.552383,0.812743
16.016667,-16.535166,-3.704931,4.853939,0.153250,0.104154,0.552370,0.812745
16.033333,-16.559220,-3.695409,4.864056,0.153271,0.104166,0.552361,0.812746
16.050000,-16.583273,-3.685886,4.874173,0.153294,0.104180,0.552350,0.812747
16.066667,-16.607326,-3.676363,4.884291,0.153323,0.104197,0.552337,0.812748
16.083333,-16.631377,-3.666840,4.894414,0.153351,0.104214,0.552324,0.812749
16.100000,-16.655428,-3.657316,4.904537,0.153371,0.104225,0.552315,0.812750
16.116667,-16.679478,-3.647793,4.914660,0.153396,0.104240,0.552303,0.812751
16.133333,-16.703528,-3.638269,4.924785,0.153424,0.104256,0.552290,0.812753
16.150000,-16.727576,-3.628744,4.934914,0.153450,0.104271,0.552278,0.812754
16.166667,-16.751623,-3.619219,4.945042,0.153469,0.104282,0.552269,0.812756
16.183333,-16.775671,-3.609695,4.955171,0.153495,0.104298,0.552256,0.812757
16.200000,-16.799717,-3.600169,4.965303,0.153523,0.104314,0.552243,0.812759
16.216667,-16.823762,-3.590643,4.975437,0.153546,0.104328,0.552232,0.812760
16.233333,-16.847807,-3.581118,4.985571,0.153565,0.104338,0.552223,0.812761
16.250000,-16.871852,-3.571592,4.995706,0.153592,0.104354,0.552210,0.812763
16.266667,-16.895895,-3.562065,5.005844,0.153619,0.104370,0.552198,0.812764
16.283333,-16.919937,-3.552538,5.015984,0.153639,0.104382,0.552188,0.812766
16.300000,-16.943979,-3.543011,5.026124,0.153659,0.104393,0.552179,0.812767
16.316667,-16.968022,-3.533484,5.036264,0.153684,0.104408,0.552167,0.812768
16.333333,-16.992061,-3.523956,5.046408,0.153710,0.104423,0.552154,0.812770
16.350000,-17.016101,-3.514429,5.056553,0.153728,0.104433,0.552146,0.812771
16.366667,-17.040141,-3.504901,5.066698,0.153748,0.104445,0.552136,0.812772
16.383333,-17.064180,-3.495373,5.076844,0.153774,0.104460,0.552124,0.812773
16.400000,-17.088217,-3.485844,5.086994,0.153798,0.104474,0.552113,0.812775
16.416667,-17.112254,-3.476315,5.097144,0.153815,0.104484,0.552105,0.812776
16.433333,-17.136291,-3.466786,5.107293,0.153837,0.104496,0.552094,0.812777
16.450000,-17.160327,-3.457257,5.117445,0.153862,0.104511,0.552082,0.812779
16.466667,-17.184362,-3.447727,5.127600,0.153885,0.104524,0.552071,0.812780
16.483333,-17.208397,-3.438197,5.137755,0.153901,0.104534,0.552063,0.812781
16.500000,-17.232431,-3.428667,5.147910,0.153925,0.104547,0.552051,0.812783
16.516667,-17.256464,-3.419136,5.158068,0.153950,0.104562,0.552039,0.812785
16.533333,-17.280496,-3.409605,5.168228,0.153971,0.104574,0.552028,0.812787
16.550000,-17.304528,-3.400074,5.178388,0.153988,0.104584,0.552020,0.812788
16.566667,-17.328561,-3.390543,5.188548,0.154013,0.104598,0.552007,0.812790
16.583333,-17.352590,-3.381011,5.198712,0.154037,0.104612,0.551995,0.812792
16.600000,-17.376620,-3.371479,5.208877,0.154057,0.104623,0.551985,0.812793
16.616667,-17.400649,-3.361947,5.219042,0.154074,0.104633,0.551977,0.812794
16.633333,-17.424679,-3.352415,5.229207,0.154098,0.104647,0.551965,0.812796
16.650000,-17.448706,-3.342881,5.239377,0.154122,0.104661,0.551953,0.812798
16.666667,-17.472733,-3.333348,5.249546,0.154139,0.104670,0.551944,0.812799
16.683333,-17.496760,-3.323815,5.259716,0.154157,0.104681,0.551935,0.812801
16.700000,-17.520787,-3.314281,5.269887,0.154180,0.104694,0.551924,0.812803
16.716667,-17.544811,-3.304747,5.280061,0.154203,0.104707,0.551912,0.812804
16.733333,-17.568836,-3.295213,5.290235,0.154217,0.104716,0.551905,0.812805
16.750000,-17.592861,-3.285679,5.300410,0.154237,0.104726,0.551895,0.812807
16.766667,-17.616884,-3.276144,5.310586,0.154259,0.104739,0.551884,0.812809
16.783333,-17.640907,-3.266609,5.320765,0.154280,0.104751,0.551873,0.812811
16.800000,-17.664929,-3.257073,5.330943,0.154294,0.104759,0.551866,0.812812
16.816667,-17.688952,-3.247538,5.341122,0.154314,0.104771,0.551855,0.812814
16.833333,-17.712973,-3.238002,5.351303,0.154336,0.104783,0.551843,0.812816
16.850000,-17.736993,-3.228466,5.361487,0.154356,0.104794,0.551833,0.812818
16.866667,-17.761013,-3.218929,5.371670,0.154370,0.104802,0.551826,0.812819
16.883333,-17.785033,-3.209393,5.381853,0.154392,0.104815,0.551814,0.812821
16.900000,-17.809051,-3.199856,5.392040,0.154413,0.104827,0.551802,0.812823
16.916667,-17.833069,-3.190318,5.402227,0.154431,0.104837,0.551793,0.812825
16.933333,-17.857087,-3.180780,5.412415,0.154446,0.104845,0.551785,0.812827
16.950000,-17.881105,-3.171243,5.422602,0.154468,0.104857,0.551773,0.812829
16.966667,-17.905120,-3.161704,5.432794,0.154489,0.104870,0.551762,0.812831
16.983333,-17.929136,-3.152165,5.442986,0.154505,0.104878,0.551753,0.812833
17.000000,-17.953151,-3.142627,5.453178,0.154521,0.104888,0.551745,0.812834
17.016667,-17.977166,-3.133088,5.463370,0.154542,0.104900,0.551734,0.812836
17.033333,-18.001180,-3.123548,5.473566,0.154563,0.104911,0.551723,0.812838
17.050000,-18.025193,-3.114008,5.483762,0.154577,0.104919,0.551716,0.812839
17.066667,-18.049206,-3.104469,5.493958,0.154594,0.104929,0.551707,0.812841
17.083333,-18.073219,-3.094929,5.504156,0.154615,0.104941,0.551696,0.812843
17.100000,-18.097230,-3.085388,5.514356,0.154634,0.104952,0.551686,0.812845
17.116667,-18.121241,-3.075847,5.524556,0.154647,0.104959,0.551679,0.812846
17.133333,-18.145252,-3.066306,5.534756,0.154666,0.104970,0.551669,0.812848
17.150000,-18.169262,-3.056765,5.544958,0.154686,0.104981,0.551658,0.812850
17.166667,-18.193272,-3.047223,5.555162,0.154704,0.104991,0.551648,0.812852
17.183333,-18.217281,-3.037682,5.565367,0.154717,0.104998,0.551641,0.812853
17.200000,-18.241290,-3.028140,5.575571,0.154736,0.105009,0.551630,0.812856
17.216667,-18.265297,-3.018597,5.585778,0.154756,0.105020,0.551619,0.812858
17.233333,-18.289304,-3.009054,5.595986,0.154772,0.105029,0.551609,0.812860
17.250000,-18.313311,-2.999511,5.606194,0.154786,0.105036,0.551601,0.812862
17.266667,-18.337318,-2.989968,5.616402,0.154805,0.105047,0.551590,0.812865
17.283333,-18.361323,-2.980424,5.626614,0.154824,0.105058,0.551579,0.812867
17.300000,-18.385328,-2.970880,5.636826,0.154839,0.105066,0.551570,0.812869
17.316667,-18.409332,-2.961336,5.647038,0.154853,0.105073,0.551561,0.812871
17.333333,-18.433337,-2.951791,5.657250,0.154872,0.105084,0.551551,0.812874
17.350000,-18.457340,-2.942246,5.667466,0.154891,0.105094,0.551540,0.812876
17.366667,-18.481342,-2.932701,5.677681,0.154903,0.105101,0.551532,0.812878
17.383333,-18.505345,-2.923155,5.687897,0.154918,0.105109,0.551524,0.812880
17.400000,-18.529347,-2.913610,5.698114,0.154936,0.105119,0.551514,0.812882
17.416667,-18.553348,-2.904063,5.708333,0.154953,0.105128,0.551504,0.812884
17.433333,-18.577349,-2.894517,5.718552,0.154965,0.105135,0.551497,0.812886
17.450000,-18.601350,-2.884970,5.728772,0.154980,0.105143,0.551488,0.812888
17.466667,-18.625349,-2.875423,5.738992,0.154997,0.105153,0.551479,0.812890
17.483333,-18.649348,-2.865876,5.749215,0.155013,0.105161,0.551470,0.812892
17.500000,-18.673347,-2.856329,5.759438,0.155024,0.105167,0.551463,0.812893
17.516667,-18.697346,-2.846781,5.769660,0.155040,0.105176,0.551454,0.812895
17.533333,-18.721344,-2.837233,5.779885,0.155056,0.105185,0.551444,0.812898
17.550000,-18.745341,-2.827685,5.790111,0.155070,0.105193,0.551436,0.812899
17.566667,-18.769338,-2.818136,5.800337,0.155082,0.105199,0.551430,0.812901
17.583333,-18.793335,-2.808588,5.810563,0.155098,0.105208,0.551420,0.812903
17.600000,-18.817331,-2.799038,5.820792,0.155114,0.105217,0.551410,0.812906
17.616667,-18.841326,-2.789489,5.831021,0.155127,0.105224,0.551403,0.812907
17.633333,-18.865322,-2.779939,5.841250,0.155139,0.105231,0.551395,0.812909
17.650000,-18.889317,-2.770390,5.851479,0.155156,0.105240,0.551385,0.812912
17.666667,-18.913310,-2.760839,5.861712,0.155172,0.105248,0.551375,0.812914
17.683333,-18.937304,-2.751289,5.871944,0.155184,0.105255,0.551368,0.812916
17.700000,-18.961297,-2.741738,5.882177,0.155197,0.105262,0.551360,0.812918
17.716667,-18.985291,-2.732187,5.892410,0.155213,0.105271,0.551350,0.812921
17.733333,-19.009282,-2.722636,5.902646,0.155229,0.105279,0.551340,0.812923
17.750000,-19.033274,-2.713084,5.912881,0.155240,0.105285,0.551333,0.812925
17.766667,-19.057266,-2.703532,5.923117,0.155255,0.105293,0.551324,0.812927
17.783333,-19.081257,-2.693980,5.933354,0.155271,0.105302,0.551314,0.812930
17.800000,-19.105246,-2.684427,5.943593,0.155286,0.105310,0.551305,0.812933
17.816667,-19.129236,-2.674874,5.953832,0.155297,0.105316,0.551298,0.812934
17.833333,-19.153226,-2.665322,5.964071,0.155312,0.105324,0.551288,0.812937
17.850000,-19.177215,-2.655768,5.974312,0.155327,0.105332,0.551278,0.812940
17.866667,-19.201203,-2.646214,5.984554,0.155341,0.105339,0.551270,0.812942
17.883333,-19.225191,-2.636660,5.994796,0.155351,0.105345,0.551263,0.812944
17.900000,-19.249179,-2.627106,6.005038,0.155366,0.105352,0.551254,0.812946
17.916667,-19.273165,-2.617551,6.015282,0.155380,0.105360,0.551244,0.812949
17.933333,-19.297152,-2.607996,6.025527,0.155392,0.105366,0.551237,0.812951
17.950000,-19.321138,-2.598441,6.035772,0.155402,0.105372,0.551230,0.812953
17.966667,-19.345124,-2.588886,6.046017,0.155416,0.105379,0.551221,0.812955
17.983333,-19.369109,-2.579330,6.056265,0.155430,0.105386,0.551212,0.812958
18.000000,-19.393094,-2.569773,6.066513,0.155440,0.105392,0.551206,0.812960
18.016667,-19.417079,-2.560217,6.076760,0.155450,0.105397,0.551199,0.812962
18.033333,-19.441063,-2.550661,6.087009,0.155464,0.105404,0.551190,0.812964
18.050000,-19.465047,-2.541104,6.097259,0.155477,0.105412,0.551181,0.812967
18.066667,-19.489030,-2.531547,6.107509,0.155486,0.105416,0.551174,0.812969
18.083333,-19.513013,-2.521990,6.117759,0.155498,0.105422,0.551166,0.812971
18.100000,-19.536996,-2.512432,6.128011,0.155512,0.105430,0.551157,0.812974
18.116667,-19.560978,-2.502874,6.138264,0.155525,0.105436,0.551148,0.812977
18.133333,-19.584959,-2.493315,6.148517,0.155534,0.105441,0.551141,0.812979
18.150000,-19.608941,-2.483757,6.158770,0.155547,0.105448,0.551132,0.812982
18.166667,-19.632922,-2.474198,6.169024,0.155561,0.105455,0.551122,0.812985
18.183333,-19.656901,-2.464638,6.179280,0.155573,0.105461,0.551114,0.812987
18.200000,-19.680881,-2.455079,6.189536,0.155582,0.105466,0.551107,0.812990
18.216667,-19.704861,-2.445519,6.199792,0.155596,0.105473,0.551098,0.812993
18.233333,-19.728840,-2.435959,6.210049,0.155609,0.105479,0.551088,0.812996
18.250000,-19.752818,-2.426398,6.220308,0.155620,0.105485,0.551080,0.812998
18.266667,-19.776797,-2.416837,6.230566,0.155629,0.105490,0.551074,0.813000
18.283333,-19.800775,-2.407276,6.240825,0.155642,0.105496,0.551065,0.813003
18.300000,-19.824752,-2.397715,6.251086,0.155654,0.105502,0.551056,0.813006
18.316667,-19.848729,-2.388153,6.261346,0.155663,0.105507,0.551050,0.813008
18.333333,-19.872706,-2.378591,6.271607,0.155672,0.105512,0.551043,0.813010
18.350000,-19.896682,-2.369029,6.281868,0.155684,0.105518,0.551035,0.813012
18.366667,-19.920658,-2.359466,6.292132,0.155696,0.105524,0.551027,0.813015
18.383333,-19.944634,-2.349903,6.302395,0.155704,0.105528,0.551021,0.813017
18.400000,-19.968609,-2.340340,6.312658,0.155713,0.105533,0.551014,0.813019
18.416667,-19.992584,-2.330777,6.322922,0.155725,0.105539,0.551005,0.813022
18.433333,-20.016558,-2.321213,6.333187,0.155736,0.105544,0.550997,0.813024
18.450000,-20.040532,-2.311649,6.343452,0.155744,0.105548,0.550992,0.813026
18.466667,-20.064507,-2.302086,6.353718,0.155755,0.105554,0.550983,0.813029
18.483333,-20.088480,-2.292521,6.363984,0.155767,0.105560,0.550974,0.813032
18.500000,-20.112453,-2.282956,6.374252,0.155778,0.105565,0.550966,0.813035
18.516667,-20.136425,-2.273391,6.384519,0.155786,0.105569,0.550960,0.813037
18.533333,-20.160398,-2.263826,6.394787,0.155798,0.105575,0.550951,0.813040
18.550000,-20.184370,-2.254260,6.405057,0.155810,0.105581,0.550941,0.813043
18.566667,-20.208341,-2.244694,6.415327,0.155820,0.105586,0.550933,0.813046
18.583333,-20.232312,-2.235127,6.425597,0.155828,0.105590,0.550927,0.813049
18.600000,-20.256283,-2.225561,6.435867,0.155840,0.105596,0.550917,0.813052
18.616667,-20.280253,-2.215994,6.446139,0.155852,0.105602,0.550908,0.813055
18.633333,-20.304223,-2.206426,6.456412,0.155861,0.105606,0.550901,0.813058
18.650000,-20.328192,-2.196859,6.466684,0.155869,0.105610,0.550894,0.813060
18.666667,-20.352162,-2.187291,6.476957,0.155880,0.105615,0.550885,0.813064
18.683333,-20.376130,-2.177722,6.487231,0.155891,0.105620,0.550876,0.813067
18.700000,-20.400098,-2.168153,6.497505,0.155898,0.105624,0.550870,0.813069
18.716667,-20.424067,-2.158585,6.507780,0.155906,0.105628,0.550863,0.813072
18.733333,-20.448035,-2.149016,6.518055,0.155916,0.105632,0.550855,0.813075
18.750000,-20.472002,-2.139446,6.528331,0.155925,0.105637,0.550847,0.813078
18.766667,-20.495969,-2.129876,6.538608,0.155932,0.105640,0.550841,0.813080
18.783333,-20.519936,-2.120306,6.548884,0.155940,0.105644,0.550834,0.813083
18.800000,-20.543902,-2.110735,6.559161,0.155949,0.105648,0.550826,0.813086
18.816667,-20.567868,-2.101164,6.569439,0.155958,0.105652,0.550819,0.813089
18.833333,-20.591834,-2.091594,6.579717,0.155964,0.105655,0.550814,0.813090
18.850000,-20.615800,-2.082023,6.589995,0.155972,0.105659,0.550807,0.813093
18.866667,-20.639765,-2.072451,6.600275,0.155981,0.105663,0.550799,0.813096
18.883333,-20.663730,-2.062879,6.610554,0.155989,0.105667,0.550793,0.813098
18.900000,-20.687694,-2.053307,6.620834,0.155995,0.105670,0.550788,0.813100
18.916667,-20.711659,-2.043735,6.631114,0.156003,0.105674,0.550780,0.813103
18.933333,-20.735623,-2.034162,6.641395,0.156012,0.105678,0.550773,0.813106
18.950000,-20.759586,-2.024589,6.651677,0.156019,0.105681,0.550767,0.813108
18.966667,-20.783550,-2.015016,6.661958,0.156026,0.105684,0.550761,0.813111
18.983333,-20.807514,-2.005443,6.672240,0.156035,0.105688,0.550753,0.813114
19.000000,-20.831476,-1.995869,6.682523,0.156043,0.105692,0.550745,0.813117
19.016667,-20.855439,-1.986295,6.692806,0.156050,0.105695,0.550739,0.813119
19.033333,-20.879401,-1.976721,6.703089,0.156057,0.105699,0.550732,0.813122
19.050000,-20.903363,-1.967147,6.713373,0.156067,0.105703,0.550724,0.813126
19.066667,-20.927324,-1.957571,6.723657,0.156076,0.105707,0.550715,0.813129
19.083333,-20.951286,-1.947996,6.733942,0.156082,0.105709,0.550709,0.813132
19.100000,-20.975247,-1.938421,6.744227,0.156090,0.105713,0.550701,0.813135
19.116667,-20.999207,-1.928845,6.754513,0.156099,0.105717,0.550692,0.813139
19.133333,-21.023167,-1.919268,6.764800,0.156107,0.105721,0.550684,0.813143
19.150000,-21.047127,-1.909691,6.775086,0.156114,0.105723,0.550678,0.813145
19.166667,-21.071087,-1.900115,6.785373,0.156122,0.105727,0.550670,0.813149
19.183333,-21.095046,-1.890537,6.795661,0.156130,0.105730,0.550661,0.813152
19.200000,-21.119005,-1.880959,6.805949,0.156138,0.105734,0.550654,0.813156
19.216667,-21.142964,-1.871381,6.816237,0.156143,0.105736,0.550648,0.813158
19.233333,-21.166922,-1.861803,6.826525,0.156151,0.105739,0.550640,0.813161
19.250000,-21.190880,-1.852224,6.836815,0.156159,0.105743,0.550633,0.813165
19.266667,-21.214838,-1.842645,6.847105,0.156165,0.105745,0.550627,0.813167
19.283333,-21.238795,-1.833066,6.857395,0.156170,0.105748,0.550621,0.813169
19.300000,-21.262753,-1.823487,6.867684,0.156178,0.105751,0.550614,0.813173
19.316667,-21.286709,-1.813907,6.877975,0.156185,0.105754,0.550607,0.813176
19.333333,-21.310666,-1.804327,6.888266,0.156190,0.105756,0.550601,0.813178
19.350000,-21.334623,-1.794747,6.898557,0.156195,0.105758,0.550596,0.813181
19.366667,-21.358579,-1.785166,6.908849,0.156202,0.105761,0.550588,0.813184
19.383333,-21.382535,-1.775585,6.919141,0.156209,0.105764,0.550581,0.813187
19.400000,-21.406490,-1.766004,6.929433,0.156214,0.105766,0.550576,0.813189
19.416667,-21.430446,-1.756423,6.939726,0.156220,0.105768,0.550569,0.813192
19.433333,-21.454401,-1.746841,6.950019,0.156227,0.105771,0.550561,0.813196
19.450000,-21.478356,-1.737259,6.960312,0.156234,0.105774,0.550554,0.813199
19.466667,-21.502311,-1.727676,6.970606,0.156239,0.105776,0.550549,0.813202
19.483333,-21.526265,-1.718094,6.980900,0.156245,0.105778,0.550541,0.813205
19.500000,-21.550219,-1.708511,6.991194,0.156252,0.105781,0.550533,0.813209
19.516667,-21.574173,-1.698927,7.001489,0.156259,0.105783,0.550526,0.813212
19.533333,-21.598126,-1.689344,7.011784,0.156263,0.105785,0.550520,0.813215
19.550000,-21.622080,-1.679760,7.022079,0.156270,0.105788,0.550513,0.813219
19.566667,-21.646032,-1.670175,7.032375,0.156276,0.105790,0.550505,0.813223
19.583333,-21.669985,-1.660590,7.042671,0.156282,0.105792,0.550498,0.813226
19.600000,-21.693937,-1.651005,7.052968,0.156286,0.105794,0.550493,0.813228
19.616667,-21.717890,-1.641420,7.063264,0.156292,0.105796,0.550485,0.813232
19.633333,-21.741842,-1.631834,7.073561,0.156298,0.105798,0.550478,0.813235
19.650000,-21.765793,-1.622248,7.083858,0.156302,0.105799,0.550472,0.813238
19.666667,-21.789745,-1.612662,7.094156,0.156306,0.105801,0.550467,0.813241
19.683333,-21.813696,-1.603076,7.104453,0.156312,0.105802,0.550460,0.813244
19.700000,-21.837647,-1.593489,7.114751,0.156317,0.105804,0.550453,0.813248
19.716667,-21.861598,-1.583901,7.125049,0.156320,0.105805,0.550448,0.813250
19.733333,-21.885548,-1.574314,7.135347,0.156325,0.105807,0.550442,0.813253
19.750000,-21.909499,-1.564727,7.145646,0.156330,0.105809,0.550435,0.813257
19.766667,-21.933449,-1.555138,7.155945,0.156335,0.105810,0.550428,0.813260
19.783333,-21.957399,-1.545550,7.166244,0.156338,0.105811,0.550423,0.813263
19.800000,-21.981348,-1.535962,7.176543,0.156343,0.105813,0.550417,0.813266
19.816667,-22.005298,-1.526373,7.186843,0.156349,0.105814,0.550409,0.813270
19.833333,-22.029247,-1.516783,7.197143,0.156353,0.105816,0.550403,0.813273
19.850000,-22.053196,-1.507194,7.207443,0.156357,0.105817,0.550398,0.813276
19.866667,-22.077145,-1.497604,7.217743,0.156362,0.105819,0.550390,0.813280
19.883333,-22.101093,-1.488014,7.228044,0.156368,0.105820,0.550383,0.813284
19.900000,-22.125041,-1.478423,7.238345,0.156372,0.105822,0.550377,0.813287
19.916667,-22.148989,-1.468832,7.248646,0.156376,0.105823,0.550371,0.813289
19.933333,-22.172937,-1.459241,7.258947,0.156381,0.105824,0.550364,0.813293
19.950000,-22.196885,-1.449649,7.269248,0.156386,0.105826,0.550356,0.813297
19.966667,-22.220832,-1.440057,7.279550,0.156389,0.105827,0.550351,0.813300
19.983333,-22.244779,-1.430465,7.289852,0.156393,0.105828,0.550345,0.813303
20.000000,-22.268726,-1.420873,7.300154,0.156397,0.105829,0.550338,0.813307
20.016667,-22.292673,-1.411280,7.310457,0.156402,0.105830,0.550330,0.813311
20.033333,-22.316619,-1.401686,7.320760,0.156405,0.105831,0.550325,0.813314
20.050000,-22.340565,-1.392093,7.331062,0.156408,0.105831,0.550320,0.813317
20.066667,-22.364512,-1.382500,7.341365,0.156412,0.105832,0.550312,0.813321
20.083333,-22.388457,-1.372905,7.351668,0.156416,0.105833,0.550306,0.813325
20.100000,-22.412403,-1.363311,7.361972,0.156418,0.105833,0.550301,0.813327
20.116667,-22.436349,-1.353716,7.372275,0.156421,0.105834,0.550295,0.813331
20.133333,-22.460294,-1.344121,7.382578,0.156425,0.105834,0.550288,0.813335
20.150000,-22.484239,-1.334525,7.392882,0.156428,0.105835,0.550282,0.813338
20.166667,-22.508184,-1.324930,7.403186,0.156430,0.105835,0.550277,0.813341
20.183333,-22.532129,-1.315334,7.413490,0.156434,0.105836,0.550271,0.813344
20.200000,-22.556073,-1.305738,7.423794,0.156437,0.105836,0.550264,0.813348
20.216667,-22.580017,-1.296141,7.434098,0.156440,0.105837,0.550259,0.813351
20.233333,-22.603962,-1.286544,7.444403,0.156442,0.105837,0.550254,0.813354
20.250000,-22.627906,-1.276947,7.454707,0.156445,0.105837,0.550247,0.813358
20.266667,-22.651849,-1.267349,7.465012,0.156449,0.105838,0.550240,0.813362
20.283333,-22.675793,-1.257751,7.475317,0.156451,0.105838,0.550235,0.813365
20.300000,-22.699736,-1.248153,7.485622,0.156454,0.105838,0.550230,0.813368
20.316667,-22.723680,-1.238555,7.495927,0.156457,0.105839,0.550223,0.813372
20.333333,-22.747623,-1.228956,7.506232,0.156460,0.105839,0.550216,0.813376
20.350000,-22.771566,-1.219357,7.516537,0.156462,0.105839,0.550211,0.813379
20.366667,-22.795508,-1.209758,7.526843,0.156465,0.105839,0.550205,0.813382
20.383333,-22.819451,-1.200158,7.537148,0.156468,0.105840,0.550198,0.813387
20.400000,-22.843393,-1.190557,7.547454,0.156471,0.105840,0.550191,0.813391
20.416667,-22.867335,-1.180957,7.557760,0.156474,0.105840,0.550186,0.813394
20.433333,-22.891277,-1.171356,7.568066,0.156476,0.105840,0.550179,0.813398
20.450000,-22.915219,-1.161755,7.578372,0.156479,0.105840,0.550172,0.813402
20.466667,-22.939160,-1.152153,7.588678,0.156482,0.105840,0.550165,0.813406
20.483333,-22.963102,-1.142551,7.598985,0.156484,0.105840,0.550160,0.813409
20.500000,-22.987043,-1.132950,7.609291,0.156487,0.105840,0.550153,0.813413
20.516667,-23.010984,-1.123347,7.619598,0.156489,0.105840,0.550146,0.813418
20.533333,-23.034925,-1.113744,7.629904,0.156492,0.105840,0.550140,0.813421
20.550000,-23.058865,-1.104140,7.640211,0.156493,0.105840,0.550135,0.813424
20.566667,-23.082806,-1.094537,7.650518,0.156495,0.105839,0.550129,0.813428
20.583333,-23.106746,-1.084933,7.660825,0.156497,0.105839,0.550122,0.813432
20.600000,-23.130686,-1.075329,7.671132,0.156499,0.105838,0.550117,0.813435
20.616667,-23.154626,-1.065724,7.681439,0.156500,0.105838,0.550113,0.813438
20.633333,-23.178566,-1.056120,7.691746,0.156502,0.105837,0.550107,0.813442
20.650000,-23.202506,-1.046514,7.702053,0.156503,0.105837,0.550101,0.813446
20.666667,-23.226445,-1.036908,7.712360,0.156504,0.105836,0.550096,0.813449
20.683333,-23.250385,-1.027303,7.722667,0.156505,0.105835,0.550092,0.813452
20.700000,-23.274324,-1.017697,7.732974,0.156506,0.105834,0.550086,0.813456
20.716667,-23.298263,-1.008090,7.743282,0.156507,0.105834,0.550080,0.813460
20.733333,-23.322202,-0.998484,7.753589,0.156507,0.105833,0.550076,0.813462
20.750000,-23.346141,-0.988877,7.763896,0.156508,0.105832,0.550071,0.813466
20.766667,-23.370080,-0.979270,7.774203,0.156509,0.105831,0.550065,0.813470
20.783333,-23.394019,-0.969662,7.784510,0.156510,0.105830,0.550060,0.813473
20.800000,-23.417957,-0.960054,7.794818,0.156510,0.105829,0.550056,0.813476
20.816667,-23.441896,-0.950447,7.805125,0.156511,0.105828,0.550050,0.813480
20.833333,-23.465834,-0.940838,7.815432,0.156511,0.105826,0.550044,0.813484
20.850000,-23.489772,-0.931229,7.825739,0.156512,0.105825,0.550038,0.813488
20.866667,-23.513711,-0.921620,7.836046,0.156513,0.105824,0.550034,0.813491
20.883333,-23.537649,-0.912011,7.846353,0.156513,0.105823,0.550027,0.813496
20.900000,-23.561586,-0.902401,7.856660,0.156514,0.105822,0.550021,0.813500
20.916667,-23.585524,-0.892790,7.866968,0.156515,0.105821,0.550015,0.813504
20.933333,-23.609462,-0.883180,7.877275,0.156516,0.105820,0.550010,0.813507
20.950000,-23.633399,-0.873570,7.887582,0.156517,0.105819,0.550003,0.813512
20.966667,-23.657336,-0.863958,7.897889,0.156518,0.105817,0.549995,0.813517
20.983333,-23.681273,-0.854346,7.908196,0.156519,0.105817,0.549990,0.813521
21.000000,-23.705210,-0.844734,7.918503,0.156520,0.105816,0.549984,0.813524
21.016667,-23.729147,-0.835122,7.928811,0.156522,0.105815,0.549976,0.813530
21.033333,-23.753084,-0.825509,7.939118,0.156523,0.105813,0.549969,0.813535
21.050000,-23.777020,-0.815896,7.949425,0.156524,0.105813,0.549963,0.813538
21.066667,-23.800956,-0.806283,7.959732,0.156525,0.105812,0.549957,0.813542
21.083333,-23.824892,-0.796669,7.970040,0.156526,0.105810,0.549950,0.813547
21.100000,-23.848828,-0.787054,7.980347,0.156527,0.105809,0.549943,0.813552
21.116667,-23.872764,-0.777439,7.990655,0.156527,0.105808,0.549939,0.813555
21.133333,-23.896700,-0.767824,8.000962,0.156527,0.105806,0.549933,0.813559
21.150000,-23.920635,-0.758209,8.011269,0.156527,0.105804,0.549927,0.813563
21.166667,-23.944570,-0.748593,8.021576,0.156527,0.105802,0.549921,0.813567
21.183333,-23.968506,-0.738977,8.031884,0.156526,0.105801,0.549918,0.813570
21.200000,-23.992441,-0.729361,8.042191,0.156525,0.105799,0.549913,0.813574
21.216667,-24.016376,-0.719744,8.052498,0.156524,0.105796,0.549908,0.813578
21.233333,-24.040311,-0.710127,8.062804,0.156522,0.105794,0.549904,0.813581
21.250000,-24.064246,-0.700510,8.073111,0.156521,0.105792,0.549900,0.813584
21.266667,-24.088181,-0.690893,8.083418,0.156519,0.105790,0.549896,0.813588
21.283333,-24.112116,-0.681275,8.093724,0.156517,0.105787,0.549891,0.813592
21.300000,-24.136051,-0.671657,8.104030,0.156516,0.105785,0.549887,0.813595
21.316667,-24.159986,-0.662039,8.114336,0.156514,0.105783,0.549884,0.813598
21.333333,-24.183921,-0.652420,8.124642,0.156513,0.105780,0.549878,0.813602
21.350000,-24.207856,-0.642801,8.134948,0.156511,0.105777,0.549873,0.813606
21.366667,-24.231791,-0.633182,8.145253,0.156510,0.105776,0.549869,0.813609
21.383333,-24.255725,-0.623563,8.155559,0.156509,0.105774,0.549864,0.813613
21.400000,-24.279660,-0.613943,8.165864,0.156508,0.105771,0.549858,0.813618
21.416667,-24.303594,-0.604322,8.176169,0.156507,0.105769,0.549852,0.813622
21.433333,-24.327529,-0.594702,8.186475,0.156507,0.105767,0.549848,0.813626
21.450000,-24.351463,-0.585081,8.196780,0.156507,0.105765,0.549841,0.813630
21.466667,-24.375397,-0.575460,8.207085,0.156506,0.105763,0.549835,0.813635
21.483333,-24.399331,-0.565838,8.217390,0.156506,0.105761,0.549829,0.813640
21.500000,-24.423265,-0.556216,8.227695,0.156505,0.105759,0.549824,0.813643
21.516667,-24.447198,-0.546594,8.238000,0.156505,0.105757,0.549817,0.813648
21.533333,-24.471132,-0.536971,8.248305,0.156504,0.105755,0.549810,0.813653
21.550000,-24.495065,-0.527347,8.258609,0.156503,0.105752,0.549804,0.813657
21.566667,-24.518999,-0.517724,8.268914,0.156503,0.105751,0.549799,0.813661
21.583333,-24.542932,-0.508100,8.279218,0.156502,0.105748,0.549793,0.813666
21.600000,-24.566865,-0.498475,8.289523,0.156501,0.105745,0.549786,0.813671
21.616667,-24.590798,-0.488850,8.299827,0.156500,0.105743,0.549781,0.813675
21.633333,-24.614731,-0.479225,8.310131,0.156499,0.105741,0.549775,0.813679
21.650000,-24.638664,-0.469600,8.320435,0.156497,0.105738,0.549769,0.813684
21.666667,-24.662597,-0.459974,8.330739,0.156496,0.105735,0.549763,0.813689
21.683333,-24.686529,-0.450347,8.341043,0.156494,0.105733,0.549758,0.813693
21.700000,-24.710462,-0.440721,8.351347,0.156492,0.105730,0.549753,0.813697
21.716667,-24.734395,-0.431094,8.361650,0.156490,0.105727,0.549747,0.813702
21.733333,-24.758327,-0.421467,8.371953,0.156488,0.105723,0.549742,0.813706
21.750000,-24.782259,-0.411839,8.382256,0.156486,0.105721,0.549738,0.813710
21.766667,-24.806192,-0.402211,8.392559,0.156483,0.105718,0.549734,0.813714
21.783333,-24.830124,-0.392583,8.402862,0.156480,0.105714,0.549729,0.813718
21.800000,-24.854056,-0.382954,8.413164,0.156477,0.105711,0.549724,0.813722
21.816667,-24.877989,-0.373325,8.423466,0.156474,0.105708,0.549721,0.813725
21.833333,-24.901921,-0.363696,8.433768,0.156471,0.105704,0.549716,0.813729
21.850000,-24.925853,-0.354066,8.444070,0.156467,0.105700,0.549712,0.813734
21.866667,-24.949785,-0.344436,8.454371,0.156464,0.105697,0.549708,0.813737
21.883333,-24.973718,-0.334806,8.464672,0.156461,0.105694,0.549705,0.813740
21.900000,-24.997650,-0.325176,8.474974,0.156458,0.105690,0.549700,0.813745
21.916667,-25.021582,-0.315545,8.485274,0.156454,0.105686,0.549695,0.813750
21.933333,-25.045514,-0.305914,8.495574,0.156451,0.105683,0.549690,0.813753
21.950000,-25.069446,-0.296283,8.505875,0.156449,0.105680,0.549686,0.813757
21.966667,-25.093378,-0.286651,8.516175,0.156445,0.105676,0.549681,0.813762
21.983333,-25.117310,-0.277019,8.526474,0.156442,0.105672,0.549675,0.813767
22.000000,-25.141242,-0.267386,8.536774,0.156440,0.105669,0.549671,0.813771
22.016667,-25.165174,-0.257753,8.547073,0.156438,0.105666,0.549666,0.813775
22.033333,-25.189106,-0.248120,8.557372,0.156435,0.105662,0.549660,0.813780
22.050000,-25.213038,-0.238486,8.567671,0.156432,0.105658,0.549654,0.813785
22.066667,-25.236970,-0.228852,8.577970,0.156430,0.105656,0.549649,0.813789
22.083333,-25.260901,-0.219218,8.588268,0.156427,0.105652,0.549644,0.813793
22.100000,-25.284833,-0.209583,8.598567,0.156424,0.105648,0.549638,0.813799
22.116667,-25.308765,-0.199948,8.608864,0.156421,0.105645,0.549632,0.813804
22.133333,-25.332696,-0.190312,8.619162,0.156419,0.105642,0.549628,0.813807
22.150000,-25.356628,-0.180677,8.629460,0.156416,0.105638,0.549622,0.813812
22.166667,-25.380559,-0.171040,8.639757,0.156413,0.105634,0.549616,0.813817
22.183333,-25.404490,-0.161403,8.650054,0.156410,0.105631,0.549611,0.813822
22.200000,-25.428422,-0.151766,8.660351,0.156407,0.105628,0.549607,0.813825
22.216667,-25.452353,-0.142129,8.670648,0.156404,0.105624,0.549602,0.813830
22.233333,-25.476284,-0.132491,8.680944,0.156400,0.105619,0.549596,0.813835
22.250000,-25.500215,-0.122853,8.691240,0.156397,0.105616,0.549591,0.813839
22.266667,-25.524146,-0.113215,8.701536,0.156394,0.105613,0.549587,0.813843
22.283333,-25.548077,-0.103576,8.711832,0.156390,0.105608,0.549582,0.813848
22.300000,-25.572009,-0.093937,8.722127,0.156386,0.105604,0.549576,0.813853
22.316667,-25.595940,-0.084297,8.732422,0.156383,0.105600,0.549572,0.813857
22.333333,-25.619871,-0.074657,8.742717,0.156379,0.105597,0.549568,0.813861
22.350000,-25.643802,-0.065017,8.753012,0.156375,0.105592,0.549563,0.813866
22.366667,-25.667733,-0.055376,8.763306,0.156370,0.105587,0.549557,0.813871
22.383333,-25.691664,-0.045735,8.773599,0.156367,0.105584,0.549554,0.813875
22.400000,-25.715595,-0.036094,8.783893,0.156363,0.105580,0.549549,0.813879
22.416667,-25.739526,-0.026453,8.794187,0.156359,0.105575,0.549544,0.813884
22.433333,-25.763457,-0.016810,8.804479,0.156354,0.105570,0.549538,0.813889
22.450000,-25.787388,-0.007168,8.814772,0.156351,0.105567,0.549535,0.813893
22.466667,-25.811318,0.002475,8.825065,0.156346,0.105562,0.549530,0.813898
22.483333,-25.835249,0.012118,8.835357,0.156342,0.105557,0.549524,0.813903
22.500000,-25.859180,0.021762,8.845648,0.156337,0.105553,0.549520,0.813907
22.516667,-25.883111,0.031405,8.855939,0.156334,0.105550,0.549516,0.813911
22.533333,-25.907042,0.041049,8.866231,0.156329,0.105545,0.549511,0.813916
22.550000,-25.930973,0.050694,8.876521,0.156325,0.105540,0.549505,0.813921
22.566667,-25.954904,0.060339,8.886812,0.156321,0.105536,0.549501,0.813926
22.583333,-25.978835,0.069984,8.897102,0.156317,0.105532,0.549497,0.813929
22.600000,-26.002766,0.079630,8.907392,0.156313,0.105527,0.549491,0.813935
22.616667,-26.026696,0.089276,8.917681,0.156308,0.105522,0.549486,0.813940
22.633333,-26.050627,0.098923,8.927970,0.156304,0.105519,0.549482,0.813944
22.650000,-26.074558,0.108569,8.938260,0.156301,0.105515,0.549478,0.813948
22.666667,-26.098489,0.118216,8.948549,0.156296,0.105510,0.549472,0.813953
22.683333,-26.122419,0.127864,8.958836,0.156291,0.105505,0.549467,0.813958
22.700000,-26.146350,0.137512,8.969124,0.156287,0.105501,0.549463,0.813962
22.716667,-26.170281,0.147160,8.979412,0.156283,0.105497,0.549458,0.813966
22.733333,-26.194212,0.156808,8.989700,0.156278,0.105492,0.549453,0.813972
22.750000,-26.218142,0.166458,8.999986,0.156273,0.105487,0.549448,0.813977
22.766667,-26.242073,0.176107,9.010273,0.156270,0.105483,0.549444,0.813980
22.783333,-26.266004,0.185757,9.020560,0.156265,0.105479,0.549439,0.813985
22.800000,-26.289934,0.195407,9.030846,0.156259,0.105473,0.549434,0.813991
22.816667,-26.313865,0.205057,9.041131,0.156254,0.105468,0.549429,0.813996
22.833333,-26.337796,0.214708,9.051416,0.156251,0.105465,0.549426,0.813999
22.850000,-26.361727,0.224359,9.061702,0.156245,0.105459,0.549420,0.814004
22.866667,-26.385657,0.234011,9.071986,0.156239,0.105454,0.549415,0.814010
22.883333,-26.409588,0.243663,9.082270,0.156235,0.105449,0.549411,0.814014
22.900000,-26.433519,0.253315,9.092554,0.156230,0.105445,0.549407,0.814018
22.916667,-26.457450,0.262967,9.102838,0.156224,0.105439,0.549402,0.814024
22.933333,-26.481380,0.272621,9.113121,0.156218,0.105433,0.549396,0.814029
22.950000,-26.505311,0.282275,9.123403,0.156214,0.105429,0.549392,0.814033
22.966667,-26.529242,0.291928,9.133686,0.156209,0.105424,0.549388,0.814038
22.983333,-26.553173,0.301582,9.143968,0.156203,0.105418,0.549383,0.814043
23.000000,-26.577103,0.311237,9.154249,0.156197,0.105413,0.549378,0.814049
23.016667,-26.601034,0.320892,9.164530,0.156192,0.105408,0.549374,0.814053
23.033333,-26.624965,0.330547,9.174811,0.156187,0.105403,0.549370,0.814057
23.050000,-26.648896,0.340203,9.185092,0.156181,0.105397,0.549364,0.814063
23.066667,-26.672827,0.349859,9.195371,0.156174,0.105391,0.549359,0.814068
23.083333,-26.696758,0.359516,9.205651,0.156170,0.105387,0.549356,0.814072
23.100000,-26.720689,0.369172,9.215930,0.156164,0.105382,0.549351,0.814077
23.116667,-26.744620,0.378829,9.226209,0.156158,0.105376,0.549346,0.814082
23.133333,-26.768551,0.388487,9.236487,0.156152,0.105370,0.549341,0.814087
23.150000,-26.792482,0.398145,9.246765,0.156147,0.105366,0.549337,0.814091
23.166667,-26.816413,0.407803,9.257043,0.156141,0.105360,0.549332,0.814096
23.183333,-26.840344,0.417462,9.267320,0.156135,0.105354,0.549327,0.814102
23.200000,-26.864275,0.427122,9.277596,0.156129,0.105349,0.549323,0.814107
23.216667,-26.888206,0.436781,9.287873,0.156125,0.105345,0.549319,0.814111
23.233333,-26.912137,0.446441,9.298149,0.156118,0.105338,0.549314,0.814116
23.250000,-26.936068,0.456101,9.308424,0.156111,0.105332,0.549309,0.814122
23.266667,-26.959999,0.465762,9.318699,0.156106,0.105327,0.549305,0.814126
23.283333,-26.983930,0.475423,9.328974,0.156101,0.105323,0.549301,0.814130
23.300000,-27.007862,0.485084,9.339248,0.156094,0.105316,0.549296,0.814136
23.316667,-27.031793,0.494746,9.349522,0.156087,0.105310,0.549290,0.814142
23.333333,-27.055724,0.504408,9.359795,0.156082,0.105305,0.549287,0.814146
23.350000,-27.079655,0.514071,9.370068,0.156076,0.105300,0.549282,0.814150
23.366667,-27.103587,0.523733,9.380341,0.156069,0.105293,0.549277,0.814156
23.383333,-27.127518,0.533397,9.390612,0.156062,0.105287,0.549272,0.814162
23.400000,-27.151450,0.543061,9.400884,0.156057,0.105282,0.549268,0.814166
23.416667,-27.175381,0.552725,9.411155,0.156051,0.105277,0.549264,0.814171
23.433333,-27.199312,0.562389,9.421426,0.156044,0.105270,0.549259,0.814177
23.450000,-27.223244,0.572055,9.431696,0.156037,0.105264,0.549254,0.814182
23.466667,-27.247176,0.581720,9.441966,0.156032,0.105259,0.549250,0.814186
23.483333,-27.271107,0.591385,9.452235,0.156025,0.105253,0.549245,0.814191
23.500000,-27.295039,0.601051,9.462504,0.156017,0.105246,0.549240,0.814197
23.516667,-27.318970,0.610718,9.472772,0.156011,0.105240,0.549236,0.814202
23.533333,-27.342902,0.620385,9.483040,0.156006,0.105235,0.549232,0.814206
23.550000,-27.366834,0.630052,9.493308,0.155998,0.105229,0.549227,0.814212
23.566667,-27.390766,0.639720,9.503575,0.155991,0.105222,0.549221,0.814218
23.583333,-27.414697,0.649388,9.513841,0.155984,0.105216,0.549217,0.814223
23.600000,-27.438629,0.659056,9.524107,0.155979,0.105211,0.549213,0.814227
23.616667,-27.462561,0.668725,9.534373,0.155971,0.105204,0.549208,0.814233
23.633333,-27.486493,0.678395,9.544638,0.155963,0.105197,0.549203,0.814239
23.650000,-27.510425,0.688064,9.554902,0.155957,0.105191,0.549199,0.814244
23.666667,-27.534357,0.697734,9.565167,0.155951,0.105186,0.549194,0.814249
23.683333,-27.558289,0.707405,9.575431,0.155943,0.105179,0.549189,0.814255
23.700000,-27.582221,0.717076,9.585693,0.155935,0.105171,0.549184,0.814261
23.716667,-27.606154,0.726747,9.595956,0.155929,0.105166,0.549181,0.814265
23.733333,-27.630086,0.736419,9.606218,0.155922,0.105160,0.549176,0.814270
23.750000,-27.654018,0.746091,9.616480,0.155914,0.105153,0.549171,0.814276
23.766667,-27.677950,0.755764,9.626741,0.155906,0.105146,0.549166,0.814281
23.783333,-27.701883,0.765437,9.637001,0.155900,0.105141,0.549163,0.814285
23.800000,-27.725815,0.775110,9.647262,0.155892,0.105134,0.549159,0.814291
23.816667,-27.749748,0.784783,9.657521,0.155883,0.105126,0.549154,0.814297
23.833333,-27.773680,0.794458,9.667780,0.155875,0.105119,0.549150,0.814302
23.850000,-27.797613,0.804132,9.678038,0.155869,0.105114,0.549146,0.814306
23.866667,-27.821546,0.813807,9.688297,0.155861,0.105107,0.549142,0.814312
23.883333,-27.845479,0.823482,9.698554,0.155851,0.105099,0.549137,0.814318
23.900000,-27.869412,0.833158,9.708810,0.155844,0.105092,0.549133,0.814323
23.916667,-27.893345,0.842834,9.719067,0.155837,0.105087,0.549130,0.814327
23.933333,-27.917278,0.852510,9.729323,0.155828,0.105079,0.549125,0.814333
23.950000,-27.941211,0.862187,9.739577,0.155819,0.105071,0.549120,0.814339
23.966667,-27.965144,0.871865,9.749832,0.155812,0.105065,0.549117,0.814343
23.983333,-27.989077,0.881542,9.760086,0.155804,0.105058,0.549113,0.814348
24.000000,-28.013011,0.891220,9.770340,0.155795,0.105050,0.549108,0.814354
24.016667,-28.036944,0.900898,9.780592,0.155785,0.105042,0.549103,0.814360
24.033333,-28.060878,0.910577,9.790844,0.155778,0.105036,0.549100,0.814364
24.050000,-28.084812,0.920256,9.801096,0.155770,0.105030,0.549096,0.814370
24.066667,-28.108745,0.929936,9.811348,0.155761,0.105022,0.549091,0.814376
24.083333,-28.132679,0.939616,9.821598,0.155752,0.105014,0.549086,0.814382
24.100000,-28.156613,0.949297,9.831848,0.155746,0.105008,0.549083,0.814386
24.116667,-28.180547,0.958977,9.842097,0.155737,0.105001,0.549078,0.814392
24.133333,-28.204481,0.968658,9.852346,0.155728,0.104993,0.549073,0.814398
24.150000,-28.228415,0.978341,9.862594,0.155720,0.104986,0.549069,0.814403
24.166667,-28.252350,0.988023,9.872842,0.155714,0.104981,0.549065,0.814408
24.183333,-28.276284,0.997705,9.883090,0.155705,0.104973,0.549060,0.814414
24.200000,-28.300218,1.007388,9.893336,0.155696,0.104965,0.549055,0.814420
24.216667,-28.324152,1.017071,9.903582,0.155689,0.104959,0.549050,0.814425
24.233333,-28.348087,1.026755,9.913827,0.155683,0.104953,0.549046,0.814430
24.250000,-28.372021,1.036439,9.924073,0.155674,0.104945,0.549041,0.814436
24.266667,-28.395956,1.046124,9.934317,0.155664,0.104937,0.549035,0.814443
24.283333,-28.419891,1.055809,9.944561,0.155657,0.104931,0.549031,0.814448
24.300000,-28.443825,1.065495,9.954804,0.155650,0.104924,0.549027,0.814453
24.316667,-28.467760,1.075180,9.965048,0.155640,0.104916,0.549022,0.814460
24.333333,-28.491695,1.084867,9.975289,0.155629,0.104907,0.549016,0.814466
24.350000,-28.515630,1.094554,9.985531,0.155622,0.104900,0.549012,0.814471
24.366667,-28.539565,1.104241,9.995772,0.155613,0.104893,0.549008,0.814477
24.383333,-28.563500,1.113928,10.006013,0.155602,0.104883,0.549002,0.814484
24.400000,-28.587435,1.123617,10.016251,0.155591,0.104874,0.548997,0.814490
24.416667,-28.611371,1.133306,10.026490,0.155583,0.104868,0.548994,0.814495
24.433333,-28.635306,1.142995,10.036729,0.155573,0.104859,0.548989,0.814501
24.450000,-28.659241,1.152684,10.046966,0.155562,0.104850,0.548984,0.814508
24.466667,-28.683177,1.162375,10.057203,0.155551,0.104841,0.548979,0.814515
24.483333,-28.707113,1.172065,10.067439,0.155543,0.104834,0.548976,0.814519
24.500000,-28.731049,1.181756,10.077675,0.155533,0.104825,0.548971,0.814526
24.516667,-28.754985,1.191447,10.087909,0.155521,0.104816,0.548966,0.814533
24.533333,-28.778921,1.201139,10.098143,0.155512,0.104808,0.548961,0.814538
24.550000,-28.802857,1.210832,10.108376,0.155504,0.104801,0.548958,0.814543
24.566667,-28.826793,1.220524,10.118609,0.155493,0.104792,0.548953,0.814550
24.583333,-28.850730,1.230217,10.128841,0.155482,0.104783,0.548948,0.814556
24.600000,-28.874667,1.239911,10.139072,0.155473,0.104776,0.548944,0.814561
24.616667,-28.898603,1.249605,10.149303,0.155465,0.104769,0.548941,0.814566
24.633333,-28.922540,1.259299,10.159534,0.155454,0.104760,0.548936,0.814573
24.650000,-28.946477,1.268994,10.169762,0.155443,0.104750,0.548931,0.814579
24.666667,-28.970414,1.278690,10.179991,0.155435,0.104744,0.548928,0.814584
24.683333,-28.994351,1.288385,10.190219,0.155426,0.104736,0.548924,0.814589
24.700000,-29.018288,1.298081,10.200447,0.155414,0.104727,0.548919,0.814596
24.716667,-29.042226,1.307778,10.210673,0.155403,0.104717,0.548914,0.814603
24.733333,-29.066163,1.317475,10.220899,0.155395,0.104711,0.548911,0.814607
24.750000,-29.090100,1.327172,10.231125,0.155384,0.104702,0.548907,0.814613
24.766667,-29.114038,1.336870,10.241350,0.155372,0.104692,0.548902,0.814620
24.783333,-29.137976,1.346569,10.251573,0.155361,0.104683,0.548898,0.814626
24.800000,-29.161914,1.356267,10.261796,0.155352,0.104676,0.548895,0.814631
24.816667,-29.185852,1.365966,10.272019,0.155341,0.104666,0.548890,0.814637
24.833333,-29.209790,1.375666,10.282241,0.155328,0.104656,0.548886,0.814644
24.850000,-29.233729,1.385366,10.292461,0.155317,0.104647,0.548881,0.814650
24.866667,-29.257668,1.395067,10.302681,0.155309,0.104640,0.548878,0.814655
24.883333,-29.281606,1.404767,10.312901,0.155297,0.104630,0.548873,0.814662
24.900000,-29.305545,1.414469,10.323119,0.155284,0.104620,0.548868,0.814669
24.916667,-29.329484,1.424171,10.333337,0.155275,0.104612,0.548864,0.814674
24.933333,-29.353423,1.433873,10.343554,0.155266,0.104605,0.548860,0.814680
24.950000,-29.377362,1.443575,10.353772,0.155254,0.104595,0.548855,0.814687
24.966667,-29.401301,1.453279,10.363987,0.155243,0.104585,0.548849,0.814694
24.983333,-29.425241,1.462983,10.374201,0.155234,0.104578,0.548845,0.814699
25.000000,-29.449180,1.472687,10.384416,0.155225,0.104570,0.548841,0.814705
25.016667,-29.473120,1.482391,10.394631,0.155213,0.104560,0.548835,0.814712
25.033333,-29.497060,1.492097,10.404843,0.155201,0.104550,0.548830,0.814719
25.050000,-29.520999,1.501803,10.415055,0.155193,0.104543,0.548826,0.814724
25.066667,-29.544939,1.511508,10.425267,0.155183,0.104535,0.548821,0.814731
25.083333,-29.568879,1.521215,10.435478,0.155170,0.104524,0.548816,0.814738
25.100000,-29.592820,1.530922,10.445688,0.155158,0.104514,0.548811,0.814745
25.116667,-29.616760,1.540630,10.455897,0.155149,0.104507,0.548808,0.814750
25.133333,-29.640700,1.550338,10.466107,0.155136,0.104496,0.548803,0.814757
25.150000,-29.664641,1.560046,10.476314,0.155121,0.104484,0.548798,0.814765
25.166667,-29.688582,1.569756,10.486520,0.155109,0.104474,0.548794,0.814771
25.183333,-29.712523,1.579465,10.496726,0.155098,0.104466,0.548790,0.814776
25.200000,-29.736463,1.589174,10.506932,0.155083,0.104454,0.548786,0.814784
25.216667,-29.760405,1.598885,10.517136,0.155068,0.104442,0.548781,0.814791
25.233333,-29.784347,1.608596,10.527339,0.155056,0.104432,0.548777,0.814798
25.250000,-29.808288,1.618308,10.537541,0.155045,0.104423,0.548774,0.814803
25.266667,-29.832230,1.628019,10.547744,0.155029,0.104411,0.548769,0.814811
25.283333,-29.856172,1.637732,10.557943,0.155014,0.104399,0.548765,0.814818
25.300000,-29.880115,1.647445,10.568142,0.155003,0.104390,0.548761,0.814824
25.316667,-29.904057,1.657158,10.578341,0.154991,0.104381,0.548758,0.814830
25.333333,-29.928000,1.666871,10.588540,0.154977,0.104369,0.548753,0.814837
25.350000,-29.951943,1.676586,10.598736,0.154962,0.104357,0.548748,0.814845
25.366667,-29.975886,1.686301,10.608932,0.154952,0.104350,0.548745,0.814850
25.383333,-29.999829,1.696016,10.619128,0.154940,0.104340,0.548741,0.814856
25.400000,-30.023772,1.705731,10.629322,0.154926,0.104329,0.548736,0.814863
25.416667,-30.047716,1.715448,10.639515,0.154913,0.104318,0.548731,0.814870
25.433333,-30.071659,1.725165,10.649708,0.154904,0.104311,0.548728,0.814875
25.450000,-30.095603,1.734881,10.659901,0.154891,0.104300,0.548724,0.814882
25.466667,-30.119547,1.744599,10.670092,0.154877,0.104289,0.548718,0.814890
25.483333,-30.143491,1.754317,10.680282,0.154865,0.104279,0.548714,0.814896
25.500000,-30.167436,1.764036,10.690471,0.154855,0.104271,0.548710,0.814902
25.516667,-30.191380,1.773754,10.700661,0.154841,0.104259,0.548705,0.814909
25.533333,-30.215325,1.783474,10.710848,0.154826,0.104248,0.548700,0.814917
25.550000,-30.239269,1.793194,10.721035,0.154814,0.104238,0.548695,0.814924
25.566667,-30.263214,1.802915,10.731221,0.154804,0.104229,0.548691,0.814930
25.583333,-30.287159,1.812635,10.741408,0.154789,0.104217,0.548686,0.814938
25.600000,-30.311105,1.822357,10.751591,0.154774,0.104205,0.548680,0.814946
25.616667,-30.335050,1.832080,10.761774,0.154762,0.104195,0.548676,0.814952
25.633333,-30.358996,1.841802,10.771957,0.154751,0.104186,0.548671,0.814959
25.650000,-30.382941,1.851525,10.782139,0.154735,0.104174,0.548666,0.814967
25.666667,-30.406887,1.861249,10.792319,0.154720,0.104161,0.548660,0.814975
25.683333,-30.430833,1.870974,10.802498,0.154709,0.104153,0.548656,0.814981
25.700000,-30.454779,1.880698,10.812678,0.154697,0.104142,0.548652,0.814987
25.716667,-30.478726,1.890423,10.822856,0.154682,0.104130,0.548647,0.814995
25.733333,-30.502673,1.900150,10.833033,0.154667,0.104118,0.548641,0.815003
25.750000,-30.526619,1.909876,10.843209,0.154657,0.104110,0.548638,0.815008
25.766667,-30.550566,1.919603,10.853385,0.154643,0.104099,0.548633,0.815016
25.783333,-30.574513,1.929330,10.863559,0.154627,0.104086,0.548628,0.815024
25.800000,-30.598461,1.939058,10.873732,0.154613,0.104075,0.548624,0.815031
25.816667,-30.622408,1.948786,10.883905,0.154603,0.104067,0.548621,0.815036
25.833333,-30.646356,1.958515,10.894077,0.154587,0.104054,0.548616,0.815044
25.850000,-30.670304,1.968244,10.904248,0.154570,0.104041,0.548611,0.815052
25.866667,-30.694252,1.977975,10.914417,0.154556,0.104030,0.548607,0.815059
25.883333,-30.718200,1.987705,10.924586,0.154544,0.104021,0.548604,0.815064
25.900000,-30.742148,1.997435,10.934755,0.154527,0.104007,0.548599,0.815073
25.916667,-30.766097,2.007167,10.944920,0.154509,0.103993,0.548594,0.815081
25.933333,-30.790047,2.016899,10.955085,0.154494,0.103982,0.548590,0.815088
25.950000,-30.813996,2.026631,10.965250,0.154480,0.103971,0.548587,0.815094
25.966667,-30.837945,2.036364,10.975415,0.154462,0.103956,0.548582,0.815103
25.983333,-30.861895,2.046098,10.985576,0.154443,0.103941,0.548577,0.815111
26.000000,-30.885845,2.055832,10.995737,0.154429,0.103931,0.548574,0.815118
26.016667,-30.909795,2.065567,11.005898,0.154414,0.103919,0.548570,0.815125
26.033333,-30.933746,2.075301,11.016057,0.154395,0.103904,0.548564,0.815134
26.050000,-30.957697,2.085038,11.026214,0.154377,0.103890,0.548559,0.815143
26.066667,-30.981648,2.094774,11.036370,0.154365,0.103880,0.548556,0.815149
26.083333,-31.005599,2.104511,11.046527,0.154349,0.103867,0.548551,0.815157
26.100000,-31.029550,2.114248,11.056682,0.154331,0.103853,0.548545,0.815166
26.116667,-31.053502,2.123986,11.066834,0.154314,0.103840,0.548539,0.815174
26.133333,-31.077454,2.133725,11.076987,0.154303,0.103830,0.548535,0.815180
26.150000,-31.101405,2.143464,11.087139,0.154286,0.103817,0.548530,0.815189
26.166667,-31.125358,2.153204,11.097289,0.154269,0.103803,0.548524,0.815198
26.183333,-31.149310,2.162945,11.107438,0.154254,0.103791,0.548518,0.815206
26.200000,-31.173263,2.172686,11.117587,0.154242,0.103781,0.548514,0.815212
26.216667,-31.197215,2.182426,11.127736,0.154223,0.103767,0.548509,0.815221
26.233333,-31.221169,2.192169,11.137881,0.154205,0.103752,0.548503,0.815230
26.250000,-31.245122,2.201912,11.148026,0.154190,0.103740,0.548499,0.815238
26.266667,-31.269075,2.211655,11.158170,0.154176,0.103729,0.548495,0.815244
26.283333,-31.293029,2.221398,11.168315,0.154156,0.103714,0.548490,0.815253
26.300000,-31.316983,2.231144,11.178455,0.154136,0.103698,0.548485,0.815263
26.316667,-31.340937,2.240889,11.188595,0.154120,0.103686,0.548482,0.815269
26.333333,-31.364892,2.250634,11.198736,0.154104,0.103673,0.548478,0.815276
26.350000,-31.388846,2.260380,11.208875,0.154083,0.103657,0.548474,0.815285
26.366667,-31.412802,2.270127,11.219010,0.154062,0.103641,0.548469,0.815294
26.383333,-31.436757,2.279874,11.229145,0.154048,0.103630,0.548466,0.815301
26.400000,-31.460713,2.289622,11.239281,0.154030,0.103617,0.548462,0.815308
26.416667,-31.484669,2.299370,11.249414,0.154010,0.103601,0.548457,0.815318
26.433333,-31.508626,2.309119,11.259545,0.153991,0.103586,0.548452,0.815326
26.450000,-31.532582,2.318869,11.269676,0.153978,0.103576,0.548448,0.815332
26.466667,-31.556539,2.328618,11.279807,0.153961,0.103563,0.548443,0.815341
26.483333,-31.580496,2.338369,11.289935,0.153943,0.103548,0.548437,0.815351
26.500000,-31.604453,2.348121,11.300062,0.153927,0.103535,0.548431,0.815359
26.516667,-31.628411,2.357873,11.310189,0.153915,0.103526,0.548427,0.815365
26.533333,-31.652368,2.367624,11.320315,0.153898,0.103511,0.548420,0.815375
26.550000,-31.676326,2.377378,11.330439,0.153880,0.103497,0.548413,0.815385
26.566667,-31.700284,2.387132,11.340562,0.153866,0.103485,0.548408,0.815393
26.583333,-31.724242,2.396886,11.350685,0.153853,0.103475,0.548403,0.815400
26.600000,-31.748200,2.406641,11.360808,0.153834,0.103459,0.548397,0.815409
26.616667,-31.772159,2.416397,11.370927,0.153814,0.103444,0.548390,0.815419
26.633333,-31.796118,2.426154,11.381046,0.153799,0.103432,0.548386,0.815427
26.650000,-31.820076,2.435910,11.391165,0.153782,0.103419,0.548382,0.815434
26.666667,-31.844035,2.445667,11.401283,0.153760,0.103402,0.548376,0.815444
26.683333,-31.867995,2.455426,11.411397,0.153737,0.103384,0.548371,0.815454
26.700000,-31.891955,2.465185,11.421510,0.153721,0.103372,0.548368,0.815461
26.716667,-31.915915,2.474944,11.431624,0.153700,0.103356,0.548365,0.815469
26.733333,-31.939876,2.484704,11.441736,0.153676,0.103337,0.548360,0.815479
26.750000,-31.963837,2.494465,11.451844,0.153652,0.103320,0.548356,0.815489
26.766667,-31.987799,2.504226,11.461952,0.153635,0.103307,0.548353,0.815495
26.783333,-32.011760,2.513987,11.472060,0.153613,0.103290,0.548349,0.815504
26.800000,-32.035722,2.523749,11.482165,0.153588,0.103271,0.548345,0.815515
26.816667,-32.059685,2.533513,11.492268,0.153566,0.103255,0.548340,0.815524
26.833333,-32.083648,2.543276,11.502370,0.153550,0.103242,0.548337,0.815530
26.850000,-32.107611,2.553040,11.512473,0.153528,0.103225,0.548332,0.815541
26.866667,-32.131575,2.562805,11.522572,0.153504,0.103207,0.548326,0.815551
26.883333,-32.155539,2.572571,11.532669,0.153486,0.103192,0.548321,0.815560
26.900000,-32.179502,2.582337,11.542767,0.153470,0.103180,0.548317,0.815567
26.916667,-32.203466,2.592103,11.552864,0.153448,0.103162,0.548310,0.815578
26.933333,-32.227431,2.601871,11.562957,0.153425,0.103145,0.548304,0.815588
26.950000,-32.251396,2.611640,11.573050,0.153408,0.103132,0.548299,0.815596
26.966667,-32.275361,2.621408,11.583143,0.153391,0.103118,0.548294,0.815605
26.983333,-32.299326,2.631177,11.593235,0.153369,0.103100,0.548288,0.815616
27.000000,-32.323292,2.640948,11.603322,0.153346,0.103082,0.548282,0.815626
27.016667,-32.347258,2.650719,11.613410,0.153329,0.103070,0.548277,0.815634
27.033333,-32.371224,2.660491,11.623498,0.153310,0.103054,0.548272,0.815643
27.050000,-32.395191,2.670262,11.633584,0.153285,0.103035,0.548266,0.815654
27.066667,-32.419158,2.680036,11.643666,0.153262,0.103017,0.548260,0.815665
27.083333,-32.443125,2.689810,11.653748,0.153245,0.103004,0.548256,0.815672
27.100000,-32.467092,2.699584,11.663830,0.153223,0.102987,0.548251,0.815682
27.116667,-32.491060,2.709359,11.673910,0.153198,0.102968,0.548246,0.815693
27.133333,-32.515029,2.719135,11.683986,0.153175,0.102950,0.548241,0.815703
27.150000,-32.538997,2.728911,11.694063,0.153158,0.102937,0.548237,0.815710
27.166667,-32.562966,2.738688,11.704140,0.153133,0.102918,0.548232,0.815720
27.183333,-32.586935,2.748466,11.714212,0.153107,0.102899,0.548226,0.815731
27.200000,-32.610905,2.758244,11.724283,0.153086,0.102882,0.548222,0.815741
27.216667,-32.634875,2.768023,11.734354,0.153068,0.102868,0.548218,0.815748
27.233333,-32.658845,2.777802,11.744425,0.153042,0.102849,0.548213,0.815759
27.250000,-32.682816,2.787583,11.754491,0.153016,0.102829,0.548208,0.815770
27.266667,-32.706787,2.797365,11.764556,0.152996,0.102813,0.548204,0.815778
27.283333,-32.730759,2.807146,11.774621,0.152976,0.102798,0.548200,0.815787
27.300000,-32.754730,2.816928,11.784686,0.152950,0.102778,0.548194,0.815798
27.316667,-32.778703,2.826712,11.794745,0.152924,0.102758,0.548189,0.815809
27.333333,-32.802675,2.836496,11.804805,0.152905,0.102744,0.548184,0.815817
27.350000,-32.826648,2.846279,11.814864,0.152884,0.102727,0.548180,0.815826
27.366667,-32.850621,2.856064,11.824922,0.152857,0.102707,0.548173,0.815838
27.383333,-32.874595,2.865851,11.834976,0.152831,0.102687,0.548167,0.815850
27.400000,-32.898569,2.875638,11.845029,0.152814,0.102673,0.548163,0.815858
27.416667,-32.922543,2.885424,11.855083,0.152790,0.102655,0.548157,0.815868
27.433333,-32.946517,2.895212,11.865134,0.152764,0.102634,0.548150,0.815881
27.450000,-32.970493,2.905002,11.875181,0.152739,0.102615,0.548144,0.815892
27.466667,-32.994468,2.914792,11.885229,0.152721,0.102601,0.548139,0.815900
27.483333,-33.018443,2.924581,11.895276,0.152695,0.102581,0.548132,0.815912
27.500000,-33.042419,2.934373,11.905320,0.152667,0.102559,0.548125,0.815925
27.516667,-33.066396,2.944166,11.915362,0.152643,0.102541,0.548120,0.815935
27.533333,-33.090372,2.953958,11.925403,0.152624,0.102526,0.548115,0.815944
27.550000,-33.114349,2.963751,11.935445,0.152594,0.102503,0.548109,0.815956
27.566667,-33.138327,2.973546,11.945481,0.152565,0.102481,0.548103,0.815969
27.583333,-33.162305,2.983342,11.955516,0.152541,0.102463,0.548098,0.815979
27.600000,-33.186283,2.993137,11.965551,0.152519,0.102446,0.548094,0.815988
27.616667,-33.210261,3.002933,11.975586,0.152488,0.102423,0.548088,0.816000
27.633333,-33.234241,3.012731,11.985614,0.152458,0.102400,0.548082,0.816013
27.650000,-33.258221,3.022530,11.995642,0.152435,0.102383,0.548078,0.816022
27.666667,-33.282201,3.032328,12.005670,0.152410,0.102364,0.548074,0.816032
27.683333,-33.306181,3.042127,12.015697,0.152379,0.102340,0.548068,0.816044
27.700000,-33.330162,3.051929,12.025718,0.152348,0.102316,0.548062,0.816057
27.716667,-33.354144,3.061730,12.035740,0.152327,0.102300,0.548059,0.816066
27.733333,-33.378125,3.071532,12.045761,0.152299,0.102280,0.548053,0.816077
27.750000,-33.402107,3.081334,12.055779,0.152268,0.102256,0.548047,0.816090
27.766667,-33.426091,3.091138,12.065794,0.152239,0.102234,0.548041,0.816102
27.783333,-33.450074,3.100943,12.075808,0.152218,0.102218,0.548037,0.816111
27.800000,-33.474057,3.110747,12.085822,0.152189,0.102196,0.548031,0.816123
27.816667,-33.498041,3.120553,12.095833,0.152157,0.102172,0.548025,0.816136
27.833333,-33.522026,3.130361,12.105840,0.152130,0.102151,0.548019,0.816148
27.850000,-33.546010,3.140169,12.115848,0.152109,0.102135,0.548014,0.816157
27.866667,-33.569995,3.149976,12.125855,0.152077,0.102111,0.548008,0.816170
27.883333,-33.593981,3.159786,12.135857,0.152046,0.102086,0.548002,0.816183
27.900000,-33.617968,3.169597,12.145857,0.152020,0.102067,0.547997,0.816194
27.916667,-33.641954,3.179407,12.155858,0.151997,0.102049,0.547992,0.816203
27.933333,-33.665941,3.189218,12.165858,0.151964,0.102025,0.547986,0.816216
27.950000,-33.689929,3.199031,12.175852,0.151932,0.102000,0.547980,0.816230
27.966667,-33.713917,3.208845,12.185845,0.151907,0.101982,0.547975,0.816240
27.983333,-33.737905,3.218659,12.195838,0.151881,0.101962,0.547971,0.816250
28.000000,-33.761893,3.228473,12.205830,0.151848,0.101937,0.547964,0.816264
28.016667,-33.785883,3.238290,12.215816,0.151815,0.101911,0.547958,0.816277
28.033333,-33.809873,3.248107,12.225802,0.151792,0.101894,0.547953,0.816287
28.050000,-33.833863,3.257923,12.235788,0.151763,0.101872,0.547947,0.816299
28.066667,-33.857854,3.267741,12.245771,0.151728,0.101846,0.547940,0.816313
28.083333,-33.881845,3.277561,12.255750,0.151696,0.101821,0.547933,0.816327
28.100000,-33.905837,3.287382,12.265728,0.151673,0.101803,0.547928,0.816337
28.116667,-33.929829,3.297202,12.275707,0.151641,0.101779,0.547921,0.816351
28.133333,-33.953821,3.307024,12.285681,0.151605,0.101752,0.547913,0.816366
28.150000,-33.977815,3.316848,12.295651,0.151574,0.101727,0.547906,0.816380
28.166667,-34.001808,3.326672,12.305622,0.151550,0.101709,0.547900,0.816391
28.183333,-34.025802,3.336495,12.315592,0.151515,0.101682,0.547892,0.816406
28.200000,-34.049797,3.346322,12.325557,0.151478,0.101654,0.547884,0.816421
28.216667,-34.073792,3.356150,12.335520,0.151448,0.101631,0.547878,0.816434
28.233333,-34.097787,3.365977,12.345482,0.151422,0.101611,0.547873,0.816445
28.250000,-34.121782,3.375805,12.355444,0.151384,0.101583,0.547866,0.816460
28.266667,-34.145779,3.385636,12.365399,0.151346,0.101554,0.547860,0.816475
28.283333,-34.169777,3.395467,12.375354,0.151317,0.101533,0.547855,0.816486
28.300000,-34.193774,3.405298,12.385308,0.151288,0.101510,0.547850,0.816497
28.316667,-34.217771,3.415129,12.395261,0.151249,0.101482,0.547845,0.816512
28.333333,-34.241771,3.424964,12.405207,0.151210,0.101453,0.547839,0.816527
28.350000,-34.265770,3.434798,12.415152,0.151183,0.101432,0.547835,0.816537
28.366667,-34.289770,3.444632,12.425098,0.151150,0.101408,0.547830,0.816549
28.383333,-34.313770,3.454467,12.435041,0.151110,0.101378,0.547824,0.816564
28.400000,-34.337772,3.464305,12.444978,0.151072,0.101350,0.547818,0.816579
28.416667,-34.361774,3.474143,12.454915,0.151045,0.101330,0.547813,0.816589
28.433333,-34.385775,3.483980,12.464852,0.151010,0.101303,0.547807,0.816604
28.450000,-34.409778,3.493820,12.474784,0.150970,0.101272,0.547799,0.816620
28.466667,-34.433782,3.503661,12.484712,0.150933,0.101245,0.547792,0.816635
28.483333,-34.457786,3.513503,12.494641,0.150906,0.101224,0.547787,0.816646
28.500000,-34.481789,3.523344,12.504569,0.150867,0.101195,0.547779,0.816662
28.516667,-34.505795,3.533189,12.514491,0.150826,0.101164,0.547771,0.816679
28.533333,-34.529800,3.543034,12.524410,0.150792,0.101138,0.547764,0.816693
28.550000,-34.553806,3.552880,12.534329,0.150763,0.101116,0.547758,0.816705
28.566667,-34.577812,3.562726,12.544248,0.150721,0.101084,0.547750,0.816722
28.583333,-34.601820,3.572575,12.554159,0.150679,0.101052,0.547742,0.816739
28.600000,-34.625828,3.582424,12.564069,0.150646,0.101027,0.547736,0.816753
28.616667,-34.649836,3.592274,12.573979,0.150614,0.101003,0.547730,0.816765
28.633333,-34.673844,3.602124,12.583888,0.150571,0.100970,0.547723,0.816782
28.650000,-34.697854,3.611977,12.593788,0.150527,0.100938,0.547715,0.816799
28.666667,-34.721865,3.621830,12.603689,0.150496,0.100915,0.547710,0.816811
28.683333,-34.745875,3.631684,12.613589,0.150460,0.100888,0.547704,0.816825
28.700000,-34.769886,3.641538,12.623487,0.150416,0.100855,0.547697,0.816842
28.716667,-34.793899,3.651396,12.633377,0.150373,0.100822,0.547690,0.816859
28.733333,-34.817912,3.661253,12.643268,0.150343,0.100800,0.547685,0.816871
28.750000,-34.841925,3.671110,12.653159,0.150304,0.100771,0.547678,0.816886
28.766667,-34.865938,3.680970,12.663045,0.150260,0.100738,0.547670,0.816904
28.783333,-34.889954,3.690831,12.672926,0.150219,0.100707,0.547663,0.816920
28.800000,-34.913969,3.700692,12.682806,0.150190,0.100685,0.547657,0.816932
28.816667,-34.937984,3.710554,12.692687,0.150147,0.100652,0.547649,0.816949
28.833333,-34.962000,3.720418,12.702562,0.150102,0.100618,0.547641,0.816967
28.850000,-34.986018,3.730284,12.712433,0.150063,0.100589,0.547634,0.816983
28.866667,-35.010035,3.740149,12.722304,0.150032,0.100565,0.547628,0.816995
28.883333,-35.034053,3.750015,12.732175,0.149984,0.100530,0.547620,0.817014
28.900000,-35.058072,3.759884,12.742037,0.149936,0.100494,0.547612,0.817032
28.916667,-35.082092,3.769754,12.751898,0.149898,0.100465,0.547605,0.817047
28.933333,-35.106112,3.779624,12.761758,0.149861,0.100438,0.547600,0.817061
28.950000,-35.130132,3.789494,12.771619,0.149810,0.100400,0.547592,0.817080
28.966667,-35.154155,3.799369,12.781468,0.149760,0.100362,0.547584,0.817099
28.983333,-35.178178,3.809243,12.791317,0.149722,0.100335,0.547579,0.817113
29.000000,-35.202200,3.819118,12.801167,0.149680,0.100303,0.547573,0.817129
29.016667,-35.226224,3.828993,12.811014,0.149628,0.100264,0.547565,0.817148
29.033333,-35.250249,3.838872,12.820851,0.149576,0.100226,0.547557,0.817168
29.050000,-35.274275,3.848750,12.830689,0.149540,0.100199,0.547551,0.817181
29.066667,-35.298301,3.858629,12.840527,0.149494,0.100165,0.547544,0.817199
29.083333,-35.322328,3.868510,12.850360,0.149441,0.100125,0.547535,0.817220
29.100000,-35.346356,3.878394,12.860186,0.149392,0.100088,0.547526,0.817239
29.116667,-35.370385,3.888277,12.870012,0.149357,0.100062,0.547520,0.817253
29.133333,-35.394413,3.898161,12.879838,0.149307,0.100025,0.547511,0.817272
29.150000,-35.418443,3.908047,12.889657,0.149254,0.099984,0.547501,0.817294
29.166667,-35.442474,3.917936,12.899471,0.149207,0.099949,0.547493,0.817312
29.183333,-35.466506,3.927824,12.909286,0.149171,0.099922,0.547486,0.817326
29.200000,-35.490537,3.937713,12.919100,0.149117,0.099882,0.547477,0.817348
29.216667,-35.514570,3.947605,12.928905,0.149062,0.099841,0.547467,0.817369
29.233333,-35.538604,3.957499,12.938707,0.149018,0.099807,0.547459,0.817386
29.250000,-35.562638,3.967393,12.948510,0.148978,0.099777,0.547453,0.817402
29.266667,-35.586672,3.977286,12.958312,0.148921,0.099735,0.547444,0.817423
29.283333,-35.610709,3.987185,12.968102,0.148864,0.099693,0.547435,0.817445
29.300000,-35.634746,3.997083,12.977892,0.148822,0.099661,0.547428,0.817461
29.316667,-35.658784,4.006982,12.987682,0.148776,0.099627,0.547421,0.817478
29.333333,-35.682821,4.016881,12.997470,0.148718,0.099584,0.547412,0.817500
29.350000,-35.706861,4.026784,13.007247,0.148659,0.099540,0.547403,0.817522
29.366667,-35.730902,4.036688,13.017024,0.148619,0.099510,0.547397,0.817537
29.383333,-35.754942,4.046591,13.026801,0.148568,0.099472,0.547389,0.817556
29.400000,-35.778983,4.056497,13.036574,0.148507,0.099427,0.547379,0.817579
29.416667,-35.803027,4.066405,13.046338,0.148450,0.099385,0.547370,0.817601
29.433333,-35.827070,4.076314,13.056101,0.148409,0.099354,0.547364,0.817616
29.450000,-35.851114,4.086223,13.065865,0.148352,0.099312,0.547355,0.817638
29.466667,-35.875159,4.096135,13.075622,0.148289,0.099265,0.547345,0.817662
29.483333,-35.899206,4.106049,13.085372,0.148233,0.099223,0.547336,0.817683
29.500000,-35.923253,4.115963,13.095122,0.148190,0.099191,0.547329,0.817699
29.516667,-35.947299,4.125878,13.104872,0.148126,0.099144,0.547320,0.817723
29.533333,-35.971349,4.135796,13.114611,0.148060,0.099095,0.547310,0.817747
29.550000,-35.995399,4.145716,13.124347,0.148005,0.099055,0.547302,0.817767
29.566667,-36.019449,4.155636,13.134083,0.147958,0.099019,0.547295,0.817785
29.583333,-36.043500,4.165556,13.143818,0.147889,0.098969,0.547285,0.817810
29.600000,-36.067554,4.175481,13.153540,0.147821,0.098918,0.547276,0.817835
29.616667,-36.091608,4.185406,13.163260,0.147768,0.098879,0.547268,0.817854
29.633333,-36.115662,4.195332,13.172981,0.147715,0.098840,0.547261,0.817873
29.650000,-36.139716,4.205258,13.182700,0.147645,0.098788,0.547251,0.817899
29.666667,-36.163774,4.215190,13.192405,0.147575,0.098737,0.547241,0.817924
29.683333,-36.187832,4.225121,13.202110,0.147527,0.098701,0.547233,0.817942
29.700000,-36.211890,4.235053,13.211815,0.147469,0.098658,0.547224,0.817964
29.716667,-36.235949,4.244986,13.221515,0.147399,0.098606,0.547213,0.817990
29.733333,-36.260011,4.254923,13.231205,0.147331,0.098555,0.547202,0.818016
29.750000,-36.284072,4.264861,13.240895,0.147284,0.098521,0.547195,0.818034
29.766667,-36.308134,4.274798,13.250585,0.147220,0.098473,0.547184,0.818058
29.783333,-36.332197,4.284739,13.260267,0.147148,0.098419,0.547173,0.818085
29.800000,-36.356262,4.294683,13.269941,0.147083,0.098371,0.547162,0.818110
29.816667,-36.380327,4.304627,13.279616,0.147034,0.098334,0.547154,0.818128
29.833333,-36.404393,4.314570,13.289290,0.146961,0.098281,0.547143,0.818155
29.850000,-36.428461,4.324519,13.298953,0.146885,0.098224,0.547132,0.818183
29.866667,-36.452530,4.334469,13.308610,0.146821,0.098177,0.547122,0.818207
29.883333,-36.476599,4.344419,13.318268,0.146767,0.098137,0.547114,0.818227
29.900000,-36.500668,4.354370,13.327926,0.146687,0.098078,0.547102,0.818256
29.916667,-36.524741,4.364326,13.337568,0.146607,0.098019,0.547090,0.818285
29.933333,-36.548815,4.374283,13.347208,0.146545,0.097973,0.547081,0.818308
29.950000,-36.572888,4.384240,13.356848,0.146483,0.097927,0.547072,0.818331
29.966667,-36.596962,4.394197,13.366486,0.146400,0.097866,0.547059,0.818362
29.983333,-36.621040,4.404161,13.376108,0.146317,0.097804,0.547047,0.818392
30.000000,-36.645118,4.414125,13.385730,0.146258,0.097760,0.547037,0.818414
30.016667,-36.669196,4.424089,13.395351,0.146189,0.097709,0.547026,0.818440
30.033333,-36.693275,4.434055,13.404968,0.146103,0.097646,0.547013,0.818472
30.050000,-36.717357,4.444027,13.414571,0.146019,0.097584,0.547000,0.818503
30.066667,-36.741439,4.453998,13.424175,0.145961,0.097541,0.546991,0.818524
30.083333,-36.765522,4.463970,13.433778,0.145883,0.097483,0.546979,0.818553
30.100000,-36.789606,4.473944,13.443372,0.145794,0.097417,0.546966,0.818585
30.116667,-36.813693,4.483923,13.452956,0.145712,0.097357,0.546954,0.818615
30.133333,-36.837780,4.493902,13.462539,0.145651,0.097312,0.546946,0.818637
30.150000,-36.861867,4.503881,13.472123,0.145564,0.097248,0.546934,0.818668
30.166667,-36.885957,4.513865,13.481693,0.145470,0.097179,0.546922,0.818701
30.183333,-36.910049,4.523852,13.491256,0.145390,0.097121,0.546912,0.818729
30.200000,-36.934141,4.533838,13.500820,0.145325,0.097073,0.546904,0.818751
30.216667,-36.958233,4.543824,13.510383,0.145228,0.097002,0.546891,0.818785
30.233333,-36.982329,4.553817,13.519928,0.145130,0.096931,0.546879,0.818819
30.250000,-37.006426,4.563811,13.529470,0.145053,0.096874,0.546869,0.818847
30.266667,-37.030524,4.573805,13.539012,0.144979,0.096820,0.546859,0.818872
30.283333,-37.054621,4.583799,13.548553,0.144878,0.096746,0.546846,0.818908
30.300000,-37.078724,4.593802,13.558073,0.144776,0.096671,0.546832,0.818944
30.316667,-37.102826,4.603804,13.567592,0.144702,0.096617,0.546822,0.818970
30.333333,-37.126929,4.613806,13.577112,0.144619,0.096555,0.546810,0.819000
30.350000,-37.151033,4.623810,13.586626,0.144513,0.096478,0.546795,0.819038
30.366667,-37.175141,4.633821,13.596123,0.144409,0.096401,0.546780,0.819075
30.383333,-37.199249,4.643832,13.605620,0.144338,0.096349,0.546770,0.819101
30.400000,-37.223357,4.653843,13.615116,0.144244,0.096280,0.546756,0.819135
30.416667,-37.247467,4.663858,13.624603,0.144135,0.096200,0.546740,0.819174
30.433333,-37.271581,4.673878,13.634076,0.144033,0.096125,0.546725,0.819211
30.450000,-37.295695,4.683898,13.643549,0.143959,0.096070,0.546714,0.819237
30.466667,-37.319808,4.693918,13.653021,0.143854,0.095993,0.546699,0.819275
30.483333,-37.343926,4.703944,13.662479,0.143741,0.095910,0.546682,0.819316
30.500000,-37.368045,4.713973,13.671927,0.143643,0.095838,0.546667,0.819351
30.516667,-37.392165,4.724003,13.681375,0.143567,0.095782,0.546656,0.819379
30.533333,-37.416284,4.734032,13.690823,0.143450,0.095696,0.546639,0.819421
30.550000,-37.440408,4.744069,13.700251,0.143333,0.095610,0.546622,0.819463
30.566667,-37.464534,4.754109,13.709673,0.143238,0.095540,0.546608,0.819497
30.583333,-37.488659,4.764148,13.719095,0.143151,0.095476,0.546595,0.819528
30.600000,-37.512785,4.774187,13.728518,0.143027,0.095385,0.546578,0.819572
30.616667,-37.536917,4.784236,13.737914,0.142903,0.095294,0.546560,0.819616
30.633333,-37.561048,4.794285,13.747309,0.142809,0.095226,0.546547,0.819649
30.650000,-37.585180,4.804334,13.756705,0.142707,0.095151,0.546533,0.819684
30.666667,-37.609313,4.814385,13.766095,0.142574,0.095055,0.546516,0.819730
30.683333,-37.633452,4.824445,13.775462,0.142442,0.094958,0.546498,0.819776
30.700000,-37.657590,4.834505,13.784828,0.142349,0.094890,0.546486,0.819808
30.716667,-37.681729,4.844565,13.794194,0.142230,0.094804,0.546471,0.819849
30.733333,-37.705871,4.854629,13.803550,0.142090,0.094701,0.546452,0.819898
30.750000,-37.730017,4.864700,13.812885,0.141956,0.094604,0.546435,0.819944
30.766667,-37.754163,4.874770,13.822220,0.141860,0.094534,0.546422,0.819977
30.783333,-37.778309,4.884841,13.831555,0.141726,0.094436,0.546404,0.820023
30.800000,-37.802459,4.894919,13.840873,0.141579,0.094328,0.546385,0.820074
30.816667,-37.826613,4.905001,13.850176,0.141448,0.094233,0.546367,0.820119
30.833333,-37.850766,4.915084,13.859479,0.141348,0.094160,0.546353,0.820154
30.850000,-37.874920,4.925167,13.868782,0.141198,0.094051,0.546334,0.820205
30.866667,-37.899079,4.935258,13.878061,0.141044,0.093939,0.546313,0.820258
30.883333,-37.923241,4.945353,13.887330,0.140917,0.093847,0.546297,0.820302
30.900000,-37.947402,4.955448,13.896600,0.140805,0.093765,0.546282,0.820340
30.916667,-37.971563,4.965543,13.905869,0.140644,0.093648,0.546261,0.820395
30.933333,-37.995733,4.975650,13.915106,0.140482,0.093530,0.546240,0.820450
30.950000,-38.019902,4.985757,13.924340,0.140358,0.093440,0.546224,0.820492
30.966667,-38.044072,4.995864,13.933574,0.140229,0.093346,0.546207,0.820536
30.983333,-38.068243,5.005973,13.942804,0.140059,0.093223,0.546184,0.820595
31.000000,-38.092421,5.016094,13.952001,0.139889,0.093099,0.546160,0.820654
31.016667,-38.116600,5.026215,13.961198,0.139769,0.093011,0.546142,0.820696
31.033333,-38.140778,5.036335,13.970395,0.139622,0.092903,0.546120,0.820748
31.050000,-38.164959,5.046461,13.979580,0.139444,0.092773,0.546091,0.820812
31.066667,-38.189146,5.056596,13.988738,0.139273,0.092647,0.546064,0.820874
31.083333,-38.213333,5.066732,13.997895,0.139151,0.092558,0.546044,0.820918
31.100000,-38.237520,5.076868,14.007053,0.138985,0.092436,0.546015,0.820979
31.116667,-38.261711,5.087012,14.016191,0.138800,0.092300,0.545983,0.821047
31.133333,-38.285906,5.097164,14.025308,0.138633,0.092177,0.545954,0.821108
31.150000,-38.310102,5.107316,14.034425,0.138506,0.092084,0.545931,0.821155
31.166667,-38.334297,5.117468,14.043541,0.138320,0.091946,0.545897,0.821225
31.183333,-38.358499,5.127632,14.052629,0.138127,0.091803,0.545861,0.821297
31.200000,-38.382703,5.137800,14.061703,0.137964,0.091683,0.545831,0.821358
31.216667,-38.406908,5.147969,14.070778,0.137827,0.091582,0.545805,0.821409
31.233333,-38.431112,5.158138,14.079852,0.137624,0.091432,0.545764,0.821487
31.250000,-38.455325,5.168323,14.088887,0.137421,0.091282,0.545724,0.821565
31.266667,-38.479538,5.178510,14.097917,0.137263,0.091164,0.545691,0.821626
31.283333,-38.503751,5.188698,14.106947,0.137105,0.091047,0.545657,0.821688
31.300000,-38.527965,5.198887,14.115973,0.136893,0.090889,0.545610,0.821772
31.316667,-38.552188,5.209094,14.124956,0.136682,0.090732,0.545564,0.821855
31.333333,-38.576410,5.219302,14.133939,0.136529,0.090618,0.545529,0.821916
31.350000,-38.600632,5.229510,14.142921,0.136350,0.090485,0.545487,0.821988
31.366667,-38.624857,5.239723,14.151891,0.136129,0.090320,0.545435,0.822078
31.383333,-38.649088,5.249952,14.160825,0.135914,0.090158,0.545384,0.822165
31.400000,-38.673319,5.260181,14.169759,0.135763,0.090046,0.545347,0.822226
31.416667,-38.697551,5.270411,14.178693,0.135561,0.089894,0.545297,0.822310
31.433333,-38.721786,5.280650,14.187604,0.135329,0.089720,0.545238,0.822406
31.450000,-38.746026,5.290903,14.196487,0.135117,0.089561,0.545183,0.822495
31.466667,-38.770266,5.301155,14.205370,0.134958,0.089442,0.545141,0.822561
31.483333,-38.794506,5.311408,14.214253,0.134730,0.089270,0.545078,0.822659
31.500000,-38.818752,5.321677,14.223100,0.134488,0.089087,0.545011,0.822763
31.516667,-38.843001,5.331955,14.231929,0.134281,0.088931,0.544953,0.822853
31.533333,-38.867251,5.342233,14.240758,0.134114,0.088804,0.544904,0.822926
31.550000,-38.891500,5.352512,14.249586,0.133863,0.088613,0.544828,0.823038
31.566667,-38.915756,5.362813,14.258368,0.133612,0.088423,0.544752,0.823149
31.583333,-38.940013,5.373119,14.267140,0.133413,0.088272,0.544690,0.823238
31.600000,-38.964271,5.383425,14.275913,0.133223,0.088127,0.544630,0.823325
31.616667,-38.988529,5.393732,14.284684,0.132957,0.087925,0.544546,0.823445
31.633333,-39.012795,5.404068,14.293399,0.132692,0.087723,0.544462,0.823564
31.650000,-39.037060,5.414404,14.302114,0.132496,0.087574,0.544400,0.823653
31.666667,-39.061326,5.424740,14.310829,0.132274,0.087405,0.544327,0.823755
31.683333,-39.085594,5.435083,14.319530,0.131992,0.087190,0.544234,0.823884
31.700000,-39.109869,5.445451,14.328181,0.131713,0.086977,0.544142,0.824012
31.716667,-39.134143,5.455819,14.336832,0.131517,0.086829,0.544077,0.824102
31.733333,-39.158418,5.466187,14.345482,0.131262,0.086633,0.543989,0.824222
31.750000,-39.182697,5.476570,14.354106,0.130966,0.086407,0.543884,0.824361
31.766667,-39.206980,5.486973,14.362690,0.130691,0.086196,0.543786,0.824492
31.783333,-39.231264,5.497377,14.371273,0.130491,0.086042,0.543712,0.824588
31.800000,-39.255547,5.507781,14.379857,0.130206,0.085823,0.543604,0.824727
31.816667,-39.279835,5.518207,14.388401,0.129899,0.085586,0.543487,0.824878
31.833333,-39.304126,5.528649,14.396917,0.129632,0.085381,0.543384,0.825009
31.850000,-39.328417,5.539091,14.405433,0.129424,0.085220,0.543301,0.825113
31.866667,-39.352707,5.549533,14.413949,0.129104,0.084973,0.543171,0.825274
31.883333,-39.377004,5.560008,14.422408,0.128782,0.084724,0.543040,0.825436
31.900000,-39.401302,5.570491,14.430852,0.128520,0.084521,0.542933,0.825568
31.916667,-39.425601,5.580975,14.439296,0.128278,0.084334,0.542833,0.825691
31.933333,-39.449899,5.591458,14.447739,0.127935,0.084068,0.542688,0.825866
31.950000,-39.474204,5.601986,14.456107,0.127592,0.083802,0.542542,0.826042
31.966667,-39.498510,5.612515,14.464474,0.127334,0.083602,0.542431,0.826175
31.983333,-39.522815,5.623044,14.472840,0.127052,0.083383,0.542308,0.826321
32.000000,-39.547122,5.633581,14.481193,0.126686,0.083099,0.542148,0.826511
32.016667,-39.571434,5.644159,14.489477,0.126320,0.082815,0.541987,0.826701
32.033333,-39.595746,5.654737,14.497762,0.126065,0.082618,0.541874,0.826834
32.050000,-39.620058,5.665316,14.506046,0.125739,0.082364,0.541725,0.827006
32.066667,-39.644372,5.675913,14.514299,0.125352,0.082063,0.541547,0.827212
32.083333,-39.668691,5.686545,14.522495,0.124985,0.081779,0.541379,0.827406
32.100000,-39.693009,5.697176,14.530691,0.124719,0.081572,0.541254,0.827547
32.116667,-39.717328,5.707808,14.538887,0.124347,0.081282,0.541075,0.827749
32.133333,-39.741650,5.718472,14.547032,0.123939,0.080963,0.540876,0.827972
32.150000,-39.765974,5.729162,14.555136,0.123578,0.080682,0.540698,0.828169
32.166667,-39.790298,5.739851,14.563240,0.123300,0.080465,0.540558,0.828323
32.183333,-39.814622,5.750541,14.571345,0.122881,0.080136,0.540339,0.828560
32.200000,-39.838948,5.761279,14.579377,0.122451,0.079799,0.540115,0.828802
32.216667,-39.863276,5.772033,14.587384,0.122097,0.079521,0.539928,0.829004
32.233333,-39.887604,5.782787,14.595391,0.121783,0.079275,0.539758,0.829184
32.250000,-39.911931,5.793541,14.603399,0.121329,0.078917,0.539508,0.829447
32.266667,-39.936261,5.804361,14.611309,0.120874,0.078560,0.539257,0.829710
32.283333,-39.960581,5.815181,14.619210,0.120524,0.078285,0.539062,0.829914
32.300000,-39.984901,5.826001,14.627111,0.120157,0.077997,0.538855,0.830129
32.316667,-40.009221,5.836831,14.634998,0.119668,0.077613,0.538579,0.830415
32.333333,-40.033512,5.847714,14.642778,0.119178,0.077229,0.538302,0.830701
32.350000,-40.057802,5.858597,14.650559,0.118830,0.076956,0.538103,0.830904
32.366667,-40.082093,5.869479,14.658340,0.118402,0.076620,0.537855,0.831157
32.383333,-40.106383,5.880388,14.666084,0.117879,0.076209,0.537549,0.831467
32.400000,-40.130624,5.891332,14.673729,0.117374,0.075815,0.537255,0.831765
32.416667,-40.154865,5.902276,14.681373,0.117012,0.075531,0.537041,0.831980
32.433333,-40.179106,5.913219,14.689018,0.116520,0.075145,0.536743,0.832276
32.450000,-40.203346,5.924207,14.696601,0.115961,0.074706,0.536400,0.832614
32.466667,-40.227517,5.935211,14.704098,0.115456,0.074310,0.536089,0.832921
32.483333,-40.251687,5.946214,14.711595,0.115073,0.074010,0.535847,0.833156
32.500000,-40.275857,5.957217,14.719092,0.114517,0.073573,0.535490,0.833501
32.516667,-40.300024,5.968286,14.726501,0.113921,0.073104,0.535105,0.833871
32.533333,-40.324103,5.979351,14.733838,0.113413,0.072706,0.534774,0.834187
32.550000,-40.348181,5.990415,14.741174,0.113002,0.072383,0.534502,0.834446
32.566667,-40.372259,6.001479,14.748511,0.112377,0.071892,0.534078,0.834843
32.583333,-40.396331,6.012633,14.755730,0.111740,0.071392,0.533646,0.835248
32.600000,-40.420297,6.023760,14.762890,0.111231,0.070992,0.533298,0.835572
32.616667,-40.444264,6.034886,14.770050,0.110774,0.070635,0.532983,0.835864
32.633333,-40.468230,6.046013,14.777210,0.110094,0.070101,0.532503,0.836305
32.650000,-40.492186,6.057254,14.784226,0.109411,0.069566,0.532022,0.836745
32.666667,-40.516020,6.068444,14.791197,0.108900,0.069166,0.531657,0.837077
32.683333,-40.539854,6.079634,14.798169,0.108389,0.068767,0.531287,0.837411
32.700000,-40.563687,6.090833,14.805131,0.107657,0.068193,0.530750,0.837893
32.716667,-40.587369,6.102089,14.811901,0.106920,0.067619,0.530210,0.838375
32.733333,-40.611051,6.113346,14.818671,0.106398,0.067212,0.529821,0.838720
32.750000,-40.634733,6.124602,14.825441,0.105824,0.066764,0.529389,0.839101
32.766667,-40.658412,6.135882,14.832183,0.105033,0.066148,0.528783,0.839632
32.783333,-40.681922,6.147211,14.838732,0.104255,0.065543,0.528185,0.840152
32.800000,-40.705432,6.158541,14.845282,0.103705,0.065115,0.527756,0.840523
32.816667,-40.728942,6.169870,14.851831,0.103072,0.064624,0.527258,0.840951
32.833333,-40.752446,6.181236,14.858338,0.102218,0.063962,0.526577,0.841532
32.850000,-40.775763,6.192644,14.864655,0.101402,0.063331,0.525926,0.842086
32.866667,-40.799081,6.204053,14.870971,0.100813,0.062875,0.525447,0.842490
32.883333,-40.822398,6.215461,14.877288,0.100131,0.062349,0.524886,0.842959
32.900000,-40.845707,6.226916,14.883550,0.099215,0.061642,0.524122,0.843595
32.916667,-40.868812,6.238409,14.889618,0.098359,0.060984,0.523407,0.844187
32.933333,-40.891917,6.249902,14.895686,0.097724,0.060497,0.522869,0.844629
32.950000,-40.915022,6.261395,14.901754,0.096996,0.059938,0.522248,0.845137
32.966667,-40.938116,6.272941,14.907762,0.096005,0.059179,0.521390,0.845833
32.983333,-40.960987,6.284528,14.913567,0.095090,0.058482,0.520596,0.846474
33.000000,-40.983858,6.296115,14.919371,0.094402,0.057958,0.519988,0.846960
33.016667,-41.006730,6.307702,14.925176,0.093637,0.057376,0.519306,0.847503
33.033333,-41.029588,6.319344,14.930921,0.092571,0.056566,0.518337,0.848267
33.050000,-41.052204,6.331036,14.936443,0.091590,0.055824,0.517443,0.848968
33.066667,-41.074821,6.342728,14.941966,0.090850,0.055265,0.516758,0.849501
33.083333,-41.097437,6.354421,14.947488,0.090066,0.054675,0.516031,0.850065
33.100000,-41.120041,6.366159,14.952963,0.088916,0.053809,0.514941,0.850902
33.116667,-41.142379,6.377968,14.958191,0.087850,0.053012,0.513929,0.851674
33.133333,-41.164717,6.389777,14.963420,0.087056,0.052418,0.513159,0.852256
33.150000,-41.187055,6.401586,14.968648,0.086257,0.051823,0.512386,0.852839
33.166667,-41.209386,6.413420,14.973851,0.085029,0.050911,0.511177,0.853742
33.183333,-41.231424,6.425358,14.978768,0.083856,0.050045,0.510021,0.854601
33.200000,-41.253461,6.437296,14.983685,0.082994,0.049410,0.509160,0.855235
33.216667,-41.275498,6.449235,14.988602,0.082127,0.048775,0.508294,0.855870
33.233333,-41.297536,6.461173,14.993519,0.080889,0.047868,0.507027,0.856790
33.250000,-41.319487,6.473373,14.998168,0.079586,0.046919,0.505687,0.857756
33.266667,-41.341200,6.485455,15.002756,0.078662,0.046249,0.504719,0.858447
33.283333,-41.362913,6.497536,15.007343,0.077732,0.045577,0.503746,0.859139
33.300000,-41.384625,6.509618,15.011930,0.076523,0.044706,0.502457,0.860048
33.316667,-41.406253,6.521932,15.016289,0.075089,0.043679,0.500915,0.861126
33.333333,-41.427614,6.534173,15.020535,0.074088,0.042963,0.499808,0.861891
33.350000,-41.448975,6.546414,15.024781,0.073105,0.042264,0.498721,0.862640
33.366667,-41.470335,6.558655,15.029027,0.071969,0.041460,0.497454,0.863505
33.383333,-41.491626,6.571073,15.033104,0.070445,0.040387,0.495731,0.864672
33.400000,-41.512608,6.583486,15.036999,0.069292,0.039579,0.494406,0.865561
33.416667,-41.533590,6.595899,15.040894,0.068244,0.038849,0.493195,0.866367
33.433333,-41.554573,6.608312,15.044788,0.067188,0.038118,0.491977,0.867174
33.450000,-41.575514,6.620819,15.048595,0.065603,0.037024,0.490100,0.868405
33.466667,-41.596089,6.633421,15.052124,0.064267,0.036109,0.488503,0.869443
33.483333,-41.616665,6.646023,15.055652,0.063160,0.035355,0.487163,0.870306
33.500000,-41.637240,6.658625,15.059181,0.062044,0.034600,0.485816,0.871170
33.516667,-41.657815,6.671227,15.062709,0.060601,0.033628,0.484038,0.872298
33.533333,-41.678227,6.684172,15.065928,0.059051,0.032591,0.482099,0.873516
33.550000,-41.698367,6.696974,15.069086,0.057903,0.031826,0.480632,0.874429
33.566667,-41.718506,6.709775,15.072243,0.056745,0.031062,0.479156,0.875343
33.583333,-41.738646,6.722577,15.075401,0.055517,0.030256,0.477583,0.876309
33.600000,-41.758674,6.735593,15.078372,0.053767,0.029115,0.475277,0.877709
33.616667,-41.778349,6.748605,15.081156,0.052552,0.028326,0.473631,0.878698
33.633333,-41.798023,6.761617,15.083940,0.051368,0.027564,0.472025,0.879656
33.650000,-41.817697,6.774629,15.086724,0.050175,0.026803,0.470409,0.880613
33.666667,-41.837347,6.787684,15.089473,0.048625,0.025819,0.468264,0.881872
33.683333,-41.856528,6.800911,15.091890,0.047168,0.024902,0.466200,0.883070
33.700000,-41.875709,6.814138,15.094308,0.045978,0.024157,0.464484,0.884057
33.716667,-41.894890,6.827365,15.096725,0.044778,0.023413,0.462757,0.885044
33.733333,-41.914071,6.840592,15.099142,0.043558,0.022663,0.461001,0.886040
33.750000,-41.933105,6.854060,15.101366,0.041849,0.021618,0.458435,0.887479
33.766667,-41.951769,6.867501,15.103425,0.040684,0.020909,0.456626,0.888482
33.783333,-41.970432,6.880941,15.105485,0.039508,0.020201,0.454804,0.889485
33.800000,-41.989095,6.894382,15.107544,0.038322,0.019493,0.452970,0.890488
33.816667,-42.007754,6.907830,15.109599,0.036926,0.018667,0.450772,0.891679
33.833333,-42.025878,6.921477,15.111324,0.035554,0.017859,0.448513,0.892891
33.850000,-42.044002,6.935124,15.113050,0.034431,0.017203,0.446620,0.893896
33.866667,-42.062125,6.948771,15.114775,0.033298,0.016547,0.444714,0.894901
33.883333,-42.080249,6.962419,15.116501,0.032154,0.015892,0.442794,0.895906
33.900000,-42.098268,6.976214,15.118120,0.030693,0.015060,0.440253,0.897223
33.916667,-42.115836,6.990054,15.119535,0.029654,0.014471,0.438337,0.898205
33.933333,-42.133405,7.003895,15.120950,0.028605,0.013883,0.436408,0.899187
33.950000,-42.150974,7.017735,15.122364,0.027548,0.013296,0.434465,0.900169
33.966667,-42.168542,7.031575,15.123779,0.026480,0.012709,0.432507,0.901152
33.983333,-42.185920,7.045667,15.125028,0.025251,0.012035,0.430085,0.902355
34.000000,-42.202929,7.059674,15.126170,0.024333,0.011535,0.428182,0.903291
34.016667,-42.219937,7.073681,15.127313,0.023408,0.011035,0.426264,0.904228
34.033333,-42.236946,7.087689,15.128455,0.022474,0.010535,0.424333,0.905166
34.050000,-42.253954,7.101696,15.129597,0.021529,0.010036,0.422380,0.906107
34.066667,-42.270709,7.116018,15.130554,0.020577,0.009531,0.420176,0.907159
34.083333,-42.287160,7.130161,15.131467,0.019802,0.009122,0.418312,0.908042
34.100000,-42.303611,7.144304,15.132381,0.019019,0.008714,0.416435,0.908925
34.116667,-42.320062,7.158447,15.133295,0.018229,0.008306,0.414543,0.909809
34.133333,-42.336511,7.172592,15.134207,0.017419,0.007892,0.412592,0.910715
34.150000,-42.352413,7.186838,15.134936,0.016749,0.007546,0.410689,0.911591
34.166667,-42.368316,7.201084,15.135665,0.016137,0.007232,0.408912,0.912403
34.183333,-42.384218,7.215330,15.136394,0.015519,0.006918,0.407121,0.913216
34.200000,-42.400120,7.229576,15.137123,0.014895,0.006605,0.405318,0.914031
34.216667,-42.416008,7.243838,15.137846,0.014265,0.006292,0.403492,0.914850
34.233333,-42.431383,7.258145,15.138439,0.013834,0.006072,0.401866,0.915574
34.250000,-42.446757,7.272451,15.139033,0.013399,0.005852,0.400227,0.916299
34.266667,-42.462132,7.286758,15.139626,0.012960,0.005633,0.398576,0.917026
34.283333,-42.477507,7.301065,15.140220,0.012517,0.005413,0.396913,0.917755
34.300000,-42.492877,7.315376,15.140812,0.012085,0.005201,0.395285,0.918464
34.316667,-42.507751,7.329701,15.141315,0.011828,0.005069,0.393858,0.919081
34.333333,-42.522626,7.344026,15.141818,0.011562,0.004932,0.392365,0.919724
34.350000,-42.537500,7.358351,15.142321,0.011293,0.004796,0.390860,0.920368
34.366667,-42.552374,7.372676,15.142824,0.011023,0.004660,0.389345,0.921014
34.383333,-42.567249,7.387001,15.143327,0.010753,0.004525,0.387833,0.921656
34.400000,-42.581922,7.401533,15.143791,0.010611,0.004449,0.386640,0.922159
34.416667,-42.596321,7.415841,15.144243,0.010449,0.004363,0.385254,0.922741
34.433333,-42.610720,7.430149,15.144695,0.010286,0.004276,0.383857,0.923325
34.450000,-42.625119,7.444457,15.145147,0.010121,0.004190,0.382450,0.923911
34.466667,-42.639519,7.458765,15.145598,0.009955,0.004103,0.381032,0.924499
34.483333,-42.653769,7.473221,15.146027,0.009844,0.004044,0.379997,0.924927
34.500000,-42.667710,7.487489,15.146440,0.009703,0.003970,0.378664,0.925475
34.516667,-42.681652,7.501757,15.146852,0.009561,0.003896,0.377320,0.926025
34.533333,-42.695593,7.516025,15.147264,0.009417,0.003821,0.375967,0.926578
34.550000,-42.709534,7.530293,15.147676,0.009272,0.003746,0.374603,0.927132
34.566667,-42.723391,7.544644,15.148075,0.009175,0.003697,0.373708,0.927494
34.583333,-42.736885,7.558858,15.148448,0.009046,0.003630,0.372408,0.928018
34.600000,-42.750379,7.573073,15.148821,0.008916,0.003563,0.371098,0.928544
34.616667,-42.763873,7.587288,15.149194,0.008785,0.003496,0.369777,0.929072
34.633333,-42.777367,7.601502,15.149568,0.008652,0.003429,0.368447,0.929602
34.650000,-42.790858,7.615721,15.149940,0.008549,0.003377,0.367388,0.930022
34.666667,-42.803917,7.629869,15.150282,0.008458,0.003331,0.366402,0.930412
34.683333,-42.816976,7.644017,15.150623,0.008338,0.003270,0.365122,0.930917
34.700000,-42.830035,7.658165,15.150964,0.008217,0.003210,0.363832,0.931423
34.716667,-42.843094,7.672313,15.151306,0.008095,0.003149,0.362533,0.931931
34.733333,-42.856153,7.686461,15.151647,0.007973,0.003089,0.361236,0.932435
34.750000,-42.869109,7.700703,15.151974,0.007910,0.003058,0.360595,0.932684
34.766667,-42.881743,7.714774,15.152283,0.007796,0.003002,0.359366,0.933159
34.783333,-42.894377,7.728846,15.152592,0.007679,0.002945,0.358106,0.933645
34.800000,-42.907011,7.742918,15.152901,0.007561,0.002888,0.356837,0.934132
34.816667,-42.919646,7.756989,15.153210,0.007442,0.002831,0.355558,0.934620
34.833333,-42.932280,7.771061,15.153519,0.007356,0.002790,0.354615,0.934979
34.850000,-42.944735,7.785292,15.153806,0.007289,0.002758,0.353826,0.935279
34.866667,-42.956956,7.799277,15.154087,0.007189,0.002709,0.352591,0.935746
34.883333,-42.969178,7.813263,15.154367,0.007088,0.002660,0.351346,0.936215
34.900000,-42.981399,7.827249,15.154648,0.006986,0.002611,0.350092,0.936686
34.916667,-42.993621,7.841234,15.154929,0.006883,0.002562,0.348828,0.937158
34.933333,-43.005793,7.855262,15.155205,0.006832,0.002538,0.348163,0.937406
34.950000,-43.017612,7.869156,15.155462,0.006761,0.002504,0.347254,0.937744
34.966667,-43.029431,7.883049,15.155718,0.006663,0.002458,0.346025,0.938198
34.983333,-43.041250,7.896942,15.155975,0.006565,0.002411,0.344786,0.938655
35.000000,-43.053068,7.910836,15.156232,0.006465,0.002365,0.343538,0.939113
35.016667,-43.064887,7.924729,15.156489,0.006377,0.002324,0.342448,0.939512
35.033333,-43.076620,7.938694,15.156736,0.006325,0.002301,0.341830,0.939738
35.050000,-43.088047,7.952490,15.156968,0.006248,0.002265,0.340868,0.940088
35.066667,-43.099473,7.966287,15.157200,0.006153,0.002222,0.339652,0.940528
35.083333,-43.110899,7.980083,15.157431,0.006057,0.002178,0.338427,0.940971
35.100000,-43.122326,7.993879,15.157663,0.005960,0.002135,0.337192,0.941414
35.116667,-43.133752,8.007675,15.157895,0.005887,0.002102,0.336244,0.941754
35.133333,-43.145077,8.021554,15.158117,0.005844,0.002082,0.335636,0.941971
35.150000,-43.156123,8.035248,15.158328,0.005777,0.002052,0.334684,0.942310
35.166667,-43.167169,8.048941,15.158538,0.005692,0.002014,0.333476,0.942739
35.183333,-43.178215,8.062635,15.158749,0.005607,0.001975,0.332259,0.943170
35.200000,-43.189261,8.076328,15.158960,0.005522,0.001937,0.331032,0.943602
35.216667,-43.200308,8.090022,15.159171,0.005461,0.001910,0.330150,0.943911
35.233333,-43.211253,8.103796,15.159372,0.005420,0.001892,0.329540,0.944124
35.250000,-43.221928,8.117385,15.159564,0.005360,0.001865,0.328657,0.944432
35.266667,-43.232603,8.130975,15.159755,0.005280,0.001830,0.327456,0.944850
35.283333,-43.243279,8.144565,15.159947,0.005198,0.001794,0.326245,0.945269
35.300000,-43.253954,8.158155,15.160138,0.005116,0.001758,0.325025,0.945690
35.316667,-43.264629,8.171745,15.160330,0.005058,0.001733,0.324149,0.945991
35.333333,-43.275225,8.185396,15.160514,0.005018,0.001716,0.323548,0.946197
35.350000,-43.285542,8.198879,15.160688,0.004969,0.001695,0.322807,0.946450
35.366667,-43.295859,8.212362,15.160861,0.004892,0.001662,0.321607,0.946859
35.383333,-43.306175,8.225845,15.161034,0.004815,0.001629,0.320399,0.947269
35.400000,-43.316492,8.239329,15.161207,0.004737,0.001595,0.319181,0.947681
35.416667,-43.326809,8.252812,15.161381,0.004677,0.001570,0.318233,0.948000
35.433333,-43.337086,8.266325,15.161551,0.004640,0.001554,0.317625,0.948204
35.450000,-43.347052,8.279704,15.161708,0.004602,0.001538,0.317014,0.948409
35.466667,-43.357019,8.293083,15.161864,0.004532,0.001509,0.315868,0.948791
35.483333,-43.366985,8.306461,15.162021,0.004458,0.001478,0.314653,0.949195
35.500000,-43.376952,8.319840,15.162178,0.004384,0.001447,0.313433,0.949599
35.516667,-43.386918,8.333219,15.162335,0.004318,0.001420,0.312349,0.949957
35.533333,-43.396885,8.346597,15.162491,0.004282,0.001405,0.311747,0.950155
35.550000,-43.406700,8.360087,15.162636,0.004245,0.001390,0.311145,0.950352
35.566667,-43.416486,8.373578,15.162780,0.004193,0.001368,0.310213,0.950657
35.583333,-43.426272,8.387068,15.162923,0.004128,0.001341,0.309002,0.951051
35.600000,-43.436058,8.400558,15.163067,0.004062,0.001314,0.307791,0.951445
35.616667,-43.445845,8.414049,15.163210,0.003997,0.001287,0.306578,0.951836
35.633333,-43.455631,8.427539,15.163354,0.003964,0.001274,0.305903,0.952054
35.650000,-43.465323,8.441096,15.163492,0.003935,0.001261,0.305294,0.952249
35.666667,-43.474936,8.454711,15.163625,0.003899,0.001247,0.304568,0.952482
35.683333,-43.484549,8.468325,15.163758,0.003837,0.001222,0.303356,0.952869
35.700000,-43.494162,8.481940,15.163891,0.003775,0.001197,0.302144,0.953254
35.716667,-43.503775,8.495554,15.164024,0.003713,0.001172,0.300931,0.953638
35.733333,-43.513388,8.509168,15.164157,0.003667,0.001153,0.300048,0.953916
35.750000,-43.522967,8.522806,15.164288,0.003634,0.001141,0.299445,0.954106
35.766667,-43.532407,8.536541,15.164409,0.003601,0.001128,0.298841,0.954295
35.783333,-43.541847,8.550276,15.164531,0.003545,0.001105,0.297719,0.954646
35.800000,-43.551287,8.564011,15.164652,0.003483,0.001081,0.296501,0.955026
35.816667,-43.560727,8.577746,15.164773,0.003422,0.001058,0.295283,0.955403
35.833333,-43.570167,8.591481,15.164894,0.003368,0.001037,0.294181,0.955743
35.850000,-43.579607,8.605216,15.165016,0.003339,0.001026,0.293566,0.955932
35.866667,-43.588897,8.619053,15.165129,0.003311,0.001015,0.292951,0.956121
35.883333,-43.598159,8.632908,15.165240,0.003269,0.000998,0.292033,0.956402
35.900000,-43.607422,8.646764,15.165351,0.003212,0.000976,0.290804,0.956777
35.916667,-43.616684,8.660619,15.165462,0.003155,0.000955,0.289576,0.957149
35.933333,-43.625947,8.674474,15.165574,0.003098,0.000933,0.288347,0.957521
35.950000,-43.635210,8.688330,15.165685,0.003065,0.000921,0.287637,0.957734
35.966667,-43.644384,8.702243,15.165791,0.003037,0.000910,0.287023,0.957918
35.983333,-43.653468,8.716216,15.165892,0.003004,0.000898,0.286318,0.958129
36.000000,-43.662552,8.730189,15.165993,0.002949,0.000877,0.285086,0.958497
36.016667,-43.671636,8.744162,15.166094,0.002894,0.000857,0.283854,0.958863
36.033333,-43.680721,8.758135,15.166195,0.002838,0.000836,0.282620,0.959227
36.050000,-43.689805,8.772108,15.166297,0.002797,0.000821,0.281692,0.959500
36.066667,-43.698862,8.786098,15.166396,0.002771,0.000811,0.281073,0.959682
36.083333,-43.707766,8.800187,15.166488,0.002744,0.000802,0.280454,0.959863
36.100000,-43.716669,8.814276,15.166580,0.002702,0.000786,0.279334,0.960190
36.116667,-43.725572,8.828365,15.166671,0.002657,0.000769,0.278087,0.960552
36.133333,-43.734476,8.842454,15.166763,0.002611,0.000752,0.276840,0.960912
36.150000,-43.743379,8.856543,15.166854,0.002569,0.000737,0.275683,0.961245
36.166667,-43.752282,8.870632,15.166946,0.002551,0.000730,0.275054,0.961425
36.183333,-43.761038,8.884813,15.167032,0.002532,0.000722,0.274426,0.961605
36.200000,-43.769756,8.899018,15.167117,0.002500,0.000711,0.273515,0.961864
36.216667,-43.778475,8.913222,15.167202,0.002454,0.000694,0.272258,0.962221
36.233333,-43.787193,8.927426,15.167287,0.002408,0.000678,0.271001,0.962576
36.250000,-43.795911,8.941630,15.167372,0.002362,0.000662,0.269743,0.962929
36.266667,-43.804630,8.955835,15.167457,0.002331,0.000651,0.268988,0.963141
36.283333,-43.813264,8.970090,15.167538,0.002304,0.000642,0.268359,0.963316
36.300000,-43.821796,8.984406,15.167613,0.002275,0.000632,0.267666,0.963509
36.316667,-43.830329,8.998723,15.167688,0.002231,0.000617,0.266400,0.963860
36.333333,-43.838861,9.013040,15.167764,0.002187,0.000601,0.265133,0.964209
36.350000,-43.847393,9.027357,15.167839,0.002142,0.000586,0.263866,0.964557
36.366667,-43.855925,9.041674,15.167914,0.002110,0.000575,0.262881,0.964826
36.383333,-43.864438,9.056002,15.167989,0.002094,0.000569,0.262243,0.965000
36.400000,-43.872781,9.070431,15.168059,0.002077,0.000563,0.261604,0.965173
36.416667,-43.881123,9.084859,15.168128,0.002044,0.000551,0.260477,0.965478
36.433333,-43.889465,9.099288,15.168197,0.002006,0.000538,0.259189,0.965824
36.450000,-43.897807,9.113716,15.168267,0.001968,0.000525,0.257901,0.966169
36.466667,-43.906149,9.128145,15.168336,0.001932,0.000513,0.256677,0.966495
36.483333,-43.914491,9.142573,15.168406,0.001911,0.000506,0.256028,0.966667
36.500000,-43.922687,9.157085,15.168469,0.001890,0.000499,0.255378,0.966839
36.516667,-43.930834,9.171625,15.168531,0.001860,0.000489,0.254467,0.967080
36.533333,-43.938981,9.186164,15.168593,0.001819,0.000476,0.253169,0.967420
36.550000,-43.947129,9.200703,15.168655,0.001777,0.000463,0.251871,0.967759
36.566667,-43.955276,9.215243,15.168717,0.001735,0.000449,0.250572,0.968096
36.583333,-43.963424,9.229782,15.168780,0.001710,0.000441,0.249763,0.968305
36.600000,-43.971492,9.244365,15.168839,0.001689,0.000435,0.249114,0.968472
36.616667,-43.979444,9.259012,15.168893,0.001668,0.000428,0.248429,0.968649
36.633333,-43.987396,9.273660,15.168948,0.001635,0.000417,0.247112,0.968986
36.650000,-43.995348,9.288307,15.169003,0.001602,0.000406,0.245794,0.969321
36.666667,-44.003300,9.302954,15.169058,0.001568,0.000395,0.244476,0.969654
36.683333,-44.011252,9.317601,15.169113,0.001543,0.000387,0.243419,0.969920
36.700000,-44.019193,9.332254,15.169167,0.001531,0.000383,0.242750,0.970088
36.716667,-44.026942,9.347010,15.169218,0.001518,0.000379,0.242080,0.970255
36.733333,-44.034691,9.361765,15.169268,0.001493,0.000371,0.240940,0.970539
36.750000,-44.042440,9.376521,15.169319,0.001464,0.000361,0.239603,0.970870
36.766667,-44.050189,9.391277,15.169369,0.001435,0.000352,0.238266,0.971199
36.783333,-44.057938,9.406032,15.169419,0.001407,0.000343,0.236966,0.971517
36.800000,-44.065687,9.420788,15.169470,0.001390,0.000338,0.236299,0.971679
36.816667,-44.073293,9.435618,15.169516,0.001374,0.000333,0.235631,0.971842
36.833333,-44.080838,9.450478,15.169561,0.001353,0.000327,0.234717,0.972063
36.850000,-44.088384,9.465339,15.169605,0.001325,0.000318,0.233361,0.972389
36.866667,-44.095930,9.480199,15.169650,0.001297,0.000309,0.232004,0.972714
36.883333,-44.103475,9.495060,15.169695,0.001270,0.000301,0.230647,0.973037
36.900000,-44.111021,9.509921,15.169739,0.001253,0.000296,0.229761,0.973246
36.916667,-44.118491,9.524819,15.169783,0.001242,0.000292,0.229072,0.973409
36.933333,-44.125826,9.539785,15.169823,0.001230,0.000289,0.228376,0.973572
36.950000,-44.133160,9.554751,15.169864,0.001202,0.000280,0.226992,0.973896
36.966667,-44.140494,9.569717,15.169905,0.001173,0.000272,0.225607,0.974218
36.983333,-44.147829,9.584683,15.169945,0.001144,0.000263,0.224222,0.974537
37.000000,-44.155163,9.599649,15.169986,0.001119,0.000256,0.223083,0.974799
37.016667,-44.162496,9.614616,15.170027,0.001101,0.000251,0.222388,0.974958
37.033333,-44.169616,9.629685,15.170061,0.001084,0.000246,0.221693,0.975116
37.050000,-44.176736,9.644755,15.170096,0.001060,0.000240,0.220535,0.975378
37.066667,-44.183856,9.659824,15.170131,0.001033,0.000232,0.219140,0.975693
37.083333,-44.190977,9.674893,15.170165,0.001006,0.000225,0.217744,0.976005
37.100000,-44.198097,9.689962,15.170200,0.000980,0.000217,0.216354,0.976314
37.116667,-44.205217,9.705031,15.170234,0.000970,0.000214,0.215654,0.976469
37.133333,-44.212194,9.720167,15.170267,0.000961,0.000212,0.214953,0.976624
37.150000,-44.219097,9.735337,15.170298,0.000949,0.000208,0.214028,0.976827
37.166667,-44.226000,9.750506,15.170330,0.000932,0.000203,0.212606,0.977138
37.183333,-44.232904,9.765676,15.170361,0.000915,0.000198,0.211184,0.977446
37.200000,-44.239807,9.780846,15.170393,0.000898,0.000193,0.209761,0.977752
37.216667,-44.246710,9.796016,15.170424,0.000887,0.000189,0.208801,0.977958
37.233333,-44.253544,9.811217,15.170455,0.000879,0.000187,0.208079,0.978112
37.250000,-44.260222,9.826487,15.170483,0.000871,0.000185,0.207357,0.978265
37.266667,-44.266901,9.841757,15.170512,0.000850,0.000179,0.205928,0.978567
37.283333,-44.273580,9.857027,15.170541,0.000828,0.000173,0.204470,0.978872
37.300000,-44.280258,9.872297,15.170569,0.000806,0.000167,0.203013,0.979176
37.316667,-44.286937,9.887567,15.170598,0.000786,0.000162,0.201780,0.979431
37.333333,-44.293615,9.902837,15.170627,0.000772,0.000158,0.201045,0.979582
37.350000,-44.300073,9.918201,15.170651,0.000758,0.000155,0.200309,0.979732
37.366667,-44.306521,9.933570,15.170674,0.000742,0.000151,0.199119,0.979975
37.383333,-44.312970,9.948939,15.170698,0.000725,0.000146,0.197643,0.980274
37.400000,-44.319418,9.964307,15.170722,0.000708,0.000142,0.196166,0.980570
37.416667,-44.325867,9.979676,15.170746,0.000691,0.000137,0.194689,0.980865
37.433333,-44.332316,9.995044,15.170770,0.000688,0.000136,0.193921,0.981017
37.450000,-44.338621,10.010472,15.170793,0.000686,0.000135,0.193180,0.981163
37.466667,-44.344837,10.025936,15.170816,0.000680,0.000133,0.192237,0.981348
37.483333,-44.351053,10.041400,15.170839,0.000668,0.000130,0.190732,0.981642
37.500000,-44.357268,10.056864,15.170862,0.000656,0.000127,0.189226,0.981933
37.516667,-44.363484,10.072328,15.170884,0.000644,0.000123,0.187721,0.982222
37.533333,-44.369700,10.087793,15.170907,0.000634,0.000120,0.186670,0.982422
37.550000,-44.375851,10.103282,15.170929,0.000625,0.000118,0.185906,0.982567
37.566667,-44.381826,10.118841,15.170949,0.000615,0.000116,0.185141,0.982712
37.583333,-44.387800,10.134400,15.170969,0.000604,0.000113,0.183673,0.982987
37.600000,-44.393775,10.149959,15.170988,0.000592,0.000110,0.182140,0.983272
37.616667,-44.399749,10.165518,15.171008,0.000581,0.000107,0.180607,0.983555
37.633333,-44.405723,10.181077,15.171028,0.000572,0.000104,0.179276,0.983799
37.650000,-44.411698,10.196636,15.171047,0.000570,0.000103,0.178508,0.983938
37.666667,-44.417448,10.212279,15.171066,0.000567,0.000102,0.177740,0.984077
37.683333,-44.423179,10.227930,15.171085,0.000561,0.000101,0.176520,0.984297
37.700000,-44.428910,10.243580,15.171104,0.000550,0.000098,0.174957,0.984576
37.716667,-44.434640,10.259231,15.171123,0.000540,0.000095,0.173394,0.984852
37.733333,-44.440371,10.274881,15.171142,0.000530,0.000092,0.171830,0.985126
37.750000,-44.446102,10.290532,15.171161,0.000522,0.000091,0.170971,0.985276
37.766667,-44.451688,10.306234,15.171178,0.000514,0.000089,0.170177,0.985413
37.783333,-44.457166,10.321974,15.171194,0.000505,0.000087,0.169205,0.985581
37.800000,-44.462643,10.337715,15.171211,0.000492,0.000084,0.167605,0.985854
37.816667,-44.468121,10.353456,15.171227,0.000480,0.000081,0.166005,0.986125
37.833333,-44.473598,10.369197,15.171243,0.000467,0.000078,0.164405,0.986393
37.850000,-44.479075,10.384938,15.171259,0.000459,0.000076,0.163256,0.986584
37.866667,-44.484496,10.400698,15.171275,0.000455,0.000075,0.162451,0.986716
37.883333,-44.489716,10.416526,15.171290,0.000451,0.000074,0.161646,0.986849
37.900000,-44.494936,10.432354,15.171304,0.000446,0.000072,0.160125,0.987097
37.916667,-44.500156,10.448183,15.171319,0.000442,0.000071,0.158497,0.987359
37.933333,-44.505375,10.464011,15.171333,0.000438,0.000070,0.156868,0.987619
37.950000,-44.510595,10.479839,15.171348,0.000435,0.000068,0.155417,0.987849
37.966667,-44.515815,10.495667,15.171363,0.000436,0.000068,0.154594,0.987978
37.983333,-44.520804,10.511569,15.171378,0.000436,0.000068,0.153771,0.988106
38.000000,-44.525760,10.527482,15.171392,0.000436,0.000067,0.152512,0.988302
38.016667,-44.530715,10.543395,15.171407,0.000437,0.000067,0.150854,0.988556
38.033333,-44.535671,10.559308,15.171422,0.000437,0.000066,0.149195,0.988808
38.050000,-44.540626,10.575221,15.171437,0.000437,0.000065,0.147536,0.989057
38.066667,-44.545581,10.591134,15.171451,0.000437,0.000065,0.146594,0.989197
38.083333,-44.550396,10.607089,15.171466,0.000437,0.000064,0.145758,0.989320
38.100000,-44.555082,10.623084,15.171481,0.000437,0.000064,0.144776,0.989464
38.116667,-44.559768,10.639078,15.171495,0.000437,0.000063,0.143096,0.989709
38.133333,-44.564454,10.655072,15.171510,0.000438,0.000063,0.141416,0.989950
38.150000,-44.569139,10.671067,15.171525,0.000438,0.000062,0.139735,0.990189
38.166667,-44.573825,10.687061,15.171539,0.000439,0.000061,0.138491,0.990364
38.183333,-44.578464,10.703069,15.171554,0.000439,0.000061,0.137647,0.990481
38.200000,-44.582876,10.719141,15.171569,0.000440,0.000061,0.136802,0.990598
38.216667,-44.587288,10.735213,15.171584,0.000435,0.000059,0.135263,0.990810
38.233333,-44.591701,10.751285,15.171599,0.000430,0.000058,0.133577,0.991038
38.250000,-44.596113,10.767357,15.171614,0.000424,0.000056,0.131890,0.991264
38.266667,-44.600526,10.783429,15.171629,0.000419,0.000055,0.130350,0.991468
38.283333,-44.604938,10.799501,15.171643,0.000413,0.000054,0.129508,0.991578
38.300000,-44.609125,10.815633,15.171657,0.000407,0.000053,0.128666,0.991688
38.316667,-44.613264,10.831777,15.171669,0.000400,0.000051,0.127428,0.991848
38.333333,-44.617403,10.847922,15.171682,0.000394,0.000050,0.125754,0.992061
38.350000,-44.621541,10.864067,15.171695,0.000388,0.000048,0.124079,0.992272
38.366667,-44.625680,10.880211,15.171708,0.000382,0.000047,0.122404,0.992480
38.383333,-44.629819,10.896356,15.171721,0.000380,0.000047,0.121424,0.992601
38.400000,-44.633829,10.912532,15.171733,0.000380,0.000046,0.120592,0.992702
38.416667,-44.637696,10.928744,15.171746,0.000379,0.000046,0.119653,0.992816
38.433333,-44.641564,10.944956,15.171759,0.000375,0.000045,0.117991,0.993015
38.450000,-44.645431,10.961167,15.171772,0.000371,0.000043,0.116328,0.993211
38.466667,-44.649299,10.977379,15.171784,0.000367,0.000042,0.114665,0.993404
38.483333,-44.653166,10.993591,15.171797,0.000363,0.000041,0.113399,0.993549
38.500000,-44.656999,11.009811,15.171810,0.000360,0.000041,0.112569,0.993644
38.516667,-44.660595,11.026085,15.171821,0.000356,0.000040,0.111739,0.993738
38.533333,-44.664191,11.042359,15.171832,0.000345,0.000038,0.110259,0.993903
38.550000,-44.667787,11.058633,15.171844,0.000333,0.000036,0.108595,0.994086
38.566667,-44.671383,11.074907,15.171855,0.000321,0.000034,0.106931,0.994266
38.583333,-44.674979,11.091181,15.171867,0.000309,0.000033,0.105373,0.994433
38.600000,-44.678575,11.107455,15.171878,0.000300,0.000032,0.104539,0.994521
38.616667,-44.681959,11.123774,15.171887,0.000292,0.000030,0.103705,0.994608
38.633333,-44.685281,11.140106,15.171896,0.000282,0.000029,0.102518,0.994731
38.650000,-44.688604,11.156439,15.171904,0.000272,0.000028,0.100864,0.994900
38.666667,-44.691927,11.172771,15.171913,0.000261,0.000026,0.099210,0.995067
38.683333,-44.695249,11.189103,15.171922,0.000251,0.000025,0.097555,0.995230
38.700000,-44.698572,11.205435,15.171930,0.000247,0.000024,0.096550,0.995328
38.716667,-44.701779,11.221790,15.171938,0.000245,0.000024,0.095730,0.995407
38.733333,-44.704832,11.238174,15.171946,0.000242,0.000023,0.094842,0.995492
38.750000,-44.707885,11.254559,15.171954,0.000231,0.000022,0.093200,0.995647
38.766667,-44.710938,11.270944,15.171962,0.000221,0.000020,0.091558,0.995800
38.783333,-44.713991,11.287328,15.171970,0.000210,0.000019,0.089916,0.995949
38.800000,-44.717043,11.303713,15.171978,0.000200,0.000018,0.088627,0.996065
38.816667,-44.720074,11.320101,15.171986,0.000191,0.000017,0.087806,0.996138
38.833333,-44.722857,11.336534,15.171990,0.000182,0.000016,0.086984,0.996210
38.850000,-44.725639,11.352967,15.171995,0.000168,0.000014,0.085559,0.996333
38.866667,-44.728421,11.369400,15.172000,0.000151,0.000013,0.083915,0.996473
38.883333,-44.731204,11.385833,15.172005,0.000134,0.000011,0.082270,0.996610
38.900000,-44.733986,11.402265,15.172010,0.000117,0.000009,0.080692,0.996739
38.916667,-44.736768,11.418698,15.172015,0.000109,0.000009,0.079869,0.996805
38.933333,-44.739351,11.435163,15.172018,0.000101,0.000008,0.079045,0.996871
38.950000,-44.741862,11.451640,15.172020,0.000089,0.000007,0.077908,0.996961
38.966667,-44.744373,11.468116,15.172023,0.000073,0.000006,0.076266,0.997087
38.983333,-44.746883,11.484592,15.172025,0.000057,0.000004,0.074624,0.997212
39.000000,-44.749394,11.501069,15.172027,0.000041,0.000003,0.072983,0.997333
39.016667,-44.751904,11.517545,15.172029,0.000031,0.000002,0.071944,0.997409
39.033333,-44.754311,11.534037,15.172030,0.000023,0.000002,0.071126,0.997467
39.050000,-44.756550,11.550552,15.172030,0.000014,0.000001,0.070279,0.997527
39.066667,-44.758790,11.567068,15.172029,-0.000006,-0.000000,0.068648,0.997641
39.083333,-44.761030,11.583583,15.172029,-0.000027,-0.000002,0.067017,0.997752
39.100000,-44.763270,11.600099,15.172028,-0.000047,-0.000003,0.065385,0.997860
39.116667,-44.765510,11.616614,15.172028,-0.000065,-0.000004,0.064069,0.997945
39.133333,-44.767740,11.633131,15.172027,-0.000077,-0.000005,0.063256,0.997997
39.150000,-44.769711,11.649681,15.172023,-0.000090,-0.000006,0.062443,0.998049
39.166667,-44.771681,11.666231,15.172018,-0.000110,-0.000007,0.061070,0.998133
39.183333,-44.773652,11.682780,15.172013,-0.000133,-0.000008,0.059442,0.998232
39.200000,-44.775622,11.699330,15.172009,-0.000156,-0.000009,0.057814,0.998327
39.216667,-44.777593,11.715880,15.172004,-0.000179,-0.000010,0.056215,0.998419
39.233333,-44.779563,11.732430,15.171999,-0.000190,-0.000011,0.055399,0.998464
39.250000,-44.781348,11.749000,15.171992,-0.000201,-0.000011,0.054584,0.998509
39.266667,-44.783048,11.765580,15.171984,-0.000216,-0.000012,0.053494,0.998568
39.283333,-44.784748,11.782159,15.171976,-0.000237,-0.000012,0.051869,0.998654
39.300000,-44.786448,11.798739,15.171967,-0.000258,-0.000013,0.050243,0.998737
39.316667,-44.788148,11.815319,15.171959,-0.000279,-0.000014,0.048617,0.998817
39.333333,-44.789848,11.831899,15.171951,-0.000293,-0.000014,0.047552,0.998869
39.350000,-44.791457,11.848487,15.171941,-0.000303,-0.000014,0.046742,0.998907
39.366667,-44.792888,11.865092,15.171930,-0.000313,-0.000014,0.045932,0.998945
39.383333,-44.794319,11.881697,15.171918,-0.000335,-0.000015,0.044317,0.999017
39.400000,-44.795749,11.898302,15.171906,-0.000358,-0.000015,0.042694,0.999088
39.416667,-44.797180,11.914908,15.171895,-0.000380,-0.000016,0.041071,0.999156
39.433333,-44.798611,11.931513,15.171883,-0.000399,-0.000016,0.039722,0.999211
39.450000,-44.800042,11.948118,15.171871,-0.000411,-0.000016,0.038909,0.999243
39.466667,-44.801205,11.964744,15.171855,-0.000424,-0.000016,0.038096,0.999274
39.483333,-44.802366,11.981370,15.171840,-0.000448,-0.000016,0.036762,0.999324
39.500000,-44.803526,11.997996,15.171824,-0.000481,-0.000017,0.035135,0.999382
39.516667,-44.804687,12.014622,15.171808,-0.000513,-0.000017,0.033509,0.999438
39.533333,-44.805847,12.031249,15.171792,-0.000545,-0.000017,0.031882,0.999491
39.550000,-44.807008,12.047875,15.171777,-0.000565,-0.000018,0.031060,0.999517
39.566667,-44.807995,12.064512,15.171757,-0.000585,-0.000018,0.030246,0.999542
39.583333,-44.808884,12.081155,15.171734,-0.000608,-0.000018,0.029197,0.999573
39.600000,-44.809774,12.097797,15.171712,-0.000639,-0.000018,0.027581,0.999619
39.616667,-44.810663,12.114440,15.171690,-0.000671,-0.000017,0.025965,0.999663
39.633333,-44.811553,12.131083,15.171667,-0.000703,-0.000017,0.024349,0.999703
39.650000,-44.812443,12.147726,15.171645,-0.000721,-0.000017,0.023255,0.999729
39.666667,-44.813254,12.164373,15.171621,-0.000733,-0.000016,0.022452,0.999748
39.683333,-44.813877,12.181028,15.171595,-0.000745,-0.000016,0.021650,0.999765
39.700000,-44.814499,12.197683,15.171569,-0.000768,-0.000015,0.020077,0.999798
39.716667,-44.815121,12.214338,15.171542,-0.000791,-0.000015,0.018458,0.999829
39.733333,-44.815744,12.230993,15.171516,-0.000815,-0.000014,0.016838,0.999858
39.750000,-44.816366,12.247648,15.171490,-0.000835,-0.000013,0.015453,0.999880
39.766667,-44.816989,12.264303,15.171464,-0.000847,-0.000012,0.014636,0.999893
39.783333,-44.817354,12.280965,15.171434,-0.000859,-0.000012,0.013819,0.999904
39.800000,-44.817704,12.297628,15.171403,-0.000886,-0.000011,0.012522,0.999921
39.816667,-44.818054,12.314291,15.171373,-0.000924,-0.000010,0.010900,0.999940
39.833333,-44.818404,12.330954,15.171343,-0.000962,-0.000009,0.009277,0.999957
39.850000,-44.818755,12.347617,15.171313,-0.000999,-0.000008,0.007654,0.999970
39.866667,-44.819105,12.364280,15.171282,0.000000,0.000000,0.000000,1.000000
39.883333,-44.819295,12.380945,15.171247,0.000000,0.000000,0.000000,1.000000
39.900000,-44.819377,12.397611,15.171208,0.000000,0.000000,0.000000,1.000000
39.916667,-44.819458,12.414278,15.171169,0.000000,0.000000,0.000000,1.000000
39.933333,-44.819540,12.430944,15.171131,0.000000,0.000000,0.000000,1.000000
39.950000,-44.819621,12.447611,15.171092,0.000000,0.000000,0.000000,1.000000
39.966667,-44.819703,12.464277,15.171053,0.000000,0.000000,0.000000,1.000000
39.983333,-44.819718,12.480943,15.171013,0.000000,0.000000,0.000000,1.000000
40.000000,-44.819528,12.497609,15.170971,0.000000,0.000000,0.000000,1.000000
40.016667,-44.819338,12.514274,15.170928,0.000000,0.000000,0.000000,1.000000
40.033333,-44.819148,12.530940,15.170885,0.000000,0.000000,0.000000,1.000000
40.050000,-44.818958,12.547606,15.170843,-0.001333,0.000010,-0.007426,0.999972
40.066667,-44.818768,12.564271,15.170800,-0.001363,0.000012,-0.008849,0.999960
40.083333,-44.818579,12.580937,15.170757,-0.001384,0.000013,-0.009658,0.999952
40.100000,-44.818147,12.597597,15.170708,-0.001406,0.000015,-0.010467,0.999944
40.116667,-44.817687,12.614258,15.170658,-0.001438,0.000017,-0.011723,0.999930
40.133333,-44.817228,12.630918,15.170609,-0.001479,0.000020,-0.013346,0.999910
40.150000,-44.816768,12.647578,15.170559,-0.001519,0.000023,-0.014969,0.999887
40.166667,-44.816309,12.664238,15.170509,-0.001560,0.000026,-0.016592,0.999861
40.183333,-44.815850,12.680899,15.170459,-0.001582,0.000028,-0.017489,0.999846
40.200000,-44.815241,12.697554,15.170406,-0.001601,0.000029,-0.018303,0.999831
40.216667,-44.814510,12.714204,15.170350,-0.001625,0.000031,-0.019281,0.999813
40.233333,-44.813780,12.730855,15.170293,-0.001666,0.000035,-0.020912,0.999780
40.250000,-44.813049,12.747505,15.170237,-0.001708,0.000039,-0.022543,0.999744
40.266667,-44.812318,12.764156,15.170181,-0.001750,0.000042,-0.024173,0.999706
40.283333,-44.811587,12.780806,15.170125,-0.001781,0.000045,-0.025357,0.999677
40.300000,-44.810802,12.797454,15.170067,-0.001803,0.000047,-0.026173,0.999656
40.316667,-44.809800,12.814090,15.170003,-0.001825,0.000049,-0.026990,0.999634
40.333333,-44.808797,12.830727,15.169940,-0.001868,0.000053,-0.028498,0.999592
40.350000,-44.807794,12.847363,15.169876,-0.001915,0.000058,-0.030126,0.999544
40.366667,-44.806792,12.863999,15.169812,-0.001961,0.000062,-0.031754,0.999494
40.383333,-44.805789,12.880636,15.169749,-0.002003,0.000067,-0.033219,0.999446
40.400000,-44.804787,12.897272,15.169685,-0.002028,0.000069,-0.034031,0.999419
40.416667,-44.803554,12.913893,15.169614,-0.002052,0.000072,-0.034842,0.999391
40.433333,-44.802281,12.930511,15.169542,-0.002087,0.000075,-0.036066,0.999347
40.450000,-44.801009,12.947128,15.169471,-0.002134,0.000081,-0.037696,0.999287
40.466667,-44.799736,12.963746,15.169399,-0.002181,0.000086,-0.039325,0.999224
40.483333,-44.798463,12.980364,15.169327,-0.002228,0.000091,-0.040955,0.999159
40.500000,-44.797190,12.996982,15.169255,-0.002254,0.000095,-0.041893,0.999120
40.516667,-44.795781,13.013588,15.169180,-0.002277,0.000097,-0.042711,0.999085
40.533333,-44.794236,13.030183,15.169100,-0.002303,0.000101,-0.043656,0.999044
40.550000,-44.792692,13.046778,15.169021,-0.002350,0.000107,-0.045297,0.998971
40.566667,-44.791147,13.063372,15.168942,-0.002396,0.000113,-0.046939,0.998895
40.583333,-44.789602,13.079967,15.168862,-0.002443,0.000119,-0.048580,0.998816
40.600000,-44.788058,13.096562,15.168783,-0.002478,0.000124,-0.049809,0.998756
40.616667,-44.786471,13.113152,15.168702,-0.002502,0.000127,-0.050632,0.998714
40.633333,-44.784653,13.129719,15.168615,-0.002526,0.000130,-0.051455,0.998672
40.650000,-44.782835,13.146286,15.168527,-0.002571,0.000136,-0.052942,0.998594
40.666667,-44.781017,13.162853,15.168440,-0.002620,0.000143,-0.054587,0.998506
40.683333,-44.779199,13.179420,15.168353,-0.002669,0.000150,-0.056233,0.998414
40.700000,-44.777381,13.195987,15.168265,-0.002714,0.000157,-0.057752,0.998327
40.716667,-44.775563,13.212554,15.168178,-0.002739,0.000161,-0.058574,0.998279
40.733333,-44.773525,13.229095,15.168084,-0.002764,0.000164,-0.059397,0.998231
40.750000,-44.771435,13.245630,15.167988,-0.002801,0.000170,-0.060597,0.998158
40.766667,-44.769344,13.262165,15.167892,-0.002851,0.000178,-0.062244,0.998057
40.783333,-44.767253,13.278700,15.167796,-0.002901,0.000186,-0.063892,0.997953
40.800000,-44.765163,13.295234,15.167700,-0.002951,0.000194,-0.065539,0.997846
40.816667,-44.763072,13.311769,15.167604,-0.002981,0.000199,-0.066523,0.997780
40.833333,-44.760856,13.328287,15.167505,-0.003006,0.000203,-0.067348,0.997725
40.850000,-44.758493,13.344785,15.167400,-0.003035,0.000208,-0.068263,0.997663
40.866667,-44.756129,13.361283,15.167296,-0.003091,0.000217,-0.069918,0.997548
40.883333,-44.753765,13.377781,15.167192,-0.003148,0.000226,-0.071573,0.997430
40.900000,-44.751401,13.394278,15.167088,-0.003204,0.000235,-0.073228,0.997310
40.916667,-44.749037,13.410776,15.166983,-0.003250,0.000243,-0.074506,0.997215
40.933333,-44.746644,13.427270,15.166878,-0.003281,0.000248,-0.075337,0.997153
40.950000,-44.744006,13.443726,15.166763,-0.003313,0.000253,-0.076167,0.997090
40.966667,-44.741368,13.460182,15.166648,-0.003363,0.000262,-0.077628,0.996977
40.983333,-44.738729,13.476638,15.166533,-0.003418,0.000272,-0.079289,0.996846
41.000000,-44.736091,13.493094,15.166419,-0.003474,0.000282,-0.080950,0.996712
41.016667,-44.733453,13.509550,15.166304,-0.003526,0.000292,-0.082520,0.996583
41.033333,-44.730815,13.526006,15.166189,-0.003550,0.000297,-0.083351,0.996514
41.050000,-44.727969,13.542427,15.166068,-0.003574,0.000302,-0.084182,0.996444
41.066667,-44.725056,13.558837,15.165945,-0.003611,0.000309,-0.085357,0.996344
41.083333,-44.722144,13.575247,15.165822,-0.003666,0.000320,-0.087028,0.996199
41.100000,-44.719232,13.591657,15.165699,-0.003721,0.000331,-0.088697,0.996052
41.116667,-44.716320,13.608067,15.165576,-0.003776,0.000343,-0.090367,0.995901
41.133333,-44.713408,13.624476,15.165453,-0.003813,0.000350,-0.091406,0.995806
41.150000,-44.710382,13.640865,15.165325,-0.003844,0.000356,-0.092245,0.995729
41.166667,-44.707194,13.657223,15.165192,-0.003877,0.000363,-0.093137,0.995646
41.183333,-44.704006,13.673582,15.165058,-0.003937,0.000375,-0.094814,0.995487
41.200000,-44.700818,13.689940,15.164925,-0.003997,0.000387,-0.096491,0.995326
41.216667,-44.697629,13.706298,15.164791,-0.004057,0.000400,-0.098167,0.995162
41.233333,-44.694441,13.722657,15.164658,-0.004104,0.000410,-0.099499,0.995029
41.250000,-44.691236,13.739012,15.164524,-0.004133,0.000417,-0.100336,0.994945
41.266667,-44.687772,13.755314,15.164380,-0.004162,0.000423,-0.101174,0.994860
41.283333,-44.684309,13.771616,15.164237,-0.004216,0.000435,-0.102616,0.994712
41.300000,-44.680846,13.787918,15.164094,-0.004280,0.000449,-0.104301,0.994536
41.316667,-44.677383,13.804221,15.163951,-0.004344,0.000463,-0.105986,0.994358
41.333333,-44.673920,13.820523,15.163807,-0.004406,0.000477,-0.107618,0.994182
41.350000,-44.670456,13.836825,15.163664,-0.004441,0.000485,-0.108466,0.994090
41.366667,-44.666795,13.853083,15.163512,-0.004476,0.000492,-0.109313,0.993997
41.383333,-44.663055,13.869324,15.163357,-0.004522,0.000503,-0.110469,0.993869
41.400000,-44.659314,13.885565,15.163202,-0.004587,0.000518,-0.112161,0.993679
41.416667,-44.655573,13.901806,15.163047,-0.004652,0.000533,-0.113853,0.993487
41.433333,-44.651833,13.918046,15.162891,-0.004717,0.000549,-0.115545,0.993291
41.450000,-44.648092,13.934287,15.162736,-0.004756,0.000559,-0.116632,0.993164
41.466667,-44.644251,13.950504,15.162577,-0.004786,0.000566,-0.117477,0.993064
41.483333,-44.640235,13.966678,15.162412,-0.004816,0.000574,-0.118336,0.992962
41.500000,-44.636218,13.982853,15.162247,-0.004879,0.000590,-0.120039,0.992757
41.516667,-44.632202,13.999028,15.162081,-0.004942,0.000606,-0.121742,0.992549
41.533333,-44.628186,14.015202,15.161916,-0.005004,0.000623,-0.123445,0.992339
41.550000,-44.624170,14.031377,15.161751,-0.005056,0.000636,-0.124839,0.992164
41.566667,-44.620149,14.047551,15.161585,-0.005089,0.000645,-0.125697,0.992055
41.583333,-44.615853,14.063653,15.161408,-0.005122,0.000654,-0.126555,0.991946
41.600000,-44.611558,14.079756,15.161232,-0.005181,0.000669,-0.127986,0.991762
41.616667,-44.607262,14.095859,15.161055,-0.005252,0.000687,-0.129701,0.991539
41.633333,-44.602967,14.111961,15.160879,-0.005322,0.000706,-0.131415,0.991313
41.650000,-44.598671,14.128064,15.160702,-0.005393,0.000724,-0.133115,0.991086
41.666667,-44.594376,14.144167,15.160525,-0.005430,0.000734,-0.133971,0.990970
41.683333,-44.589895,14.160218,15.160340,-0.005468,0.000744,-0.134828,0.990854
41.700000,-44.585322,14.176244,15.160151,-0.005516,0.000757,-0.135960,0.990699
41.716667,-44.580749,14.192270,15.159961,-0.005584,0.000776,-0.137681,0.990461
41.733333,-44.576175,14.208295,15.159771,-0.005652,0.000796,-0.139401,0.990219
41.750000,-44.571602,14.224321,15.159582,-0.005719,0.000815,-0.141121,0.989975
41.766667,-44.567029,14.240347,15.159392,-0.005762,0.000828,-0.142270,0.989811
41.783333,-44.562367,14.256347,15.159199,-0.005792,0.000838,-0.143134,0.989686
41.800000,-44.557515,14.272290,15.159000,-0.005822,0.000847,-0.143998,0.989561
41.816667,-44.552663,14.288234,15.158800,-0.005891,0.000868,-0.145711,0.989309
41.833333,-44.547810,14.304177,15.158600,-0.005962,0.000889,-0.147449,0.989051
41.850000,-44.542958,14.320121,15.158400,-0.006032,0.000910,-0.149187,0.988790
41.866667,-44.538106,14.336064,15.158200,-0.006093,0.000928,-0.150649,0.988568
41.883333,-44.533254,14.352008,15.158000,-0.006133,0.000940,-0.151523,0.988434
41.900000,-44.528129,14.367865,15.157787,-0.006173,0.000952,-0.152397,0.988300
41.916667,-44.522995,14.383720,15.157573,-0.006236,0.000971,-0.153812,0.988080
41.933333,-44.517862,14.399575,15.157359,-0.006314,0.000994,-0.155556,0.987806
41.950000,-44.512729,14.415430,15.157145,-0.006391,0.001018,-0.157299,0.987530
41.966667,-44.507595,14.431285,15.156932,-0.006468,0.001042,-0.159042,0.987250
41.983333,-44.502462,14.447140,15.156718,-0.006506,0.001054,-0.159937,0.987105
42.000000,-44.497155,14.462937,15.156496,-0.006543,0.001066,-0.160806,0.986964
42.016667,-44.491743,14.478699,15.156269,-0.006591,0.001081,-0.161918,0.986782
42.033333,-44.486332,14.494461,15.156043,-0.006666,0.001106,-0.163674,0.986491
42.050000,-44.480920,14.510223,15.155816,-0.006742,0.001131,-0.165429,0.986198
42.066667,-44.475508,14.525985,15.155590,-0.006817,0.001156,-0.167184,0.985901
42.083333,-44.470096,14.541747,15.155363,-0.006869,0.001174,-0.168398,0.985694
42.100000,-44.464607,14.557482,15.155133,-0.006908,0.001186,-0.169284,0.985542
42.116667,-44.458913,14.573143,15.154893,-0.006946,0.001200,-0.170170,0.985390
42.133333,-44.453219,14.588805,15.154653,-0.007017,0.001224,-0.171872,0.985094
42.150000,-44.447525,14.604467,15.154413,-0.007091,0.001250,-0.173640,0.984783
42.166667,-44.441830,14.620129,15.154173,-0.007164,0.001277,-0.175407,0.984469
42.183333,-44.436136,14.635791,15.153933,-0.007227,0.001299,-0.176933,0.984196
42.200000,-44.430442,14.651453,15.153693,-0.007263,0.001312,-0.177815,0.984036
42.216667,-44.424489,14.667018,15.153442,-0.007298,0.001326,-0.178697,0.983876
42.233333,-44.418515,14.682575,15.153190,-0.007355,0.001347,-0.180089,0.983622
42.250000,-44.412541,14.698133,15.152938,-0.007427,0.001374,-0.181856,0.983296
42.266667,-44.406567,14.713690,15.152685,-0.007499,0.001401,-0.183623,0.982967
42.283333,-44.400593,14.729247,15.152433,-0.007570,0.001428,-0.185389,0.982635
42.300000,-44.394619,14.744804,15.152181,-0.007610,0.001443,-0.186340,0.982455
42.316667,-44.388484,14.760298,15.151921,-0.007646,0.001457,-0.187225,0.982286
42.333333,-44.382231,14.775745,15.151656,-0.007692,0.001475,-0.188311,0.982078
42.350000,-44.375978,14.791191,15.151391,-0.007766,0.001504,-0.190079,0.981737
42.366667,-44.369725,14.806638,15.151126,-0.007840,0.001533,-0.191846,0.981392
42.383333,-44.363472,14.822085,15.150861,-0.007914,0.001562,-0.193613,0.981045
42.400000,-44.357218,14.837532,15.150595,-0.007966,0.001583,-0.194871,0.980795
42.416667,-44.350902,14.852953,15.150327,-0.008004,0.001598,-0.195753,0.980619
42.433333,-44.344372,14.868284,15.150049,-0.008041,0.001613,-0.196636,0.980442
42.450000,-44.337842,14.883616,15.149771,-0.008096,0.001638,-0.198290,0.980109
42.466667,-44.331312,14.898947,15.149492,-0.008154,0.001665,-0.200050,0.979750
42.483333,-44.324782,14.914279,15.149214,-0.008212,0.001692,-0.201809,0.979389
42.500000,-44.318252,14.929611,15.148936,-0.008261,0.001716,-0.203367,0.979066
42.516667,-44.311721,14.944942,15.148657,-0.008281,0.001728,-0.204245,0.978883
42.533333,-44.304951,14.960169,15.148372,-0.008301,0.001740,-0.205122,0.978700
42.550000,-44.298147,14.975381,15.148087,-0.008337,0.001759,-0.206461,0.978418
42.566667,-44.291343,14.990593,15.147801,-0.008386,0.001785,-0.208211,0.978046
42.583333,-44.284539,15.005805,15.147515,-0.008435,0.001811,-0.209960,0.977672
42.600000,-44.277736,15.021017,15.147229,-0.008483,0.001838,-0.211708,0.977294
42.616667,-44.270932,15.036229,15.146944,-0.008514,0.001853,-0.212686,0.977082
42.633333,-44.263985,15.051375,15.146652,-0.008543,0.001868,-0.213558,0.976891
42.650000,-44.256911,15.066463,15.146356,-0.008575,0.001884,-0.214588,0.976665
42.666667,-44.249837,15.081551,15.146060,-0.008626,0.001911,-0.216334,0.976279
42.683333,-44.242762,15.096639,15.145764,-0.008677,0.001939,-0.218079,0.975891
42.700000,-44.235688,15.111727,15.145468,-0.008727,0.001967,-0.219824,0.975499
42.716667,-44.228614,15.126815,15.145172,-0.008763,0.001987,-0.221107,0.975208
42.733333,-44.221491,15.141879,15.144875,-0.008785,0.002000,-0.221980,0.975010
42.750000,-44.214148,15.156838,15.144570,-0.008807,0.002013,-0.222853,0.974810
42.766667,-44.206805,15.171797,15.144266,-0.008842,0.002036,-0.224441,0.974445
42.783333,-44.199462,15.186755,15.143962,-0.008879,0.002062,-0.226172,0.974045
42.800000,-44.192118,15.201714,15.143658,-0.008916,0.002087,-0.227901,0.973641
42.816667,-44.184775,15.216673,15.143353,-0.008950,0.002110,-0.229473,0.973272
42.833333,-44.177432,15.231631,15.143049,-0.008965,0.002122,-0.230330,0.973069
42.850000,-44.169870,15.246480,15.142740,-0.008980,0.002134,-0.231186,0.972866
42.866667,-44.162265,15.261307,15.142430,-0.009000,0.002151,-0.232463,0.972561
42.883333,-44.154659,15.276134,15.142120,-0.009025,0.002174,-0.234186,0.972148
42.900000,-44.147054,15.290961,15.141810,-0.009050,0.002197,-0.235908,0.971731
42.916667,-44.139448,15.305788,15.141500,-0.009075,0.002220,-0.237630,0.971311
42.933333,-44.131843,15.320615,15.141190,-0.009087,0.002233,-0.238640,0.971063
42.950000,-44.124110,15.335375,15.140877,-0.009097,0.002244,-0.239505,0.970850
42.966667,-44.116242,15.350064,15.140563,-0.009108,0.002257,-0.240486,0.970607
42.983333,-44.108373,15.364753,15.140249,-0.009129,0.002279,-0.242202,0.970180
43.000000,-44.100504,15.379442,15.139935,-0.009151,0.002302,-0.243917,0.969750
43.016667,-44.092636,15.394131,15.139621,-0.009172,0.002324,-0.245632,0.969317
43.033333,-44.084767,15.408820,15.139307,-0.009188,0.002341,-0.246928,0.968988
43.050000,-44.076864,15.423489,15.138992,-0.009200,0.002353,-0.247777,0.968771
43.066667,-44.068739,15.438038,15.138674,-0.009211,0.002364,-0.248626,0.968553
43.083333,-44.060614,15.452587,15.138355,-0.009225,0.002384,-0.250147,0.968161
43.100000,-44.052489,15.467135,15.138036,-0.009240,0.002405,-0.251850,0.967719
43.116667,-44.044364,15.481684,15.137717,-0.009255,0.002426,-0.253552,0.967274
43.133333,-44.036239,15.496232,15.137398,-0.009268,0.002446,-0.255139,0.966857
43.150000,-44.028114,15.510781,15.137080,-0.009271,0.002455,-0.255992,0.966631
43.166667,-44.019788,15.525215,15.136759,-0.009274,0.002465,-0.256844,0.966405
43.183333,-44.011407,15.539618,15.136439,-0.009278,0.002479,-0.258067,0.966079
43.200000,-44.003027,15.554021,15.136118,-0.009284,0.002497,-0.259763,0.965624
43.216667,-43.994647,15.568424,15.135798,-0.009289,0.002516,-0.261459,0.965167
43.233333,-43.986266,15.582827,15.135477,-0.009294,0.002535,-0.263154,0.964706
43.250000,-43.977886,15.597229,15.135156,-0.009296,0.002546,-0.264178,0.964426
43.266667,-43.969396,15.611567,15.134835,-0.009298,0.002556,-0.265021,0.964194
43.283333,-43.960765,15.625821,15.134513,-0.009299,0.002566,-0.265939,0.963942
43.300000,-43.952134,15.640076,15.134191,-0.009295,0.002582,-0.267617,0.963477
43.316667,-43.943503,15.654330,15.133869,-0.009290,0.002598,-0.269295,0.963009
43.333333,-43.934872,15.668584,15.133547,-0.009285,0.002614,-0.270972,0.962539
43.350000,-43.926241,15.682838,15.133225,-0.009280,0.002626,-0.272280,0.962170
43.366667,-43.917588,15.697079,15.132903,-0.009273,0.002633,-0.273114,0.961933
43.383333,-43.908711,15.711181,15.132582,-0.009267,0.002640,-0.273949,0.961696
43.400000,-43.899834,15.725283,15.132262,-0.009259,0.002653,-0.275401,0.961281
43.416667,-43.890958,15.739386,15.131941,-0.009250,0.002667,-0.277068,0.960802
43.433333,-43.882081,15.753488,15.131621,-0.009241,0.002682,-0.278735,0.960320
43.450000,-43.873204,15.767590,15.131300,-0.009233,0.002697,-0.280326,0.959857
43.466667,-43.864327,15.781693,15.130979,-0.009231,0.002705,-0.281158,0.959613
43.483333,-43.855270,15.795679,15.130659,-0.009229,0.002713,-0.281991,0.959369
43.500000,-43.846149,15.809625,15.130338,-0.009221,0.002723,-0.283147,0.959028
43.516667,-43.837029,15.823572,15.130018,-0.009207,0.002736,-0.284807,0.958537
43.533333,-43.827909,15.837518,15.129697,-0.009192,0.002748,-0.286465,0.958043
43.550000,-43.818789,15.851464,15.129376,-0.009177,0.002761,-0.288123,0.957545
43.566667,-43.809668,15.865410,15.129056,-0.009164,0.002768,-0.289165,0.957231
43.583333,-43.800454,15.879294,15.128736,-0.009151,0.002773,-0.289992,0.956981
43.600000,-43.791095,15.893081,15.128419,-0.009138,0.002778,-0.290854,0.956720
43.616667,-43.781735,15.906867,15.128102,-0.009116,0.002788,-0.292502,0.956217
43.633333,-43.772375,15.920654,15.127785,-0.009093,0.002799,-0.294150,0.955712
43.650000,-43.763015,15.934441,15.127468,-0.009071,0.002809,-0.295797,0.955204
43.666667,-43.753656,15.948227,15.127151,-0.009053,0.002817,-0.297120,0.954793
43.683333,-43.744286,15.962007,15.126834,-0.009043,0.002823,-0.297941,0.954537
43.700000,-43.734690,15.975631,15.126520,-0.009033,0.002828,-0.298762,0.954281
43.716667,-43.725095,15.989254,15.126205,-0.009007,0.002834,-0.300147,0.953846
43.733333,-43.715499,16.002878,15.125891,-0.008974,0.002841,-0.301778,0.953332
43.750000,-43.705904,16.016502,15.125576,-0.008941,0.002847,-0.303409,0.952814
43.766667,-43.696308,16.030125,15.125262,-0.008908,0.002853,-0.305004,0.952305
43.783333,-43.686713,16.043749,15.124947,-0.008885,0.002854,-0.305815,0.952045
43.800000,-43.676957,16.057258,15.124638,-0.008861,0.002855,-0.306625,0.951785
43.816667,-43.667131,16.070716,15.124331,-0.008833,0.002857,-0.307716,0.951433
43.833333,-43.657305,16.084175,15.124024,-0.008796,0.002861,-0.309338,0.950907
43.850000,-43.647478,16.097633,15.123717,-0.008759,0.002866,-0.310960,0.950378
43.866667,-43.637652,16.111092,15.123409,-0.008721,0.002870,-0.312580,0.949847
43.883333,-43.627826,16.124550,15.123102,-0.008700,0.002874,-0.313638,0.949498
43.900000,-43.617921,16.137950,15.122796,-0.008686,0.002877,-0.314449,0.949230
43.916667,-43.607866,16.151239,15.122493,-0.008672,0.002881,-0.315260,0.948961
43.933333,-43.597812,16.164528,15.122190,-0.008626,0.002882,-0.316867,0.948426
43.950000,-43.587757,16.177816,15.121887,-0.008580,0.002883,-0.318475,0.947888
43.966667,-43.577702,16.191105,15.121584,-0.008534,0.002883,-0.320083,0.947347
43.983333,-43.567648,16.204394,15.121281,-0.008493,0.002883,-0.321410,0.946898
44.000000,-43.557593,16.217682,15.120978,-0.008461,0.002880,-0.322207,0.946627
44.016667,-43.547317,16.230801,15.120685,-0.008429,0.002877,-0.323004,0.946356
44.033333,-43.537040,16.243918,15.120392,-0.008383,0.002874,-0.324317,0.945907
44.050000,-43.526762,16.257036,15.120100,-0.008330,0.002872,-0.325910,0.945360
44.066667,-43.516485,16.270154,15.119807,-0.008277,0.002869,-0.327502,0.944810
44.083333,-43.506208,16.283271,15.119514,-0.008223,0.002866,-0.329093,0.944257
44.100000,-43.495931,16.296389,15.119222,-0.008202,0.002866,-0.329891,0.943979
44.116667,-43.485512,16.309393,15.118933,-0.008181,0.002867,-0.330686,0.943701
44.133333,-43.475015,16.322336,15.118647,-0.008150,0.002866,-0.331717,0.943339
44.150000,-43.464518,16.335279,15.118361,-0.008097,0.002862,-0.333298,0.942782
44.166667,-43.454021,16.348221,15.118075,-0.008044,0.002859,-0.334879,0.942223
44.183333,-43.443525,16.361164,15.117789,-0.007991,0.002855,-0.336458,0.941660
44.200000,-43.433028,16.374107,15.117503,-0.007951,0.002851,-0.337522,0.941280
44.216667,-43.422467,16.386997,15.117220,-0.007920,0.002847,-0.338307,0.940998
44.233333,-43.411756,16.399763,15.116945,-0.007888,0.002843,-0.339092,0.940716
44.250000,-43.401044,16.412529,15.116669,-0.007823,0.002834,-0.340623,0.940163
44.266667,-43.390333,16.425295,15.116393,-0.007757,0.002825,-0.342192,0.939594
44.283333,-43.379622,16.438061,15.116118,-0.007690,0.002815,-0.343760,0.939022
44.300000,-43.368911,16.450827,15.115842,-0.007633,0.002807,-0.345092,0.938534
44.316667,-43.358199,16.463593,15.115567,-0.007598,0.002801,-0.345875,0.938246
44.333333,-43.347287,16.476187,15.115302,-0.007563,0.002795,-0.346658,0.937957
44.350000,-43.336364,16.488773,15.115038,-0.007506,0.002786,-0.347906,0.937495
44.366667,-43.325441,16.501358,15.114774,-0.007435,0.002773,-0.349459,0.936918
44.383333,-43.314518,16.513944,15.114510,-0.007364,0.002761,-0.351011,0.936338
44.400000,-43.303595,16.526529,15.114246,-0.007293,0.002748,-0.352561,0.935756
44.416667,-43.292672,16.539115,15.113982,-0.007255,0.002740,-0.353369,0.935452
44.433333,-43.281625,16.551591,15.113725,-0.007218,0.002733,-0.354138,0.935161
44.450000,-43.270496,16.563995,15.113473,-0.007172,0.002725,-0.355102,0.934796
44.466667,-43.259368,16.576400,15.113221,-0.007098,0.002710,-0.356641,0.934211
44.483333,-43.248239,16.588804,15.112969,-0.007024,0.002695,-0.358179,0.933623
44.500000,-43.237111,16.601209,15.112717,-0.006950,0.002679,-0.359715,0.933032
44.516667,-43.225982,16.613613,15.112465,-0.006897,0.002668,-0.360789,0.932618
44.533333,-43.214802,16.625971,15.112216,-0.006860,0.002660,-0.361558,0.932320
44.550000,-43.203470,16.638190,15.111977,-0.006822,0.002652,-0.362327,0.932022
44.566667,-43.192138,16.650409,15.111738,-0.006744,0.002634,-0.363785,0.931455
44.583333,-43.180807,16.662629,15.111499,-0.006661,0.002614,-0.365314,0.930857
44.600000,-43.169475,16.674848,15.111260,-0.006579,0.002594,-0.366842,0.930256
44.616667,-43.158143,16.687067,15.111020,-0.006506,0.002577,-0.368175,0.929730
44.633333,-43.146812,16.699287,15.110781,-0.006462,0.002565,-0.368934,0.929429
44.650000,-43.135300,16.711337,15.110556,-0.006417,0.002553,-0.369694,0.929128
44.666667,-43.123770,16.723370,15.110332,-0.006346,0.002535,-0.370872,0.928659
44.683333,-43.112240,16.735402,15.110108,-0.006255,0.002510,-0.372383,0.928055
44.700000,-43.100710,16.747435,15.109884,-0.006163,0.002485,-0.373893,0.927448
44.716667,-43.089180,16.759468,15.109660,-0.006071,0.002459,-0.375401,0.926839
44.733333,-43.077650,16.771500,15.109436,-0.006020,0.002445,-0.376223,0.926506
44.750000,-43.066012,16.783428,15.109221,-0.005973,0.002431,-0.376974,0.926202
44.766667,-43.054289,16.795273,15.109013,-0.005917,0.002415,-0.377879,0.925833
44.783333,-43.042565,16.807117,15.108806,-0.005827,0.002389,-0.379375,0.925222
44.800000,-43.030841,16.818962,15.108598,-0.005737,0.002363,-0.380869,0.924608
44.816667,-43.019118,16.830807,15.108390,-0.005647,0.002337,-0.382363,0.923992
44.833333,-43.007394,16.842651,15.108182,-0.005583,0.002318,-0.383440,0.923546
44.850000,-42.995631,16.854456,15.107978,-0.005540,0.002306,-0.384185,0.923237
44.866667,-42.983718,16.866110,15.107785,-0.005498,0.002293,-0.384929,0.922927
44.883333,-42.971805,16.877764,15.107592,-0.005409,0.002266,-0.386315,0.922348
44.900000,-42.959892,16.889418,15.107399,-0.005314,0.002236,-0.387804,0.921724
44.916667,-42.947979,16.901072,15.107206,-0.005218,0.002205,-0.389292,0.921097
44.933333,-42.936066,16.912726,15.107013,-0.005131,0.002177,-0.390625,0.920533
44.950000,-42.924152,16.924380,15.106820,-0.005078,0.002160,-0.391370,0.920217
44.966667,-42.912078,16.935868,15.106643,-0.005025,0.002142,-0.392114,0.919900
44.983333,-42.899978,16.947328,15.106469,-0.004944,0.002115,-0.393231,0.919424
45.000000,-42.887878,16.958788,15.106294,-0.004836,0.002077,-0.394703,0.918793
45.016667,-42.875778,16.970248,15.106120,-0.004728,0.002040,-0.396175,0.918160
45.033333,-42.863677,16.981708,15.105945,-0.004620,0.002002,-0.397646,0.917525
45.050000,-42.851577,16.993167,15.105771,-0.004557,0.001980,-0.398479,0.917164
45.066667,-42.839385,17.004529,15.105607,-0.004501,0.001960,-0.399206,0.916848
45.083333,-42.827104,17.015795,15.105452,-0.004437,0.001937,-0.400051,0.916480
45.100000,-42.814823,17.027062,15.105297,-0.004327,0.001897,-0.401499,0.915847
45.116667,-42.802543,17.038329,15.105142,-0.004217,0.001857,-0.402947,0.915212
45.133333,-42.790262,17.049595,15.104987,-0.004107,0.001816,-0.404393,0.914574
45.150000,-42.777981,17.060862,15.104832,-0.004025,0.001785,-0.405468,0.914099
45.166667,-42.765672,17.072097,15.104681,-0.003970,0.001765,-0.406188,0.913779
45.183333,-42.753215,17.083169,15.104545,-0.003916,0.001744,-0.406907,0.913459
45.200000,-42.740758,17.094241,15.104410,-0.003814,0.001705,-0.408216,0.912876
45.216667,-42.728302,17.105313,15.104274,-0.003702,0.001662,-0.409660,0.912229
45.233333,-42.715845,17.116385,15.104139,-0.003589,0.001619,-0.411103,0.911581
45.250000,-42.703388,17.127457,15.104004,-0.003486,0.001578,-0.412428,0.910982
45.266667,-42.690931,17.138529,15.103868,-0.003429,0.001556,-0.413152,0.910654
45.283333,-42.678333,17.149439,15.103749,-0.003371,0.001533,-0.413875,0.910326
45.300000,-42.665702,17.160312,15.103635,-0.003285,0.001498,-0.414928,0.909847
45.316667,-42.653070,17.171185,15.103520,-0.003167,0.001450,-0.416359,0.909193
45.333333,-42.640439,17.182057,15.103405,-0.003048,0.001402,-0.417790,0.908537
45.350000,-42.627808,17.192930,15.103290,-0.002930,0.001353,-0.419219,0.907879
45.366667,-42.615177,17.203803,15.103175,-0.002858,0.001323,-0.420062,0.907490
45.383333,-42.602468,17.214584,15.103071,-0.002797,0.001297,-0.420769,0.907163
45.400000,-42.589668,17.225259,15.102978,-0.002730,0.001269,-0.421557,0.906797
45.416667,-42.576869,17.235933,15.102885,-0.002609,0.001218,-0.422969,0.906139
45.433333,-42.564070,17.246608,15.102792,-0.002488,0.001166,-0.424380,0.905480
45.450000,-42.551271,17.257283,15.102700,-0.002367,0.001114,-0.425790,0.904818
45.466667,-42.538471,17.267957,15.102607,-0.002275,0.001074,-0.426872,0.904309
45.483333,-42.525653,17.278609,15.102517,-0.002215,0.001048,-0.427575,0.903976
45.500000,-42.512689,17.289083,15.102445,-0.002156,0.001022,-0.428279,0.903644
45.516667,-42.499725,17.299557,15.102374,-0.002047,0.000973,-0.429516,0.903057
45.533333,-42.486762,17.310032,15.102303,-0.001923,0.000918,-0.430914,0.902391
45.550000,-42.473798,17.320506,15.102232,-0.001799,0.000863,-0.432311,0.901723
45.566667,-42.460834,17.330980,15.102161,-0.001683,0.000810,-0.433625,0.901091
45.583333,-42.447870,17.341454,15.102090,-0.001619,0.000781,-0.434320,0.900757
45.600000,-42.434783,17.351775,15.102037,-0.001555,0.000751,-0.435013,0.900422
45.616667,-42.421660,17.362048,15.101989,-0.001463,0.000709,-0.435996,0.899947
45.633333,-42.408536,17.372321,15.101942,-0.001330,0.000647,-0.437378,0.899276
45.650000,-42.395412,17.382595,15.101894,-0.001198,0.000585,-0.438760,0.898604
45.666667,-42.382288,17.392868,15.101846,-0.001066,0.000523,-0.440140,0.897928
45.683333,-42.369164,17.403141,15.101799,-0.000983,0.000483,-0.440989,0.897512
45.700000,-42.355975,17.413330,15.101762,-0.000915,0.000450,-0.441676,0.897174
45.716667,-42.342696,17.423401,15.101739,-0.000842,0.000415,-0.442411,0.896812
45.733333,-42.329416,17.433472,15.101717,-0.000709,0.000351,-0.443782,0.896135
45.750000,-42.316136,17.443543,15.101694,-0.000576,0.000286,-0.445151,0.895455
45.766667,-42.302856,17.453614,15.101672,-0.000444,0.000221,-0.446519,0.894774
45.783333,-42.289577,17.463685,15.101649,-0.000340,0.000170,-0.447599,0.894234
45.800000,-42.276286,17.473742,15.101629,-0.000275,0.000138,-0.448281,0.893893
45.816667,-42.262855,17.483610,15.101630,-0.000211,0.000106,-0.448962,0.893551
45.833333,-42.249423,17.493477,15.101632,-0.000093,0.000047,-0.450133,0.892961
45.850000,-42.235991,17.503345,15.101633,0.000044,-0.000022,-0.451492,0.892275
45.866667,-42.222560,17.513212,15.101635,0.000181,-0.000092,-0.452850,0.891587
45.883333,-42.209128,17.523079,15.101637,0.000313,-0.000160,-0.454160,0.890920
45.900000,-42.195696,17.532947,15.101638,0.000386,-0.000197,-0.454837,0.890575
45.916667,-42.182157,17.542666,15.101659,0.000459,-0.000235,-0.455514,0.890229
45.933333,-42.168577,17.552328,15.101688,0.000557,-0.000286,-0.456439,0.889754
45.950000,-42.154997,17.561990,15.101717,0.000700,-0.000360,-0.457784,0.889063
45.966667,-42.141417,17.571652,15.101746,0.000842,-0.000435,-0.459127,0.888370
45.983333,-42.127837,17.581315,15.101775,0.000984,-0.000511,-0.460469,0.887675
46.000000,-42.114256,17.590977,15.101804,0.001074,-0.000559,-0.461324,0.887231
46.016667,-42.100623,17.600562,15.101842,0.001144,-0.000596,-0.461991,0.886884
46.033333,-42.086899,17.610019,15.101897,0.001216,-0.000634,-0.462673,0.886528
46.050000,-42.073175,17.619476,15.101953,0.001358,-0.000711,-0.464000,0.885834
46.066667,-42.059451,17.628933,15.102008,0.001500,-0.000789,-0.465327,0.885137
46.083333,-42.045728,17.638390,15.102063,0.001643,-0.000867,-0.466652,0.884439
46.100000,-42.032004,17.647847,15.102118,0.001759,-0.000931,-0.467730,0.883869
46.116667,-42.018277,17.657299,15.102174,0.001831,-0.000971,-0.468389,0.883520
46.133333,-42.004413,17.666549,15.102257,0.001903,-0.001011,-0.469049,0.883170
46.150000,-41.990550,17.675800,15.102340,0.002026,-0.001079,-0.470149,0.882584
46.166667,-41.976687,17.685051,15.102423,0.002172,-0.001161,-0.471461,0.881884
46.183333,-41.962823,17.694302,15.102505,0.002318,-0.001244,-0.472771,0.881181
46.200000,-41.948960,17.703553,15.102588,0.002462,-0.001325,-0.474064,0.880486
46.216667,-41.935096,17.712803,15.102671,0.002535,-0.001367,-0.474716,0.880135
46.233333,-41.921142,17.721915,15.102773,0.002609,-0.001409,-0.475367,0.879783
46.250000,-41.907143,17.730959,15.102884,0.002708,-0.001466,-0.476230,0.879315
46.266667,-41.893144,17.740004,15.102995,0.002859,-0.001554,-0.477533,0.878608
46.283333,-41.879146,17.749049,15.103106,0.003011,-0.001642,-0.478834,0.877899
46.300000,-41.865147,17.758093,15.103217,0.003162,-0.001731,-0.480134,0.877188
46.316667,-41.851148,17.767138,15.103328,0.003263,-0.001790,-0.480995,0.876715
46.333333,-41.837107,17.776114,15.103449,0.003341,-0.001836,-0.481645,0.876358
46.350000,-41.822975,17.784950,15.103590,0.003419,-0.001882,-0.482295,0.876000
46.366667,-41.808844,17.793785,15.103731,0.003567,-0.001971,-0.483563,0.875300
46.383333,-41.794713,17.802621,15.103872,0.003716,-0.002060,-0.484843,0.874591
46.400000,-41.780582,17.811457,15.104014,0.003866,-0.002150,-0.486123,0.873879
46.416667,-41.766451,17.820292,15.104155,0.003989,-0.002226,-0.487190,0.873284
46.433333,-41.752320,17.829128,15.104296,0.004061,-0.002269,-0.487820,0.872932
46.450000,-41.738066,17.837763,15.104464,0.004132,-0.002313,-0.488449,0.872579
46.466667,-41.723809,17.846394,15.104633,0.004247,-0.002384,-0.489464,0.872010
46.483333,-41.709552,17.855025,15.104802,0.004388,-0.002471,-0.490706,0.871311
46.500000,-41.695295,17.863655,15.104972,0.004528,-0.002558,-0.491946,0.870610
46.516667,-41.681038,17.872286,15.105141,0.004668,-0.002646,-0.493185,0.869908
46.533333,-41.666781,17.880917,15.105310,0.004738,-0.002691,-0.493810,0.869553
46.550000,-41.652449,17.889420,15.105496,0.004807,-0.002734,-0.494421,0.869205
46.566667,-41.638072,17.897850,15.105692,0.004894,-0.002790,-0.495199,0.868761
46.583333,-41.623695,17.906279,15.105888,0.005030,-0.002876,-0.496404,0.868072
46.600000,-41.609319,17.914708,15.106084,0.005165,-0.002963,-0.497608,0.867382
46.616667,-41.594942,17.923137,15.106280,0.005300,-0.003050,-0.498811,0.866689
46.633333,-41.580566,17.931567,15.106477,0.005392,-0.003110,-0.499631,0.866216
46.650000,-41.566157,17.939940,15.106680,0.005459,-0.003154,-0.500224,0.865873
46.666667,-41.551666,17.948172,15.106903,0.005525,-0.003197,-0.500817,0.865529
46.683333,-41.537176,17.956403,15.107125,0.005648,-0.003278,-0.501944,0.864876
46.700000,-41.522685,17.964634,15.107348,0.005775,-0.003362,-0.503108,0.864197
46.716667,-41.508195,17.972865,15.107571,0.005902,-0.003447,-0.504272,0.863518
46.733333,-41.493704,17.981096,15.107793,0.006010,-0.003519,-0.505269,0.862934
46.750000,-41.479214,17.989328,15.108016,0.006070,-0.003560,-0.505840,0.862599
46.766667,-41.464623,17.997379,15.108261,0.006130,-0.003600,-0.506411,0.862263
46.783333,-41.450025,18.005418,15.108508,0.006223,-0.003663,-0.507308,0.861735
46.800000,-41.435427,18.013456,15.108755,0.006339,-0.003743,-0.508437,0.861068
46.816667,-41.420829,18.021494,15.109001,0.006454,-0.003822,-0.509566,0.860399
46.833333,-41.406231,18.029533,15.109248,0.006569,-0.003902,-0.510694,0.859729
46.850000,-41.391633,18.037571,15.109495,0.006629,-0.003944,-0.511290,0.859373
46.866667,-41.376975,18.045498,15.109755,0.006684,-0.003983,-0.511848,0.859041
46.883333,-41.362274,18.053346,15.110024,0.006752,-0.004030,-0.512532,0.858632
46.900000,-41.347574,18.061194,15.110294,0.006861,-0.004107,-0.513629,0.857975
46.916667,-41.332873,18.069042,15.110563,0.006969,-0.004184,-0.514725,0.857317
46.933333,-41.318172,18.076890,15.110832,0.007078,-0.004262,-0.515820,0.856657
46.950000,-41.303471,18.084738,15.111101,0.007154,-0.004316,-0.516590,0.856192
46.966667,-41.288747,18.092542,15.111376,0.007207,-0.004355,-0.517128,0.855867
46.983333,-41.273949,18.100205,15.111667,0.007260,-0.004393,-0.517666,0.855541
47.000000,-41.259151,18.107867,15.111958,0.007357,-0.004463,-0.518664,0.854935
47.016667,-41.244353,18.115529,15.112249,0.007459,-0.004538,-0.519722,0.854291
47.033333,-41.229555,18.123192,15.112540,0.007561,-0.004613,-0.520778,0.853646
47.050000,-41.214757,18.130854,15.112831,0.007650,-0.004678,-0.521709,0.853077
47.066667,-41.199959,18.138516,15.113122,0.007699,-0.004715,-0.522228,0.852758
47.083333,-41.185079,18.146018,15.113431,0.007748,-0.004751,-0.522747,0.852440
47.100000,-41.170189,18.153499,15.113742,0.007820,-0.004806,-0.523541,0.851951
47.116667,-41.155299,18.160980,15.114053,0.007911,-0.004875,-0.524572,0.851315
47.133333,-41.140409,18.168462,15.114365,0.008003,-0.004945,-0.525602,0.850678
47.150000,-41.125519,18.175943,15.114676,0.008094,-0.005015,-0.526632,0.850040
47.166667,-41.110629,18.183424,15.114987,0.008142,-0.005052,-0.527202,0.849686
47.183333,-41.095692,18.190809,15.115308,0.008184,-0.005085,-0.527714,0.849368
47.200000,-41.080713,18.198110,15.115637,0.008235,-0.005125,-0.528318,0.848991
47.216667,-41.065734,18.205411,15.115966,0.008323,-0.005193,-0.529323,0.848364
47.233333,-41.050756,18.212712,15.116295,0.008410,-0.005261,-0.530327,0.847735
47.250000,-41.035777,18.220014,15.116625,0.008497,-0.005330,-0.531330,0.847106
47.266667,-41.020798,18.227315,15.116954,0.008562,-0.005380,-0.532059,0.846647
47.283333,-41.005804,18.234583,15.117286,0.008607,-0.005416,-0.532551,0.846337
47.300000,-40.990741,18.241709,15.117634,0.008651,-0.005451,-0.533044,0.846026
47.316667,-40.975679,18.248835,15.117982,0.008728,-0.005512,-0.533939,0.845460
47.333333,-40.960617,18.255962,15.118330,0.008810,-0.005578,-0.534910,0.844845
47.350000,-40.945554,18.263088,15.118679,0.008892,-0.005645,-0.535880,0.844228
47.366667,-40.930492,18.270214,15.119027,0.008966,-0.005704,-0.536757,0.843670
47.383333,-40.915430,18.277340,15.119375,0.009003,-0.005735,-0.537236,0.843365
47.400000,-40.900300,18.284322,15.119736,0.009041,-0.005766,-0.537714,0.843059
47.416667,-40.885158,18.291277,15.120100,0.009094,-0.005811,-0.538423,0.842606
47.433333,-40.870017,18.298231,15.120464,0.009164,-0.005871,-0.539370,0.841999
47.450000,-40.854875,18.305186,15.120828,0.009234,-0.005930,-0.540317,0.841390
47.466667,-40.839733,18.312140,15.121192,0.009304,-0.005990,-0.541263,0.840781
47.483333,-40.824591,18.319095,15.121557,0.009343,-0.006023,-0.541808,0.840429
47.500000,-40.809411,18.325966,15.121928,0.009376,-0.006052,-0.542276,0.840126
47.516667,-40.794193,18.332751,15.122306,0.009413,-0.006084,-0.542810,0.839781
47.533333,-40.778975,18.339537,15.122684,0.009478,-0.006141,-0.543735,0.839181
47.550000,-40.763756,18.346322,15.123063,0.009543,-0.006198,-0.544660,0.838580
47.566667,-40.748538,18.353107,15.123441,0.009608,-0.006255,-0.545584,0.837978
47.583333,-40.733320,18.359892,15.123820,0.009656,-0.006298,-0.546278,0.837525
47.600000,-40.718091,18.366653,15.124200,0.009689,-0.006327,-0.546734,0.837226
47.616667,-40.702800,18.373272,15.124593,0.009721,-0.006355,-0.547190,0.836928
47.633333,-40.687509,18.379890,15.124985,0.009777,-0.006406,-0.547999,0.836397
47.650000,-40.672218,18.386509,15.125378,0.009839,-0.006462,-0.548899,0.835806
47.666667,-40.656927,18.393128,15.125770,0.009901,-0.006518,-0.549798,0.835214
47.683333,-40.641636,18.399746,15.126163,0.009959,-0.006570,-0.550632,0.834663
47.700000,-40.626344,18.406365,15.126555,0.009989,-0.006598,-0.551076,0.834369
47.716667,-40.610998,18.412854,15.126959,0.010019,-0.006625,-0.551519,0.834076
47.733333,-40.595638,18.419310,15.127365,0.010059,-0.006662,-0.552156,0.833653
47.750000,-40.580278,18.425765,15.127771,0.010111,-0.006712,-0.553034,0.833070
47.766667,-40.564917,18.432221,15.128177,0.010163,-0.006762,-0.553911,0.832486
47.783333,-40.549557,18.438676,15.128583,0.010214,-0.006812,-0.554788,0.831901
47.800000,-40.534197,18.445132,15.128989,0.010242,-0.006840,-0.555313,0.831550
47.816667,-40.518807,18.451516,15.129399,0.010264,-0.006862,-0.555747,0.831260
47.833333,-40.503380,18.457810,15.129815,0.010288,-0.006886,-0.556221,0.830942
47.850000,-40.487954,18.464105,15.130231,0.010335,-0.006934,-0.557078,0.830367
47.866667,-40.472527,18.470400,15.130647,0.010382,-0.006981,-0.557934,0.829791
47.883333,-40.457100,18.476694,15.131064,0.010429,-0.007028,-0.558790,0.829214
47.900000,-40.441674,18.482989,15.131480,0.010466,-0.007065,-0.559452,0.828766
47.916667,-40.426241,18.489268,15.131897,0.010492,-0.007090,-0.559875,0.828481
47.933333,-40.410751,18.495405,15.132325,0.010517,-0.007115,-0.560297,0.828195
47.950000,-40.395261,18.501542,15.132752,0.010558,-0.007157,-0.561033,0.827695
47.966667,-40.379772,18.507679,15.133180,0.010604,-0.007203,-0.561874,0.827123
47.983333,-40.364282,18.513816,15.133608,0.010650,-0.007250,-0.562715,0.826551
48.000000,-40.348792,18.519953,15.134036,0.010693,-0.007295,-0.563515,0.826005
48.016667,-40.333302,18.526090,15.134464,0.010713,-0.007317,-0.563934,0.825718
48.033333,-40.317767,18.532109,15.134899,0.010734,-0.007339,-0.564353,0.825431
48.050000,-40.302216,18.538088,15.135336,0.010759,-0.007367,-0.564932,0.825034
48.066667,-40.286665,18.544067,15.135774,0.010791,-0.007405,-0.565754,0.824470
48.083333,-40.271114,18.550047,15.136211,0.010824,-0.007443,-0.566576,0.823905
48.100000,-40.255562,18.556026,15.136649,0.010856,-0.007481,-0.567397,0.823339
48.116667,-40.240011,18.562005,15.137086,0.010873,-0.007503,-0.567905,0.822988
48.133333,-40.224437,18.567923,15.137526,0.010885,-0.007519,-0.568308,0.822710
48.150000,-40.208829,18.573750,15.137970,0.010898,-0.007536,-0.568731,0.822417
48.166667,-40.193220,18.579577,15.138414,0.010928,-0.007573,-0.569533,0.821861
48.183333,-40.177611,18.585403,15.138858,0.010957,-0.007609,-0.570335,0.821304
48.200000,-40.162003,18.591230,15.139302,0.010987,-0.007646,-0.571137,0.820746
48.216667,-40.146394,18.597057,15.139746,0.011012,-0.007675,-0.571777,0.820299
48.233333,-40.130782,18.602875,15.140190,0.011029,-0.007696,-0.572177,0.820020
48.250000,-40.115118,18.608550,15.140643,0.011047,-0.007716,-0.572576,0.819741
48.266667,-40.099453,18.614224,15.141095,0.011070,-0.007746,-0.573251,0.819268
48.283333,-40.083789,18.619898,15.141548,0.011096,-0.007780,-0.574044,0.818712
48.300000,-40.068125,18.625573,15.142000,0.011122,-0.007815,-0.574837,0.818155
48.316667,-40.052460,18.631247,15.142453,0.011147,-0.007848,-0.575609,0.817612
48.333333,-40.036796,18.636921,15.142905,0.011156,-0.007862,-0.576002,0.817334
48.350000,-40.021093,18.642489,15.143361,0.011165,-0.007876,-0.576396,0.817056
48.366667,-40.005375,18.648012,15.143819,0.011176,-0.007895,-0.576925,0.816682
48.383333,-39.989657,18.653535,15.144276,0.011194,-0.007924,-0.577703,0.816132
48.400000,-39.973939,18.659058,15.144734,0.011212,-0.007953,-0.578481,0.815580
48.416667,-39.958220,18.664581,15.145191,0.011230,-0.007982,-0.579258,0.815028
48.433333,-39.942502,18.670104,15.145649,0.011242,-0.008000,-0.579759,0.814671
48.450000,-39.926766,18.675575,15.146108,0.011251,-0.008015,-0.580143,0.814397
48.466667,-39.910996,18.680949,15.146571,0.011261,-0.008030,-0.580529,0.814122
48.483333,-39.895226,18.686324,15.147034,0.011276,-0.008056,-0.581303,0.813569
48.500000,-39.879457,18.691698,15.147497,0.011290,-0.008083,-0.582073,0.813018
48.516667,-39.863687,18.697073,15.147960,0.011305,-0.008110,-0.582837,0.812470
48.533333,-39.847918,18.702447,15.148423,0.011316,-0.008131,-0.583463,0.812021
48.550000,-39.832148,18.707821,15.148886,0.011321,-0.008142,-0.583840,0.811749
48.566667,-39.815852,18.713207,15.149367,0.011326,-0.008154,-0.584216,0.811479
48.583333,-39.799557,18.718592,15.149847,0.011334,-0.008174,-0.584905,0.810981
48.600000,-39.783261,18.723978,15.150328,0.011342,-0.008196,-0.585672,0.810428
48.616667,-39.766965,18.729363,15.150809,0.011349,-0.008218,-0.586424,0.809883
48.633333,-39.750670,18.734749,15.151289,0.011357,-0.008239,-0.587162,0.809348
48.650000,-39.734374,18.740134,15.151770,0.011360,-0.008249,-0.587539,0.809074
48.666667,-39.718037,18.745394,15.152253,0.011363,-0.008259,-0.587911,0.808804
48.683333,-39.700754,18.750929,15.152764,0.011365,-0.008277,-0.588643,0.808271
48.700000,-39.683471,18.756465,15.153275,0.011368,-0.008295,-0.589401,0.807718
48.716667,-39.666188,18.762001,15.153786,0.011370,-0.008313,-0.590140,0.807178
48.733333,-39.648905,18.767537,15.154298,0.011372,-0.008330,-0.590864,0.806648
48.750000,-39.631621,18.773073,15.154809,0.011372,-0.008339,-0.591282,0.806342
48.766667,-39.614290,18.778457,15.155322,0.011372,-0.008350,-0.591800,0.805961
48.783333,-39.595958,18.784145,15.155864,0.011371,-0.008366,-0.592558,0.805404
48.800000,-39.577625,18.789834,15.156406,0.011370,-0.008381,-0.593298,0.804859
48.816667,-39.559293,18.795522,15.156949,0.011368,-0.008396,-0.594022,0.804325
48.833333,-39.540961,18.801211,15.157491,0.011367,-0.008411,-0.594729,0.803802
48.850000,-39.522608,18.806832,15.158034,0.011365,-0.008418,-0.595157,0.803485
48.866667,-39.503188,18.812666,15.158608,0.011355,-0.008427,-0.595908,0.802928
48.883333,-39.483768,18.818500,15.159183,0.011345,-0.008436,-0.596642,0.802383
48.900000,-39.464348,18.824335,15.159757,0.011335,-0.008444,-0.597360,0.801849
48.916667,-39.444928,18.830169,15.160332,0.011325,-0.008452,-0.598062,0.801325
48.933333,-39.425499,18.835974,15.160906,0.011314,-0.008458,-0.598690,0.800856
48.950000,-39.404976,18.841940,15.161509,0.011297,-0.008462,-0.599431,0.800302
48.966667,-39.384453,18.847906,15.162111,0.011281,-0.008465,-0.600155,0.799759
48.983333,-39.363930,18.853872,15.162714,0.011264,-0.008469,-0.600864,0.799227
49.000000,-39.343407,18.859838,15.163317,0.011248,-0.008472,-0.601559,0.798704
49.016667,-39.322873,18.865765,15.163919,0.011229,-0.008475,-0.602361,0.798100
49.033333,-39.301256,18.871842,15.164550,0.011210,-0.008477,-0.603091,0.797549
49.050000,-39.279638,18.877919,15.165182,0.011192,-0.008479,-0.603806,0.797007
49.066667,-39.258020,18.883996,15.165813,0.011174,-0.008481,-0.604508,0.796476
49.083333,-39.236403,18.890073,15.166444,0.011156,-0.008483,-0.605196,0.795953
49.100000,-39.214759,18.896057,15.167073,0.011122,-0.008477,-0.606152,0.795226
49.116667,-39.192079,18.902217,15.167730,0.011091,-0.008470,-0.606876,0.794674
49.133333,-39.169398,18.908377,15.168387,0.011061,-0.008463,-0.607588,0.794131
49.150000,-39.146718,18.914537,15.169043,0.011032,-0.008456,-0.608286,0.793596
49.166667,-39.124037,18.920697,15.169700,0.010995,-0.008447,-0.609188,0.792904
49.183333,-39.101305,18.926662,15.170348,0.010957,-0.008438,-0.610067,0.792229
49.200000,-39.077617,18.932870,15.171022,0.010925,-0.008429,-0.610775,0.791684
49.216667,-39.053928,18.939078,15.171697,0.010893,-0.008419,-0.611471,0.791147
49.233333,-39.030240,18.945286,15.172372,0.010850,-0.008404,-0.612307,0.790501
49.250000,-39.006520,18.951369,15.173043,0.010791,-0.008382,-0.613351,0.789693
49.266667,-38.981905,18.957592,15.173737,0.010751,-0.008365,-0.614054,0.789146
49.283333,-38.957291,18.963815,15.174430,0.010711,-0.008349,-0.614747,0.788608
49.300000,-38.932676,18.970037,15.175124,0.010664,-0.008331,-0.615560,0.787973
49.316667,-38.908038,18.976169,15.175812,0.010606,-0.008308,-0.616598,0.787163
49.333333,-38.882600,18.982361,15.176511,0.010557,-0.008287,-0.617419,0.786520
49.350000,-38.857162,18.988554,15.177211,0.010512,-0.008267,-0.618113,0.785975
49.366667,-38.831724,18.994747,15.177911,0.010453,-0.008239,-0.618946,0.785320
49.383333,-38.806267,19.000857,15.178607,0.010374,-0.008198,-0.619982,0.784505
49.400000,-38.780135,19.006976,15.179315,0.010306,-0.008164,-0.620862,0.783809
49.416667,-38.754002,19.013095,15.180023,0.010254,-0.008137,-0.621551,0.783265
49.433333,-38.727870,19.019213,15.180730,0.010185,-0.008101,-0.622425,0.782571
49.450000,-38.701716,19.025236,15.181429,0.010103,-0.008057,-0.623459,0.781749
49.466667,-38.675043,19.031236,15.182128,0.010028,-0.008017,-0.624359,0.781032
49.483333,-38.648369,19.037236,15.182828,0.009965,-0.007980,-0.625050,0.780480
49.500000,-38.621696,19.043235,15.183527,0.009877,-0.007930,-0.625985,0.779732
49.516667,-38.594995,19.049106,15.184216,0.009781,-0.007873,-0.627016,0.778905
49.533333,-38.567958,19.054935,15.184905,0.009699,-0.007826,-0.627900,0.778194
49.550000,-38.540921,19.060763,15.185594,0.009636,-0.007789,-0.628592,0.777636
49.566667,-38.513884,19.066591,15.186283,0.009535,-0.007728,-0.629597,0.776825
49.583333,-38.486811,19.072249,15.186957,0.009429,-0.007663,-0.630633,0.775986
49.600000,-38.459614,19.077860,15.187628,0.009340,-0.007607,-0.631479,0.775299
49.616667,-38.432417,19.083471,15.188298,0.009260,-0.007557,-0.632202,0.774711
49.633333,-38.405220,19.089082,15.188969,0.009139,-0.007479,-0.633247,0.773859
49.650000,-38.377979,19.094474,15.189613,0.009019,-0.007401,-0.634290,0.773007
49.666667,-38.350732,19.099840,15.190255,0.008922,-0.007337,-0.635089,0.772353
49.683333,-38.323485,19.105207,15.190897,0.008821,-0.007269,-0.635889,0.771696
49.700000,-38.296234,19.110552,15.191537,0.008685,-0.007176,-0.636946,0.770826
49.716667,-38.268936,19.115670,15.192149,0.008548,-0.007083,-0.638001,0.769955
49.733333,-38.241638,19.120788,15.192762,0.008451,-0.007016,-0.638745,0.769340
49.750000,-38.214339,19.125906,15.193374,0.008333,-0.006934,-0.639623,0.768612
49.766667,-38.187028,19.130954,15.193977,0.008187,-0.006832,-0.640689,0.767726
49.783333,-38.159675,19.135820,15.194557,0.008045,-0.006732,-0.641723,0.766865
49.800000,-38.132322,19.140687,15.195136,0.007943,-0.006660,-0.642435,0.766270
49.816667,-38.104969,19.145554,15.195716,0.007798,-0.006555,-0.643394,0.765468
49.833333,-38.077594,19.150301,15.196279,0.007631,-0.006433,-0.644474,0.764561
49.850000,-38.050183,19.154915,15.196822,0.007479,-0.006320,-0.645454,0.763737
49.866667,-38.022771,19.159529,15.197366,0.007361,-0.006233,-0.646178,0.763126
49.883333,-37.995359,19.164143,15.197910,0.007189,-0.006104,-0.647223,0.762242
49.900000,-37.967918,19.168581,15.198424,0.007009,-0.005969,-0.648319,0.761314
49.916667,-37.940444,19.172934,15.198922,0.006855,-0.005852,-0.649244,0.760526
49.933333,-37.912969,19.177287,15.199421,0.006723,-0.005751,-0.650006,0.759877
49.950000,-37.885494,19.181640,15.199920,0.006519,-0.005593,-0.651125,0.758922
49.966667,-37.857984,19.185762,15.200381,0.006316,-0.005435,-0.652242,0.757965
49.983333,-37.830443,19.189850,15.200837,0.006156,-0.005309,-0.653114,0.757216
50.000000,-37.802902,19.193939,15.201293,0.005995,-0.005183,-0.653957,0.756490
50.016667,-37.775358,19.198010,15.201745,0.005774,-0.005006,-0.655055,0.755542
50.033333,-37.747747,19.201827,15.202147,0.005554,-0.004830,-0.656151,0.754593
50.050000,-37.720136,19.205643,15.202549,0.005388,-0.004694,-0.656928,0.753919
50.066667,-37.692525,19.209460,15.202950,0.005182,-0.004526,-0.657804,0.753158
50.083333,-37.664904,19.213208,15.203336,0.004924,-0.004312,-0.658844,0.752251
50.100000,-37.637223,19.216774,15.203679,0.004671,-0.004102,-0.659859,0.751363
50.116667,-37.609542,19.220341,15.204022,0.004489,-0.003950,-0.660520,0.750784
50.133333,-37.581861,19.223907,15.204365,0.004233,-0.003732,-0.661364,0.750044
50.150000,-37.554166,19.227364,15.204674,0.003942,-0.003485,-0.662289,0.749230
50.166667,-37.526414,19.230704,15.204944,0.003674,-0.003255,-0.663120,0.748497
50.183333,-37.498663,19.234044,15.205214,0.003466,-0.003075,-0.663697,0.747987
50.200000,-37.470911,19.237384,15.205485,0.003145,-0.002797,-0.664479,0.747295
50.216667,-37.443144,19.240588,15.205700,0.002814,-0.002508,-0.665280,0.746585
50.233333,-37.415323,19.243738,15.205890,0.002531,-0.002259,-0.665931,0.746005
50.250000,-37.387502,19.246887,15.206080,0.002281,-0.002039,-0.666441,0.745551
50.266667,-37.359682,19.250036,15.206270,0.001913,-0.001713,-0.667095,0.744968
50.283333,-37.331844,19.253034,15.206376,0.001547,-0.001387,-0.667747,0.744385
50.300000,-37.303953,19.256021,15.206474,0.001255,-0.001128,-0.668218,0.743964
50.316667,-37.276062,19.259009,15.206573,0.000944,-0.000849,-0.668647,0.743579
50.333333,-37.248169,19.261980,15.206657,0.000543,-0.000489,-0.669146,0.743131
50.350000,-37.220209,19.264850,15.206653,0.000142,-0.000128,-0.669644,0.742682
50.366667,-37.192248,19.267720,15.206650,-0.000147,0.000133,-0.669939,0.742416
50.383333,-37.164287,19.270589,15.206646,-0.000526,0.000475,-0.670247,0.742138
50.400000,-37.136324,19.273428,15.206602,-0.000967,0.000874,-0.670576,0.741840
50.416667,-37.108293,19.276221,15.206490,-0.001389,0.001256,-0.670882,0.741562
50.433333,-37.080263,19.279014,15.206377,-0.001695,0.001534,-0.671045,0.741413
50.450000,-37.052232,19.281807,15.206264,-0.002143,0.001941,-0.671200,0.741271
50.466667,-37.024200,19.284575,15.206076,-0.002614,0.002368,-0.671352,0.741130
50.483333,-36.996099,19.287333,15.205839,-0.003031,0.002746,-0.671464,0.741026
50.500000,-36.967998,19.290091,15.205602,-0.003381,0.003064,-0.671498,0.740992
50.516667,-36.939897,19.292849,15.205365,-0.003888,0.003523,-0.671472,0.741012
50.533333,-36.911798,19.295614,15.205020,-0.004395,0.003983,-0.671445,0.741030
50.550000,-36.883627,19.298387,15.204657,-0.004802,0.004351,-0.671386,0.741079
50.566667,-36.855456,19.301160,15.204294,-0.005218,0.004726,-0.671255,0.741193
50.583333,-36.827286,19.303939,15.203913,-0.005743,0.005199,-0.671047,0.741374
50.600000,-36.799045,19.306771,15.203411,-0.006268,0.005670,-0.670838,0.741555
50.616667,-36.770804,19.309603,15.202910,-0.006650,0.006012,-0.670640,0.741729
50.633333,-36.742563,19.312435,15.202408,-0.007143,0.006453,-0.670319,0.742011
50.650000,-36.714327,19.315305,15.201852,-0.007700,0.006949,-0.669939,0.742344
50.666667,-36.686016,19.318242,15.201211,-0.008234,0.007424,-0.669567,0.742669
50.683333,-36.657705,19.321178,15.200571,-0.008611,0.007757,-0.669256,0.742941
50.700000,-36.629394,19.324115,15.199930,-0.009177,0.008255,-0.668711,0.743420
50.716667,-36.601095,19.327145,15.199189,-0.009749,0.008756,-0.668157,0.743905
50.733333,-36.572715,19.330228,15.198396,-0.010249,0.009193,-0.667655,0.744343
50.750000,-36.544335,19.333311,15.197604,-0.010696,0.009581,-0.667151,0.744784
50.766667,-36.515954,19.336394,15.196812,-0.011292,0.010095,-0.666439,0.745406
50.783333,-36.487598,19.339654,15.195878,-0.011887,0.010607,-0.665726,0.746026
50.800000,-36.459150,19.342929,15.194936,-0.012348,0.011001,-0.665138,0.746537
50.816667,-36.430702,19.346205,15.193994,-0.012864,0.011439,-0.664410,0.747170
50.833333,-36.402263,19.349540,15.193010,-0.013463,0.011944,-0.663545,0.747920
50.850000,-36.373749,19.353043,15.191912,-0.014061,0.012446,-0.662680,0.748668
50.866667,-36.345234,19.356546,15.190814,-0.014469,0.012786,-0.662051,0.749210
50.883333,-36.316720,19.360049,15.189716,-0.015060,0.013274,-0.661083,0.750044
50.900000,-36.288228,19.363701,15.188530,-0.015667,0.013772,-0.660086,0.750900
50.916667,-36.259649,19.367469,15.187279,-0.016217,0.014221,-0.659169,0.751685
50.933333,-36.231071,19.371237,15.186028,-0.016675,0.014591,-0.658350,0.752386
50.950000,-36.202492,19.375005,15.184777,-0.017284,0.015079,-0.657231,0.753341
50.966667,-36.173955,19.379031,15.183387,-0.017892,0.015563,-0.656111,0.754291
50.983333,-36.145314,19.383094,15.181981,-0.018381,0.015950,-0.655193,0.755070
51.000000,-36.116674,19.387156,15.180575,-0.018915,0.016367,-0.654136,0.755963
51.016667,-36.088047,19.391301,15.179128,-0.019524,0.016840,-0.652914,0.756993
51.033333,-36.059347,19.395685,15.177567,-0.020134,0.017310,-0.651693,0.758018
51.050000,-36.030647,19.400070,15.176005,-0.020554,0.017631,-0.650819,0.758750
51.066667,-36.001947,19.404455,15.174443,-0.021156,0.018084,-0.649510,0.759843
51.083333,-35.973285,19.409044,15.172789,-0.021757,0.018534,-0.648203,0.760931
51.100000,-35.944528,19.413774,15.171075,-0.022303,0.018940,-0.647006,0.761923
51.116667,-35.915771,19.418503,15.169360,-0.022774,0.019284,-0.645922,0.762820
51.133333,-35.887014,19.423233,15.167646,-0.023360,0.019709,-0.644544,0.763956
51.150000,-35.858203,19.428324,15.165783,-0.023947,0.020131,-0.643167,0.765086
51.166667,-35.829392,19.433416,15.163921,-0.024407,0.020458,-0.642066,0.765987
51.183333,-35.800580,19.438508,15.162059,-0.024944,0.020836,-0.640737,0.767072
51.200000,-35.771798,19.443738,15.160143,-0.025521,0.021238,-0.639306,0.768236
51.216667,-35.742934,19.449208,15.158138,-0.026098,0.021637,-0.637875,0.769393
51.233333,-35.714071,19.454677,15.156132,-0.026517,0.021923,-0.636796,0.770264
51.250000,-35.685208,19.460147,15.154126,-0.027074,0.022297,-0.635324,0.771449
51.266667,-35.656408,19.465904,15.152012,-0.027631,0.022668,-0.633852,0.772628
51.283333,-35.627495,19.471762,15.149861,-0.028112,0.022986,-0.632570,0.773652
51.300000,-35.598582,19.477619,15.147711,-0.028594,0.023299,-0.631250,0.774702
51.316667,-35.569688,19.483556,15.145534,-0.029137,0.023649,-0.629754,0.775888
51.333333,-35.540726,19.489809,15.143251,-0.029679,0.023996,-0.628259,0.777068
51.350000,-35.511764,19.496063,15.140968,-0.030086,0.024251,-0.627104,0.777976
51.366667,-35.482802,19.502316,15.138685,-0.030603,0.024571,-0.625599,0.779157
51.383333,-35.453900,19.508810,15.136323,-0.031119,0.024888,-0.624096,0.780331
51.400000,-35.424891,19.515462,15.133907,-0.031596,0.025179,-0.622702,0.781415
51.416667,-35.395882,19.522114,15.131491,-0.032031,0.025439,-0.621407,0.782419
51.433333,-35.366882,19.528806,15.129062,-0.032533,0.025737,-0.619899,0.783585
51.450000,-35.337825,19.535857,15.126521,-0.033035,0.026033,-0.618392,0.784744
51.466667,-35.308768,19.542908,15.123979,-0.033432,0.026262,-0.617182,0.785671
51.483333,-35.279711,19.549959,15.121437,-0.033907,0.026533,-0.615685,0.786816
51.500000,-35.250713,19.557222,15.118832,-0.034382,0.026800,-0.614189,0.787954
51.516667,-35.221609,19.564677,15.116167,-0.034838,0.027054,-0.612750,0.789045
51.533333,-35.192505,19.572131,15.113503,-0.035229,0.027268,-0.611474,0.790009
51.550000,-35.163409,19.579610,15.110831,-0.035681,0.027512,-0.609991,0.791126
51.566667,-35.134256,19.587460,15.108052,-0.036132,0.027753,-0.608510,0.792237
51.583333,-35.105103,19.595310,15.105273,-0.036504,0.027948,-0.607273,0.793162
51.600000,-35.075950,19.603159,15.102494,-0.036932,0.028170,-0.605816,0.794248
51.616667,-35.046859,19.611212,15.099661,-0.037359,0.028389,-0.604362,0.795327
51.633333,-35.017656,19.619457,15.096771,-0.037775,0.028600,-0.602944,0.796376
51.650000,-34.988454,19.627702,15.093882,-0.038137,0.028779,-0.601675,0.797311
51.666667,-34.959262,19.635982,15.090984,-0.038543,0.028978,-0.600241,0.798365
51.683333,-34.930008,19.644616,15.087987,-0.038948,0.029175,-0.598809,0.799412
51.700000,-34.900754,19.653251,15.084991,-0.039296,0.029341,-0.597564,0.800320
51.716667,-34.871500,19.661885,15.081995,-0.039679,0.029520,-0.596168,0.801335
51.733333,-34.842318,19.670738,15.078944,-0.040060,0.029696,-0.594774,0.802345
51.750000,-34.813010,19.679759,15.075847,-0.040426,0.029864,-0.593432,0.803313
51.766667,-34.783703,19.688779,15.072750,-0.040765,0.030016,-0.592159,0.804230
51.783333,-34.754419,19.697869,15.069636,-0.041128,0.030176,-0.590793,0.805209
51.800000,-34.725052,19.707264,15.066444,-0.041490,0.030335,-0.589430,0.806183
51.816667,-34.695686,19.716658,15.063251,-0.041811,0.030473,-0.588205,0.807056
51.833333,-34.666320,19.726053,15.060059,-0.042151,0.030617,-0.586885,0.807992
51.850000,-34.637044,19.735703,15.056805,-0.042491,0.030758,-0.585569,0.808924
51.866667,-34.607619,19.745473,15.053516,-0.042806,0.030889,-0.584340,0.809790
51.883333,-34.578194,19.755244,15.050228,-0.043127,0.031017,-0.583048,0.810699
51.900000,-34.548813,19.765135,15.046912,-0.043447,0.031143,-0.581759,0.811602
51.916667,-34.519322,19.775266,15.043537,-0.043766,0.031267,-0.580473,0.812501
51.933333,-34.489832,19.785396,15.040161,-0.044055,0.031377,-0.579280,0.813332
51.950000,-34.460344,19.795535,15.036784,-0.044354,0.031489,-0.578042,0.814192
51.966667,-34.430786,19.806028,15.033325,-0.044651,0.031600,-0.576807,0.815047
51.983333,-34.401228,19.816521,15.029866,-0.044937,0.031704,-0.575612,0.815871
52.000000,-34.371670,19.827014,15.026407,-0.045220,0.031805,-0.574406,0.816702
52.016667,-34.342185,19.837696,15.022906,-0.045503,0.031904,-0.573203,0.817527
52.033333,-34.312554,19.848536,15.019362,-0.045784,0.032002,-0.572005,0.818346
52.050000,-34.282922,19.859377,15.015819,-0.046053,0.032094,-0.570845,0.819137
52.066667,-34.253327,19.870310,15.012257,-0.046321,0.032184,-0.569688,0.819923
52.083333,-34.223619,19.881496,15.008635,-0.046588,0.032273,-0.568535,0.820705
52.100000,-34.193911,19.892683,15.005013,-0.046846,0.032356,-0.567384,0.821483
52.116667,-34.164205,19.903875,15.001390,-0.047094,0.032433,-0.566261,0.822240
52.133333,-34.134415,19.915399,14.997691,-0.047341,0.032509,-0.565141,0.822993
52.150000,-34.104625,19.926923,14.993992,-0.047593,0.032585,-0.563995,0.823762
52.166667,-34.074834,19.938447,14.990294,-0.047827,0.032653,-0.562911,0.824486
52.183333,-34.045122,19.950158,14.986560,-0.048060,0.032721,-0.561831,0.825206
52.200000,-34.015245,19.962015,14.982789,-0.048305,0.032791,-0.560693,0.825963
52.216667,-33.985368,19.973871,14.979018,-0.048525,0.032852,-0.559648,0.826656
52.233333,-33.955539,19.985841,14.975226,-0.048744,0.032911,-0.558606,0.827346
52.250000,-33.925571,19.998024,14.971383,-0.048962,0.032969,-0.557567,0.828031
52.266667,-33.895603,20.010207,14.967539,-0.049187,0.033028,-0.556477,0.828748
52.283333,-33.865656,20.022440,14.963687,-0.049395,0.033081,-0.555474,0.829406
52.300000,-33.835591,20.034943,14.959775,-0.049601,0.033133,-0.554473,0.830061
52.316667,-33.805526,20.047446,14.955863,-0.049820,0.033187,-0.553395,0.830765
52.333333,-33.775461,20.059950,14.951951,-0.050015,0.033233,-0.552428,0.831395
52.350000,-33.745495,20.072676,14.947999,-0.050208,0.033278,-0.551465,0.832021
52.366667,-33.715328,20.085495,14.944020,-0.050420,0.033327,-0.550403,0.832709
52.383333,-33.685161,20.098313,14.940040,-0.050604,0.033368,-0.549476,0.833308
52.400000,-33.655070,20.111300,14.936032,-0.050787,0.033408,-0.548553,0.833903
52.416667,-33.624796,20.124428,14.931986,-0.050994,0.033455,-0.547519,0.834567
52.433333,-33.594522,20.137557,14.927941,-0.051175,0.033497,-0.546636,0.835134
52.450000,-33.564303,20.150805,14.923875,-0.051354,0.033537,-0.545760,0.835694
52.466667,-33.533915,20.164235,14.919765,-0.051550,0.033583,-0.544815,0.836296
52.483333,-33.503527,20.177664,14.915655,-0.051746,0.033632,-0.543914,0.836868
52.500000,-33.473177,20.191174,14.911529,-0.051929,0.033678,-0.543085,0.837393
52.516667,-33.442668,20.204894,14.907350,-0.052119,0.033726,-0.542221,0.837939
52.533333,-33.412158,20.218614,14.903172,-0.052326,0.033780,-0.541314,0.838510
52.550000,-33.381674,20.232385,14.898982,-0.052509,0.033829,-0.540530,0.839003
52.566667,-33.351038,20.246391,14.894731,-0.052695,0.033879,-0.539734,0.839501
52.583333,-33.320403,20.260397,14.890479,-0.052911,0.033938,-0.538827,0.840068
52.600000,-33.289780,20.274430,14.886222,-0.053092,0.033988,-0.538079,0.840534
52.616667,-33.259012,20.288715,14.881901,-0.053272,0.034037,-0.537335,0.840997
52.633333,-33.228243,20.303000,14.877580,-0.053495,0.034100,-0.536440,0.841551
52.650000,-33.197479,20.317295,14.873257,-0.053674,0.034151,-0.535729,0.841990
52.666667,-33.166572,20.331854,14.868865,-0.053852,0.034201,-0.535020,0.842427
52.683333,-33.135664,20.346413,14.864473,-0.054079,0.034267,-0.534151,0.842962
52.700000,-33.104757,20.360972,14.860082,-0.054261,0.034322,-0.533471,0.843378
52.716667,-33.073931,20.375690,14.855648,-0.054442,0.034376,-0.532794,0.843792
52.733333,-33.042879,20.390518,14.851180,-0.054672,0.034445,-0.531945,0.844310
52.750000,-33.011828,20.405346,14.846713,-0.054854,0.034502,-0.531294,0.844706
52.766667,-32.980851,20.420318,14.842206,-0.055036,0.034557,-0.530644,0.845100
52.783333,-32.949650,20.435412,14.837663,-0.055272,0.034632,-0.529821,0.845597
52.800000,-32.918449,20.450506,14.833119,-0.055456,0.034690,-0.529196,0.845975
52.816667,-32.887319,20.465733,14.828539,-0.055638,0.034748,-0.528574,0.846349
52.833333,-32.855964,20.481091,14.823920,-0.055873,0.034822,-0.527782,0.846825
52.850000,-32.824609,20.496448,14.819301,-0.056057,0.034881,-0.527168,0.847192
52.866667,-32.793321,20.511931,14.814643,-0.056236,0.034939,-0.526570,0.847550
52.883333,-32.761806,20.527547,14.809944,-0.056470,0.035014,-0.525800,0.848009
52.900000,-32.730291,20.543164,14.805245,-0.056657,0.035075,-0.525201,0.848365
52.916667,-32.698844,20.558904,14.800509,-0.056838,0.035134,-0.524625,0.848707
52.933333,-32.667165,20.574779,14.795731,-0.057081,0.035216,-0.523873,0.849151
52.950000,-32.635486,20.590654,14.790954,-0.057272,0.035280,-0.523293,0.849494
52.966667,-32.603876,20.606653,14.786137,-0.057458,0.035342,-0.522724,0.849829
52.983333,-32.572029,20.622786,14.781280,-0.057699,0.035423,-0.521989,0.850261
53.000000,-32.540182,20.638918,14.776423,-0.057887,0.035486,-0.521429,0.850589
53.016667,-32.508407,20.655177,14.771518,-0.058080,0.035551,-0.520859,0.850922
53.033333,-32.476387,20.671564,14.766575,-0.058322,0.035633,-0.520149,0.851337
53.050000,-32.444372,20.687959,14.761629,-0.058508,0.035697,-0.519613,0.851648
53.066667,-32.412176,20.704602,14.756605,-0.058709,0.035767,-0.519042,0.851980
53.083333,-32.379980,20.721245,14.751580,-0.058956,0.035853,-0.518357,0.852376
53.100000,-32.347796,20.737909,14.746547,-0.059138,0.035916,-0.517850,0.852669
53.116667,-32.315419,20.754806,14.741438,-0.059348,0.035989,-0.517273,0.853001
53.133333,-32.283042,20.771703,14.736329,-0.059588,0.036074,-0.516618,0.853378
53.150000,-32.250685,20.788636,14.731204,-0.059775,0.036140,-0.516127,0.853659
53.166667,-32.218122,20.805784,14.726005,-0.059999,0.036220,-0.515541,0.853994
53.183333,-32.185560,20.822932,14.720806,-0.060235,0.036305,-0.514926,0.854345
53.200000,-32.153028,20.840134,14.715586,-0.060423,0.036373,-0.514450,0.854616
53.216667,-32.120278,20.857537,14.710297,-0.060660,0.036459,-0.513853,0.854954
53.233333,-32.087527,20.874940,14.705008,-0.060889,0.036541,-0.513278,0.855280
53.250000,-32.054818,20.892413,14.699690,-0.061076,0.036609,-0.512810,0.855544
53.266667,-32.021875,20.910068,14.694312,-0.061324,0.036699,-0.512198,0.855889
53.283333,-31.988931,20.927724,14.688933,-0.061542,0.036778,-0.511661,0.856191
53.300000,-31.956041,20.945468,14.683516,-0.061743,0.036851,-0.511172,0.856466
53.316667,-31.922900,20.963375,14.678046,-0.061988,0.036939,-0.510575,0.856800
53.333333,-31.889761,20.981285,14.672574,-0.062194,0.037014,-0.510075,0.857079
53.350000,-31.856420,20.999445,14.667011,-0.062411,0.037093,-0.509557,0.857368
53.366667,-31.823079,21.017606,14.661447,-0.062658,0.037182,-0.508973,0.857693
53.383333,-31.789757,21.035796,14.655870,-0.062853,0.037253,-0.508511,0.857950
53.400000,-31.756214,21.054214,14.650213,-0.063093,0.037342,-0.507966,0.858251
53.416667,-31.722671,21.072631,14.644556,-0.063343,0.037435,-0.507401,0.858563
53.433333,-31.689163,21.091105,14.638873,-0.063541,0.037509,-0.506962,0.858805
53.450000,-31.655414,21.109778,14.633119,-0.063795,0.037604,-0.506402,0.859112
53.466667,-31.621665,21.128451,14.627366,-0.064031,0.037692,-0.505884,0.859395
53.483333,-31.587969,21.147206,14.621567,-0.064251,0.037775,-0.505412,0.859653
53.500000,-31.554009,21.166132,14.615711,-0.064505,0.037870,-0.504865,0.859951
53.516667,-31.520057,21.185070,14.609849,-0.064725,0.037952,-0.504397,0.860206
53.533333,-31.485884,21.204253,14.603892,-0.064967,0.038044,-0.503891,0.860480
53.550000,-31.451711,21.223436,14.597936,-0.065223,0.038141,-0.503359,0.860768
53.566667,-31.417568,21.242665,14.591957,-0.065433,0.038220,-0.502917,0.861006
53.583333,-31.383180,21.262107,14.585901,-0.065688,0.038316,-0.502390,0.861290
53.600000,-31.348792,21.281550,14.579845,-0.065934,0.038408,-0.501883,0.861563
53.616667,-31.314455,21.301070,14.573746,-0.066162,0.038495,-0.501421,0.861810
53.633333,-31.279847,21.320770,14.567586,-0.066419,0.038592,-0.500904,0.862087
53.650000,-31.245249,21.340485,14.561416,-0.066647,0.038678,-0.500449,0.862330
53.666667,-31.210420,21.360446,14.555149,-0.066906,0.038777,-0.499948,0.862596
53.683333,-31.175590,21.380406,14.548881,-0.067165,0.038877,-0.499443,0.862864
53.700000,-31.140796,21.400420,14.542583,-0.067400,0.038966,-0.498993,0.863102
53.716667,-31.105742,21.420643,14.536207,-0.067661,0.039067,-0.498494,0.863365
53.733333,-31.070689,21.440866,14.529831,-0.067911,0.039162,-0.498018,0.863616
53.750000,-31.035696,21.461179,14.523402,-0.068164,0.039259,-0.497543,0.863865
53.766667,-31.000414,21.481664,14.516917,-0.068426,0.039359,-0.497052,0.864123
53.783333,-30.965158,21.502186,14.510410,-0.068673,0.039454,-0.496594,0.864362
53.800000,-30.929645,21.522935,14.503814,-0.068936,0.039555,-0.496111,0.864614
53.816667,-30.894132,21.543684,14.497218,-0.069197,0.039655,-0.495631,0.864864
53.833333,-30.858675,21.564512,14.490572,-0.069450,0.039753,-0.495174,0.865101
53.850000,-30.822930,21.585528,14.483862,-0.069714,0.039854,-0.494699,0.865346
53.866667,-30.787206,21.606574,14.477132,-0.069975,0.039954,-0.494234,0.865586
53.883333,-30.751224,21.627857,14.470308,-0.070243,0.040058,-0.493762,0.865829
53.900000,-30.715242,21.649140,14.463484,-0.070510,0.040161,-0.493292,0.866071
53.916667,-30.679314,21.670496,14.456611,-0.070780,0.040265,-0.492824,0.866310
53.933333,-30.643093,21.692047,14.449670,-0.071050,0.040369,-0.492358,0.866548
53.950000,-30.606896,21.713630,14.442707,-0.071327,0.040476,-0.491883,0.866790
53.966667,-30.570436,21.735454,14.435645,-0.071599,0.040582,-0.491420,0.867026
53.983333,-30.533976,21.757277,14.428583,-0.071872,0.040687,-0.490956,0.867261
54.000000,-30.497575,21.779181,14.421465,-0.072157,0.040797,-0.490480,0.867501
54.016667,-30.460874,21.801279,14.414281,-0.072431,0.040903,-0.490024,0.867731
54.033333,-30.424202,21.823417,14.407069,-0.072722,0.041016,-0.489541,0.867974
54.050000,-30.387255,21.845791,14.399762,-0.072996,0.041121,-0.489093,0.868199
54.066667,-30.350311,21.868167,14.392452,-0.073285,0.041233,-0.488619,0.868436
54.083333,-30.313116,21.890817,14.385020,-0.073565,0.041342,-0.488164,0.868662
54.100000,-30.275921,21.913466,14.377588,-0.073837,0.041447,-0.487724,0.868882
54.116667,-30.238767,21.936169,14.370116,-0.074142,0.041564,-0.487236,0.869124
54.133333,-30.201322,21.959096,14.362557,-0.074418,0.041671,-0.486797,0.869341
54.150000,-30.163893,21.982045,14.354981,-0.074730,0.041792,-0.486303,0.869585
54.166667,-30.126197,22.005253,14.347293,-0.075010,0.041900,-0.485864,0.869801
54.183333,-30.088500,22.028461,14.339604,-0.075304,0.042014,-0.485403,0.870028
54.200000,-30.050863,22.051747,14.331857,-0.075611,0.042132,-0.484928,0.870260
54.216667,-30.012913,22.075239,14.324037,-0.075893,0.042241,-0.484495,0.870472
54.233333,-29.975001,22.098779,14.316179,-0.076223,0.042369,-0.483992,0.870716
54.250000,-29.936797,22.122558,14.308223,-0.076508,0.042479,-0.483563,0.870924
54.266667,-29.898608,22.146357,14.300252,-0.076840,0.042608,-0.483065,0.871165
54.283333,-29.860145,22.170421,14.292161,-0.077136,0.042723,-0.482628,0.871375
54.300000,-29.821682,22.194486,14.284069,-0.077453,0.042846,-0.482162,0.871599
54.316667,-29.783281,22.218628,14.275913,-0.077775,0.042972,-0.481692,0.871824
54.333333,-29.744558,22.242981,14.267682,-0.078076,0.043088,-0.481256,0.872032
54.350000,-29.705880,22.267389,14.259404,-0.078421,0.043222,-0.480756,0.872270
54.366667,-29.666897,22.292034,14.251030,-0.078712,0.043335,-0.480337,0.872469
54.383333,-29.627940,22.316712,14.242628,-0.079070,0.043474,-0.479824,0.872712
54.400000,-29.588695,22.341652,14.234111,-0.079367,0.043588,-0.479400,0.872913
54.416667,-29.549459,22.366604,14.225583,-0.079713,0.043721,-0.478907,0.873145
54.433333,-29.509947,22.391838,14.216921,-0.080033,0.043844,-0.478454,0.873358
54.450000,-29.470435,22.417072,14.208260,-0.080366,0.043972,-0.477983,0.873579
54.466667,-29.430988,22.442384,14.199531,-0.080706,0.044103,-0.477504,0.873803
54.483333,-29.391210,22.467917,14.190721,-0.081029,0.044227,-0.477052,0.874014
54.500000,-29.351483,22.493511,14.181858,-0.081390,0.044366,-0.476549,0.874247
54.516667,-29.311439,22.519347,14.172897,-0.081706,0.044487,-0.476113,0.874449
54.533333,-29.271433,22.545227,14.163895,-0.082083,0.044631,-0.475598,0.874687
54.550000,-29.231120,22.571367,14.154781,-0.082396,0.044752,-0.475173,0.874882
54.566667,-29.190833,22.597536,14.145639,-0.082776,0.044898,-0.474660,0.875117
54.583333,-29.150250,22.623981,14.136370,-0.083101,0.045022,-0.474225,0.875316
54.600000,-29.109681,22.650444,14.127084,-0.083481,0.045168,-0.473719,0.875546
54.616667,-29.068824,22.677194,14.117656,-0.083824,0.045299,-0.473265,0.875752
54.633333,-29.027973,22.703952,14.108223,-0.084199,0.045443,-0.472771,0.875975
54.650000,-28.986843,22.731013,14.098634,-0.084557,0.045580,-0.472301,0.876187
54.666667,-28.945713,22.758074,14.089045,-0.084930,0.045722,-0.471817,0.876405
54.683333,-28.904656,22.785217,14.079376,-0.085302,0.045864,-0.471334,0.876621
54.700000,-28.863253,22.812593,14.069622,-0.085674,0.046006,-0.470853,0.876836
54.716667,-28.821914,22.840040,14.059797,-0.086062,0.046154,-0.470354,0.877058
54.733333,-28.780235,22.867731,14.049877,-0.086436,0.046296,-0.469877,0.877269
54.750000,-28.738615,22.895486,14.039892,-0.086836,0.046448,-0.469369,0.877494
54.766667,-28.696659,22.923493,14.029805,-0.087210,0.046591,-0.468898,0.877700
54.783333,-28.654758,22.951562,14.019654,-0.087611,0.046743,-0.468396,0.877921
54.800000,-28.612525,22.979890,14.009393,-0.087995,0.046889,-0.467918,0.878129
54.816667,-28.570346,23.008276,13.999070,-0.088398,0.047042,-0.467417,0.878347
54.833333,-28.527835,23.036928,13.988632,-0.088793,0.047191,-0.466927,0.878560
54.850000,-28.485374,23.065632,13.978137,-0.089201,0.047344,-0.466420,0.878780
54.866667,-28.442582,23.094607,13.967523,-0.089606,0.047496,-0.465920,0.878996
54.883333,-28.399840,23.123635,13.956852,-0.090017,0.047651,-0.465413,0.879214
54.900000,-28.356767,23.152937,13.946059,-0.090432,0.047807,-0.464908,0.879430
54.916667,-28.313747,23.182296,13.935207,-0.090847,0.047962,-0.464406,0.879644
54.933333,-28.270396,23.211932,13.924231,-0.091273,0.048122,-0.463892,0.879862
54.950000,-28.227100,23.241626,13.913192,-0.091693,0.048279,-0.463388,0.880075
54.966667,-28.183468,23.271597,13.902028,-0.092131,0.048443,-0.462865,0.880296
54.983333,-28.139892,23.301624,13.890796,-0.092555,0.048601,-0.462359,0.880509
55.000000,-28.095976,23.331927,13.879441,-0.093005,0.048769,-0.461828,0.880731
55.016667,-28.052123,23.362293,13.868012,-0.093435,0.048929,-0.461322,0.880941
55.033333,-28.007922,23.392932,13.856465,-0.093898,0.049101,-0.460782,0.881165
55.050000,-27.963793,23.423643,13.844837,-0.094343,0.049267,-0.460263,0.881380
55.066667,-27.919309,23.454624,13.833095,-0.094805,0.049438,-0.459724,0.881602
55.083333,-27.874906,23.485685,13.821261,-0.095266,0.049607,-0.459187,0.881822
55.100000,-27.830142,23.517013,13.809318,-0.095728,0.049777,-0.458652,0.882041
55.116667,-27.785094,23.548687,13.797173,-0.096208,0.049954,-0.458099,0.882266
55.133333,-27.740058,23.580374,13.785014,-0.096669,0.050124,-0.457573,0.882479
55.150000,-27.694726,23.612397,13.772663,-0.097170,0.050308,-0.457003,0.882709
55.166667,-27.649419,23.644444,13.760283,-0.097628,0.050476,-0.456487,0.882916
55.183333,-27.603802,23.676818,13.747723,-0.098148,0.050666,-0.455901,0.883150
55.200000,-27.558224,23.709228,13.735117,-0.098604,0.050833,-0.455391,0.883353
55.216667,-27.512321,23.741954,13.722344,-0.099135,0.051026,-0.454796,0.883589
55.233333,-27.466474,23.774731,13.709505,-0.099611,0.051199,-0.454264,0.883799
55.250000,-27.420286,23.807813,13.696516,-0.100141,0.051391,-0.453675,0.884030
55.266667,-27.374172,23.840964,13.683441,-0.100643,0.051573,-0.453117,0.884249
55.283333,-27.327701,23.874407,13.670233,-0.101164,0.051760,-0.452541,0.884474
55.300000,-27.281323,23.907936,13.656916,-0.101694,0.051951,-0.451955,0.884701
55.316667,-27.234586,23.941759,13.643466,-0.102204,0.052134,-0.451392,0.884919
55.333333,-27.187548,23.975931,13.629809,-0.102766,0.052335,-0.450776,0.885156
55.350000,-27.140549,24.010139,13.616105,-0.103282,0.052519,-0.450212,0.885372
55.366667,-27.093227,24.044679,13.602218,-0.103864,0.052726,-0.449580,0.885613
55.383333,-27.045970,24.079276,13.588254,-0.104397,0.052916,-0.449004,0.885831
55.400000,-26.998365,24.114186,13.574132,-0.104968,0.053119,-0.448390,0.886062
55.416667,-26.950852,24.149178,13.559900,-0.105536,0.053320,-0.447782,0.886290
55.433333,-26.902982,24.184477,13.545519,-0.106095,0.053518,-0.447185,0.886513
55.450000,-26.854814,24.220139,13.530915,-0.106699,0.053730,-0.446542,0.886752
55.466667,-26.806694,24.255841,13.516254,-0.107276,0.053933,-0.445929,0.886978
55.483333,-26.758245,24.291882,13.501404,-0.107885,0.054146,-0.445283,0.887216
55.500000,-26.709875,24.327989,13.486459,-0.108476,0.054352,-0.444658,0.887445
55.516667,-26.661149,24.364416,13.471353,-0.109077,0.054561,-0.444021,0.887677
55.533333,-26.612141,24.401224,13.455997,-0.109698,0.054776,-0.443368,0.887914
55.550000,-26.563174,24.438066,13.440593,-0.110317,0.054990,-0.442719,0.888148
55.566667,-26.513889,24.475263,13.424979,-0.110947,0.055207,-0.442062,0.888383
55.583333,-26.464683,24.512526,13.409271,-0.111585,0.055427,-0.441399,0.888619
55.600000,-26.415124,24.550119,13.393390,-0.112235,0.055650,-0.440724,0.888858
55.616667,-26.365284,24.588100,13.377250,-0.112877,0.055869,-0.440058,0.889093
55.633333,-26.315493,24.626119,13.361049,-0.113538,0.056093,-0.439373,0.889333
55.650000,-26.265378,24.664496,13.344633,-0.114181,0.056311,-0.438709,0.889565
55.666667,-26.215359,24.702947,13.328103,-0.114855,0.056539,-0.438017,0.889805
55.683333,-26.164991,24.741739,13.311387,-0.115540,0.056770,-0.437316,0.890046
55.700000,-26.114329,24.780916,13.294421,-0.116190,0.056988,-0.436652,0.890274
55.716667,-26.063736,24.820148,13.277372,-0.116882,0.057219,-0.435945,0.890515
55.733333,-26.012799,24.859728,13.260127,-0.117557,0.057443,-0.435253,0.890750
55.750000,-25.961982,24.899398,13.242738,-0.118222,0.057662,-0.434570,0.890981
55.766667,-25.910820,24.939417,13.225151,-0.118922,0.057892,-0.433851,0.891224
55.783333,-25.859333,24.979805,13.207339,-0.119587,0.058109,-0.433171,0.891451
55.800000,-25.807951,25.020271,13.189403,-0.120272,0.058332,-0.432472,0.891684
55.816667,-25.756226,25.061093,13.171263,-0.120984,0.058564,-0.431746,0.891924
55.833333,-25.704192,25.102300,13.152878,-0.121642,0.058776,-0.431076,0.892145
55.850000,-25.652252,25.143576,13.134383,-0.122341,0.059001,-0.430366,0.892377
55.866667,-25.599971,25.185214,13.115676,-0.123048,0.059228,-0.429648,0.892611
55.883333,-25.547387,25.227244,13.096708,-0.123718,0.059442,-0.428969,0.892830
55.900000,-25.494893,25.269338,13.077635,-0.124423,0.059666,-0.428257,0.893059
55.916667,-25.442059,25.311798,13.058342,-0.125129,0.059889,-0.427545,0.893287
55.933333,-25.388924,25.354655,13.038781,-0.125811,0.060104,-0.426858,0.893505
55.950000,-25.335879,25.397574,13.019115,-0.126519,0.060326,-0.426146,0.893730
55.966667,-25.282497,25.440866,12.999223,-0.127230,0.060548,-0.425430,0.893955
55.983333,-25.228810,25.484555,12.979064,-0.127922,0.060763,-0.424733,0.894173
56.000000,-25.175221,25.528312,12.958793,-0.128624,0.060980,-0.424027,0.894393
56.016667,-25.121298,25.572448,12.938287,-0.129339,0.061200,-0.423307,0.894615
56.033333,-25.067064,25.616981,12.917519,-0.130039,0.061414,-0.422605,0.894832
56.050000,-25.012940,25.661589,12.896624,-0.130745,0.061629,-0.421896,0.895048
56.066667,-24.958484,25.706580,12.875489,-0.131459,0.061845,-0.421180,0.895266
56.083333,-24.903699,25.751958,12.854107,-0.132166,0.062059,-0.420472,0.895480
56.100000,-24.849040,25.797420,12.832579,-0.132880,0.062273,-0.419759,0.895694
56.116667,-24.794050,25.843268,12.810804,-0.133584,0.062484,-0.419058,0.895903
56.133333,-24.738730,25.889507,12.788778,-0.134297,0.062697,-0.418352,0.896111
56.150000,-24.683115,25.936161,12.766460,-0.135016,0.062911,-0.417640,0.896320
56.166667,-24.627600,25.982879,12.744030,-0.135737,0.063124,-0.416926,0.896528
56.183333,-24.571757,26.029991,12.721342,-0.136431,0.063328,-0.416238,0.896728
56.200000,-24.515590,26.077502,12.698390,-0.137155,0.063540,-0.415523,0.896935
56.216667,-24.459553,26.125093,12.675289,-0.137883,0.063752,-0.414803,0.897141
56.233333,-24.403190,26.173083,12.651925,-0.138592,0.063957,-0.414104,0.897340
56.250000,-24.346503,26.221475,12.628295,-0.139297,0.064161,-0.413409,0.897537
56.266667,-24.289506,26.270279,12.604382,-0.140027,0.064370,-0.412690,0.897739
56.283333,-24.232630,26.319156,12.580332,-0.140759,0.064579,-0.411969,0.897941
56.300000,-24.175431,26.368438,12.556008,-0.141460,0.064779,-0.411281,0.898132
56.316667,-24.117912,26.418128,12.531407,-0.142166,0.064979,-0.410590,0.898322
56.333333,-24.060083,26.468235,12.506518,-0.142903,0.065187,-0.409873,0.898517
56.350000,-24.002378,26.518415,12.481489,-0.143634,0.065394,-0.409163,0.898709
56.366667,-23.944353,26.569005,12.456178,-0.144342,0.065592,-0.408475,0.898894
56.383333,-23.886010,26.620006,12.430582,-0.145054,0.065790,-0.407782,0.899080
56.400000,-23.827349,26.671421,12.404696,-0.145775,0.065990,-0.407082,0.899266
56.416667,-23.768404,26.723270,12.378480,-0.146509,0.066193,-0.406375,0.899452
56.433333,-23.709558,26.775174,12.352153,-0.147223,0.066391,-0.405691,0.899629
56.450000,-23.650399,26.827499,12.325534,-0.147940,0.066588,-0.405003,0.899807
56.466667,-23.590926,26.880246,12.298620,-0.148659,0.066784,-0.404311,0.899985
56.483333,-23.531147,26.933417,12.271399,-0.149380,0.066979,-0.403616,0.900163
56.500000,-23.471491,26.986653,12.244034,-0.150098,0.067173,-0.402926,0.900338
56.516667,-23.411521,27.040309,12.216366,-0.150814,0.067366,-0.402242,0.900510
56.533333,-23.351241,27.094391,12.188396,-0.151533,0.067559,-0.401558,0.900680
56.550000,-23.290652,27.148902,12.160119,-0.152255,0.067753,-0.400873,0.900849
56.566667,-23.229753,27.203840,12.131534,-0.152974,0.067945,-0.400192,0.901016
56.583333,-23.168567,27.259215,12.102608,-0.153675,0.068130,-0.399526,0.901178
56.600000,-23.107486,27.314643,12.073562,-0.154390,0.068318,-0.398848,0.901341
56.616667,-23.046097,27.370502,12.044202,-0.155106,0.068506,-0.398171,0.901504
56.633333,-22.984402,27.426792,12.014525,-0.155824,0.068695,-0.397496,0.901663
56.650000,-22.922400,27.483513,11.984529,-0.156544,0.068883,-0.396822,0.901821
56.666667,-22.860090,27.540667,11.954212,-0.157249,0.069066,-0.396162,0.901975
56.683333,-22.797493,27.598263,11.923550,-0.157951,0.069248,-0.395504,0.902127
56.700000,-22.735007,27.655915,11.892764,-0.158654,0.069429,-0.394848,0.902277
56.716667,-22.672216,27.714000,11.861653,-0.159359,0.069611,-0.394192,0.902425
56.733333,-22.609120,27.772520,11.830213,-0.160072,0.069793,-0.393534,0.902572
56.750000,-22.545720,27.831476,11.798443,-0.160784,0.069976,-0.392878,0.902718
56.766667,-22.482016,27.890870,11.766341,-0.161486,0.070155,-0.392233,0.902859
56.783333,-22.418009,27.950702,11.733905,-0.162183,0.070332,-0.391595,0.902997
56.800000,-22.353702,28.010974,11.701130,-0.162879,0.070509,-0.390959,0.903133
56.816667,-22.289518,28.071299,11.668214,-0.163575,0.070685,-0.390325,0.903268
56.833333,-22.225030,28.132063,11.634960,-0.164271,0.070860,-0.389692,0.903401
56.850000,-22.160241,28.193267,11.601365,-0.164968,0.071035,-0.389062,0.903532
56.866667,-22.095151,28.254912,11.567430,-0.165664,0.071210,-0.388435,0.903661
56.883333,-22.029758,28.316997,11.533153,-0.166356,0.071382,-0.387812,0.903788
56.900000,-21.964064,28.379525,11.498531,-0.167036,0.071552,-0.387201,0.903911
56.916667,-21.898071,28.442494,11.463560,-0.167716,0.071721,-0.386594,0.904031
56.933333,-21.831779,28.505907,11.428239,-0.168397,0.071890,-0.385988,0.904150
56.950000,-21.765187,28.569763,11.392568,-0.169076,0.072058,-0.385384,0.904268
56.966667,-21.698295,28.634064,11.356548,-0.169756,0.072225,-0.384783,0.904383
56.983333,-21.631103,28.698807,11.320174,-0.170433,0.072392,-0.384186,0.904496
57.000000,-21.563609,28.763992,11.283443,-0.171108,0.072558,-0.383595,0.904606
57.016667,-21.495820,28.829623,11.246352,-0.171779,0.072722,-0.383010,0.904714
57.033333,-21.428153,28.895303,11.209127,-0.172446,0.072886,-0.382431,0.904819
57.050000,-21.360186,28.961429,11.171544,-0.173113,0.073049,-0.381855,0.904921
57.066667,-21.291920,29.027997,11.133601,-0.173778,0.073212,-0.381282,0.905022
57.083333,-21.223353,29.095008,11.095298,-0.174440,0.073373,-0.380712,0.905122
57.100000,-21.154485,29.162463,11.056637,-0.175097,0.073533,-0.380150,0.905218
57.116667,-21.085317,29.230362,11.017614,-0.175746,0.073691,-0.379599,0.905311
57.133333,-21.015850,29.298708,10.978228,-0.176390,0.073847,-0.379055,0.905401
57.150000,-20.946086,29.367498,10.938474,-0.177031,0.074003,-0.378513,0.905490
57.166667,-20.876024,29.436734,10.898353,-0.177671,0.074157,-0.377975,0.905576
57.183333,-20.805662,29.506414,10.857866,-0.178309,0.074312,-0.377443,0.905660
57.200000,-20.734998,29.576539,10.817014,-0.178945,0.074467,-0.376917,0.905741
57.216667,-20.664035,29.647109,10.775795,-0.179581,0.074621,-0.376393,0.905820
57.233333,-20.592775,29.718126,10.734204,-0.180213,0.074774,-0.375875,0.905898
57.250000,-20.521218,29.789587,10.692239,-0.180839,0.074926,-0.375364,0.905972
57.266667,-20.449358,29.861490,10.649902,-0.181462,0.075077,-0.374861,0.906043
57.283333,-20.377198,29.933835,10.607190,-0.182082,0.075227,-0.374361,0.906113
57.300000,-20.304334,30.007040,10.563856,-0.182700,0.075377,-0.373865,0.906181
57.316667,-20.231173,30.080690,10.520146,-0.183312,0.075526,-0.373379,0.906245
57.333333,-20.157709,30.154781,10.476060,-0.183918,0.075674,-0.372901,0.906307
57.350000,-20.083944,30.229315,10.431597,-0.184520,0.075820,-0.372429,0.906367
57.366667,-20.009882,30.304294,10.386756,-0.185116,0.075965,-0.371963,0.906424
57.383333,-19.935522,30.379718,10.341535,-0.185707,0.076109,-0.371505,0.906479
57.400000,-19.860859,30.455583,10.295936,-0.186297,0.076253,-0.371052,0.906531
57.416667,-19.785892,30.531887,10.249959,-0.186886,0.076398,-0.370606,0.906581
57.433333,-19.710623,30.608631,10.203601,-0.187469,0.076542,-0.370166,0.906628
57.450000,-19.635052,30.685817,10.156864,-0.188047,0.076684,-0.369733,0.906673
57.466667,-19.559178,30.763443,10.109747,-0.188620,0.076825,-0.369308,0.906715
57.483333,-19.483009,30.841508,10.062237,-0.189187,0.076966,-0.368892,0.906754
57.500000,-19.406127,30.920424,10.014091,-0.189750,0.077106,-0.368482,0.906792
57.516667,-19.328941,30.999778,9.965562,-0.190314,0.077247,-0.368074,0.906827
57.533333,-19.251456,31.079573,9.916651,-0.190873,0.077387,-0.367673,0.906860
57.550000,-19.173667,31.159807,9.867356,-0.191427,0.077526,-0.367280,0.906891
57.566667,-19.095570,31.240473,9.817679,-0.191970,0.077663,-0.366899,0.906919
57.583333,-19.017166,31.321571,9.767617,-0.192507,0.077798,-0.366524,0.906945
57.600000,-18.938064,31.403525,9.716900,-0.193045,0.077934,-0.366153,0.906968
57.616667,-18.858657,31.485912,9.665799,-0.193578,0.078071,-0.365792,0.906989
57.633333,-18.778943,31.568732,9.614313,-0.194102,0.078205,-0.365441,0.907007
57.650000,-18.698918,31.651981,9.562445,-0.194619,0.078338,-0.365096,0.907023
57.666667,-18.618582,31.735658,9.510195,-0.195131,0.078470,-0.364758,0.907038
57.683333,-18.537947,31.819766,9.457547,-0.195636,0.078602,-0.364430,0.907050
57.700000,-18.456601,31.904719,9.404254,-0.196132,0.078731,-0.364113,0.907059
57.716667,-18.374942,31.990099,9.350581,-0.196618,0.078859,-0.363805,0.907066
57.733333,-18.292969,32.075906,9.296530,-0.197100,0.078987,-0.363503,0.907071
57.750000,-18.210688,32.162138,9.242091,-0.197579,0.079114,-0.363207,0.907074
57.766667,-18.127700,32.249211,9.187001,-0.198041,0.079237,-0.362925,0.907076
57.783333,-18.044394,32.336706,9.131535,-0.198496,0.079359,-0.362652,0.907075
57.800000,-17.960769,32.424621,9.075693,-0.198950,0.079482,-0.362385,0.907072
57.816667,-17.876832,32.512957,9.019465,-0.199396,0.079605,-0.362127,0.907066
57.833333,-17.792187,32.602128,8.962590,-0.199830,0.079725,-0.361882,0.907058
57.850000,-17.707218,32.691716,8.905344,-0.200258,0.079844,-0.361645,0.907047
57.866667,-17.621927,32.781719,8.847724,-0.200682,0.079963,-0.361414,0.907035
57.883333,-17.536325,32.872136,8.789714,-0.201097,0.080080,-0.361191,0.907022
57.900000,-17.450003,32.963379,8.731069,-0.201506,0.080197,-0.360977,0.907006
57.916667,-17.363354,33.055033,8.672056,-0.201907,0.080313,-0.360774,0.906987
57.933333,-17.276387,33.147095,8.612660,-0.202302,0.080428,-0.360579,0.906966
57.950000,-17.188707,33.239980,8.552625,-0.202695,0.080545,-0.360391,0.906943
57.966667,-17.100700,33.333274,8.492225,-0.203074,0.080659,-0.360217,0.906917
57.983333,-17.012373,33.426972,8.431445,-0.203449,0.080772,-0.360049,0.906890
58.000000,-16.923327,33.521483,8.370030,-0.203823,0.080887,-0.359887,0.906860
58.016667,-16.833950,33.616394,8.308252,-0.204185,0.080999,-0.359736,0.906828
58.033333,-16.744249,33.711700,8.246094,-0.204543,0.081113,-0.359594,0.906794
58.050000,-16.653825,33.807811,8.183309,-0.204897,0.081226,-0.359461,0.906756
58.066667,-16.563070,33.904317,8.120159,-0.205241,0.081339,-0.359339,0.906717
58.083333,-16.471606,34.001623,8.056369,-0.205583,0.081452,-0.359226,0.906674
58.100000,-16.379804,34.099320,7.992223,-0.205918,0.081565,-0.359121,0.906629
58.116667,-16.287672,34.197403,7.927706,-0.206246,0.081678,-0.359026,0.906582
58.133333,-16.194822,34.296278,7.862565,-0.206568,0.081790,-0.358941,0.906533
58.150000,-16.101634,34.395533,7.797062,-0.206888,0.081904,-0.358865,0.906480
58.166667,-16.007731,34.495569,7.730929,-0.207197,0.082017,-0.358799,0.906425
58.183333,-15.913487,34.595984,7.664444,-0.207506,0.082132,-0.358744,0.906366
58.200000,-15.818530,34.697171,7.597328,-0.207804,0.082245,-0.358699,0.906305
58.216667,-15.723225,34.798728,7.529864,-0.208099,0.082360,-0.358665,0.906240
58.233333,-15.627580,34.900650,7.462036,-0.208387,0.082475,-0.358642,0.906173
58.250000,-15.531217,35.003340,7.393599,-0.208670,0.082590,-0.358630,0.906102
58.266667,-15.434510,35.106387,7.324801,-0.208947,0.082707,-0.358629,0.906028
58.283333,-15.337082,35.210191,7.255396,-0.209219,0.082824,-0.358639,0.905950
58.300000,-15.239306,35.314347,7.185638,-0.209486,0.082941,-0.358659,0.905870
58.316667,-15.140808,35.419246,7.115276,-0.209745,0.083059,-0.358692,0.905786
58.333333,-15.041958,35.524488,7.044559,-0.209999,0.083179,-0.358738,0.905698
58.350000,-14.942388,35.630468,6.973245,-0.210246,0.083299,-0.358798,0.905606
58.366667,-14.842464,35.736783,6.901580,-0.210490,0.083421,-0.358870,0.905509
58.383333,-14.741818,35.843824,6.829322,-0.210725,0.083544,-0.358957,0.905409
58.400000,-14.640449,35.951573,6.756461,-0.210957,0.083669,-0.359059,0.905303
58.416667,-14.538717,36.059650,6.683267,-0.211179,0.083794,-0.359173,0.905194
58.433333,-14.436262,36.168425,6.609478,-0.211398,0.083922,-0.359305,0.905079
58.450000,-14.333439,36.277516,6.535355,-0.211607,0.084051,-0.359451,0.904960
58.466667,-14.229888,36.387295,6.460651,-0.211812,0.084181,-0.359612,0.904836
58.483333,-14.125961,36.497373,6.385612,-0.212009,0.084314,-0.359793,0.904705
58.500000,-14.021308,36.608128,6.309996,-0.212200,0.084449,-0.359991,0.904569
58.516667,-13.915921,36.719542,6.233804,-0.212384,0.084586,-0.360206,0.904428
58.533333,-13.810154,36.831247,6.157290,-0.212561,0.084726,-0.360442,0.904279
58.550000,-13.703658,36.943605,6.080210,-0.212730,0.084868,-0.360699,0.904124
58.566667,-13.596417,37.056589,6.002562,-0.212890,0.085011,-0.360970,0.903964
58.583333,-13.488783,37.169842,5.924603,-0.213044,0.085159,-0.361269,0.903795
58.600000,-13.380412,37.283717,5.846085,-0.213189,0.085309,-0.361591,0.903618
58.616667,-13.271629,37.397834,5.767256,-0.213324,0.085462,-0.361935,0.903433
58.633333,-13.162097,37.512554,5.687885,-0.213452,0.085621,-0.362310,0.903238
58.650000,-13.051826,37.627871,5.607972,-0.213570,0.085781,-0.362707,0.903035
58.666667,-12.940790,37.743749,5.527515,-0.213678,0.085945,-0.363133,0.902823
58.683333,-12.829325,37.859842,5.446769,-0.213775,0.086114,-0.363592,0.902599
58.700000,-12.717101,37.976494,5.365497,-0.213860,0.086287,-0.364080,0.902366
58.716667,-12.604101,38.093672,5.283701,-0.213935,0.086465,-0.364606,0.902119
58.733333,-12.490653,38.211038,5.201626,-0.213998,0.086649,-0.365170,0.901858
58.750000,-12.376422,38.328911,5.119042,-0.214046,0.086837,-0.365768,0.901586
58.766667,-12.261403,38.447277,5.035954,-0.214082,0.087032,-0.366410,0.901298
58.783333,-12.145581,38.566112,4.952372,-0.214102,0.087234,-0.367103,0.900992
58.800000,-12.029264,38.685073,4.868529,-0.214106,0.087443,-0.367840,0.900670
58.816667,-11.912135,38.804480,4.784206,-0.214093,0.087658,-0.368631,0.900329
58.833333,-11.794180,38.924307,4.699411,-0.214062,0.087883,-0.369478,0.899967
58.850000,-11.675378,39.044523,4.614153,-0.214010,0.088115,-0.370389,0.899582
58.866667,-11.556021,39.164794,4.528660,-0.213934,0.088356,-0.371365,0.899174
58.883333,-11.435795,39.285418,4.442723,-0.213830,0.088603,-0.372404,0.898744
58.900000,-11.314681,39.406366,4.356352,-0.213695,0.088856,-0.373515,0.898290
58.916667,-11.192660,39.527607,4.269557,-0.213523,0.089113,-0.374697,0.897814
58.933333,-11.069710,39.649110,4.182355,-0.213309,0.089370,-0.375949,0.897315
58.950000,-10.946096,39.770553,4.094976,-0.213048,0.089626,-0.377268,0.896798
58.966667,-10.821514,39.892217,4.007230,-0.212731,0.089878,-0.378665,0.896259
58.983333,-10.695945,40.014079,3.919142,-0.212352,0.090124,-0.380143,0.895698
59.000000,-10.569367,40.136116,3.830742,-0.211904,0.090361,-0.381700,0.895118
59.016667,-10.441756,40.258304,3.742061,-0.211379,0.090584,-0.383336,0.894520
59.033333,-10.313093,40.380625,3.653136,-0.210771,0.090790,-0.385050,0.893907
59.050000,-10.183344,40.503048,3.564004,-0.210071,0.090975,-0.386851,0.893275
59.066667,-10.052742,40.625276,3.474900,-0.209269,0.091138,-0.388743,0.892625
59.083333,-9.920989,40.747555,3.385669,-0.208356,0.091274,-0.390735,0.891955
59.100000,-9.788058,40.869868,3.296366,-0.207323,0.091378,-0.392828,0.891265
59.116667,-9.653908,40.992179,3.207043,-0.206157,0.091447,-0.395031,0.890554
59.133333,-9.518499,41.114461,3.117759,-0.204849,0.091475,-0.397347,0.889823
59.150000,-9.381792,41.236686,3.028581,-0.203386,0.091453,-0.399775,0.889073
59.166667,-9.243733,41.358813,2.939578,-0.201752,0.091377,-0.402326,0.888302
59.183333,-9.104280,41.480817,2.850830,-0.199933,0.091239,-0.405010,0.887507
59.200000,-8.963379,41.602663,2.762423,-0.197912,0.091028,-0.407827,0.886692
59.216667,-8.820975,41.724316,2.674450,-0.195671,0.090737,-0.410787,0.885852
59.233333,-8.677008,41.845742,2.587017,-0.193193,0.090352,-0.413889,0.884991
59.250000,-8.531421,41.966904,2.500236,-0.190458,0.089863,-0.417142,0.884106
59.266667,-8.384138,42.087752,2.414226,-0.187447,0.089255,-0.420545,0.883198
59.283333,-8.235105,42.208264,2.329131,-0.184138,0.088514,-0.424102,0.882268
59.300000,-8.084243,42.328385,2.245089,-0.180510,0.087624,-0.427812,0.881314
59.316667,-7.931492,42.448091,2.162268,-0.176544,0.086569,-0.431676,0.880338
59.333333,-7.776764,42.567311,2.080831,-0.172218,0.085329,-0.435689,0.879338
59.350000,-7.620002,42.686026,2.000973,-0.167513,0.083887,-0.439842,0.878318
59.366667,-7.461133,42.804180,1.922890,-0.162412,0.082224,-0.444133,0.877273
59.383333,-7.300090,42.921730,1.846797,-0.156900,0.080320,-0.448546,0.876207
59.400000,-7.136809,43.038623,1.772920,-0.150967,0.078159,-0.453069,0.875116
59.416667,-6.971242,43.154823,1.701498,-0.144603,0.075722,-0.457676,0.874007
59.433333,-6.803343,43.270279,1.632781,-0.137811,0.072997,-0.462354,0.872874
59.450000,-6.633075,43.384938,1.567022,-0.130595,0.069974,-0.467075,0.871716
59.466667,-6.460429,43.498766,1.504484,-0.122996,0.066666,-0.471836,0.870516
59.483333,-6.285400,43.611715,1.445426,-0.115077,0.063102,-0.476647,0.869243
59.500000,-6.108019,43.723760,1.390105,-0.106905,0.059316,-0.481530,0.867861
59.516667,-5.928316,43.834849,1.338764,-0.098555,0.055343,-0.486495,0.866341
59.533333,-5.746358,43.944950,1.291618,-0.090104,0.051225,-0.491563,0.864652
59.550000,-5.562192,44.053917,1.248736,-0.081633,0.047002,-0.496755,0.862764
59.566667,-5.375843,44.161515,1.210070,-0.073226,0.042719,-0.502094,0.860648
59.583333,-5.187333,44.267495,1.175546,-0.064954,0.038417,-0.507622,0.858268
59.600000,-4.996706,44.371633,1.145068,-0.056910,0.034146,-0.513355,0.855606
59.616667,-4.803991,44.473678,1.118519,-0.049177,0.029953,-0.519321,0.852637
59.633333,-4.609235,44.573412,1.095763,-0.041806,0.025867,-0.525529,0.849354
59.650000,-4.412481,44.670596,1.076643,-0.034827,0.021906,-0.531970,0.845763
59.666667,-4.213747,44.764958,1.061044,-0.028266,0.018084,-0.538629,0.841875
59.683333,-4.013011,44.856384,1.048714,-0.022145,0.014420,-0.545497,0.837696
59.700000,-3.810443,44.944611,1.039449,-0.016482,0.010930,-0.552555,0.833242
59.716667,-3.606110,45.029463,1.033034,-0.011291,0.007629,-0.559788,0.828524
59.733333,-3.400078,45.110758,1.029242,-0.006581,0.004533,-0.567176,0.823558
59.750000,-3.192419,45.188346,1.027839,-0.002368,0.001663,-0.574692,0.818365
59.766667,-2.983206,45.262073,1.028586,0.001362,-0.000975,-0.582334,0.812948
59.783333,-2.772521,45.331815,1.031242,0.004608,-0.003368,-0.590061,0.807338
59.800000,-2.560448,45.397457,1.035563,0.007378,-0.005503,-0.597855,0.801552
59.816667,-2.347073,45.458901,1.041306,0.009684,-0.007372,-0.605686,0.795610
59.833333,-2.132485,45.516044,1.048240,0.011541,-0.008969,-0.613534,0.789533
59.850000,-1.916764,45.568787,1.056131,0.012968,-0.010287,-0.621373,0.783340
59.866667,-1.700044,45.617150,1.064733,0.013985,-0.011324,-0.629178,0.777053
59.883333,-1.482416,45.661093,1.073825,0.014618,-0.012081,-0.636930,0.770688
59.900000,-1.263991,45.700621,1.083196,0.014910,-0.012576,-0.644616,0.764258
59.916667,-1.044872,45.735729,1.092646,0.014911,-0.012834,-0.652233,0.757764
59.933333,-0.825167,45.766434,1.101985,0.014664,-0.012879,-0.659785,0.751201
59.950000,-0.604981,45.792773,1.111034,0.014218,-0.012742,-0.667282,0.744560
59.966667,-0.384421,45.814777,1.119645,0.013616,-0.012451,-0.674727,0.737836
59.983333,-0.163589,45.832440,1.127776,0.012894,-0.012032,-0.682138,0.731010
60.000000,0.057415,45.845696,1.135427,0.012089,-0.011512,-0.689529,0.724065
60.016667,0.278396,45.854427,1.142586,0.011233,-0.010918,-0.696919,0.716979
60.033333,0.499328,45.858642,1.149267,0.010354,-0.010275,-0.704330,0.709723
60.050000,0.720102,45.858291,1.155466,0.009477,-0.009605,-0.711780,0.702272
60.066667,0.940606,45.853290,1.161180,0.008607,-0.008913,-0.719286,0.694604
60.083333,1.160725,45.843564,1.166405,0.007745,-0.008197,-0.726848,0.686705
60.100000,1.380337,45.829029,1.171136,0.006890,-0.007457,-0.734468,0.678567
60.116667,1.599314,45.809586,1.175366,0.006040,-0.006689,-0.742155,0.670168
60.133333,1.817523,45.785164,1.179091,0.005197,-0.005891,-0.749921,0.661481
60.150000,2.034824,45.755661,1.182302,0.004359,-0.005062,-0.757764,0.652495
60.166667,2.251070,45.721002,1.184992,0.003528,-0.004200,-0.765681,0.643197
60.183333,2.466099,45.681061,1.187155,0.002706,-0.003304,-0.773667,0.633579
60.200000,2.679755,45.635786,1.188780,0.001893,-0.002373,-0.781713,0.623631
60.216667,2.891855,45.585049,1.189860,0.001092,-0.001406,-0.789817,0.613340
60.233333,3.102053,45.528797,1.190382,0.000304,-0.000403,-0.797966,0.602702
60.250000,3.310325,45.466957,1.190347,-0.000467,0.000636,-0.806152,0.591708
60.266667,3.516480,45.399476,1.189745,-0.001220,0.001712,-0.814355,0.580363
60.283333,3.720315,45.326302,1.188572,-0.001951,0.002822,-0.822565,0.568661
60.300000,3.921620,45.247386,1.186823,-0.002657,0.003966,-0.830757,0.556614
60.316667,4.120183,45.162705,1.184491,-0.003335,0.005141,-0.838909,0.544237
60.333333,4.315787,45.072243,1.181575,-0.003982,0.006345,-0.847007,0.531529
60.350000,4.508212,44.976005,1.178073,-0.004594,0.007576,-0.855029,0.518505
60.366667,4.697242,44.874015,1.173982,-0.005169,0.008830,-0.862952,0.505182
60.383333,4.882662,44.766318,1.169306,-0.005704,0.010103,-0.870753,0.491584
60.400000,5.064256,44.652970,1.164046,-0.006192,0.011384,-0.878400,0.477751
60.416667,5.241821,44.534053,1.158209,-0.006622,0.012649,-0.885846,0.463760
60.433333,5.415169,44.409683,1.151799,-0.006983,0.013868,-0.893048,0.449693
60.450000,5.584113,44.279975,1.144828,-0.007268,0.015015,-0.899974,0.435625
60.466667,5.748492,44.145081,1.137304,-0.007471,0.016064,-0.906596,0.421628
60.483333,5.908198,44.005208,1.129272,-0.007589,0.016989,-0.912895,0.407771
60.500000,6.063265,43.860699,1.120838,-0.007621,0.017769,-0.918859,0.394113
60.516667,6.213756,43.711889,1.112123,-0.007569,0.018379,-0.924482,0.380708
60.533333,6.359728,43.559075,1.103235,-0.007433,0.018800,-0.929764,0.367601
60.550000,6.501249,43.402532,1.094278,-0.007217,0.019012,-0.934709,0.354831
60.566667,6.638381,43.242502,1.085349,-0.006927,0.019002,-0.939331,0.342415
60.583333,6.771184,43.079212,1.076541,-0.006572,0.018774,-0.943657,0.330326
60.600000,6.899726,42.912868,1.067942,-0.006162,0.018335,-0.947716,0.318528
60.616667,7.024041,42.743640,1.059639,-0.005707,0.017690,-0.951532,0.306988
60.633333,7.144188,42.571700,1.051712,-0.005214,0.016843,-0.955126,0.295674
60.650000,7.260199,42.397194,1.044241,-0.004690,0.015797,-0.958517,0.284558
60.666667,7.372113,42.220261,1.037303,-0.004141,0.014555,-0.961723,0.273606
60.683333,7.479950,42.041019,1.030976,-0.003573,0.013118,-0.964758,0.262787
60.700000,7.583728,41.859582,1.025336,-0.002992,0.011485,-0.967634,0.252080
60.716667,7.683460,41.676053,1.020458,-0.002403,0.009657,-0.970362,0.241451
60.733333,7.779151,41.490528,1.016419,-0.001810,0.007630,-0.972951,0.230877
60.750000,7.870783,41.303088,1.013296,-0.001220,0.005402,-0.975410,0.220329
60.766667,7.958344,41.113818,1.011167,-0.000637,0.002969,-0.977744,0.209781
60.783333,8.041817,40.922796,1.010113,-0.000067,0.000327,-0.979957,0.199211
60.800000,8.121157,40.730091,1.010216,0.000485,-0.002527,-0.982051,0.188596
60.816667,8.196324,40.535773,1.011561,0.001012,-0.005599,-0.984030,0.177914
60.833333,8.267265,40.339911,1.014236,0.001508,-0.008896,-0.985892,0.167141
60.850000,8.333909,40.142572,1.018333,0.001966,-0.012427,-0.987639,0.156242
60.866667,8.396153,39.943927,1.023946,0.002377,-0.016195,-0.989266,0.145206
60.883333,8.453859,39.744225,1.031162,0.002733,-0.020205,-0.990769,0.134016
60.900000,8.506912,39.543722,1.040071,0.003024,-0.024463,-0.992144,0.122647
60.916667,8.555164,39.342665,1.050771,0.003240,-0.028975,-0.993384,0.111076
60.933333,8.598570,39.140956,1.063373,0.003369,-0.033748,-0.994481,0.099283
60.950000,8.636966,38.939146,1.077938,0.003399,-0.038784,-0.995425,0.087250
60.966667,8.670256,38.737501,1.094549,0.003317,-0.044086,-0.996206,0.074960
60.983333,8.698341,38.536288,1.113283,0.003108,-0.049653,-0.996810,0.062403
61.000000,8.721125,38.335776,1.134213,0.002758,-0.055479,-0.997225,0.049570
61.016667,8.738540,38.136242,1.157405,0.002247,-0.061577,-0.997436,0.036405
61.033333,8.750524,37.937963,1.182921,0.001561,-0.067904,-0.997427,0.022924
61.050000,8.757012,37.741218,1.210814,0.000687,-0.074381,-0.997187,0.009207
61.066667,8.757986,37.546290,1.241126,-0.000382,-0.080950,-0.996707,-0.004706
61.083333,8.753413,37.353461,1.273891,-0.001649,-0.087553,-0.995982,-0.018764
61.100000,8.743146,37.163034,1.309175,-0.003122,-0.094160,-0.995005,-0.032993
61.116667,8.727325,36.974378,1.346987,-0.004798,-0.100710,-0.993777,-0.047345
61.133333,8.706248,36.788552,1.386971,-0.006659,-0.107111,-0.992309,-0.061687
61.150000,8.680109,36.605752,1.428965,-0.008688,-0.113301,-0.990615,-0.075960
61.166667,8.649144,36.426145,1.472804,-0.010885,-0.119274,-0.988693,-0.090227
61.183333,8.613311,36.249965,1.518430,-0.013207,-0.124930,-0.986580,-0.104294
61.200000,8.572742,36.076366,1.565881,-0.015635,-0.130260,-0.984292,-0.118143
61.216667,8.527999,35.906353,1.614707,-0.018176,-0.135309,-0.981818,-0.131885
61.233333,8.479337,35.739997,1.664743,-0.020794,-0.140038,-0.979191,-0.145401
61.250000,8.426556,35.577557,1.716006,-0.023473,-0.144445,-0.976426,-0.158675
61.266667,8.370021,35.417942,1.768487,-0.026202,-0.148543,-0.973530,-0.171723
61.283333,8.310277,35.262113,1.821750,-0.028947,-0.152314,-0.970537,-0.184447
61.300000,8.247098,35.110320,1.875824,-0.031727,-0.155807,-0.967425,-0.196995
61.316667,8.180759,34.961412,1.930763,-0.034509,-0.159005,-0.964228,-0.209264
61.333333,8.111748,34.816344,1.986160,-0.037260,-0.161896,-0.960982,-0.221166
61.350000,8.039609,34.674349,2.042328,-0.040007,-0.164531,-0.957656,-0.232859
61.366667,7.965338,34.536040,2.098707,-0.042735,-0.166916,-0.954265,-0.244318
61.383333,7.888691,34.401648,2.155337,-0.045397,-0.169026,-0.950867,-0.255383
61.400000,7.809750,34.270028,2.212371,-0.048034,-0.170917,-0.947411,-0.266256
61.416667,7.728890,34.142133,2.269463,-0.050617,-0.172583,-0.943933,-0.276846
61.433333,7.645918,34.017002,2.326848,-0.053139,-0.174032,-0.940442,-0.287155
61.450000,7.561366,33.895424,2.384145,-0.055605,-0.175287,-0.936934,-0.297215
61.466667,7.474938,33.776525,2.441624,-0.057997,-0.176346,-0.933433,-0.306989
61.483333,7.387174,33.661029,2.498912,-0.060328,-0.177234,-0.929922,-0.316533
61.500000,7.297790,33.548071,2.556279,-0.062590,-0.177953,-0.926415,-0.325839
61.516667,7.207229,33.438392,2.613387,-0.064784,-0.178519,-0.922910,-0.334921
61.533333,7.115313,33.331061,2.670482,-0.066892,-0.178937,-0.919438,-0.343715
61.550000,7.022289,33.226927,2.727275,-0.068948,-0.179221,-0.915947,-0.352374
61.566667,6.928090,33.124995,2.783992,-0.070912,-0.179375,-0.912504,-0.360737
61.583333,6.832509,33.025493,2.840645,-0.072820,-0.179412,-0.909051,-0.368965
61.600000,6.736242,32.928706,2.896907,-0.074644,-0.179336,-0.905636,-0.376948
61.616667,6.638891,32.834040,2.953042,-0.076407,-0.179158,-0.902225,-0.384778
61.633333,6.540759,32.742087,3.008791,-0.078085,-0.178882,-0.898862,-0.392367
61.650000,6.441682,32.652083,3.064381,-0.079712,-0.178513,-0.895483,-0.399862
61.666667,6.341554,32.564150,3.119808,-0.081253,-0.178063,-0.892163,-0.407108
61.683333,6.240804,32.478575,3.174842,-0.082737,-0.177529,-0.888843,-0.414242
61.700000,6.139189,32.394804,3.229696,-0.084163,-0.176918,-0.885525,-0.421262
61.716667,6.036574,32.312994,3.284359,-0.085502,-0.176246,-0.882283,-0.428022
61.733333,5.933374,32.233257,3.338659,-0.086797,-0.175500,-0.879017,-0.434735
61.750000,5.829352,32.155180,3.392767,-0.088029,-0.174690,-0.875773,-0.441312
61.766667,5.724380,32.078913,3.446673,-0.089188,-0.173830,-0.872579,-0.447700
61.783333,5.618761,32.004492,3.500268,-0.090300,-0.172906,-0.869372,-0.454028
61.800000,5.512329,31.931595,3.553675,-0.091353,-0.171929,-0.866185,-0.460238
61.816667,5.404972,31.860353,3.606888,-0.092341,-0.170910,-0.863039,-0.466290
61.833333,5.296833,31.790763,3.659851,-0.093279,-0.169847,-0.859901,-0.472252
61.850000,5.187851,31.722580,3.712643,-0.094163,-0.168750,-0.856787,-0.478092
61.866667,5.077947,31.655886,3.765261,-0.094989,-0.167639,-0.853735,-0.483748
61.883333,4.967076,31.590708,3.817696,-0.095764,-0.166515,-0.850722,-0.489258
61.900000,4.855363,31.526851,3.869962,-0.096493,-0.165383,-0.847753,-0.494624
61.916667,4.742816,31.464330,3.922056,-0.097170,-0.164267,-0.844869,-0.499771
61.933333,4.629398,31.403258,3.973961,-0.097803,-0.163165,-0.842052,-0.504739
61.950000,4.515274,31.343387,4.025709,-0.098398,-0.162082,-0.839301,-0.509530
61.966667,4.400487,31.284674,4.077302,-0.098949,-0.161042,-0.836663,-0.514071
61.983333,4.284963,31.227279,4.128717,-0.099467,-0.160041,-0.834113,-0.518410
62.000000,4.168866,31.170957,4.179988,-0.099956,-0.159077,-0.831642,-0.522565
62.016667,4.052228,31.115660,4.231120,-0.100411,-0.158168,-0.829295,-0.526469
62.033333,3.935007,31.061491,4.282102,-0.100840,-0.157300,-0.827037,-0.530186
62.050000,3.817310,31.008298,4.332951,-0.101246,-0.156470,-0.824858,-0.533738
62.066667,3.699175,30.955999,4.383681,-0.101628,-0.155696,-0.822796,-0.537063
62.083333,3.580587,30.904654,4.434289,-0.101989,-0.154965,-0.820822,-0.540218
62.100000,3.461607,30.854185,4.484779,-0.102334,-0.154275,-0.818931,-0.543212
62.116667,3.342279,30.804495,4.535173,-0.102661,-0.153635,-0.817139,-0.546023
62.133333,3.222607,30.755588,4.585472,-0.102973,-0.153040,-0.815438,-0.548667
62.150000,3.102620,30.707462,4.635672,-0.103272,-0.152487,-0.813821,-0.551161
62.166667,2.982361,30.659999,4.685799,-0.103560,-0.151979,-0.812288,-0.553502
62.183333,2.861850,30.613168,4.735857,-0.103837,-0.151518,-0.810850,-0.555681
62.200000,2.741093,30.567023,4.785838,-0.104103,-0.151098,-0.809493,-0.557721
62.216667,2.620134,30.521425,4.835768,-0.104363,-0.150722,-0.808213,-0.559627
62.233333,2.498991,30.476342,4.885653,-0.104615,-0.150391,-0.807025,-0.561382
62.250000,2.377652,30.431821,4.935498,-0.104860,-0.150101,-0.805913,-0.563008
62.266667,2.256192,30.387753,4.985303,-0.105100,-0.149850,-0.804874,-0.564514
62.283333,2.134605,30.344096,5.035086,-0.105335,-0.149646,-0.803924,-0.565877
62.300000,2.012891,30.300871,5.084854,-0.105565,-0.149481,-0.803047,-0.567122
62.316667,1.891104,30.258021,5.134606,-0.105793,-0.149354,-0.802240,-0.568254
62.333333,1.769243,30.215485,5.184359,-0.106016,-0.149272,-0.801516,-0.569255
62.350000,1.647314,30.173257,5.234120,-0.106237,-0.149228,-0.800862,-0.570145
62.366667,1.525362,30.131319,5.283887,-0.106456,-0.149221,-0.800276,-0.570928
62.383333,1.403383,30.089604,5.333678,-0.106674,-0.149257,-0.799765,-0.571593
62.400000,1.281385,30.048094,5.383499,-0.106889,-0.149330,-0.799326,-0.572148
62.416667,1.159413,30.006787,5.433352,-0.107102,-0.149440,-0.798952,-0.572601
62.433333,1.037456,29.965615,5.483250,-0.107315,-0.149590,-0.798648,-0.572946
62.450000,0.915527,29.924552,5.533197,-0.107526,-0.149779,-0.798414,-0.573183
62.466667,0.793636,29.883589,5.583215,-0.107737,-0.150002,-0.798242,-0.573326
62.483333,0.671836,29.842693,5.633285,-0.107947,-0.150263,-0.798133,-0.573368
62.500000,0.550103,29.801823,5.683426,-0.108155,-0.150564,-0.798097,-0.573302
62.516667,0.428454,29.760955,5.733656,-0.108362,-0.150899,-0.798121,-0.573140
62.533333,0.306939,29.720075,5.783964,-0.108568,-0.151268,-0.798205,-0.572888
62.550000,0.185529,29.679148,5.834363,-0.108773,-0.151678,-0.798357,-0.572528
62.566667,0.064239,29.638146,5.884867,-0.108976,-0.152122,-0.798570,-0.572074
62.583333,-0.056867,29.597041,5.935476,-0.109178,-0.152601,-0.798841,-0.571530
62.600000,-0.177828,29.555804,5.986195,-0.109378,-0.153116,-0.799175,-0.570886
62.616667,-0.298635,29.514420,6.037031,-0.109575,-0.153668,-0.799572,-0.570144
62.633333,-0.419255,29.472837,6.088015,-0.109769,-0.154254,-0.800026,-0.569311
62.650000,-0.539645,29.431062,6.139114,-0.109960,-0.154873,-0.800538,-0.568386
62.666667,-0.659842,29.389066,6.190349,-0.110148,-0.155530,-0.801115,-0.567355
62.683333,-0.779816,29.346797,6.241742,-0.110332,-0.156221,-0.801746,-0.566238
62.700000,-0.899507,29.304247,6.293277,-0.110513,-0.156946,-0.802431,-0.565031
62.716667,-1.018967,29.261408,6.344967,-0.110688,-0.157706,-0.803179,-0.563720
62.733333,-1.138174,29.218241,6.396820,-0.110857,-0.158501,-0.803985,-0.562314
62.750000,-1.257039,29.174694,6.448846,-0.111020,-0.159330,-0.804845,-0.560814
62.766667,-1.375630,29.130788,6.501043,-0.111177,-0.160189,-0.805759,-0.559224
62.783333,-1.493933,29.086499,6.553417,-0.111327,-0.161088,-0.806733,-0.557529
62.800000,-1.611900,29.041742,6.606000,-0.111469,-0.162019,-0.807761,-0.555740
62.816667,-1.729485,28.996550,6.658755,-0.111601,-0.162979,-0.808841,-0.553858
62.833333,-1.846736,28.950900,6.711702,-0.111723,-0.163976,-0.809980,-0.551871
62.850000,-1.963625,28.904751,6.764858,-0.111836,-0.165008,-0.811174,-0.549783
62.866667,-2.080061,28.858067,6.818220,-0.111937,-0.166071,-0.812420,-0.547599
62.883333,-2.196117,28.810860,6.871788,-0.112025,-0.167160,-0.813713,-0.545324
62.900000,-2.311777,28.763106,6.925564,-0.112100,-0.168290,-0.815070,-0.542930
62.916667,-2.426971,28.714700,6.979591,-0.112162,-0.169451,-0.816476,-0.540438
62.933333,-2.541673,28.665722,7.033819,-0.112208,-0.170636,-0.817926,-0.537857
62.950000,-2.655930,28.616140,7.088269,-0.112236,-0.171856,-0.819434,-0.535160
62.966667,-2.769698,28.565889,7.142960,-0.112248,-0.173107,-0.820993,-0.532357
62.983333,-2.882876,28.514934,7.197884,-0.112240,-0.174379,-0.822593,-0.529467
63.000000,-2.995554,28.463311,7.253040,-0.112211,-0.175655,-0.824214,-0.526522
63.016667,-3.107716,28.411006,7.308433,-0.112159,-0.176955,-0.825886,-0.523468
63.033333,-3.219274,28.357892,7.364101,-0.112083,-0.178260,-0.827583,-0.520353
63.050000,-3.330205,28.304062,7.419985,-0.111985,-0.179558,-0.829290,-0.517201
63.066667,-3.440584,28.249518,7.476095,-0.111861,-0.180849,-0.831011,-0.514006
63.083333,-3.550387,28.194234,7.532433,-0.111709,-0.182137,-0.832755,-0.510751
63.100000,-3.659499,28.138168,7.588983,-0.111532,-0.183410,-0.834507,-0.507464
63.116667,-3.768047,28.081398,7.645736,-0.111330,-0.184646,-0.836238,-0.504199
63.133333,-3.876028,28.023924,7.702684,-0.111099,-0.185872,-0.837990,-0.500880
63.150000,-3.983383,27.965669,7.759839,-0.110841,-0.187078,-0.839746,-0.497538
63.166667,-4.090059,27.906686,7.817155,-0.110558,-0.188257,-0.841496,-0.494187
63.183333,-4.196151,27.846997,7.874640,-0.110251,-0.189401,-0.843232,-0.490848
63.200000,-4.301655,27.786606,7.932287,-0.109912,-0.190538,-0.844996,-0.487438
63.216667,-4.406481,27.725392,7.990121,-0.109547,-0.191653,-0.846765,-0.484002
63.233333,-4.510634,27.663496,8.048070,-0.109157,-0.192735,-0.848523,-0.480569
63.250000,-4.614181,27.600893,8.106157,-0.108740,-0.193795,-0.850288,-0.477106
63.266667,-4.717096,27.537555,8.164382,-0.108293,-0.194842,-0.852074,-0.473581
63.283333,-4.819248,27.473438,8.222718,-0.107818,-0.195868,-0.853869,-0.470021
63.300000,-4.920773,27.408611,8.281172,-0.107320,-0.196856,-0.855647,-0.466474
63.316667,-5.021660,27.343063,8.339734,-0.106790,-0.197829,-0.857451,-0.462859
63.333333,-5.121860,27.276737,8.398407,-0.106227,-0.198786,-0.859276,-0.459179
63.350000,-5.221288,27.209662,8.457152,-0.105638,-0.199718,-0.861105,-0.455468
63.366667,-5.320052,27.141858,8.515983,-0.105026,-0.200614,-0.862923,-0.451761
63.383333,-5.418143,27.073317,8.574892,-0.104375,-0.201496,-0.864778,-0.447955
63.400000,-5.515488,27.003959,8.633883,-0.103690,-0.202358,-0.866655,-0.444082
63.416667,-5.612033,26.933852,8.692905,-0.102979,-0.203190,-0.868532,-0.440183
63.433333,-5.707875,26.863001,8.751984,-0.102242,-0.203989,-0.870409,-0.436260
63.450000,-5.803002,26.791397,8.811109,-0.101461,-0.204771,-0.872328,-0.432225
63.466667,-5.897316,26.718928,8.870281,-0.100644,-0.205530,-0.874271,-0.428111
63.483333,-5.990789,26.645700,8.929445,-0.099799,-0.206254,-0.876213,-0.423970
63.500000,-6.083508,26.571702,8.988631,-0.098925,-0.206945,-0.878162,-0.419786
63.516667,-6.175458,26.496922,9.047831,-0.098002,-0.207614,-0.880157,-0.415471
63.533333,-6.266525,26.421239,9.107039,-0.097037,-0.208253,-0.882182,-0.411059
63.550000,-6.356696,26.344776,9.166200,-0.096045,-0.208854,-0.884206,-0.406614
63.566667,-6.446046,26.267505,9.225345,-0.095018,-0.209419,-0.886243,-0.402106
63.583333,-6.534561,26.189418,9.284465,-0.093938,-0.209955,-0.888327,-0.397455
63.600000,-6.622118,26.110391,9.343549,-0.092809,-0.210456,-0.890447,-0.392681
63.616667,-6.708696,26.030541,9.402540,-0.091650,-0.210911,-0.892570,-0.387861
63.633333,-6.794373,25.949839,9.461472,-0.090451,-0.211323,-0.894711,-0.382954
63.650000,-6.879130,25.868276,9.520335,-0.089195,-0.211696,-0.896897,-0.377895
63.666667,-6.962847,25.785741,9.579113,-0.087881,-0.212025,-0.899130,-0.372676
63.683333,-7.045477,25.702327,9.637747,-0.086531,-0.212300,-0.901369,-0.367389
63.700000,-7.127105,25.618008,9.696270,-0.085137,-0.212522,-0.903629,-0.361995
63.716667,-7.207706,25.532775,9.754670,-0.083686,-0.212691,-0.905927,-0.356448
63.733333,-7.287173,25.446538,9.812925,-0.082161,-0.212802,-0.908287,-0.350683
63.750000,-7.365406,25.359343,9.870974,-0.080594,-0.212847,-0.910660,-0.344819
63.766667,-7.442511,25.271186,9.928849,-0.078978,-0.212825,-0.913052,-0.338829
63.783333,-7.518457,25.182054,9.986535,-0.077305,-0.212732,-0.915476,-0.332675
63.800000,-7.593169,25.091898,10.044010,-0.075544,-0.212557,-0.917971,-0.326253
63.816667,-7.666440,25.000677,10.101193,-0.073730,-0.212300,-0.920488,-0.319678
63.833333,-7.738427,24.908431,10.158126,-0.071864,-0.211954,-0.923023,-0.312954
63.850000,-7.809090,24.815148,10.214790,-0.069934,-0.211513,-0.925589,-0.306033
63.866667,-7.878381,24.720809,10.271161,-0.067925,-0.210967,-0.928206,-0.298852
63.883333,-7.946060,24.625237,10.327172,-0.065831,-0.210302,-0.930876,-0.291393
63.900000,-8.012177,24.528634,10.382790,-0.063690,-0.209522,-0.933550,-0.283777
63.916667,-8.076752,24.430919,10.438030,-0.061480,-0.208615,-0.936253,-0.275919
63.933333,-8.139735,24.332084,10.492864,-0.059199,-0.207566,-0.938986,-0.267802
63.950000,-8.200958,24.232036,10.547237,-0.056813,-0.206348,-0.941785,-0.259296
63.966667,-8.260242,24.130801,10.601050,-0.054377,-0.204978,-0.944583,-0.250579
63.983333,-8.317720,24.028398,10.654350,-0.051875,-0.203434,-0.947397,-0.241583
64.000000,-8.373322,23.924817,10.707099,-0.049306,-0.201703,-0.950226,-0.232281
64.016667,-8.426967,23.820040,10.759247,-0.046665,-0.199766,-0.953074,-0.222635
64.033333,-8.478311,23.713899,10.810677,-0.043934,-0.197583,-0.955954,-0.212561
64.050000,-8.527417,23.606609,10.861353,-0.041165,-0.195182,-0.958810,-0.202219
64.066667,-8.574288,23.498109,10.911284,-0.038345,-0.192530,-0.961655,-0.191525
64.083333,-8.618829,23.388399,10.960412,-0.035487,-0.189613,-0.964472,-0.180504
64.100000,-8.660890,23.277455,11.008662,-0.032602,-0.186414,-0.967249,-0.169163
64.116667,-8.700048,23.165244,11.055822,-0.029729,-0.182941,-0.969951,-0.157621
64.133333,-8.736540,23.051854,11.101982,-0.026899,-0.179211,-0.972549,-0.145975
64.150000,-8.770275,22.937315,11.147074,-0.024129,-0.175224,-0.975032,-0.134266
64.166667,-8.801222,22.821679,11.191040,-0.021444,-0.170993,-0.977383,-0.122573
64.183333,-8.829299,22.704985,11.233797,-0.018863,-0.166531,-0.979592,-0.110957
64.200000,-8.854374,22.587370,11.275199,-0.016424,-0.161890,-0.981633,-0.099590
64.216667,-8.876809,22.468925,11.315379,-0.014137,-0.157089,-0.983509,-0.088509
64.233333,-8.896675,22.349727,11.354303,-0.012015,-0.152162,-0.985216,-0.077796
64.250000,-8.914056,22.229853,11.391950,-0.010066,-0.147145,-0.986757,-0.067505
64.266667,-8.928947,22.109356,11.428268,-0.008296,-0.142072,-0.988138,-0.057701
64.283333,-8.941322,21.988391,11.463145,-0.006703,-0.136963,-0.989369,-0.048422
64.300000,-8.951543,21.866983,11.496735,-0.005277,-0.131835,-0.990464,-0.039648
64.316667,-8.959724,21.745194,11.529042,-0.004013,-0.126719,-0.991433,-0.031396
64.333333,-8.965987,21.623080,11.560077,-0.002903,-0.121634,-0.992288,-0.023681
64.350000,-8.970427,21.500687,11.589829,-0.001943,-0.116616,-0.993037,-0.016549
64.366667,-8.973022,21.378148,11.618176,-0.001126,-0.111675,-0.993694,-0.010023
64.383333,-8.974116,21.255431,11.645304,-0.000434,-0.106803,-0.994272,-0.004044
64.400000,-8.973841,21.132574,11.671244,0.000141,-0.102021,-0.994781,0.001378
64.416667,-8.972330,21.009604,11.696014,0.000611,-0.097341,-0.995231,0.006245
64.433333,-8.969714,20.886549,11.719644,0.000983,-0.092784,-0.995630,0.010547
64.450000,-8.966037,20.763414,11.742059,0.001263,-0.088392,-0.995983,0.014230
64.466667,-8.961522,20.640348,11.763346,0.001467,-0.084087,-0.996306,0.017384
64.483333,-8.956322,20.517254,11.783585,0.001604,-0.079906,-0.996600,0.020007
64.500000,-8.950564,20.394144,11.802817,0.001682,-0.075855,-0.996872,0.022105
64.516667,-8.944371,20.271029,11.821075,0.001709,-0.071932,-0.997127,0.023686
64.533333,-8.937860,20.147911,11.838362,0.001690,-0.068183,-0.997365,0.024724
64.550000,-8.931160,20.024908,11.854631,0.001634,-0.064560,-0.997593,0.025253
64.566667,-8.924411,19.901917,11.870025,0.001547,-0.061051,-0.997813,0.025281
64.583333,-8.917726,19.778943,11.884579,0.001435,-0.057667,-0.998026,0.024832
64.600000,-8.911220,19.655987,11.898319,0.001303,-0.054408,-0.998232,0.023914
64.616667,-8.905000,19.533055,11.911278,0.001157,-0.051284,-0.998429,0.022533
64.633333,-8.899200,19.410143,11.923449,0.001002,-0.048322,-0.998617,0.020700
64.650000,-8.893960,19.287378,11.934844,0.000839,-0.045471,-0.998795,0.018421
64.666667,-8.889344,19.164650,11.945553,0.000670,-0.042718,-0.998964,0.015677
64.683333,-8.885451,19.041964,11.955607,0.000502,-0.040084,-0.999118,0.012513
64.700000,-8.882378,18.919329,11.965036,0.000336,-0.037565,-0.999254,0.008939
64.716667,-8.880222,18.796753,11.973870,0.000175,-0.035176,-0.999369,0.004974
64.733333,-8.879112,18.674245,11.982115,0.000021,-0.032916,-0.999458,0.000644
64.750000,-8.879206,18.551942,11.989761,-0.000125,-0.030764,-0.999518,-0.004056
64.766667,-8.880499,18.429739,11.996901,-0.000264,-0.028704,-0.999546,-0.009181
64.783333,-8.883074,18.307654,12.003558,-0.000393,-0.026748,-0.999535,-0.014668
64.800000,-8.887010,18.185706,12.009755,-0.000510,-0.024895,-0.999480,-0.020493
64.816667,-8.892383,18.063915,12.015519,-0.000617,-0.023151,-0.999377,-0.026630
64.833333,-8.899264,17.942307,12.020871,-0.000712,-0.021527,-0.999222,-0.033030
64.850000,-8.907884,17.820916,12.025807,-0.000795,-0.020001,-0.999010,-0.039720
64.866667,-8.918175,17.699894,12.030377,-0.000868,-0.018569,-0.998737,-0.046683
64.883333,-8.930175,17.579143,12.034614,-0.000931,-0.017222,-0.998393,-0.053990
64.900000,-8.943937,17.458696,12.038541,-0.000985,-0.015971,-0.997976,-0.061539
64.916667,-8.959510,17.338588,12.042180,-0.001029,-0.014812,-0.997485,-0.069312
64.933333,-8.976938,17.218854,12.045561,-0.001066,-0.013756,-0.996918,-0.077224
64.950000,-8.996262,17.099531,12.048693,-0.001095,-0.012793,-0.996273,-0.085299
64.966667,-9.017705,16.980821,12.051579,-0.001119,-0.011913,-0.995544,-0.093534
64.983333,-9.041103,16.862606,12.054273,-0.001139,-0.011114,-0.994731,-0.101909
65.000000,-9.066477,16.744926,12.056786,-0.001156,-0.010396,-0.993825,-0.110467
65.016667,-9.093840,16.627819,12.059138,-0.001170,-0.009751,-0.992829,-0.119143
65.033333,-9.123204,16.511325,12.061358,-0.001184,-0.009182,-0.991748,-0.127865
65.050000,-9.154572,16.395484,12.063451,-0.001197,-0.008688,-0.990604,-0.136483
65.066667,-9.187943,16.280332,12.065434,-0.001209,-0.008245,-0.989391,-0.145037
65.083333,-9.223456,16.165955,12.067330,-0.001220,-0.007853,-0.988121,-0.153475
65.100000,-9.260966,16.052484,12.069143,-0.001230,-0.007502,-0.986802,-0.161752
65.116667,-9.300365,15.939789,12.070896,-0.001238,-0.007184,-0.985447,-0.169829
65.133333,-9.341555,15.827872,12.072587,-0.001246,-0.006897,-0.984058,-0.177711
65.150000,-9.384435,15.716727,12.074212,-0.001250,-0.006630,-0.982654,-0.185325
65.166667,-9.428908,15.606346,12.075778,-0.001252,-0.006381,-0.981262,-0.192570
65.183333,-9.474888,15.496721,12.077287,-0.001251,-0.006148,-0.979887,-0.199454
65.200000,-9.522293,15.387842,12.078743,-0.001246,-0.005918,-0.978530,-0.206015
65.216667,-9.571142,15.279744,12.080146,-0.001237,-0.005696,-0.977195,-0.212264
65.233333,-9.621224,15.172493,12.081486,-0.001226,-0.005483,-0.975883,-0.218222
65.250000,-9.672497,15.065947,12.082782,-0.001212,-0.005277,-0.974596,-0.223906
65.266667,-9.724896,14.960094,12.084036,-0.001197,-0.005078,-0.973334,-0.229332
65.283333,-9.778358,14.854917,12.085236,-0.001178,-0.004884,-0.972094,-0.234540
65.300000,-9.832827,14.750402,12.086392,-0.001159,-0.004698,-0.970893,-0.239466
65.316667,-9.888250,14.646535,12.087505,-0.001138,-0.004521,-0.969724,-0.244158
65.333333,-9.944579,14.543301,12.088574,-0.001116,-0.004348,-0.968585,-0.248642
65.350000,-10.001772,14.440690,12.089602,-0.001092,-0.004177,-0.967475,-0.252929
65.366667,-10.059777,14.338831,12.090588,-0.001068,-0.004015,-0.966395,-0.257029
65.383333,-10.118542,14.237558,12.091538,-0.001043,-0.003859,-0.965343,-0.260954
65.400000,-10.178029,14.136855,12.092452,-0.001017,-0.003705,-0.964321,-0.264708
65.416667,-10.238199,14.036710,12.093328,-0.000991,-0.003557,-0.963328,-0.268301
65.433333,-10.299017,13.937107,12.094166,-0.000964,-0.003415,-0.962362,-0.271747
65.450000,-10.360450,13.838033,12.094973,-0.000937,-0.003274,-0.961431,-0.275024
65.466667,-10.422466,13.739475,12.095749,-0.000908,-0.003135,-0.960528,-0.278164
65.483333,-10.485031,13.641417,12.096487,-0.000879,-0.003002,-0.959652,-0.281173
65.500000,-10.548121,13.543848,12.097196,-0.000851,-0.002873,-0.958803,-0.284056
65.516667,-10.611724,13.446767,12.097877,-0.000823,-0.002750,-0.957981,-0.286818
65.533333,-10.675750,13.350274,12.098521,-0.000795,-0.002629,-0.957184,-0.289466
65.550000,-10.740214,13.254227,12.099133,-0.000766,-0.002508,-0.956414,-0.292003
65.566667,-10.805096,13.158618,12.099720,-0.000737,-0.002392,-0.955668,-0.294436
65.583333,-10.870372,13.063434,12.100284,-0.000708,-0.002278,-0.954947,-0.296767
65.600000,-10.936020,12.968662,12.100822,-0.000679,-0.002166,-0.954253,-0.298991
65.616667,-11.002021,12.874293,12.101332,-0.000650,-0.002058,-0.953588,-0.301108
65.633333,-11.068356,12.780314,12.101813,-0.000621,-0.001953,-0.952942,-0.303146
65.650000,-11.135004,12.686717,12.102268,-0.000593,-0.001852,-0.952319,-0.305097
65.666667,-11.201947,12.593488,12.102700,-0.000564,-0.001750,-0.951719,-0.306965
65.683333,-11.269169,12.500619,12.103108,-0.000535,-0.001648,-0.951141,-0.308752
65.700000,-11.336654,12.408100,12.103488,-0.000506,-0.001549,-0.950585,-0.310460
65.716667,-11.404328,12.316038,12.103845,-0.000477,-0.001453,-0.950051,-0.312092
65.733333,-11.472229,12.224303,12.104185,-0.000449,-0.001360,-0.949538,-0.313650
65.750000,-11.540343,12.132886,12.104501,-0.000421,-0.001267,-0.949045,-0.315137
65.766667,-11.608655,12.041778,12.104791,-0.000392,-0.001176,-0.948574,-0.316554
65.783333,-11.677149,11.950968,12.105060,-0.000365,-0.001087,-0.948123,-0.317902
65.800000,-11.745814,11.860447,12.105309,-0.000337,-0.001000,-0.947696,-0.319172
65.816667,-11.814637,11.770208,12.105536,-0.000308,-0.000911,-0.947289,-0.320379
65.833333,-11.883607,11.680242,12.105743,-0.000280,-0.000824,-0.946901,-0.321525
65.850000,-11.952708,11.590540,12.105930,-0.000253,-0.000741,-0.946532,-0.322610
65.866667,-12.021928,11.501090,12.106096,-0.000225,-0.000659,-0.946181,-0.323638
65.883333,-12.091255,11.411886,12.106241,-0.000198,-0.000577,-0.945849,-0.324607
65.900000,-12.160682,11.322922,12.106366,-0.000171,-0.000496,-0.945536,-0.325518
65.916667,-12.230196,11.234188,12.106473,-0.000144,-0.000417,-0.945242,-0.326371
65.933333,-12.299786,11.145676,12.106564,-0.000117,-0.000339,-0.944966,-0.327169
65.950000,-12.369365,11.057481,12.106635,-0.000090,-0.000260,-0.944708,-0.327911
65.966667,-12.438996,10.969489,12.106685,-0.000063,-0.000181,-0.944469,-0.328600
65.983333,-12.508669,10.881693,12.106720,-0.000037,-0.000105,-0.944249,-0.329233
66.000000,-12.578376,10.794086,12.106738,-0.000011,-0.000030,-0.944047,-0.329811
66.016667,-12.648104,10.706660,12.106736,0.000016,0.000045,-0.943863,-0.330336
66.033333,-12.717844,10.619405,12.106713,0.000042,0.000121,-0.943700,-0.330803
66.050000,-12.787585,10.532315,12.106671,0.000069,0.000195,-0.943554,-0.331219
66.066667,-12.857320,10.445381,12.106615,0.000095,0.000269,-0.943427,-0.331582
66.083333,-12.927038,10.358597,12.106545,0.000121,0.000344,-0.943317,-0.331893
66.100000,-12.996729,10.271953,12.106457,0.000147,0.000418,-0.943226,-0.332152
66.116667,-13.066381,10.185441,12.106349,0.000174,0.000492,-0.943154,-0.332357
66.133333,-13.135985,10.099052,12.106224,0.000199,0.000565,-0.943100,-0.332509
66.150000,-13.205535,10.012782,12.106084,0.000224,0.000636,-0.943065,-0.332607
66.166667,-13.275022,9.926623,12.105927,0.000250,0.000708,-0.943049,-0.332652
66.183333,-13.344433,9.840565,12.105750,0.000275,0.000780,-0.943052,-0.332644
66.200000,-13.413758,9.754599,12.105554,0.000301,0.000853,-0.943075,-0.332580
66.216667,-13.482985,9.668716,12.105343,0.000326,0.000925,-0.943116,-0.332462
66.233333,-13.552108,9.582910,12.105120,0.000351,0.000997,-0.943178,-0.332286
66.250000,-13.621119,9.497175,12.104885,0.000377,0.001070,-0.943261,-0.332051
66.266667,-13.690003,9.411499,12.104630,0.000402,0.001143,-0.943364,-0.331757
66.283333,-13.758672,9.325970,12.104353,0.000427,0.001215,-0.943488,-0.331405
66.300000,-13.827194,9.240484,12.104061,0.000452,0.001288,-0.943632,-0.330993
66.316667,-13.895559,9.155032,12.103756,0.000477,0.001363,-0.943798,-0.330518
66.333333,-13.963754,9.069603,12.103432,0.000503,0.001439,-0.943988,-0.329977
66.350000,-14.031770,8.984190,12.103090,0.000528,0.001515,-0.944200,-0.329368
66.366667,-14.099595,8.898784,12.102729,0.000553,0.001590,-0.944435,-0.328694
66.383333,-14.167218,8.813376,12.102352,0.000578,0.001665,-0.944693,-0.327951
66.400000,-14.234624,8.727954,12.101960,0.000602,0.001740,-0.944976,-0.327136
66.416667,-14.301799,8.642508,12.101554,0.000627,0.001817,-0.945282,-0.326248
66.433333,-14.368730,8.557027,12.101129,0.000652,0.001894,-0.945611,-0.325293
66.450000,-14.435407,8.471504,12.100684,0.000676,0.001972,-0.945959,-0.324281
66.466667,-14.501815,8.385927,12.100224,0.000700,0.002049,-0.946320,-0.323224
66.483333,-14.567939,8.300285,12.099750,0.000724,0.002126,-0.946690,-0.322138
66.500000,-14.633765,8.214570,12.099257,0.000747,0.002204,-0.947065,-0.321033
66.516667,-14.699292,8.128778,12.098743,0.000770,0.002280,-0.947441,-0.319921
66.533333,-14.764527,8.042918,12.098211,0.000792,0.002354,-0.947813,-0.318817
66.550000,-14.829485,7.957001,12.097664,0.000814,0.002429,-0.948175,-0.317737
66.566667,-14.894175,7.871034,12.097103,0.000836,0.002503,-0.948525,-0.316692
66.583333,-14.958603,7.785023,12.096527,0.000856,0.002572,-0.948856,-0.315697
66.600000,-15.022780,7.698975,12.095937,0.000875,0.002638,-0.949166,-0.314763
66.616667,-15.086720,7.612901,12.095331,0.000893,0.002702,-0.949455,-0.313890
66.633333,-15.150436,7.526812,12.094709,0.000911,0.002764,-0.949723,-0.313078
66.650000,-15.213937,7.440714,12.094076,0.000928,0.002823,-0.949968,-0.312332
66.666667,-15.277234,7.354614,12.093435,0.000944,0.002878,-0.950190,-0.311655
66.683333,-15.340344,7.268526,12.092780,0.000959,0.002932,-0.950389,-0.311050
66.700000,-15.403278,7.182458,12.092111,0.000974,0.002982,-0.950562,-0.310518
66.716667,-15.466048,7.096417,12.091433,0.000987,0.003028,-0.950711,-0.310062
66.733333,-15.528671,7.010417,12.090749,0.001000,0.003071,-0.950833,-0.309688
66.750000,-15.591163,6.924469,12.090056,0.001013,0.003112,-0.950927,-0.309397
66.766667,-15.653536,6.838581,12.089355,0.001024,0.003148,-0.950994,-0.309190
66.783333,-15.715807,6.752765,12.088645,0.001033,0.003178,-0.951032,-0.309073
66.800000,-15.777996,6.667036,12.087929,0.001041,0.003203,-0.951039,-0.309052
66.816667,-15.840121,6.581406,12.087208,0.001049,0.003226,-0.951015,-0.309127
66.833333,-15.902194,6.495883,12.086483,0.001056,0.003246,-0.950958,-0.309300
66.850000,-15.964233,6.410480,12.085755,0.001061,0.003259,-0.950868,-0.309578
66.866667,-16.026262,6.325215,12.085028,0.001065,0.003265,-0.950743,-0.309962
66.883333,-16.088300,6.240100,12.084303,0.001067,0.003267,-0.950581,-0.310457
66.900000,-16.150367,6.155151,12.083575,0.001068,0.003265,-0.950382,-0.311065
66.916667,-16.212480,6.070379,12.082845,0.001069,0.003257,-0.950144,-0.311793
66.933333,-16.274660,5.985800,12.082123,0.001068,0.003245,-0.949864,-0.312645
66.950000,-16.336931,5.901431,12.081407,0.001066,0.003227,-0.949542,-0.313622
66.966667,-16.399317,5.817291,12.080693,0.001063,0.003205,-0.949175,-0.314730
66.983333,-16.461842,5.733396,12.079984,0.001057,0.003175,-0.948763,-0.315971
67.000000,-16.524525,5.649763,12.079282,0.001049,0.003135,-0.948302,-0.317352
67.016667,-16.587391,5.566410,12.078587,0.001041,0.003093,-0.947790,-0.318879
67.033333,-16.650467,5.483358,12.077904,0.001031,0.003046,-0.947225,-0.320553
67.050000,-16.713778,5.400629,12.077233,0.001018,0.002990,-0.946606,-0.322377
67.066667,-16.777347,5.318240,12.076577,0.001003,0.002924,-0.945930,-0.324356
67.083333,-16.841202,5.236216,12.075938,0.000984,0.002850,-0.945193,-0.326497
67.100000,-16.905372,5.154581,12.075313,0.000964,0.002769,-0.944394,-0.328803
67.116667,-16.969881,5.073356,12.074703,0.000941,0.002682,-0.943529,-0.331277
67.133333,-17.034754,4.992566,12.074116,0.000916,0.002585,-0.942596,-0.333923
67.150000,-17.100023,4.912238,12.073554,0.000888,0.002482,-0.941591,-0.336748
67.166667,-17.165714,4.832399,12.073017,0.000856,0.002370,-0.940512,-0.339752
67.183333,-17.231855,4.753077,12.072502,0.000820,0.002247,-0.939355,-0.342937
67.200000,-17.298476,4.674300,12.072012,0.000781,0.002115,-0.938117,-0.346311
67.216667,-17.365603,4.596101,12.071554,0.000738,0.001977,-0.936794,-0.349875
67.233333,-17.433268,4.518511,12.071124,0.000692,0.001829,-0.935383,-0.353631
67.250000,-17.501493,4.441559,12.070730,0.000640,0.001672,-0.933881,-0.357579
67.266667,-17.570307,4.365280,12.070376,0.000584,0.001505,-0.932284,-0.361724
67.283333,-17.639740,4.289711,12.070055,0.000523,0.001330,-0.930587,-0.366067
67.300000,-17.709816,4.214885,12.069769,0.000456,0.001142,-0.928782,-0.370625
67.316667,-17.780560,4.140840,12.069531,0.000384,0.000947,-0.926867,-0.375388
67.333333,-17.851997,4.067612,12.069339,0.000305,0.000742,-0.924843,-0.380349
67.350000,-17.924151,3.995242,12.069187,0.000221,0.000529,-0.922704,-0.385509
67.366667,-17.997048,3.923771,12.069081,0.000130,0.000307,-0.920449,-0.390862
67.383333,-18.070733,3.853268,12.069035,0.000031,0.000072,-0.918075,-0.396406
67.400000,-18.145283,3.783679,12.069033,-0.000074,-0.000168,-0.915579,-0.402138
67.416667,-18.220634,3.715117,12.069089,-0.000185,-0.000414,-0.912958,-0.408053
67.433333,-18.296803,3.647623,12.069205,-0.000305,-0.000671,-0.910211,-0.414143
67.450000,-18.373802,3.581239,12.069375,-0.000435,-0.000938,-0.907338,-0.420400
67.466667,-18.451641,3.516006,12.069610,-0.000569,-0.001205,-0.904347,-0.426796
67.483333,-18.530330,3.451967,12.069904,-0.000712,-0.001481,-0.901229,-0.433341
67.500000,-18.609875,3.389161,12.070260,-0.000863,-0.001762,-0.897985,-0.440023
67.516667,-18.690279,3.327631,12.070685,-0.001023,-0.002048,-0.894616,-0.446831
67.533333,-18.771540,3.267411,12.071180,-0.001190,-0.002337,-0.891124,-0.453752
67.550000,-18.853656,3.208538,12.071739,-0.001365,-0.002630,-0.887513,-0.460773
67.566667,-18.936621,3.151048,12.072362,-0.001550,-0.002927,-0.883786,-0.467880
67.583333,-19.020427,3.094974,12.073061,-0.001741,-0.003225,-0.879947,-0.475058
67.600000,-19.105063,3.040348,12.073834,-0.001939,-0.003522,-0.876001,-0.482292
67.616667,-19.190514,2.987198,12.074673,-0.002143,-0.003817,-0.871962,-0.489554
67.633333,-19.276763,2.935548,12.075589,-0.002353,-0.004111,-0.867845,-0.496813
67.650000,-19.363789,2.885419,12.076580,-0.002570,-0.004403,-0.863666,-0.504038
67.666667,-19.451571,2.836832,12.077640,-0.002788,-0.004686,-0.859420,-0.511241
67.683333,-19.540084,2.789801,12.078771,-0.003005,-0.004958,-0.855144,-0.518358
67.700000,-19.629291,2.744314,12.079976,-0.003225,-0.005223,-0.850857,-0.525362
67.716667,-19.719144,2.700342,12.081248,-0.003442,-0.005475,-0.846574,-0.532231
67.733333,-19.809604,2.657860,12.082586,-0.003657,-0.005715,-0.842310,-0.538951
67.750000,-19.900667,2.616925,12.083986,-0.003868,-0.005942,-0.838080,-0.545502
67.766667,-19.992344,2.577387,12.085439,-0.004073,-0.006154,-0.833896,-0.551872
67.783333,-20.084509,2.539257,12.086951,-0.004272,-0.006351,-0.829764,-0.558063
67.800000,-20.177128,2.502507,12.088513,-0.004464,-0.006534,-0.825681,-0.564082
67.816667,-20.270171,2.467114,12.090126,-0.004649,-0.006702,-0.821649,-0.569936
67.833333,-20.363607,2.433051,12.091784,-0.004827,-0.006858,-0.817694,-0.575592
67.850000,-20.457407,2.400292,12.093482,-0.005002,-0.007005,-0.813786,-0.581101
67.866667,-20.551545,2.368815,12.095221,-0.005169,-0.007138,-0.809924,-0.586469
67.883333,-20.645995,2.338597,12.096996,-0.005329,-0.007260,-0.806107,-0.591701
67.900000,-20.740735,2.309615,12.098804,-0.005481,-0.007368,-0.802335,-0.596803
67.916667,-20.835739,2.281845,12.100648,-0.005627,-0.007468,-0.798606,-0.601782
67.933333,-20.930989,2.255268,12.102524,-0.005771,-0.007562,-0.794892,-0.606676
67.950000,-21.026463,2.229865,12.104429,-0.005908,-0.007645,-0.791215,-0.611462
67.966667,-21.122143,2.205615,12.106357,-0.006037,-0.007717,-0.787575,-0.616140
67.983333,-21.218010,2.182498,12.108305,-0.006163,-0.007784,-0.783972,-0.620717
68.000000,-21.314047,2.160499,12.110278,-0.006282,-0.007841,-0.780401,-0.625198
68.016667,-21.410254,2.139677,12.112278,-0.006393,-0.007888,-0.776864,-0.629587
68.033333,-21.506686,2.119926,12.114297,-0.006498,-0.007927,-0.773357,-0.633888
68.050000,-21.603239,2.101242,12.116325,-0.006598,-0.007961,-0.769880,-0.638105
68.066667,-21.699899,2.083612,12.118374,-0.006694,-0.007988,-0.766428,-0.642246
68.083333,-21.796654,2.067022,12.120436,-0.006782,-0.008007,-0.763002,-0.646311
68.100000,-21.893490,2.051456,12.122506,-0.006863,-0.008017,-0.759626,-0.650275
68.116667,-21.990395,2.036902,12.124584,-0.006939,-0.008022,-0.756271,-0.654173
68.133333,-22.087358,2.023349,12.126673,-0.007009,-0.008020,-0.752935,-0.658009
68.150000,-22.184368,2.010784,12.128767,-0.007073,-0.008011,-0.749605,-0.661799
68.166667,-22.281414,1.999197,12.130863,-0.007132,-0.007997,-0.746271,-0.665556
68.183333,-22.378485,1.988578,12.132965,-0.007185,-0.007976,-0.742950,-0.669261
68.200000,-22.475572,1.978917,12.135071,-0.007233,-0.007950,-0.739640,-0.672917
68.216667,-22.572666,1.970206,12.137167,-0.007276,-0.007919,-0.736339,-0.676528
68.233333,-22.669760,1.962470,12.139267,-0.007313,-0.007883,-0.733044,-0.680096
68.250000,-22.766926,1.955715,12.141369,-0.007345,-0.007840,-0.729755,-0.683625
68.266667,-22.864070,1.949889,12.143462,-0.007370,-0.007792,-0.726468,-0.687117
68.283333,-22.961183,1.944985,12.145550,-0.007388,-0.007737,-0.723182,-0.690575
68.300000,-23.058256,1.940999,12.147634,-0.007403,-0.007679,-0.719894,-0.694002
68.316667,-23.155282,1.937924,12.149709,-0.007409,-0.007613,-0.716614,-0.697389
68.333333,-23.252253,1.935757,12.151771,-0.007408,-0.007541,-0.713347,-0.700732
68.350000,-23.349161,1.934493,12.153821,-0.007403,-0.007466,-0.710058,-0.704064
68.366667,-23.445997,1.934130,12.155860,-0.007393,-0.007386,-0.706735,-0.707401
68.383333,-23.542756,1.934665,12.157879,-0.007374,-0.007298,-0.703399,-0.710720
68.400000,-23.639428,1.936097,12.159881,-0.007348,-0.007204,-0.700046,-0.714024
68.416667,-23.736007,1.938424,12.161864,-0.007316,-0.007105,-0.696674,-0.717316
68.433333,-23.832483,1.941680,12.163830,-0.007276,-0.007000,-0.693280,-0.720598
68.450000,-23.928922,1.945896,12.165779,-0.007228,-0.006889,-0.689861,-0.723873
68.466667,-24.025241,1.951011,12.167703,-0.007176,-0.006774,-0.686414,-0.727144
68.483333,-24.121434,1.957027,12.169601,-0.007117,-0.006655,-0.682937,-0.730412
68.500000,-24.217491,1.963945,12.171470,-0.007050,-0.006528,-0.679426,-0.733681
68.516667,-24.313406,1.971769,12.173309,-0.006974,-0.006396,-0.675890,-0.736942
68.533333,-24.409168,1.980502,12.175119,-0.006889,-0.006258,-0.672321,-0.740201
68.550000,-24.504771,1.990149,12.176901,-0.006797,-0.006113,-0.668678,-0.743496
68.566667,-24.600204,2.000716,12.178648,-0.006695,-0.005961,-0.664986,-0.746802
68.583333,-24.695460,2.012208,12.180358,-0.006584,-0.005804,-0.661240,-0.750123
68.600000,-24.790528,2.024633,12.182032,-0.006465,-0.005641,-0.657436,-0.753462
68.616667,-24.885394,2.038036,12.183668,-0.006335,-0.005470,-0.653569,-0.756820
68.633333,-24.980108,2.052474,12.185261,-0.006192,-0.005292,-0.649635,-0.760202
68.650000,-25.074600,2.067875,12.186807,-0.006040,-0.005107,-0.645629,-0.763611
68.666667,-25.168858,2.084250,12.188305,-0.005877,-0.004915,-0.641543,-0.767049
68.683333,-25.262871,2.101611,12.189755,-0.005703,-0.004718,-0.637374,-0.770519
68.700000,-25.356626,2.119971,12.191152,-0.005515,-0.004511,-0.633126,-0.774016
68.716667,-25.450110,2.139344,12.192494,-0.005310,-0.004293,-0.628752,-0.777576
68.733333,-25.543308,2.159745,12.193779,-0.005092,-0.004069,-0.624272,-0.781180
68.750000,-25.636205,2.181190,12.195004,-0.004858,-0.003836,-0.619677,-0.784833
68.766667,-25.728785,2.203698,12.196173,-0.004609,-0.003595,-0.614958,-0.788538
68.783333,-25.821029,2.227293,12.197273,-0.004346,-0.003347,-0.610114,-0.792295
68.800000,-25.912944,2.252143,12.198289,-0.004068,-0.003092,-0.605145,-0.796099
68.816667,-26.004480,2.278124,12.199235,-0.003777,-0.002833,-0.600056,-0.799944
68.833333,-26.095614,2.305260,12.200101,-0.003472,-0.002570,-0.594855,-0.803822
68.850000,-26.186323,2.333578,12.200887,-0.003156,-0.002303,-0.589546,-0.807725
68.866667,-26.276586,2.363090,12.201591,-0.002832,-0.002038,-0.584118,-0.811661
68.883333,-26.366385,2.393800,12.202213,-0.002504,-0.001776,-0.578608,-0.815600
68.900000,-26.455704,2.425705,12.202754,-0.002171,-0.001518,-0.573022,-0.819536
68.916667,-26.544527,2.458800,12.203210,-0.001839,-0.001267,-0.567374,-0.823457
68.933333,-26.632836,2.493084,12.203590,-0.001507,-0.001023,-0.561678,-0.827354
68.950000,-26.720596,2.528600,12.203894,-0.001178,-0.000788,-0.555943,-0.831219
68.966667,-26.807816,2.565421,12.204110,-0.000854,-0.000563,-0.550175,-0.835049
68.983333,-26.894469,2.603413,12.204256,-0.000537,-0.000349,-0.544376,-0.838841
69.000000,-26.980540,2.642566,12.204330,-0.000230,-0.000147,-0.538551,-0.842593
69.016667,-27.066017,2.682870,12.204335,0.000073,0.000046,-0.532701,-0.846303
69.033333,-27.150884,2.724317,12.204272,0.000367,0.000228,-0.526778,-0.850003
69.050000,-27.235127,2.766897,12.204147,0.000650,0.000397,-0.520888,-0.853625
69.066667,-27.318735,2.810599,12.203965,0.000920,0.000553,-0.514986,-0.857198
69.083333,-27.401694,2.855409,12.203725,0.001179,0.000697,-0.509076,-0.860721
69.100000,-27.483990,2.901321,12.203427,0.001424,0.000829,-0.503160,-0.864192
69.116667,-27.565526,2.948466,12.203078,0.001655,0.000949,-0.497244,-0.867609
69.133333,-27.646418,2.996707,12.202674,0.001873,0.001057,-0.491330,-0.870971
69.150000,-27.726612,3.045999,12.202232,0.002073,0.001151,-0.485422,-0.874277
69.166667,-27.806097,3.096332,12.201749,0.002257,0.001234,-0.479522,-0.877526
69.183333,-27.884866,3.147689,12.201231,0.002422,0.001302,-0.473557,-0.880759
69.200000,-27.962912,3.200051,12.200680,0.002567,0.001358,-0.467691,-0.883887
69.216667,-28.040227,3.253403,12.200101,0.002686,0.001399,-0.461845,-0.886956
69.233333,-28.116803,3.307732,12.199505,0.002782,0.001426,-0.456023,-0.889962
69.250000,-28.192635,3.363017,12.198890,0.002854,0.001439,-0.450232,-0.892906
69.266667,-28.267651,3.419404,12.198260,0.002902,0.001440,-0.444473,-0.895786
69.283333,-28.341912,3.476706,12.197624,0.002923,0.001427,-0.438748,-0.898604
69.300000,-28.415412,3.534909,12.196990,0.002909,0.001398,-0.433063,-0.901358
69.316667,-28.488151,3.593989,12.196365,0.002866,0.001355,-0.427401,-0.904056
69.333333,-28.560127,3.653930,12.195753,0.002790,0.001297,-0.421728,-0.906717
69.350000,-28.631338,3.714712,12.195157,0.002671,0.001223,-0.416191,-0.909273
69.366667,-28.701785,3.776317,12.194585,0.002516,0.001133,-0.410707,-0.911763
69.383333,-28.771469,3.838724,12.194055,0.002318,0.001028,-0.405285,-0.914187
69.400000,-28.840361,3.901947,12.193568,0.002076,0.000906,-0.399924,-0.916546
69.416667,-28.908442,3.966043,12.193131,0.001786,0.000767,-0.394629,-0.918838
69.433333,-28.975768,4.030874,12.192762,0.001445,0.000611,-0.389408,-0.921064
69.450000,-29.042343,4.096422,12.192464,0.001049,0.000437,-0.384260,-0.923224
69.466667,-29.108171,4.162666,12.192249,0.000582,0.000239,-0.379145,-0.925337
69.483333,-29.173260,4.229586,12.192132,0.000046,0.000018,-0.374121,-0.927380
69.500000,-29.237616,4.297163,12.192122,-0.000568,-0.000226,-0.369253,-0.929329
69.516667,-29.301252,4.365371,12.192228,-0.001261,-0.000493,-0.364487,-0.931207
69.533333,-29.364172,4.434194,12.192463,-0.002043,-0.000788,-0.359831,-0.933015
69.550000,-29.426316,4.503674,12.192880,-0.002925,-0.001112,-0.355295,-0.934749
69.566667,-29.487769,4.573763,12.193476,-0.003917,-0.001468,-0.350896,-0.936405
69.583333,-29.548554,4.644386,12.194272,-0.005040,-0.001862,-0.346639,-0.937983
69.600000,-29.608692,4.715517,12.195287,-0.006319,-0.002304,-0.342522,-0.939486
69.616667,-29.668198,4.787134,12.196546,-0.007794,-0.002805,-0.338573,-0.940904
69.633333,-29.727097,4.859207,12.198080,-0.009432,-0.003352,-0.334864,-0.942213
69.650000,-29.785421,4.931701,12.199925,-0.011205,-0.003935,-0.331325,-0.943442
69.666667,-29.843193,5.004591,12.202128,-0.013077,-0.004539,-0.327897,-0.944612
69.683333,-29.900420,5.077860,12.204750,-0.014997,-0.005146,-0.324532,-0.945742
69.700000,-29.957170,5.151480,12.207883,-0.016898,-0.005732,-0.321184,-0.946849
69.716667,-30.013474,5.225385,12.211509,-0.018701,-0.006270,-0.317801,-0.947952
69.733333,-30.069298,5.299598,12.215572,-0.020304,-0.006724,-0.314295,-0.949084
69.750000,-30.124599,5.374148,12.220019,-0.021536,-0.007038,-0.310550,-0.950287
69.766667,-30.179325,5.449072,12.224769,-0.022223,-0.007160,-0.306563,-0.951564
69.783333,-30.233424,5.524410,12.229716,-0.022147,-0.007024,-0.302247,-0.952946
69.800000,-30.286844,5.600199,12.234735,-0.021108,-0.006580,-0.297516,-0.954461
69.816667,-30.339481,5.676514,12.239662,-0.018888,-0.005775,-0.292338,-0.956111
69.833333,-30.391187,5.753486,12.244211,-0.015236,-0.004560,-0.286690,-0.957891
69.850000,-30.441957,5.831088,12.248105,-0.009877,-0.002887,-0.280563,-0.959781
69.866667,-30.491702,5.909367,12.251015,-0.002496,-0.000711,-0.273944,-0.961742
69.883333,-30.540322,5.988362,12.252539,0.007537,0.002086,-0.266743,-0.963736
69.900000,-30.587708,6.068092,12.252213,0.020117,0.005400,-0.259173,-0.965606
69.916667,-30.633747,6.148539,12.249507,0.035280,0.009169,-0.251373,-0.967204
69.933333,-30.678316,6.229641,12.243838,0.052954,0.013309,-0.243394,-0.968390
69.950000,-30.721268,6.311274,12.234520,0.072940,0.017715,-0.235346,-0.969009
69.966667,-30.762242,6.393209,12.220273,0.094900,0.022268,-0.227355,-0.968921
69.983333,-30.801397,6.475011,12.201208,0.118382,0.026850,-0.219553,-0.968019
70.000000,-30.838711,6.556294,12.177070,0.142859,0.031354,-0.212070,-0.966248
70.016667,-30.874216,6.636679,12.147819,0.167984,0.035743,-0.205025,-0.963571
70.033333,-30.907995,6.715832,12.113606,0.192685,0.039840,-0.198523,-0.960143
70.050000,-30.940180,6.793492,12.074739,0.215926,0.043514,-0.192699,-0.956216
70.066667,-30.970947,6.869488,12.031644,0.237441,0.046732,-0.187372,-0.952014
70.083333,-31.000469,6.943736,11.984782,0.256839,0.049451,-0.182481,-0.947781
70.100000,-31.028823,7.016002,11.934244,0.273896,0.051643,-0.177944,-0.943743
70.116667,-31.056290,7.086794,11.881221,0.288508,0.053296,-0.173662,-0.940087
70.133333,-31.082885,7.156454,11.826299,0.300682,0.054394,-0.169500,-0.936964
70.150000,-31.108634,7.225295,11.769964,0.310506,0.054904,-0.165238,-0.934488
70.166667,-31.133549,7.293584,11.712598,0.318068,0.054847,-0.160836,-0.932714
70.183333,-31.157642,7.361547,11.654502,0.323292,0.054200,-0.156208,-0.931742
70.200000,-31.180935,7.429380,11.595934,0.326758,0.053065,-0.151261,-0.931415
70.216667,-31.203424,7.497263,11.537113,0.328723,0.051531,-0.146046,-0.931642
70.233333,-31.224992,7.565391,11.478231,0.329397,0.049675,-0.140603,-0.932342
70.250000,-31.245780,7.633884,11.419494,0.328937,0.047564,-0.134975,-0.933445
70.266667,-31.265782,7.702842,11.361033,0.327459,0.045252,-0.129194,-0.934897
70.283333,-31.284993,7.772362,11.302973,0.324961,0.042730,-0.123170,-0.936698
70.300000,-31.303406,7.842532,11.245431,0.321597,0.040096,-0.117043,-0.938759
70.316667,-31.321016,7.913436,11.188515,0.317434,0.037416,-0.110918,-0.941028
70.333333,-31.337818,7.985146,11.132323,0.312551,0.034692,-0.104721,-0.943473
70.350000,-31.353801,8.057734,11.076962,0.306978,0.031950,-0.098467,-0.946070
70.366667,-31.368799,8.131377,11.022729,0.300743,0.029216,-0.092170,-0.948791
70.383333,-31.382947,8.206017,10.969565,0.293873,0.026512,-0.085850,-0.951612
70.400000,-31.396231,8.281695,10.917559,0.286391,0.023855,-0.079507,-0.954510
70.416667,-31.408632,8.358446,10.866802,0.278186,0.021230,-0.073072,-0.957508
70.433333,-31.420130,8.436300,10.817390,0.269383,0.018684,-0.066623,-0.960544
70.450000,-31.430711,8.515282,10.769416,0.260143,0.016276,-0.060286,-0.963549
70.466667,-31.440364,8.595408,10.722974,0.250400,0.013982,-0.053972,-0.966536
70.483333,-31.449058,8.676691,10.678156,0.240177,0.011814,-0.047688,-0.969485
70.500000,-31.456663,8.759261,10.635291,0.229500,0.009782,-0.041444,-0.972377
70.516667,-31.463244,8.842888,10.594357,0.218403,0.007895,-0.035250,-0.975190
70.533333,-31.468828,8.927628,10.555330,0.206916,0.006159,-0.029109,-0.977906
70.550000,-31.473405,9.013462,10.518291,0.195072,0.004582,-0.023033,-0.980508
70.566667,-31.476964,9.100359,10.483315,0.182745,0.003151,-0.016951,-0.983009
70.583333,-31.479499,9.188283,10.450468,0.170294,0.001906,-0.011030,-0.985330
70.600000,-31.481001,9.277192,10.419812,0.157668,0.000834,-0.005222,-0.987478
70.616667,-31.481464,9.367040,10.391404,0.144916,-0.000071,0.000482,-0.989444
70.633333,-31.480901,9.457777,10.365302,0.132170,-0.000807,0.006052,-0.991208
70.650000,-31.479166,9.549415,10.341856,0.119566,-0.001381,0.011464,-0.992759
70.666667,-31.476421,9.641608,10.320831,0.107231,-0.001801,0.016698,-0.994092
70.683333,-31.472674,9.734473,10.302179,0.095285,-0.002081,0.021735,-0.995211
70.700000,-31.467951,9.827933,10.285828,0.083828,-0.002235,0.026560,-0.996124
70.716667,-31.462311,9.921907,10.271619,0.072963,-0.002281,0.031170,-0.996845
70.733333,-31.455808,10.016326,10.259373,0.062892,-0.002239,0.035501,-0.997386
70.750000,-31.448488,10.111132,10.248917,0.053588,-0.002127,0.039602,-0.997775
70.766667,-31.440400,10.206280,10.240087,0.045096,-0.001964,0.043462,-0.998035
70.783333,-31.431584,10.301735,10.232740,0.037419,-0.001765,0.047093,-0.998188
70.800000,-31.422077,10.397471,10.226730,0.030522,-0.001544,0.050512,-0.998256
70.816667,-31.411874,10.493466,10.222021,0.024350,-0.001311,0.053736,-0.998257
70.833333,-31.401063,10.589442,10.218402,0.018853,-0.001072,0.056783,-0.998208
70.850000,-31.389674,10.685647,10.215719,0.013987,-0.000836,0.059671,-0.998120
70.866667,-31.377720,10.782076,10.213871,0.009715,-0.000608,0.062413,-0.998003
70.883333,-31.365232,10.878728,10.212752,0.006000,-0.000391,0.065017,-0.997866
70.900000,-31.352232,10.975605,10.212274,0.002860,-0.000193,0.067478,-0.997717
70.916667,-31.338735,11.072709,10.212346,0.000220,-0.000015,0.069812,-0.997560
70.933333,-31.324752,11.170043,10.212878,-0.001961,0.000142,0.072049,-0.997399
70.950000,-31.310303,11.267612,10.213786,-0.003699,0.000275,0.074193,-0.997237
70.966667,-31.295404,11.365423,10.214991,-0.005011,0.000383,0.076258,-0.997075
70.983333,-31.280062,11.463481,10.216408,-0.005903,0.000463,0.078242,-0.996917
71.000000,-31.264297,11.561795,10.217970,-0.006389,0.000514,0.080151,-0.996762
71.016667,-31.248113,11.660370,10.219591,-0.006487,0.000534,0.081993,-0.996612
71.033333,-31.231515,11.759214,10.221201,-0.006197,0.000521,0.083768,-0.996466
71.050000,-31.214507,11.858331,10.222715,-0.005524,0.000474,0.085482,-0.996324
71.066667,-31.197168,11.957393,10.224045,-0.004480,0.000392,0.087142,-0.996186
71.083333,-31.179450,12.056738,10.225126,-0.003056,0.000272,0.088747,-0.996049
71.100000,-31.161352,12.156371,10.225894,-0.001257,0.000114,0.090304,-0.995913
71.116667,-31.142893,12.256298,10.226260,0.000923,-0.000085,0.091811,-0.995776
71.133333,-31.124075,12.356522,10.226145,0.003483,-0.000326,0.093268,-0.995635
71.150000,-31.104898,12.457043,10.225483,0.006416,-0.000610,0.094684,-0.995487
71.166667,-31.085379,12.557865,10.224181,0.009737,-0.000940,0.096060,-0.995327
71.183333,-31.065513,12.658984,10.222153,0.013460,-0.001317,0.097396,-0.995154
71.200000,-31.045313,12.760400,10.219313,0.017590,-0.001745,0.098701,-0.994960
71.216667,-31.024780,12.862106,10.215568,0.022139,-0.002225,0.099972,-0.994741
71.233333,-31.003919,12.964094,10.210832,0.027123,-0.002760,0.101207,-0.994492
71.250000,-30.982740,13.066355,10.204999,0.032552,-0.003353,0.102415,-0.994203
71.266667,-30.961247,13.168874,10.197969,0.038445,-0.004007,0.103588,-0.993869
71.283333,-30.939447,13.271634,10.189634,0.044815,-0.004724,0.104731,-0.993479
71.300000,-30.917350,13.374612,10.179881,0.051678,-0.005508,0.105843,-0.993024
71.316667,-30.894967,13.477784,10.168597,0.059059,-0.006363,0.106924,-0.992491
71.333333,-30.872304,13.581116,10.155663,0.066973,-0.007291,0.107975,-0.991868
71.350000,-30.849377,13.684571,10.140945,0.075437,-0.008296,0.108992,-0.991141
71.366667,-30.826200,13.788104,10.124319,0.084473,-0.009381,0.109972,-0.990294
71.383333,-30.802783,13.891663,10.105650,0.094089,-0.010549,0.110919,-0.989309
71.400000,-30.779145,13.995185,10.084791,0.104311,-0.011805,0.111832,-0.988167
71.416667,-30.755304,14.098601,10.061602,0.115129,-0.013148,0.112704,-0.986849
71.433333,-30.731285,14.201833,10.035941,0.126461,-0.014571,0.113532,-0.985345
71.450000,-30.707119,14.304788,10.007650,0.138198,-0.016058,0.114299,-0.983656
71.466667,-30.682823,14.407366,9.976598,0.150269,-0.017601,0.114995,-0.981777
71.483333,-30.658427,14.509450,9.942623,0.162531,-0.019179,0.115608,-0.979720
71.500000,-30.633973,14.610931,9.905627,0.174815,-0.020768,0.116130,-0.977508
71.516667,-30.609490,14.711744,9.865656,0.186995,-0.022349,0.116547,-0.975167
71.533333,-30.585025,14.811864,9.822828,0.198935,-0.023898,0.116855,-0.972727
71.550000,-30.560620,14.911225,9.777168,0.210514,-0.025394,0.117037,-0.970227
71.566667,-30.536209,15.010232,9.728697,0.221596,-0.026810,0.117080,-0.967713
71.583333,-30.511907,15.108521,9.677761,0.232077,-0.028126,0.116979,-0.965228
71.600000,-30.487754,15.206110,9.624494,0.241917,-0.029329,0.116728,-0.962804
71.616667,-30.463767,15.303029,9.569041,0.251108,-0.030415,0.116333,-0.960462
71.633333,-30.439974,15.399314,9.511537,0.259602,-0.031367,0.115783,-0.958236
71.650000,-30.416405,15.495015,9.452125,0.267457,-0.032192,0.115084,-0.956131
71.666667,-30.393078,15.590181,9.390937,0.274714,-0.032883,0.114212,-0.954152
71.683333,-30.370011,15.684872,9.328108,0.281320,-0.033434,0.113183,-0.952329
71.700000,-30.347218,15.779151,9.263768,0.287284,-0.033845,0.111999,-0.950673
71.716667,-30.324734,15.873092,9.198048,0.292610,-0.034112,0.110655,-0.949195
71.733333,-30.302560,15.966758,9.131065,0.297307,-0.034236,0.109153,-0.947904
71.750000,-30.280681,16.060540,9.062633,0.301380,-0.034216,0.107493,-0.946807
71.766667,-30.259161,16.154223,8.993207,0.304834,-0.034055,0.105674,-0.945912
71.783333,-30.238005,16.247887,8.922909,0.307669,-0.033748,0.103681,-0.945225
71.800000,-30.217243,16.341626,8.851862,0.309879,-0.033295,0.101510,-0.944755
71.816667,-30.196890,16.435527,8.780189,0.311456,-0.032703,0.099174,-0.944505
71.833333,-30.176966,16.529684,8.708011,0.312370,-0.031978,0.096689,-0.944486
71.850000,-30.157484,16.624188,8.635453,0.312653,-0.031125,0.094045,-0.944688
71.866667,-30.138491,16.719145,8.562646,0.312298,-0.030151,0.091246,-0.945111
71.883333,-30.119960,16.815007,8.489489,0.311281,-0.029056,0.088281,-0.945762
71.900000,-30.101944,16.911530,8.416370,0.309537,-0.027831,0.085117,-0.946661
71.916667,-30.084471,17.008817,8.343430,0.307097,-0.026504,0.081800,-0.947786
71.933333,-30.067567,17.106970,8.270813,0.303943,-0.025085,0.078333,-0.949133
71.950000,-30.051246,17.206087,8.198669,0.300061,-0.023586,0.074729,-0.950696
71.966667,-30.035567,17.306297,8.127188,0.295433,-0.022023,0.071002,-0.952467
71.983333,-30.020569,17.408112,8.056414,0.289916,-0.020375,0.067079,-0.954481
72.000000,-30.006268,17.511222,7.986668,0.283561,-0.018677,0.063012,-0.956699
72.016667,-29.992697,17.615724,7.918138,0.276372,-0.016950,0.058822,-0.959099
72.033333,-29.979900,17.721710,7.851024,0.268326,-0.015210,0.054511,-0.961664
72.050000,-29.967898,17.829262,7.785534,0.259398,-0.013475,0.050096,-0.964376
72.066667,-29.956860,17.938639,7.722177,0.249410,-0.011741,0.045535,-0.967256
72.083333,-29.946705,18.050110,7.660813,0.238511,-0.010051,0.040885,-0.970227
72.100000,-29.937498,18.163374,7.601846,0.226704,-0.008423,0.036162,-0.973256
72.116667,-29.929280,18.278470,7.545524,0.214045,-0.006882,0.031392,-0.976295
72.133333,-29.922106,18.395443,7.492155,0.200486,-0.005433,0.026540,-0.979322
72.150000,-29.916138,18.514817,7.442314,0.186395,-0.004124,0.021733,-0.982226
72.166667,-29.911302,18.636026,7.395983,0.171898,-0.002963,0.016975,-0.984964
72.183333,-29.907620,18.759013,7.353402,0.157146,-0.001956,0.012293,-0.987497
72.200000,-29.905099,18.883669,7.314690,0.142154,-0.001101,0.007665,-0.989814
72.216667,-29.903857,19.009942,7.280232,0.127147,-0.000402,0.003135,-0.991879
72.233333,-29.903764,19.137880,7.249558,0.112525,0.000137,-0.001207,-0.993648
72.250000,-29.904750,19.266956,7.222478,0.098267,0.000532,-0.005391,-0.995145
72.266667,-29.906778,19.397030,7.198881,0.084352,0.000801,-0.009459,-0.996391
72.283333,-29.909927,19.528022,7.179009,0.070963,0.000951,-0.013373,-0.997389
72.300000,-29.914113,19.660070,7.162512,0.058323,0.000998,-0.017073,-0.998151
72.316667,-29.919243,19.792733,7.149120,0.046261,0.000955,-0.020626,-0.998716
72.333333,-29.925279,19.925921,7.138715,0.034591,0.000834,-0.024087,-0.999111
72.350000,-29.932316,20.059559,7.131571,0.023449,0.000643,-0.027415,-0.999349
72.366667,-29.940238,20.193817,7.127243,0.012947,0.000396,-0.030584,-0.999448
72.383333,-29.948973,20.328349,7.125542,0.002894,0.000097,-0.033659,-0.999429
72.400000,-29.958526,20.463092,7.126420,-0.006763,-0.000248,-0.036649,-0.999305
72.416667,-29.968976,20.598217,7.130079,-0.015981,-0.000633,-0.039545,-0.999090
72.433333,-29.980155,20.733436,7.136038,-0.024664,-0.001045,-0.042325,-0.998799
72.450000,-29.992056,20.868709,7.144203,-0.033036,-0.001491,-0.045052,-0.998437
72.466667,-30.004736,21.003970,7.154712,-0.041036,-0.001962,-0.047713,-0.998016
72.483333,-30.018152,21.139394,7.167397,-0.048662,-0.002454,-0.050301,-0.997545
72.500000,-30.032223,21.274756,7.182013,-0.055921,-0.002963,-0.052826,-0.997032
72.516667,-30.046975,21.410014,7.198549,-0.062886,-0.003491,-0.055317,-0.996480
72.533333,-30.062450,21.545281,7.217140,-0.069553,-0.004034,-0.057761,-0.995896
72.550000,-30.078545,21.680397,7.237426,-0.075910,-0.004589,-0.060163,-0.995287
72.566667,-30.095249,21.815342,7.259339,-0.081995,-0.005155,-0.062538,-0.994655
72.583333,-30.112628,21.950044,7.283055,-0.087828,-0.005734,-0.064893,-0.994003
72.600000,-30.130638,22.084650,7.308322,-0.093427,-0.006323,-0.067227,-0.993334
72.616667,-30.149218,22.219024,7.335017,-0.098760,-0.006920,-0.069554,-0.992653
72.633333,-30.168440,22.353107,7.363230,-0.103878,-0.007527,-0.071874,-0.991961
72.650000,-30.188281,22.486985,7.392871,-0.108799,-0.008144,-0.074204,-0.991257
72.666667,-30.208697,22.620575,7.423763,-0.113493,-0.008771,-0.076550,-0.990547
72.683333,-30.229708,22.753840,7.455937,-0.117984,-0.009405,-0.078905,-0.989831
72.700000,-30.251374,22.886792,7.489407,-0.122293,-0.010051,-0.081294,-0.989108
72.716667,-30.273610,23.019410,7.523969,-0.126427,-0.010711,-0.083738,-0.988377
72.733333,-30.296446,23.151668,7.559608,-0.130354,-0.011380,-0.086221,-0.987646
72.750000,-30.319968,23.283511,7.596407,-0.134119,-0.012062,-0.088756,-0.986909
72.766667,-30.344091,23.414978,7.634148,-0.137750,-0.012764,-0.091378,-0.986160
72.783333,-30.368836,23.546052,7.672791,-0.141221,-0.013477,-0.094042,-0.985409
72.800000,-30.394326,23.676639,7.712436,-0.144583,-0.014208,-0.096763,-0.984647
72.816667,-30.420467,23.806685,7.752852,-0.147869,-0.014962,-0.099552,-0.983870
72.833333,-30.447270,23.936229,7.794021,-0.151046,-0.015731,-0.102383,-0.983085
72.850000,-30.474831,24.065181,7.836044,-0.154163,-0.016519,-0.105254,-0.982284
72.866667,-30.503048,24.193359,7.878781,-0.157230,-0.017327,-0.108159,-0.981468
72.883333,-30.531907,24.320916,7.922231,-0.160249,-0.018152,-0.111082,-0.980638
72.900000,-30.561453,24.447786,7.966454,-0.163238,-0.018995,-0.114010,-0.979793
72.916667,-30.591641,24.573666,8.011348,-0.166200,-0.019852,-0.116930,-0.978933
72.933333,-30.622420,24.698825,8.056904,-0.169108,-0.020715,-0.119811,-0.978069
72.950000,-30.653792,24.823240,8.103103,-0.171973,-0.021587,-0.122661,-0.977197
72.966667,-30.685749,24.946479,8.149924,-0.174778,-0.022461,-0.125468,-0.976323
72.983333,-30.718251,25.068923,8.197325,-0.177486,-0.023324,-0.128191,-0.975460
73.000000,-30.751259,25.190565,8.245273,-0.180089,-0.024172,-0.130814,-0.974613
73.016667,-30.784790,25.311364,8.293789,-0.182591,-0.025004,-0.133350,-0.973783
73.033333,-30.818702,25.430899,8.342674,-0.184963,-0.025808,-0.135758,-0.972981
73.050000,-30.853011,25.549615,8.391975,-0.187128,-0.026554,-0.137964,-0.972237
73.066667,-30.887672,25.667519,8.441651,-0.189118,-0.027249,-0.139985,-0.971543
73.083333,-30.922672,25.784600,8.491681,-0.190897,-0.027877,-0.141786,-0.970916
73.100000,-30.957800,25.900413,8.541788,-0.192406,-0.028414,-0.143304,-0.970380
73.116667,-30.993100,26.015480,8.592060,-0.193598,-0.028837,-0.144480,-0.969956
73.133333,-31.028498,26.129840,8.642418,-0.194458,-0.029138,-0.145293,-0.969653
73.150000,-31.063917,26.243537,8.692782,-0.194920,-0.029288,-0.145673,-0.969499
73.166667,-31.099093,26.356111,8.742809,-0.194883,-0.029248,-0.145508,-0.969532
73.183333,-31.134075,26.468162,8.792592,-0.194232,-0.029000,-0.144795,-0.969777
73.200000,-31.168731,26.579777,8.842000,-0.192687,-0.028523,-0.143627,-0.970273
73.216667,-31.202934,26.691048,8.890885,-0.189880,-0.027796,-0.142152,-0.971064
73.233333,-31.236504,26.802104,8.939055,-0.185455,-0.026809,-0.140537,-0.972182
73.250000,-31.269035,26.912530,8.985996,-0.179122,-0.025568,-0.138978,-0.973626
73.266667,-31.300671,27.023023,9.031629,-0.170504,-0.024065,-0.137670,-0.975395
73.283333,-31.331601,27.133803,9.075191,-0.159697,-0.022345,-0.136757,-0.977392
73.300000,-31.362161,27.245074,9.115758,-0.146736,-0.020426,-0.136354,-0.979520
73.316667,-31.392696,27.356955,9.152436,-0.131753,-0.018330,-0.136573,-0.981658
73.333333,-31.423543,27.469442,9.184447,-0.115013,-0.016080,-0.137529,-0.983666
73.350000,-31.454844,27.581854,9.210548,-0.096789,-0.013674,-0.139220,-0.985425
73.366667,-31.486891,27.694446,9.231191,-0.077597,-0.011132,-0.141566,-0.986820
73.383333,-31.519745,27.806933,9.246405,-0.058028,-0.008484,-0.144425,-0.987776
73.400000,-31.553422,27.919026,9.256421,-0.038658,-0.005775,-0.147642,-0.988268
73.416667,-31.587874,28.030480,9.261616,-0.019985,-0.003055,-0.151070,-0.988316
73.433333,-31.623027,28.141102,9.262440,-0.002701,-0.000422,-0.154545,-0.987982
73.450000,-31.658803,28.250752,9.259370,0.013234,0.002117,-0.157978,-0.987352
73.466667,-31.695116,28.359338,9.252869,0.027715,0.004531,-0.161296,-0.986506
73.483333,-31.731881,28.466812,9.243368,0.040739,0.006798,-0.164450,-0.985520
73.500000,-31.769030,28.573146,9.231239,0.052371,0.008906,-0.167413,-0.984455
73.516667,-31.806271,28.677678,9.216840,0.062719,0.010854,-0.170179,-0.983355
73.533333,-31.843759,28.781096,9.200526,0.071909,0.012646,-0.172744,-0.982257
73.550000,-31.881433,28.883427,9.182546,0.080071,0.014291,-0.175114,-0.981183
73.566667,-31.919256,28.984697,9.163110,0.087332,0.015798,-0.177307,-0.980146
73.583333,-31.957189,29.084936,9.142406,0.093799,0.017179,-0.179329,-0.979157
73.600000,-31.995200,29.184174,9.120593,0.099516,0.018432,-0.181181,-0.978228
73.616667,-32.033259,29.282445,9.097807,0.104654,0.019584,-0.182897,-0.977350
73.633333,-32.071341,29.379779,9.074170,0.109287,0.020648,-0.184494,-0.976520
73.650000,-32.109431,29.476204,9.049784,0.113479,0.021629,-0.185976,-0.975739
73.666667,-32.147507,29.571751,9.024739,0.117283,0.022537,-0.187358,-0.975005
73.683333,-32.185551,29.666451,8.999117,0.120746,0.023379,-0.188647,-0.974313
73.700000,-32.223557,29.760328,8.972986,0.123909,0.024161,-0.189854,-0.973662
73.716667,-32.261515,29.853407,8.946405,0.126805,0.024889,-0.190988,-0.973049
73.733333,-32.299408,29.945717,8.919427,0.129458,0.025565,-0.192042,-0.972475
73.750000,-32.337230,30.037283,8.892100,0.131891,0.026192,-0.193013,-0.971939
73.766667,-32.374976,30.128129,8.864466,0.134129,0.026772,-0.193898,-0.971440
73.783333,-32.412640,30.218277,8.836557,0.136176,0.027304,-0.194688,-0.970983
73.800000,-32.450219,30.307752,8.808413,0.138045,0.027789,-0.195379,-0.970566
73.816667,-32.487693,30.396586,8.780069,0.139748,0.028228,-0.195972,-0.970190
73.833333,-32.525038,30.484814,8.751558,0.141297,0.028623,-0.196466,-0.969854
73.850000,-32.562428,30.572929,8.722758,0.142702,0.028974,-0.196855,-0.969559
73.866667,-32.599652,30.660488,8.693857,0.143971,0.029281,-0.197139,-0.969304
73.883333,-32.636697,30.747522,8.664882,0.145113,0.029546,-0.197317,-0.969090
73.900000,-32.673553,30.834059,8.635855,0.146141,0.029773,-0.197395,-0.968913
73.916667,-32.710213,30.920123,8.606789,0.147063,0.029964,-0.197384,-0.968769
73.933333,-32.746671,31.005740,8.577700,0.147893,0.030123,-0.197295,-0.968656
73.950000,-32.782923,31.090937,8.548601,0.148640,0.030253,-0.197135,-0.968570
73.966667,-32.818967,31.175737,8.519503,0.149318,0.030358,-0.196910,-0.968509
73.983333,-32.854800,31.260163,8.490412,0.149930,0.030440,-0.196624,-0.968470
74.000000,-32.890418,31.344243,8.461338,0.150480,0.030498,-0.196280,-0.968452
74.016667,-32.925822,31.427998,8.432285,0.150974,0.030537,-0.195884,-0.968454
74.033333,-32.961017,31.511449,8.403255,0.151418,0.030557,-0.195441,-0.968474
74.050000,-32.996000,31.594622,8.374250,0.151813,0.030559,-0.194954,-0.968510
74.066667,-33.030888,31.677813,8.345181,0.152164,0.030545,-0.194427,-0.968561
74.083333,-33.065557,31.760756,8.316152,0.152474,0.030517,-0.193864,-0.968626
74.100000,-33.100014,31.843475,8.287164,0.152746,0.030475,-0.193267,-0.968704
74.116667,-33.134264,31.925991,8.258217,0.152981,0.030417,-0.192623,-0.968797
74.133333,-33.168312,32.008328,8.229311,0.153179,0.030345,-0.191943,-0.968903
74.150000,-33.202162,32.090511,8.200446,0.153345,0.030262,-0.191231,-0.969020
74.166667,-33.235820,32.172563,8.171619,0.153483,0.030168,-0.190490,-0.969147
74.183333,-33.269290,32.254508,8.142828,0.153590,0.030063,-0.189721,-0.969284
74.200000,-33.302557,32.336382,8.114071,0.153669,0.029947,-0.188922,-0.969432
74.216667,-33.335683,32.418310,8.085309,0.153722,0.029821,-0.188094,-0.969588
74.233333,-33.368624,32.500188,8.056581,0.153751,0.029686,-0.187237,-0.969753
74.250000,-33.401385,32.582039,8.027884,0.153754,0.029538,-0.186339,-0.969930
74.266667,-33.433974,32.663892,7.999216,0.153731,0.029381,-0.185407,-0.970117
74.283333,-33.466394,32.745773,7.970574,0.153686,0.029216,-0.184457,-0.970311
74.300000,-33.498653,32.827709,7.941952,0.153619,0.029043,-0.183483,-0.970511
74.316667,-33.530751,32.909715,7.913349,0.153528,0.028861,-0.182483,-0.970719
74.333333,-33.562662,32.991805,7.884771,0.153416,0.028672,-0.181457,-0.970935
74.350000,-33.594394,33.073973,7.856222,0.153284,0.028474,-0.180405,-0.971158
74.366667,-33.625951,33.156225,7.827704,0.153131,0.028269,-0.179324,-0.971388
74.383333,-33.657330,33.238564,7.799220,0.152956,0.028053,-0.178204,-0.971628
74.400000,-33.688531,33.320995,7.770772,0.152758,0.027829,-0.177051,-0.971876
74.416667,-33.719550,33.403522,7.742362,0.152542,0.027599,-0.175882,-0.972129
74.433333,-33.750381,33.486150,7.713993,0.152306,0.027362,-0.174690,-0.972388
74.450000,-33.781020,33.568886,7.685667,0.152051,0.027118,-0.173471,-0.972653
74.466667,-33.811443,33.651743,7.657395,0.151776,0.026867,-0.172224,-0.972924
74.483333,-33.841651,33.734699,7.629183,0.151483,0.026609,-0.170947,-0.973202
74.500000,-33.871653,33.817774,7.601025,0.151171,0.026343,-0.169641,-0.973486
74.516667,-33.901446,33.900974,7.572924,0.150836,0.026068,-0.168293,-0.973780
74.533333,-33.931026,33.984301,7.544882,0.150477,0.025784,-0.166909,-0.974081
74.550000,-33.960389,34.067760,7.516902,0.150101,0.025496,-0.165508,-0.974385
74.566667,-33.989532,34.151357,7.488986,0.149708,0.025202,-0.164081,-0.974695
74.583333,-34.018449,34.235094,7.461136,0.149294,0.024901,-0.162626,-0.975010
74.600000,-34.047114,34.318988,7.433365,0.148861,0.024595,-0.161142,-0.975330
74.616667,-34.075519,34.403000,7.405686,0.148408,0.024281,-0.159627,-0.975656
74.633333,-34.103682,34.487166,7.378085,0.147934,0.023961,-0.158078,-0.975988
74.650000,-34.131600,34.571488,7.350564,0.147437,0.023631,-0.156487,-0.976328
74.666667,-34.159268,34.655971,7.323128,0.146912,0.023292,-0.154848,-0.976676
74.683333,-34.186681,34.740619,7.295779,0.146369,0.022949,-0.153189,-0.977027
74.700000,-34.213833,34.825437,7.268520,0.145807,0.022602,-0.151504,-0.977382
74.716667,-34.240714,34.910431,7.241354,0.145223,0.022247,-0.149784,-0.977742
74.733333,-34.267304,34.995609,7.214291,0.144617,0.021886,-0.148027,-0.978108
74.750000,-34.293572,35.080929,7.187357,0.143989,0.021519,-0.146232,-0.978478
74.766667,-34.319555,35.166433,7.160530,0.143337,0.021145,-0.144399,-0.978855
74.783333,-34.345246,35.252127,7.133813,0.142660,0.020764,-0.142527,-0.979236
74.800000,-34.370635,35.338013,7.107210,0.141949,0.020373,-0.140598,-0.979626
74.816667,-34.395717,35.424096,7.080722,0.141214,0.019976,-0.138633,-0.980021
74.833333,-34.420483,35.510381,7.054355,0.140459,0.019575,-0.136639,-0.980417
74.850000,-34.444926,35.596872,7.028114,0.139677,0.019168,-0.134599,-0.980819
74.866667,-34.469042,35.683573,7.002005,0.138870,0.018755,-0.132516,-0.981225
74.883333,-34.492785,35.770502,6.976048,0.138034,0.018335,-0.130390,-0.981636
74.900000,-34.516151,35.857581,6.950257,0.137169,0.017909,-0.128219,-0.982051
74.916667,-34.539157,35.944881,6.924611,0.136274,0.017477,-0.126001,-0.982470
74.933333,-34.561794,36.032406,6.899116,0.135350,0.017039,-0.123735,-0.982894
74.950000,-34.584059,36.120156,6.873777,0.134384,0.016590,-0.121393,-0.983326
74.966667,-34.605944,36.208137,6.848599,0.133391,0.016137,-0.119013,-0.983759
74.983333,-34.627435,36.296352,6.823588,0.132367,0.015680,-0.116584,-0.984196
75.000000,-34.648521,36.384805,6.798749,0.131309,0.015217,-0.114104,-0.984635
75.016667,-34.669195,36.473499,6.774088,0.130217,0.014748,-0.111570,-0.985078
75.033333,-34.689399,36.562455,6.749635,0.129088,0.014274,-0.108977,-0.985524
75.050000,-34.709131,36.651577,6.725407,0.127921,0.013794,-0.106322,-0.985972
75.066667,-34.728411,36.740949,6.701378,0.126715,0.013309,-0.103605,-0.986424
75.083333,-34.747228,36.830574,6.677557,0.125468,0.012819,-0.100828,-0.986877
75.100000,-34.765570,36.920455,6.653949,0.124177,0.012323,-0.097977,-0.987334
75.116667,-34.783422,37.010595,6.630563,0.122840,0.011820,-0.095051,-0.987794
75.133333,-34.800771,37.100996,6.607407,0.121462,0.011315,-0.092065,-0.988252
75.150000,-34.817604,37.191662,6.584490,0.120038,0.010807,-0.089011,-0.988712
75.166667,-34.833908,37.282593,6.561819,0.118566,0.010294,-0.085881,-0.989172
75.183333,-34.849652,37.373798,6.539411,0.117045,0.009778,-0.082671,-0.989631
75.200000,-34.864754,37.465188,6.517323,0.115471,0.009258,-0.079383,-0.990090
75.216667,-34.879278,37.556849,6.495511,0.113844,0.008737,-0.076016,-0.990548
75.233333,-34.893205,37.648782,6.473987,0.112162,0.008213,-0.072564,-0.991003
75.250000,-34.906514,37.740988,6.452760,0.110422,0.007687,-0.069024,-0.991455
75.266667,-34.919184,37.833470,6.431840,0.108627,0.007162,-0.065398,-0.991903
75.283333,-34.931199,37.926226,6.411241,0.106770,0.006637,-0.061684,-0.992346
75.300000,-34.942543,38.019258,6.390974,0.104843,0.006110,-0.057859,-0.992785
75.316667,-34.953194,38.112565,6.371052,0.102850,0.005585,-0.053935,-0.993218
75.333333,-34.963127,38.206147,6.351487,0.100788,0.005062,-0.049908,-0.993642
75.350000,-34.972319,38.300004,6.332292,0.098654,0.004543,-0.045777,-0.994058
75.366667,-34.980689,38.394144,6.313514,0.096449,0.004029,-0.041538,-0.994463
75.383333,-34.988234,38.488440,6.295174,0.094176,0.003521,-0.037195,-0.994854
75.400000,-34.994967,38.583001,6.277251,0.091843,0.003023,-0.032757,-0.995230
75.416667,-35.000861,38.677824,6.259761,0.089456,0.002537,-0.028233,-0.995587
75.433333,-35.005890,38.772904,6.242719,0.087020,0.002064,-0.023627,-0.995924
75.450000,-35.010031,38.868236,6.226138,0.084561,0.001611,-0.018979,-0.996236
75.466667,-35.013271,38.963811,6.210023,0.082079,0.001177,-0.014285,-0.996523
75.483333,-35.015604,39.059619,6.194373,0.079557,0.000759,-0.009504,-0.996785
75.500000,-35.017022,39.155652,6.179191,0.077017,0.000360,-0.004667,-0.997019
75.516667,-35.017509,39.251900,6.164477,0.074472,-0.000015,0.000206,-0.997223
75.533333,-35.017059,39.348351,6.150232,0.071928,-0.000368,0.005106,-0.997397
75.550000,-35.015664,39.444997,6.136458,0.069388,-0.000698,0.010036,-0.997539
75.566667,-35.013252,39.541829,6.123186,0.066852,-0.001005,0.014996,-0.997650
75.583333,-35.009856,39.638698,6.110413,0.064323,-0.001289,0.019987,-0.997728
75.600000,-35.005493,39.735724,6.098108,0.061802,-0.001549,0.025004,-0.997774
75.616667,-35.000153,39.832897,6.086269,0.059290,-0.001785,0.030047,-0.997787
75.633333,-34.993824,39.930205,6.074899,0.056787,-0.001999,0.035119,-0.997766
75.650000,-34.986496,40.027636,6.063996,0.054311,-0.002188,0.040189,-0.997713
75.666667,-34.978162,40.125177,6.053558,0.051856,-0.002353,0.045272,-0.997625
75.683333,-34.968817,40.222817,6.043585,0.049413,-0.002496,0.050385,-0.997504
75.700000,-34.958454,40.320544,6.034075,0.046984,-0.002616,0.055526,-0.997348
75.716667,-34.947060,40.418344,6.025029,0.044571,-0.002713,0.060694,-0.997157
75.733333,-34.934626,40.516204,6.016444,0.042159,-0.002788,0.065926,-0.996930
75.750000,-34.921145,40.614110,6.008317,0.039767,-0.002840,0.071183,-0.996666
75.766667,-34.906611,40.712051,6.000646,0.037395,-0.002870,0.076470,-0.996366
75.783333,-34.891017,40.810010,5.993429,0.035044,-0.002878,0.081789,-0.996029
75.800000,-34.874352,40.907976,5.986664,0.032716,-0.002863,0.087134,-0.995655
75.816667,-34.856541,41.005921,5.980378,0.030412,-0.002827,0.092506,-0.995244
75.833333,-34.837672,41.103696,5.974545,0.028133,-0.002769,0.097910,-0.994794
75.850000,-34.817712,41.201430,5.969152,0.025880,-0.002690,0.103347,-0.994305
75.866667,-34.796653,41.299109,5.964194,0.023654,-0.002590,0.108813,-0.993777
75.883333,-34.774495,41.396719,5.959669,0.021457,-0.002469,0.114311,-0.993210
75.900000,-34.751228,41.494244,5.955572,0.019304,-0.002330,0.119806,-0.992607
75.916667,-34.726835,41.591665,5.951899,0.017185,-0.002171,0.125326,-0.991964
75.933333,-34.701314,41.688969,5.948646,0.015098,-0.001993,0.130877,-0.991282
75.950000,-34.674661,41.786140,5.945807,0.013044,-0.001797,0.136462,-0.990558
75.966667,-34.646867,41.883160,5.943379,0.011024,-0.001583,0.142084,-0.989792
75.983333,-34.617923,41.980013,5.941354,0.009041,-0.001351,0.147740,-0.988984
76.000000,-34.587828,42.076683,5.939728,0.007095,-0.001102,0.153428,-0.988134
76.016667,-34.556571,42.173152,5.938494,0.005187,-0.000836,0.159151,-0.987240
76.033333,-34.524141,42.269400,5.937646,0.003320,-0.000555,0.164911,-0.986303
76.050000,-34.490534,42.365411,5.937179,0.001494,-0.000259,0.170706,-0.985321
76.066667,-34.455745,42.461167,5.937085,-0.000290,0.000052,0.176536,-0.984294
76.083333,-34.419766,42.556649,5.937357,-0.002029,0.000376,0.182408,-0.983221
76.100000,-34.382588,42.651836,5.937987,-0.003724,0.000714,0.188324,-0.982100
76.116667,-34.344205,42.746711,5.938969,-0.005372,0.001064,0.194281,-0.980931
76.133333,-34.304617,42.841254,5.940294,-0.006973,0.001426,0.200280,-0.979713
76.150000,-34.263813,42.935446,5.941954,-0.008524,0.001798,0.206323,-0.978445
76.166667,-34.221782,43.029263,5.943940,-0.010024,0.002179,0.212407,-0.977127
76.183333,-34.178512,43.122682,5.946244,-0.011471,0.002569,0.218533,-0.975759
76.200000,-34.133999,43.215683,5.948858,-0.012863,0.002966,0.224703,-0.974338
76.216667,-34.088302,43.308098,5.951770,-0.014200,0.003370,0.230918,-0.972864
76.233333,-34.041357,43.400054,5.954969,-0.015479,0.003780,0.237182,-0.971335
76.250000,-33.993160,43.491528,5.958443,-0.016700,0.004193,0.243489,-0.969751
76.266667,-33.943707,43.582499,5.962183,-0.017860,0.004609,0.249837,-0.968112
76.283333,-33.892991,43.672942,5.966177,-0.018958,0.005027,0.256233,-0.966416
76.300000,-33.841006,43.762834,5.970415,-0.019990,0.005443,0.262671,-0.964663
76.316667,-33.787745,43.852149,5.974884,-0.020959,0.005859,0.269156,-0.962851
76.333333,-33.733203,43.940863,5.979573,-0.021862,0.006272,0.275692,-0.960977
76.350000,-33.677381,44.028954,5.984468,-0.022698,0.006681,0.282285,-0.959039
76.366667,-33.620264,44.116388,5.989556,-0.023465,0.007084,0.288933,-0.957036
76.383333,-33.561843,44.203138,5.994825,-0.024162,0.007480,0.295637,-0.954966
76.400000,-33.502125,44.289182,6.000260,-0.024788,0.007867,0.302397,-0.952827
76.416667,-33.441101,44.374490,6.005847,-0.025341,0.008243,0.309218,-0.950618
76.433333,-33.378763,44.459030,6.011572,-0.025819,0.008606,0.316105,-0.948334
76.450000,-33.315108,44.542773,6.017418,-0.026220,0.008954,0.323050,-0.945976
76.466667,-33.250134,44.625690,6.023370,-0.026544,0.009285,0.330055,-0.943543
76.483333,-33.183837,44.707749,6.029411,-0.026788,0.009597,0.337129,-0.941028
76.500000,-33.116209,44.788915,6.035526,-0.026951,0.009887,0.344267,-0.938433
76.516667,-33.047248,44.869153,6.041696,-0.027032,0.010153,0.351468,-0.935755
76.533333,-32.976954,44.948434,6.047904,-0.027029,0.010393,0.358736,-0.932990
76.550000,-32.905324,45.026721,6.054132,-0.026940,0.010603,0.366075,-0.930135
76.566667,-32.832354,45.103975,6.060359,-0.026765,0.010781,0.373486,-0.927187
76.583333,-32.758048,45.180164,6.066567,-0.026501,0.010925,0.380964,-0.924145
76.600000,-32.682407,45.255252,6.072735,-0.026148,0.011030,0.388508,-0.921008
76.616667,-32.605427,45.329195,6.078845,-0.025704,0.011094,0.396122,-0.917771
76.633333,-32.527108,45.401953,6.084872,-0.025168,0.011114,0.403813,-0.914428
76.650000,-32.447450,45.473483,6.090796,-0.024540,0.011087,0.411570,-0.910980
76.666667,-32.366463,45.543749,6.096593,-0.023817,0.011008,0.419397,-0.907424
76.683333,-32.284155,45.612712,6.102242,-0.023001,0.010875,0.427298,-0.903753
76.700000,-32.200525,45.680325,6.107718,-0.022097,0.010687,0.435259,-0.899971
76.716667,-32.115574,45.746533,6.112998,-0.021116,0.010446,0.443275,-0.896076
76.733333,-32.029319,45.811304,6.118055,-0.020070,0.010154,0.451337,-0.892070
76.750000,-31.941771,45.874593,6.122864,-0.018972,0.009816,0.459417,-0.887964
76.766667,-31.852935,45.936344,6.127402,-0.017838,0.009436,0.467493,-0.883766
76.783333,-31.762841,45.996535,6.131658,-0.016677,0.009018,0.475553,-0.879483
76.800000,-31.671506,46.055122,6.135632,-0.015505,0.008568,0.483575,-0.875124
76.816667,-31.578838,46.112158,6.139333,-0.014335,0.008093,0.491545,-0.870697
76.833333,-31.485007,46.167564,6.142760,-0.013178,0.007598,0.499445,-0.866212
76.850000,-31.390062,46.221348,6.145921,-0.012048,0.007093,0.507257,-0.861681
76.866667,-31.294027,46.273479,6.148818,-0.010952,0.006580,0.514976,-0.857109
76.883333,-31.196940,46.323949,6.151459,-0.009891,0.006063,0.522586,-0.852508
76.900000,-31.098842,46.372757,6.153848,-0.008865,0.005542,0.530086,-0.847880
76.916667,-30.999771,46.419900,6.155990,-0.007876,0.005020,0.537475,-0.843228
76.933333,-30.899761,46.465367,6.157894,-0.006923,0.004497,0.544763,-0.838549
76.950000,-30.798849,46.509157,6.159565,-0.006007,0.003976,0.551940,-0.833852
76.966667,-30.697072,46.551268,6.161009,-0.005128,0.003457,0.559005,-0.829141
76.983333,-30.594468,46.591706,6.162232,-0.004286,0.002943,0.565957,-0.824419
77.000000,-30.491074,46.630473,6.163243,-0.003483,0.002434,0.572796,-0.819687
77.016667,-30.386922,46.667565,6.164050,-0.002717,0.001932,0.579522,-0.814950
77.033333,-30.282047,46.702989,6.164658,-0.001989,0.001439,0.586133,-0.810211
77.050000,-30.176484,46.736748,6.165075,-0.001298,0.000955,0.592629,-0.805474
77.066667,-30.070269,46.768856,6.165310,-0.000645,0.000483,0.599013,-0.800739
77.083333,-29.963434,46.799319,6.165370,-0.000029,0.000022,0.605290,-0.796005
77.100000,-29.856010,46.828140,6.165262,0.000550,-0.000425,0.611464,-0.791272
77.116667,-29.748031,46.855333,6.164996,0.001095,-0.000860,0.617548,-0.786532
77.133333,-29.639526,46.880906,6.164580,0.001603,-0.001279,0.623525,-0.781800
77.150000,-29.530526,46.904870,6.164020,0.002075,-0.001681,0.629398,-0.777079
77.166667,-29.421059,46.927227,6.163326,0.002512,-0.002066,0.635166,-0.772369
77.183333,-29.311150,46.947966,6.162504,0.002913,-0.002432,0.640831,-0.767672
77.200000,-29.200705,46.967097,6.161559,0.003281,-0.002779,0.646395,-0.762991
77.216667,-29.089880,46.984650,6.160504,0.003614,-0.003106,0.651861,-0.758323
77.233333,-28.978702,47.000642,6.159349,0.003913,-0.003412,0.657234,-0.753669
77.250000,-28.867197,47.015085,6.158102,0.004179,-0.003697,0.662511,-0.749031
77.266667,-28.755390,47.027991,6.156772,0.004413,-0.003958,0.667687,-0.744418
77.283333,-28.643305,47.039378,6.155365,0.004613,-0.004195,0.672762,-0.739832
77.300000,-28.530967,47.049246,6.153893,0.004782,-0.004408,0.677752,-0.735262
77.316667,-28.418398,47.057612,6.152363,0.004921,-0.004597,0.682656,-0.730709
77.333333,-28.305620,47.064484,6.150784,0.005029,-0.004761,0.687483,-0.726167
77.350000,-28.192657,47.069879,6.149164,0.005108,-0.004899,0.692239,-0.721633
77.366667,-28.079529,47.073804,6.147513,0.005156,-0.005011,0.696949,-0.717084
77.383333,-27.966256,47.076265,6.145838,0.005175,-0.005096,0.701587,-0.712547
77.400000,-27.852861,47.077285,6.144150,0.005165,-0.005152,0.706151,-0.708024
77.416667,-27.739362,47.076856,6.142456,0.005127,-0.005179,0.710650,-0.703508
77.433333,-27.625780,47.074980,6.140767,0.005060,-0.005177,0.715090,-0.698995
77.450000,-27.512043,47.071602,6.139090,0.004965,-0.005144,0.719470,-0.694487
77.466667,-27.398265,47.066805,6.137437,0.004843,-0.005080,0.723789,-0.689985
77.483333,-27.284465,47.060615,6.135817,0.004692,-0.004984,0.728057,-0.685483
77.500000,-27.170660,47.053021,6.134240,0.004515,-0.004855,0.732270,-0.680982
77.516667,-27.056872,47.044021,6.132715,0.004311,-0.004693,0.736430,-0.676483
77.533333,-26.943116,47.033635,6.131252,0.004079,-0.004495,0.740524,-0.672003
77.550000,-26.829411,47.021870,6.129861,0.003821,-0.004262,0.744575,-0.667514
77.566667,-26.715775,47.008728,6.128553,0.003534,-0.003991,0.748609,-0.662990
77.583333,-26.602226,46.994213,6.127337,0.003219,-0.003680,0.752618,-0.658440
77.600000,-26.488783,46.978325,6.126224,0.002877,-0.003329,0.756589,-0.653876
77.616667,-26.375464,46.961071,6.125226,0.002507,-0.002936,0.760527,-0.649295
77.633333,-26.262288,46.942448,6.124353,0.002110,-0.002502,0.764441,-0.644686
77.650000,-26.149283,46.922400,6.123625,0.001685,-0.002023,0.768330,-0.640049
77.666667,-26.036404,46.900936,6.123050,0.001233,-0.001498,0.772196,-0.635382
77.683333,-25.923727,46.878107,6.122638,0.000752,-0.000925,0.776041,-0.630682
77.700000,-25.811273,46.853916,6.122402,0.000243,-0.000302,0.779871,-0.625940
77.716667,-25.699064,46.828346,6.122355,-0.000295,0.000372,0.783687,-0.621156
77.733333,-25.587120,46.801402,6.122510,-0.000854,0.001092,0.787481,-0.616338
77.750000,-25.475461,46.773085,6.122882,-0.001432,0.001853,0.791277,-0.611453
77.766667,-25.364108,46.743387,6.123485,-0.002021,0.002650,0.795098,-0.606472
77.783333,-25.253086,46.712297,6.124334,-0.002611,0.003469,0.798935,-0.601402
77.800000,-25.142419,46.679810,6.125444,-0.003194,0.004301,0.802790,-0.596238
77.816667,-25.032135,46.645902,6.126816,-0.003763,0.005136,0.806668,-0.590971
77.833333,-24.922277,46.610511,6.128443,-0.004309,0.005964,0.810574,-0.585590
77.850000,-24.812851,46.573582,6.130315,-0.004824,0.006774,0.814515,-0.580083
77.866667,-24.703908,46.535162,6.132408,-0.005301,0.007553,0.818491,-0.574445
77.883333,-24.595484,46.495220,6.134706,-0.005732,0.008291,0.822507,-0.568666
77.900000,-24.487611,46.453748,6.137195,-0.006114,0.008980,0.826560,-0.562744
77.916667,-24.380322,46.410724,6.139858,-0.006443,0.009614,0.830638,-0.556692
77.933333,-24.273660,46.366119,6.142678,-0.006720,0.010191,0.834757,-0.550483
77.950000,-24.167662,46.319915,6.145638,-0.006945,0.010708,0.838921,-0.544103
77.966667,-24.062368,46.272091,6.148721,-0.007118,0.011164,0.843113,-0.537574
77.983333,-23.957816,46.222633,6.151908,-0.007239,0.011555,0.847331,-0.530890
78.000000,-23.854049,46.171525,6.155181,-0.007308,0.011876,0.851572,-0.524052
78.016667,-23.751152,46.118669,6.158521,-0.007326,0.012126,0.855831,-0.517061
78.033333,-23.649156,46.064074,6.161903,-0.007292,0.012300,0.860105,-0.509916
78.050000,-23.548087,46.007782,6.165307,-0.007208,0.012396,0.864389,-0.502619
78.066667,-23.447989,45.949783,6.168710,-0.007074,0.012410,0.868679,-0.495169
78.083333,-23.348898,45.890069,6.172091,-0.006892,0.012339,0.872970,-0.487568
78.100000,-23.250853,45.828622,6.175427,-0.006662,0.012179,0.877241,-0.479849
78.116667,-23.153892,45.765432,6.178694,-0.006384,0.011924,0.881529,-0.471937
78.133333,-23.058054,45.700489,6.181873,-0.006061,0.011574,0.885799,-0.463886
78.150000,-22.963376,45.633783,6.184936,-0.005698,0.011129,0.890050,-0.455692
78.166667,-22.869897,45.565315,6.187863,-0.005295,0.010585,0.894275,-0.447362
78.183333,-22.777663,45.495071,6.190628,-0.004856,0.009940,0.898467,-0.438901
78.200000,-22.686763,45.422864,6.193194,-0.004383,0.009195,0.902621,-0.430316
78.216667,-22.597183,45.348888,6.195544,-0.003880,0.008346,0.906730,-0.421610
78.233333,-22.508974,45.273131,6.197657,-0.003351,0.007393,0.910788,-0.412794
78.250000,-22.422174,45.195607,6.199508,-0.002797,0.006335,0.914790,-0.403870
78.266667,-22.336820,45.116325,6.201071,-0.002222,0.005171,0.918735,-0.394835
78.283333,-22.252955,45.035296,6.202322,-0.001628,0.003894,0.922612,-0.385705
78.300000,-22.170619,44.952533,6.203239,-0.001021,0.002513,0.926416,-0.376491
78.316667,-22.089844,44.868058,6.203796,-0.000407,0.001030,0.930138,-0.367210
78.333333,-22.010671,44.781887,6.203969,0.000212,-0.000554,0.933772,-0.357867
78.350000,-21.933168,44.694016,6.203731,0.000831,-0.002236,0.937315,-0.348475
78.366667,-21.857365,44.604266,6.203031,0.001447,-0.004014,0.940761,-0.339042
78.383333,-21.783271,44.512892,6.201876,0.002054,-0.005885,0.944106,-0.329583
78.400000,-21.710914,44.419926,6.200246,0.002651,-0.007844,0.947347,-0.320101
78.416667,-21.640322,44.325399,6.198121,0.003236,-0.009904,0.950496,-0.310562
78.433333,-21.571519,44.229348,6.195482,0.003805,-0.012054,0.953542,-0.300996
78.450000,-21.504528,44.131808,6.192311,0.004350,-0.014271,0.956452,-0.291507
78.466667,-21.439367,44.032818,6.188591,0.004869,-0.016559,0.959245,-0.282049
78.483333,-21.376059,43.932417,6.184305,0.005360,-0.018913,0.961919,-0.272628
78.500000,-21.314723,43.830583,6.179404,0.005821,-0.021328,0.964473,-0.263253
78.516667,-21.255239,43.727191,6.173871,0.006250,-0.023799,0.966907,-0.253939
78.533333,-21.197649,43.622515,6.167726,0.006645,-0.026324,0.969224,-0.244679
78.550000,-21.141944,43.516604,6.160956,0.007009,-0.028923,0.971442,-0.235403
78.566667,-21.088135,43.409500,6.153554,0.007334,-0.031562,0.973538,-0.226217
78.583333,-21.036229,43.301244,6.145508,0.007618,-0.034220,0.975502,-0.217177
78.600000,-20.986211,43.191887,6.136809,0.007862,-0.036891,0.977343,-0.208273
78.616667,-20.938113,43.081458,6.127442,0.008060,-0.039561,0.979070,-0.199479
78.633333,-20.891993,42.969711,6.117325,0.008212,-0.042207,0.980687,-0.190797
78.650000,-20.847751,42.856997,6.106534,0.008314,-0.044824,0.982207,-0.182184
78.666667,-20.805375,42.743356,6.095066,0.008366,-0.047385,0.983629,-0.173661
78.683333,-20.764847,42.628833,6.082935,0.008366,-0.049858,0.984950,-0.165280
78.700000,-20.726153,42.513463,6.070177,0.008317,-0.052218,0.986172,-0.157064
78.716667,-20.689273,42.397282,6.056836,0.008219,-0.054430,0.987291,-0.149082
78.733333,-20.654309,42.280293,6.042914,0.008076,-0.056500,0.988324,-0.141273
78.750000,-20.621119,42.162282,6.028438,0.007889,-0.058425,0.989284,-0.133574
78.766667,-20.589655,42.043567,6.013501,0.007661,-0.060187,0.990169,-0.126029
78.783333,-20.559888,41.924178,5.998144,0.007400,-0.061786,0.990980,-0.118683
78.800000,-20.531777,41.804147,5.982401,0.007111,-0.063227,0.991721,-0.111537
78.816667,-20.505271,41.683503,5.966306,0.006802,-0.064502,0.992392,-0.104650
78.833333,-20.480502,41.562243,5.949871,0.006474,-0.065629,0.993003,-0.097962
78.850000,-20.457269,41.440134,5.933112,0.006131,-0.066622,0.993561,-0.091435
78.866667,-20.435517,41.317491,5.916103,0.005779,-0.067485,0.994066,-0.085120
78.883333,-20.415219,41.194333,5.898875,0.005420,-0.068222,0.994521,-0.079015
78.900000,-20.396328,41.070682,5.881454,0.005059,-0.068842,0.994932,-0.073114
78.916667,-20.378890,40.946544,5.863861,0.004698,-0.069342,0.995300,-0.067438
78.933333,-20.362836,40.821653,5.846081,0.004339,-0.069739,0.995631,-0.061947
78.950000,-20.348058,40.696324,5.828186,0.003984,-0.070038,0.995926,-0.056650
78.966667,-20.334515,40.570572,5.810199,0.003635,-0.070248,0.996190,-0.051546
78.983333,-20.322169,40.444412,5.792139,0.003293,-0.070374,0.996425,-0.046627
79.000000,-20.311094,40.317846,5.774025,0.002958,-0.070416,0.996634,-0.041865
79.016667,-20.301177,40.190608,5.755836,0.002635,-0.070383,0.996818,-0.037316
79.033333,-20.292338,40.062999,5.737631,0.002322,-0.070285,0.996980,-0.032938
79.050000,-20.284548,39.935031,5.719425,0.002020,-0.070125,0.997123,-0.028724
79.066667,-20.277776,39.806714,5.701231,0.001726,-0.069902,0.997248,-0.024624
79.083333,-20.272108,39.677768,5.683036,0.001446,-0.069626,0.997357,-0.020711
79.100000,-20.267380,39.548494,5.664883,0.001179,-0.069302,0.997451,-0.016969
79.116667,-20.263559,39.418900,5.646781,0.000924,-0.068936,0.997531,-0.013370
79.133333,-20.260619,39.288994,5.628742,0.000678,-0.068521,0.997601,-0.009872
79.150000,-20.258642,39.158778,5.610794,0.000443,-0.068068,0.997659,-0.006498
79.166667,-20.257500,39.027996,5.592897,0.000224,-0.067585,0.997708,-0.003302
79.183333,-20.257146,38.896927,5.575091,0.000015,-0.067073,0.997748,-0.000228
79.200000,-20.257554,38.765577,5.557386,-0.000185,-0.066522,0.997781,0.002768
79.216667,-20.258796,38.633951,5.539810,-0.000374,-0.065946,0.997807,0.005652
79.233333,-20.260777,38.501803,5.522322,-0.000549,-0.065354,0.997827,0.008385
79.250000,-20.263449,38.369397,5.504956,-0.000715,-0.064740,0.997841,0.011022
79.266667,-20.266782,38.236739,5.487718,-0.000873,-0.064098,0.997851,0.013585
79.283333,-20.270854,38.103834,5.470643,-0.001021,-0.063440,0.997856,0.016052
79.300000,-20.275556,37.970455,5.453679,-0.001157,-0.062775,0.997858,0.018392
79.316667,-20.280861,37.836846,5.436859,-0.001286,-0.062091,0.997856,0.020662
79.333333,-20.286775,37.703015,5.420198,-0.001406,-0.061390,0.997851,0.022855
79.350000,-20.293316,37.568749,5.403687,-0.001518,-0.060680,0.997844,0.024968
79.366667,-20.300396,37.434278,5.387333,-0.001621,-0.059969,0.997834,0.026976
79.383333,-20.308000,37.299606,5.371141,-0.001718,-0.059241,0.997823,0.028933
79.400000,-20.316172,37.164742,5.355137,-0.001807,-0.058506,0.997810,0.030817
79.416667,-20.324859,37.029500,5.339288,-0.001889,-0.057770,0.997795,0.032622
79.433333,-20.334015,36.894083,5.323609,-0.001964,-0.057025,0.997779,0.034366
79.450000,-20.343649,36.758498,5.308112,-0.002033,-0.056275,0.997762,0.036048
79.466667,-20.353789,36.622586,5.292796,-0.002096,-0.055523,0.997744,0.037669
79.483333,-20.364350,36.486526,5.277658,-0.002153,-0.054771,0.997726,0.039223
79.500000,-20.375320,36.350323,5.262700,-0.002205,-0.054014,0.997707,0.040726
79.516667,-20.386749,36.213987,5.247956,-0.002251,-0.053257,0.997687,0.042176
79.533333,-20.398571,36.077391,5.233383,-0.002293,-0.052499,0.997667,0.043574
79.550000,-20.410756,35.940683,5.218992,-0.002330,-0.051741,0.997647,0.044918
79.566667,-20.423337,35.803870,5.204810,-0.002362,-0.050985,0.997627,0.046215
79.583333,-20.436290,35.666858,5.190817,-0.002390,-0.050228,0.997606,0.047469
79.600000,-20.449571,35.529764,5.177012,-0.002414,-0.049475,0.997586,0.048672
79.616667,-20.463192,35.392597,5.163410,-0.002434,-0.048724,0.997565,0.049835
79.633333,-20.477161,35.255296,5.150011,-0.002451,-0.047975,0.997545,0.050958
79.650000,-20.491421,35.117947,5.136802,-0.002464,-0.047225,0.997525,0.052043
79.666667,-20.505971,34.980557,5.123789,-0.002474,-0.046483,0.997505,0.053085
79.683333,-20.520840,34.843104,5.110994,-0.002481,-0.045744,0.997485,0.054092
79.700000,-20.535970,34.705638,5.098390,-0.002485,-0.045004,0.997465,0.055069
79.716667,-20.551348,34.568167,5.085976,-0.002486,-0.044273,0.997445,0.056005
79.733333,-20.567010,34.430704,5.073788,-0.002485,-0.043545,0.997426,0.056911
79.750000,-20.582906,34.293250,5.061792,-0.002481,-0.042817,0.997407,0.057793
79.766667,-20.599027,34.155805,5.049984,-0.002475,-0.042098,0.997388,0.058635
79.783333,-20.615396,34.018369,5.038391,-0.002467,-0.041384,0.997370,0.059449
79.800000,-20.631984,33.880940,5.026993,-0.002456,-0.040670,0.997352,0.060241
79.816667,-20.648777,33.743516,5.015779,-0.002444,-0.039965,0.997334,0.060999
79.833333,-20.665787,33.606100,5.004769,-0.002431,-0.039265,0.997317,0.061734
79.850000,-20.683001,33.468684,4.993956,-0.002415,-0.038568,0.997300,0.062447
79.866667,-20.700394,33.331272,4.983324,-0.002398,-0.037877,0.997283,0.063135
79.883333,-20.717974,33.193862,4.972884,-0.002380,-0.037197,0.997267,0.063796
79.900000,-20.735746,33.056450,4.962645,-0.002360,-0.036526,0.997250,0.064436
79.916667,-20.753687,32.919038,4.952582,-0.002340,-0.035864,0.997234,0.065059
79.933333,-20.771795,32.781628,4.942701,-0.002319,-0.035220,0.997218,0.065657
79.950000,-20.790082,32.644209,4.933017,-0.002298,-0.034592,0.997201,0.066237
79.966667,-20.808518,32.506790,4.923498,-0.002276,-0.033977,0.997185,0.066804
79.983333,-20.827100,32.369369,4.914138,-0.002255,-0.033386,0.997168,0.067349
80.000000,-20.845851,32.231948,4.904958,-0.002234,-0.032815,0.997151,0.067877
80.016667,-20.864740,32.094514,4.895922,-0.002213,-0.032261,0.997134,0.068391
80.033333,-20.883760,31.957077,4.887025,-0.002192,-0.031735,0.997117,0.068886
80.050000,-20.902929,31.819638,4.878283,-0.002173,-0.031229,0.997100,0.069368
80.066667,-20.922233,31.682183,4.869674,-0.002153,-0.030739,0.997082,0.069841
80.083333,-20.941659,31.544723,4.861188,-0.002134,-0.030274,0.997064,0.070295
80.100000,-20.961217,31.407259,4.852834,-0.002116,-0.029827,0.997047,0.070736
80.116667,-20.980899,31.269775,4.844601,-0.002098,-0.029394,0.997029,0.071168
80.133333,-21.000696,31.132285,4.836477,-0.002081,-0.028981,0.997011,0.071588
80.150000,-21.020614,30.994788,4.828467,-0.002064,-0.028585,0.996993,0.071995
80.166667,-21.040653,30.857268,4.820566,-0.002048,-0.028204,0.996975,0.072392
80.183333,-21.060795,30.719740,4.812762,-0.002032,-0.027837,0.996957,0.072781
80.200000,-21.081044,30.582203,4.805056,-0.002017,-0.027487,0.996940,0.073157
80.216667,-21.101410,30.444639,4.797449,-0.002002,-0.027150,0.996922,0.073524
80.233333,-21.121874,30.307065,4.789928,-0.001988,-0.026825,0.996904,0.073885
80.250000,-21.142436,30.169480,4.782490,-0.001975,-0.026516,0.996886,0.074234
80.266667,-21.163108,30.031865,4.775143,-0.001961,-0.026219,0.996869,0.074576
80.283333,-21.183871,29.894237,4.767871,-0.001949,-0.025932,0.996851,0.074914
80.300000,-21.204724,29.756597,4.760670,-0.001937,-0.025660,0.996833,0.075240
80.316667,-21.225681,29.618945,4.753551,-0.001925,-0.025399,0.996816,0.075559
80.333333,-21.246728,29.481257,4.746496,-0.001914,-0.025146,0.996798,0.075874
80.350000,-21.267861,29.343554,4.739505,-0.001904,-0.024908,0.996781,0.076178
80.366667,-21.289088,29.205838,4.732584,-0.001893,-0.024679,0.996764,0.076476
80.383333,-21.310404,29.068081,4.725720,-0.001884,-0.024458,0.996747,0.076770
80.400000,-21.331799,28.930308,4.718912,-0.001875,-0.024250,0.996730,0.077055
80.416667,-21.353280,28.792519,4.712163,-0.001866,-0.024050,0.996713,0.077334
80.433333,-21.374844,28.654685,4.705465,-0.001858,-0.023859,0.996697,0.077609
80.450000,-21.396482,28.516834,4.698814,-0.001850,-0.023679,0.996680,0.077876
80.466667,-21.418202,28.378964,4.692214,-0.001843,-0.023507,0.996664,0.078136
80.483333,-21.440006,28.241048,4.685658,-0.001836,-0.023342,0.996648,0.078392
80.500000,-21.461881,28.103111,4.679143,-0.001830,-0.023187,0.996631,0.078643
80.516667,-21.483831,27.965154,4.672669,-0.001824,-0.023041,0.996615,0.078888
80.533333,-21.505861,27.827147,4.666233,-0.001818,-0.022901,0.996600,0.079130
80.550000,-21.527956,27.689117,4.659832,-0.001813,-0.022770,0.996584,0.079368
80.566667,-21.550121,27.551065,4.653465,-0.001809,-0.022647,0.996568,0.079599
80.583333,-21.572363,27.412959,4.647131,-0.001805,-0.022531,0.996552,0.079827
80.600000,-21.594669,27.274829,4.640824,-0.001801,-0.022421,0.996537,0.080050
80.616667,-21.617042,27.136676,4.634545,-0.001798,-0.022320,0.996522,0.080267
80.633333,-21.639492,26.998465,4.628292,-0.001795,-0.022225,0.996507,0.080481
80.650000,-21.662004,26.860229,4.622061,-0.001793,-0.022137,0.996492,0.080693
80.666667,-21.684576,26.721967,4.615852,-0.001791,-0.022057,0.996477,0.080899
80.683333,-21.707221,26.583645,4.609663,-0.001789,-0.021983,0.996462,0.081102
80.700000,-21.729923,26.445294,4.603492,-0.001788,-0.021914,0.996447,0.081305
80.716667,-21.752683,26.306916,4.597336,-0.001787,-0.021853,0.996432,0.081500
80.733333,-21.775514,26.168475,4.591195,-0.001787,-0.021797,0.996418,0.081691
80.750000,-21.798402,26.030004,4.585065,-0.001787,-0.021747,0.996403,0.081881
80.766667,-21.821348,25.891505,4.578946,-0.001788,-0.021704,0.996389,0.082066
80.783333,-21.844366,25.752939,4.572837,-0.001789,-0.021667,0.996375,0.082247
80.800000,-21.867437,25.614343,4.566735,-0.001790,-0.021636,0.996360,0.082429
80.816667,-21.890559,25.475715,4.560638,-0.001792,-0.021610,0.996346,0.082606
80.833333,-21.913746,25.337018,4.554545,-0.001794,-0.021590,0.996332,0.082779
80.850000,-21.936985,25.198287,4.548455,-0.001796,-0.021575,0.996318,0.082951
80.866667,-21.960274,25.059525,4.542366,-0.001799,-0.021567,0.996305,0.083116
80.883333,-21.983623,24.920730,4.536277,-0.001802,-0.021564,0.996291,0.083279
80.900000,-22.007030,24.781862,4.530184,-0.001806,-0.021566,0.996278,0.083442
80.916667,-22.030485,24.642959,4.524088,-0.001810,-0.021573,0.996264,0.083599
80.933333,-22.053997,24.504022,4.517986,-0.001815,-0.021585,0.996251,0.083754
80.950000,-22.077565,24.365009,4.511877,-0.001820,-0.021603,0.996238,0.083909
80.966667,-22.101178,24.225959,4.505760,-0.001825,-0.021626,0.996224,0.084059
80.983333,-22.124844,24.086875,4.499634,-0.001830,-0.021654,0.996211,0.084206
81.000000,-22.148561,23.947709,4.493495,-0.001836,-0.021687,0.996198,0.084354
81.016667,-22.172323,23.808507,4.487345,-0.001843,-0.021725,0.996185,0.084497
81.033333,-22.196138,23.669268,4.481180,-0.001849,-0.021767,0.996172,0.084637
81.050000,-22.220007,23.529947,4.474999,-0.001857,-0.021816,0.996159,0.084777
81.066667,-22.243921,23.390587,4.468802,-0.001864,-0.021868,0.996147,0.084912
81.083333,-22.267895,23.251144,4.462584,-0.001872,-0.021925,0.996134,0.085046
81.100000,-22.291911,23.111661,4.456347,-0.001880,-0.021989,0.996121,0.085181
81.116667,-22.315968,22.972138,4.450091,-0.001889,-0.022055,0.996108,0.085311
81.133333,-22.340081,22.832529,4.443809,-0.001898,-0.022127,0.996096,0.085440
81.150000,-22.364233,22.692879,4.437504,-0.001907,-0.022204,0.996083,0.085567
81.166667,-22.388428,22.553187,4.431175,-0.001917,-0.022285,0.996071,0.085689
81.183333,-22.412678,22.413407,4.424816,-0.001927,-0.022370,0.996058,0.085810
81.200000,-22.436970,22.273585,4.418431,-0.001938,-0.022462,0.996046,0.085930
81.216667,-22.461303,22.133721,4.412018,-0.001949,-0.022556,0.996034,0.086046
81.233333,-22.485689,21.993765,4.405571,-0.001960,-0.022656,0.996022,0.086162
81.250000,-22.510113,21.853766,4.399093,-0.001972,-0.022761,0.996009,0.086278
81.266667,-22.534575,21.713723,4.392584,-0.001984,-0.022869,0.995997,0.086390
81.283333,-22.559086,21.573587,4.386035,-0.001996,-0.022983,0.995985,0.086501
81.300000,-22.583634,21.433405,4.379453,-0.002009,-0.023102,0.995972,0.086610
81.316667,-22.608224,21.293180,4.372833,-0.002022,-0.023223,0.995960,0.086716
81.333333,-22.632864,21.152859,4.366171,-0.002036,-0.023351,0.995948,0.086820
81.350000,-22.657542,21.012492,4.359473,-0.002050,-0.023483,0.995936,0.086923
81.366667,-22.682260,20.872080,4.352732,-0.002064,-0.023618,0.995924,0.087024
81.383333,-22.707025,20.731570,4.345945,-0.002079,-0.023760,0.995912,0.087126
81.400000,-22.731824,20.591013,4.339118,-0.002094,-0.023905,0.995899,0.087227
81.416667,-22.756657,20.450409,4.332243,-0.002109,-0.024054,0.995887,0.087324
81.433333,-22.781534,20.309704,4.325318,-0.002125,-0.024210,0.995875,0.087419
81.450000,-22.806448,20.168951,4.318350,-0.002141,-0.024368,0.995863,0.087511
81.466667,-22.831405,20.028153,4.311328,-0.002158,-0.024531,0.995851,0.087601
81.483333,-22.856407,19.887252,4.304255,-0.002175,-0.024701,0.995839,0.087692
81.500000,-22.881441,19.746302,4.297133,-0.002193,-0.024873,0.995827,0.087782
81.516667,-22.906520,19.605249,4.289949,-0.002210,-0.025050,0.995814,0.087871
81.533333,-22.931630,19.464146,4.282714,-0.002229,-0.025234,0.995802,0.087958
81.550000,-22.956773,19.322993,4.275424,-0.002247,-0.025419,0.995790,0.088041
81.566667,-22.981961,19.181736,4.268069,-0.002266,-0.025610,0.995778,0.088123
81.583333,-23.007182,19.040428,4.260659,-0.002286,-0.025808,0.995765,0.088205
81.600000,-23.032436,18.899071,4.253189,-0.002306,-0.026007,0.995753,0.088285
81.616667,-23.057734,18.757606,4.245651,-0.002326,-0.026213,0.995740,0.088365
81.633333,-23.083063,18.616090,4.238055,-0.002347,-0.026424,0.995728,0.088444
81.650000,-23.108425,18.474524,4.230391,-0.002368,-0.026637,0.995715,0.088519
81.666667,-23.133830,18.332849,4.222657,-0.002390,-0.026859,0.995703,0.088595
81.683333,-23.159264,18.191123,4.214861,-0.002412,-0.027083,0.995690,0.088668
81.700000,-23.184730,18.049345,4.206988,-0.002434,-0.027312,0.995677,0.088740
81.716667,-23.210237,17.907457,4.199045,-0.002457,-0.027548,0.995664,0.088811
81.733333,-23.235772,17.765516,4.191034,-0.002480,-0.027786,0.995652,0.088879
81.750000,-23.261350,17.623464,4.182939,-0.002504,-0.028031,0.995639,0.088947
81.766667,-23.286955,17.481359,4.174774,-0.002529,-0.028282,0.995626,0.089013
81.783333,-23.312590,17.339202,4.166531,-0.002553,-0.028534,0.995613,0.089078
81.800000,-23.338264,17.196932,4.158204,-0.002578,-0.028796,0.995599,0.089142
81.816667,-23.363966,17.054608,4.149802,-0.002604,-0.029061,0.995586,0.089205
81.833333,-23.389698,16.912232,4.141314,-0.002630,-0.029330,0.995572,0.089267
81.850000,-23.415467,16.769741,4.132740,-0.002657,-0.029607,0.995559,0.089329
81.866667,-23.441263,16.627196,4.124088,-0.002684,-0.029887,0.995545,0.089389
81.883333,-23.467100,16.484537,4.115335,-0.002711,-0.030173,0.995531,0.089447
81.900000,-23.492964,16.341824,4.106501,-0.002739,-0.030466,0.995517,0.089504
81.916667,-23.518855,16.199057,4.097577,-0.002767,-0.030761,0.995503,0.089558
81.933333,-23.544786,16.056175,4.088553,-0.002796,-0.031065,0.995488,0.089612
81.950000,-23.570743,15.913238,4.079443,-0.002826,-0.031375,0.995474,0.089666
81.966667,-23.596723,15.770246,4.070233,-0.002856,-0.031687,0.995459,0.089718
81.983333,-23.622738,15.627137,4.060924,-0.002887,-0.032009,0.995444,0.089768
82.000000,-23.648775,15.483973,4.051522,-0.002917,-0.032333,0.995429,0.089816
82.016667,-23.674851,15.340692,4.042004,-0.002949,-0.032665,0.995414,0.089863
82.033333,-23.700953,15.197356,4.032392,-0.002981,-0.033004,0.995399,0.089908
82.050000,-23.727078,15.053965,4.022675,-0.003013,-0.033345,0.995383,0.089952
82.066667,-23.753239,14.910456,4.012843,-0.003047,-0.033697,0.995367,0.089996
82.083333,-23.779422,14.766892,4.002912,-0.003081,-0.034054,0.995351,0.090040
82.100000,-23.805627,14.623273,3.992862,-0.003115,-0.034415,0.995335,0.090082
82.116667,-23.831867,14.479534,3.982700,-0.003150,-0.034785,0.995318,0.090123
82.133333,-23.858128,14.335740,3.972428,-0.003185,-0.035159,0.995301,0.090162
82.150000,-23.884425,14.191828,3.962027,-0.003221,-0.035541,0.995284,0.090201
82.166667,-23.910742,14.047859,3.951516,-0.003257,-0.035928,0.995267,0.090237
82.183333,-23.937082,13.903837,3.940880,-0.003294,-0.036317,0.995249,0.090271
82.200000,-23.963456,13.759694,3.930116,-0.003331,-0.036711,0.995232,0.090302
82.216667,-23.989851,13.615496,3.919237,-0.003368,-0.037105,0.995215,0.090330
82.233333,-24.016278,13.471179,3.908215,-0.003405,-0.037501,0.995198,0.090355
82.250000,-24.042721,13.326804,3.897079,-0.003442,-0.037896,0.995180,0.090376
82.266667,-24.069181,13.182375,3.885818,-0.003478,-0.038289,0.995164,0.090395
82.283333,-24.095666,13.037822,3.874427,-0.003514,-0.038680,0.995147,0.090409
82.300000,-24.122164,12.893213,3.862925,-0.003550,-0.039068,0.995131,0.090418
82.316667,-24.148676,12.748547,3.851291,-0.003585,-0.039451,0.995115,0.090422
82.333333,-24.175213,12.603757,3.839541,-0.003619,-0.039831,0.995100,0.090422
82.350000,-24.201763,12.458910,3.827675,-0.003653,-0.040205,0.995085,0.090417
82.366667,-24.228335,12.313940,3.815683,-0.003687,-0.040577,0.995071,0.090408
82.383333,-24.254915,12.168909,3.803584,-0.003720,-0.040944,0.995057,0.090395
82.400000,-24.281499,12.023821,3.791361,-0.003752,-0.041306,0.995044,0.090377
82.416667,-24.308099,11.878606,3.779026,-0.003783,-0.041665,0.995031,0.090355
82.433333,-24.334703,11.733331,3.766580,-0.003815,-0.042020,0.995018,0.090327
82.450000,-24.361321,11.587929,3.754012,-0.003845,-0.042370,0.995006,0.090292
82.466667,-24.387941,11.442467,3.741343,-0.003875,-0.042717,0.994995,0.090253
82.483333,-24.414560,11.296944,3.728557,-0.003904,-0.043059,0.994984,0.090207
82.500000,-24.441191,11.151293,3.715663,-0.003932,-0.043397,0.994974,0.090157
82.516667,-24.467818,11.005581,3.702663,-0.003960,-0.043732,0.994964,0.090102
82.533333,-24.494450,10.859739,3.689549,-0.003988,-0.044061,0.994955,0.090044
82.550000,-24.521075,10.713834,3.676339,-0.004014,-0.044387,0.994946,0.089981
82.566667,-24.547685,10.567866,3.663015,-0.004040,-0.044708,0.994938,0.089910
82.583333,-24.574299,10.421767,3.649591,-0.004065,-0.045025,0.994930,0.089832
82.600000,-24.600905,10.275605,3.636064,-0.004090,-0.045339,0.994924,0.089749
82.616667,-24.627513,10.129313,3.622431,-0.004114,-0.045647,0.994917,0.089661
82.633333,-24.654109,9.982955,3.608707,-0.004137,-0.045953,0.994911,0.089569
82.650000,-24.680692,9.836465,3.594869,-0.004160,-0.046252,0.994906,0.089473
82.666667,-24.707256,9.689909,3.580944,-0.004181,-0.046547,0.994901,0.089372
82.683333,-24.733799,9.543287,3.566919,-0.004202,-0.046839,0.994897,0.089261
82.700000,-24.760336,9.396532,3.552797,-0.004222,-0.047126,0.994894,0.089142
82.716667,-24.786852,9.249711,3.538585,-0.004242,-0.047410,0.994892,0.089016
82.733333,-24.813353,9.102755,3.524271,-0.004260,-0.047687,0.994890,0.088887
82.750000,-24.839829,8.955732,3.509874,-0.004278,-0.047960,0.994889,0.088754
82.766667,-24.866269,8.808640,3.495382,-0.004296,-0.048230,0.994889,0.088613
82.783333,-24.892689,8.661412,3.480801,-0.004312,-0.048493,0.994889,0.088466
82.800000,-24.919073,8.514115,3.466134,-0.004328,-0.048755,0.994890,0.088310
82.816667,-24.945436,8.366681,3.451374,-0.004342,-0.049009,0.994892,0.088148
82.833333,-24.971767,8.219179,3.436536,-0.004356,-0.049261,0.994894,0.087978
82.850000,-24.998068,8.071538,3.421602,-0.004369,-0.049507,0.994897,0.087803
82.866667,-25.024331,7.923828,3.406594,-0.004381,-0.049747,0.994901,0.087623
82.883333,-25.050545,7.776046,3.391503,-0.004393,-0.049984,0.994906,0.087435
82.900000,-25.076727,7.628125,3.376329,-0.004403,-0.050214,0.994911,0.087241
82.916667,-25.102859,7.480132,3.361080,-0.004413,-0.050443,0.994918,0.087035
82.933333,-25.128952,7.331998,3.345748,-0.004421,-0.050663,0.994925,0.086823
82.950000,-25.154998,7.183793,3.330347,-0.004429,-0.050880,0.994933,0.086603
82.966667,-25.180994,7.035446,3.314862,-0.004435,-0.051091,0.994942,0.086376
82.983333,-25.206939,6.887026,3.299311,-0.004441,-0.051296,0.994951,0.086142
83.000000,-25.232817,6.738532,3.283688,-0.004446,-0.051498,0.994962,0.085898
83.016667,-25.258647,6.589895,3.267993,-0.004450,-0.051692,0.994974,0.085649
83.033333,-25.284412,6.441183,3.252232,-0.004453,-0.051884,0.994986,0.085386
83.050000,-25.310119,6.292328,3.236399,-0.004454,-0.052068,0.995000,0.085117
83.066667,-25.335762,6.143398,3.220508,-0.004455,-0.052248,0.995014,0.084837
83.083333,-25.361336,5.994322,3.204543,-0.004454,-0.052421,0.995029,0.084550
83.100000,-25.386840,5.845170,3.188525,-0.004453,-0.052588,0.995046,0.084254
83.116667,-25.412255,5.695939,3.172445,-0.004450,-0.052751,0.995063,0.083948
83.133333,-25.437605,5.546564,3.156305,-0.004447,-0.052906,0.995081,0.083636
83.150000,-25.462866,5.397109,3.140111,-0.004442,-0.053057,0.995100,0.083308
83.166667,-25.488051,5.247507,3.123857,-0.004436,-0.053199,0.995121,0.082976
83.183333,-25.513150,5.097827,3.107555,-0.004429,-0.053338,0.995142,0.082627
83.200000,-25.538162,4.947999,3.091196,-0.004420,-0.053468,0.995165,0.082274
83.216667,-25.563086,4.798091,3.074793,-0.004411,-0.053593,0.995188,0.081907
83.233333,-25.587908,4.648033,3.058335,-0.004400,-0.053711,0.995213,0.081531
83.250000,-25.612635,4.497895,3.041839,-0.004388,-0.053822,0.995238,0.081144
83.266667,-25.637243,4.347672,3.025300,-0.004375,-0.053927,0.995266,0.080742
83.283333,-25.661756,4.197300,3.008718,-0.004360,-0.054024,0.995294,0.080331
83.300000,-25.686151,4.046844,2.992099,-0.004344,-0.054115,0.995323,0.079900
83.316667,-25.710439,3.896238,2.975439,-0.004327,-0.054197,0.995354,0.079466
83.333333,-25.734607,3.745547,2.958749,-0.004308,-0.054273,0.995386,0.079011
83.350000,-25.758651,3.594704,2.942022,-0.004288,-0.054340,0.995419,0.078552
83.366667,-25.782569,3.443774,2.925270,-0.004267,-0.054400,0.995453,0.078072
83.383333,-25.806348,3.292690,2.908484,-0.004244,-0.054451,0.995489,0.077582
83.400000,-25.830001,3.141521,2.891678,-0.004219,-0.054495,0.995526,0.077075
83.416667,-25.853495,2.990261,2.874852,-0.004193,-0.054530,0.995564,0.076554
83.433333,-25.876867,2.838849,2.858004,-0.004166,-0.054556,0.995604,0.076021
83.450000,-25.900070,2.687346,2.841142,-0.004136,-0.054573,0.995645,0.075467
83.466667,-25.923129,2.535687,2.824262,-0.004106,-0.054581,0.995687,0.074904
83.483333,-25.946020,2.383937,2.807374,-0.004073,-0.054580,0.995732,0.074315
83.500000,-25.968755,2.232032,2.790474,-0.004040,-0.054569,0.995777,0.073718
83.516667,-25.991317,2.080034,2.773571,-0.004004,-0.054548,0.995824,0.073093
83.533333,-26.013698,1.927876,2.756664,-0.003967,-0.054517,0.995872,0.072461
83.550000,-26.035899,1.775626,2.739760,-0.003927,-0.054474,0.995923,0.071801
83.566667,-26.057902,1.623215,2.722858,-0.003887,-0.054422,0.995974,0.071129
83.583333,-26.079723,1.470711,2.705966,-0.003844,-0.054358,0.996027,0.070428
83.600000,-26.101328,1.318044,2.689084,-0.003799,-0.054282,0.996082,0.069711
83.616667,-26.122744,1.165283,2.672218,-0.003752,-0.054194,0.996138,0.068972
83.633333,-26.143916,1.012421,2.655377,-0.003704,-0.054095,0.996196,0.068211
83.650000,-26.164890,0.859399,2.638553,-0.003654,-0.053982,0.996256,0.067430
83.666667,-26.185610,0.706275,2.621763,-0.003601,-0.053855,0.996317,0.066620
83.683333,-26.206111,0.552990,2.604997,-0.003547,-0.053716,0.996380,0.065792
83.700000,-26.226350,0.399601,2.588273,-0.003490,-0.053561,0.996445,0.064929
83.716667,-26.246349,0.246050,2.571584,-0.003432,-0.053393,0.996511,0.064050
83.733333,-26.266077,0.092395,2.554944,-0.003371,-0.053208,0.996580,0.063131
83.750000,-26.285540,-0.061426,2.538351,-0.003308,-0.053009,0.996650,0.062196
83.766667,-26.304719,-0.215351,2.521816,-0.003242,-0.052791,0.996722,0.061219
83.783333,-26.323605,-0.369444,2.505339,-0.003175,-0.052558,0.996795,0.060224
83.800000,-26.342193,-0.523643,2.488930,-0.003105,-0.052305,0.996871,0.059184
83.816667,-26.360459,-0.678011,2.472591,-0.003034,-0.052036,0.996948,0.058123
83.833333,-26.378413,-0.832486,2.456330,-0.002959,-0.051744,0.997027,0.057012
83.850000,-26.396017,-0.987133,2.440155,-0.002882,-0.051436,0.997108,0.055877
83.866667,-26.413297,-1.141887,2.424068,-0.002803,-0.051102,0.997191,0.054690
83.883333,-26.430196,-1.296815,2.408083,-0.002721,-0.050751,0.997275,0.053477
83.900000,-26.446752,-1.451850,2.392196,-0.002637,-0.050371,0.997361,0.052212
83.916667,-26.462885,-1.607063,2.376430,-0.002551,-0.049971,0.997449,0.050909
83.933333,-26.478653,-1.762383,2.360774,-0.002461,-0.049543,0.997539,0.049554
83.950000,-26.493963,-1.917882,2.345258,-0.002370,-0.049091,0.997630,0.048157
83.966667,-26.508889,-2.073490,2.329867,-0.002275,-0.048608,0.997723,0.046703
83.983333,-26.523315,-2.229220,2.314641,-0.002179,-0.048097,0.997817,0.045197
84.000000,-26.537318,-2.385118,2.299552,-0.002079,-0.047554,0.997913,0.043637
84.016667,-26.550792,-2.541139,2.284648,-0.001978,-0.046979,0.998010,0.042017
84.033333,-26.563813,-2.697328,2.269902,-0.001874,-0.046369,0.998108,0.040338
84.050000,-26.576265,-2.853641,2.255361,-0.001767,-0.045722,0.998207,0.038587
84.066667,-26.588210,-3.010123,2.241003,-0.001659,-0.045037,0.998307,0.036772
84.083333,-26.599549,-3.166728,2.226874,-0.001548,-0.044312,0.998407,0.034884
84.100000,-26.610336,-3.323502,2.212953,-0.001436,-0.043546,0.998508,0.032924
84.116667,-26.620466,-3.480398,2.199289,-0.001322,-0.042742,0.998608,0.030880
84.133333,-26.629985,-3.637464,2.185863,-0.001207,-0.041902,0.998707,0.028767
84.150000,-26.638796,-3.794650,2.172723,-0.001092,-0.041026,0.998804,0.026577
84.166667,-26.646945,-3.952003,2.159854,-0.000976,-0.040118,0.998899,0.024311
84.183333,-26.654330,-4.109472,2.147294,-0.000861,-0.039179,0.998990,0.021965
84.200000,-26.660991,-4.267103,2.135019,-0.000748,-0.038213,0.999078,0.019544
84.216667,-26.666854,-4.424844,2.123066,-0.000635,-0.037221,0.999161,0.017048
84.233333,-26.671960,-4.582739,2.111410,-0.000524,-0.036207,0.999239,0.014473
84.250000,-26.676212,-4.740736,2.100088,-0.000416,-0.035173,0.999311,0.011818
84.266667,-26.679645,-4.898878,2.089075,-0.000310,-0.034121,0.999376,0.009088
84.283333,-26.682177,-5.057112,2.078406,-0.000208,-0.033050,0.999434,0.006278
84.300000,-26.683849,-5.215481,2.068062,-0.000108,-0.031959,0.999483,0.003378
84.316667,-26.684555,-5.373930,2.058076,-0.000012,-0.030849,0.999524,0.000390
84.333333,-26.684335,-5.532502,2.048424,0.000080,-0.029717,0.999555,-0.002694
84.350000,-26.683097,-5.691141,2.039145,0.000168,-0.028567,0.999575,-0.005867
84.366667,-26.680876,-5.849888,2.030215,0.000251,-0.027393,0.999583,-0.009148
84.383333,-26.677560,-6.008685,2.021672,0.000328,-0.026201,0.999578,-0.012531
84.400000,-26.673198,-6.167573,2.013491,0.000401,-0.024986,0.999559,-0.016028
84.416667,-26.667662,-6.326491,2.005712,0.000466,-0.023751,0.999525,-0.019627
84.433333,-26.661018,-6.485480,1.998308,0.000526,-0.022491,0.999474,-0.023364
84.450000,-26.653118,-6.644478,1.991324,0.000578,-0.021213,0.999405,-0.027208
84.466667,-26.644025,-6.803520,1.984726,0.000621,-0.019909,0.999315,-0.031194
84.483333,-26.633594,-6.962544,1.978565,0.000657,-0.018589,0.999204,-0.035299
84.500000,-26.621902,-7.121586,1.972804,0.000683,-0.017241,0.999068,-0.039565
84.516667,-26.608747,-7.280574,1.967498,0.000699,-0.015877,0.998907,-0.043955
84.533333,-26.594259,-7.439549,1.962600,0.000704,-0.014486,0.998717,-0.048523
84.550000,-26.578213,-7.598432,1.958177,0.000697,-0.013081,0.998497,-0.053217
84.566667,-26.560741,-7.757262,1.954175,0.000678,-0.011649,0.998242,-0.058113
84.583333,-26.541572,-7.915951,1.950665,0.000646,-0.010205,0.997952,-0.063145
84.600000,-26.520899,-8.074545,1.947584,0.000599,-0.008734,0.997620,-0.068392
84.616667,-26.498400,-8.232942,1.945015,0.000537,-0.007254,0.997248,-0.073787
84.633333,-26.474307,-8.391194,1.942881,0.000458,-0.005751,0.996825,-0.079411
84.650000,-26.448233,-8.549178,1.941279,0.000362,-0.004239,0.996354,-0.085205
84.666667,-26.420467,-8.706960,1.940116,0.000248,-0.002712,0.995826,-0.091226
84.683333,-26.390564,-8.864393,1.939500,0.000115,-0.001176,0.995240,-0.097443
84.700000,-26.358864,-9.021555,1.939332,-0.000038,0.000366,0.994589,-0.103888
84.716667,-26.324886,-9.178319,1.939714,-0.000213,0.001916,0.993867,-0.110561
84.733333,-26.288960,-9.334683,1.940555,-0.000409,0.003460,0.993072,-0.117454
84.750000,-26.250638,-9.490551,1.941944,-0.000629,0.005008,0.992194,-0.124604
84.766667,-26.210216,-9.645919,1.943800,-0.000870,0.006538,0.991233,-0.131960
84.783333,-26.167275,-9.800678,1.946195,-0.001137,0.008066,0.990174,-0.139606
84.800000,-26.122062,-9.954816,1.949060,-0.001426,0.009563,0.989022,-0.147451
84.816667,-26.074215,-10.108219,1.952450,-0.001740,0.011048,0.987757,-0.155599
84.833333,-26.023922,-10.260862,1.956306,-0.002076,0.012489,0.986389,-0.163941
84.850000,-25.970899,-10.412637,1.960662,-0.002436,0.013903,0.984892,-0.172596
84.866667,-25.915246,-10.563487,1.965474,-0.002815,0.015257,0.983282,-0.181429
84.883333,-25.856780,-10.713324,1.970753,-0.003217,0.016568,0.981526,-0.190581
84.900000,-25.795511,-10.862053,1.976467,-0.003633,0.017803,0.979650,-0.199888
84.916667,-25.731349,-11.009610,1.982603,-0.004066,0.018975,0.977614,-0.209508
84.933333,-25.664232,-11.155861,1.989139,-0.004508,0.020054,0.975451,-0.219253
84.950000,-25.594184,-11.300782,1.996042,-0.004959,0.021047,0.973116,-0.229298
84.966667,-25.521031,-11.444174,2.003296,-0.005410,0.021931,0.970651,-0.239430
84.983333,-25.444931,-11.586075,2.010851,-0.005860,0.022704,0.968005,-0.249832
85.000000,-25.365620,-11.726221,2.018690,-0.006297,0.023353,0.965231,-0.260276
85.016667,-25.283388,-11.864727,2.026751,-0.006720,0.023867,0.962275,-0.270947
85.033333,-25.197852,-12.001234,2.035012,-0.007120,0.024248,0.959189,-0.281632
85.050000,-25.109465,-12.135968,2.043407,-0.007496,0.024503,0.955935,-0.292457
85.066667,-25.017738,-12.268475,2.051899,-0.007851,0.024656,0.952543,-0.303302
85.083333,-24.923244,-12.399082,2.060426,-0.008184,0.024718,0.948997,-0.314208
85.100000,-24.825430,-12.527283,2.068933,-0.008501,0.024716,0.945301,-0.325151
85.116667,-24.724933,-12.653424,2.077387,-0.008804,0.024665,0.941473,-0.336069
85.133333,-24.621268,-12.777037,2.085792,-0.009103,0.024589,0.937481,-0.347047
85.150000,-24.514929,-12.898386,2.094173,-0.009400,0.024512,0.933380,-0.357929
85.166667,-24.405578,-13.017087,2.102551,-0.009709,0.024454,0.929098,-0.368896
85.183333,-24.293580,-13.133318,2.110949,-0.010037,0.024443,0.924727,-0.379712
85.200000,-24.178753,-13.246811,2.119393,-0.010397,0.024493,0.920166,-0.390623
85.216667,-24.061330,-13.357634,2.127906,-0.010789,0.024610,0.915525,-0.401363
85.233333,-23.941269,-13.465643,2.136516,-0.011223,0.024798,0.910695,-0.412181
85.250000,-23.818673,-13.570781,2.145250,-0.011693,0.025051,0.905799,-0.422806
85.266667,-23.693645,-13.673056,2.154131,-0.012215,0.025381,0.900719,-0.433487
85.283333,-23.566173,-13.772277,2.163197,-0.012776,0.025773,0.895583,-0.443963
85.300000,-23.436478,-13.868607,2.172464,-0.013399,0.026247,0.890271,-0.454476
85.316667,-23.304446,-13.961707,2.181981,-0.014068,0.026783,0.884905,-0.464789
85.333333,-23.170398,-14.051905,2.191749,-0.014802,0.027400,0.879391,-0.475081
85.350000,-23.034140,-14.138714,2.201841,-0.015592,0.028080,0.873809,-0.485208
85.366667,-22.896072,-14.222627,2.212233,-0.016452,0.028838,0.868116,-0.495250
85.383333,-22.755933,-14.303005,2.223025,-0.017376,0.029661,0.862335,-0.505170
85.400000,-22.614157,-14.380450,2.234176,-0.018372,0.030557,0.856480,-0.514947
85.416667,-22.470518,-14.454357,2.245793,-0.019445,0.031523,0.850516,-0.524643
85.433333,-22.325381,-14.525221,2.257838,-0.020589,0.032553,0.844518,-0.534140
85.450000,-22.178617,-14.592596,2.270407,-0.021823,0.033657,0.838386,-0.543599
85.466667,-22.030480,-14.656811,2.283481,-0.023127,0.034817,0.832257,-0.552812
85.483333,-21.880937,-14.717594,2.297135,-0.024532,0.036055,0.825982,-0.562008
85.500000,-21.730157,-14.775106,2.311377,-0.026008,0.037340,0.819721,-0.570952
85.516667,-21.578191,-14.829272,2.326253,-0.027597,0.038706,0.813313,-0.579882
85.533333,-21.425130,-14.880066,2.341804,-0.029257,0.040112,0.806926,-0.588562
85.550000,-21.271081,-14.927583,2.358041,-0.031041,0.041600,0.800391,-0.597228
85.566667,-21.116092,-14.971651,2.375043,-0.032899,0.043123,0.793875,-0.605658
85.583333,-20.960306,-15.012522,2.392782,-0.034887,0.044726,0.787223,-0.614054
85.600000,-20.803735,-15.049855,2.411383,-0.036960,0.046363,0.780567,-0.622254
85.616667,-20.646552,-15.084101,2.430766,-0.039159,0.048069,0.773808,-0.630379
85.633333,-20.488746,-15.114711,2.451114,-0.041458,0.049814,0.767011,-0.638352
85.650000,-20.330514,-15.142295,2.472294,-0.043874,0.051609,0.760143,-0.646215
85.666667,-20.171874,-15.166222,2.494526,-0.046383,0.053422,0.753210,-0.653964
85.683333,-20.012965,-15.187111,2.517664,-0.048955,0.055222,0.746253,-0.661559
85.700000,-19.853866,-15.204439,2.541905,-0.051588,0.056996,0.739211,-0.669072
85.716667,-19.694661,-15.218662,2.567148,-0.054221,0.058697,0.732209,-0.676376
85.733333,-19.535471,-15.229433,2.593516,-0.056874,0.060327,0.725122,-0.683611
85.750000,-19.376327,-15.237071,2.620864,-0.059462,0.061831,0.718127,-0.690605
85.766667,-19.217360,-15.241422,2.649172,-0.062015,0.063221,0.711075,-0.697517
85.783333,-19.058569,-15.242674,2.678335,-0.064447,0.064445,0.704149,-0.704179
85.800000,-18.900091,-15.240850,2.708274,-0.066778,0.065509,0.697217,-0.710730
85.816667,-18.741904,-15.236000,2.738930,-0.068936,0.066381,0.690448,-0.717024
85.833333,-18.584141,-15.228283,2.770189,-0.070951,0.067080,0.683723,-0.723179
85.850000,-18.426767,-15.217650,2.802018,-0.072785,0.067604,0.677181,-0.729080
85.866667,-18.269905,-15.204372,2.834286,-0.074460,0.067965,0.670725,-0.734823
85.883333,-18.113508,-15.188309,2.866972,-0.075955,0.068172,0.664459,-0.740323
85.900000,-17.957690,-15.169828,2.899946,-0.077281,0.068229,0.658315,-0.745650
85.916667,-17.802396,-15.148721,2.933193,-0.078432,0.068155,0.652370,-0.750744
85.933333,-17.647728,-15.125409,2.966588,-0.079408,0.067945,0.646575,-0.755658
85.950000,-17.493625,-15.099642,3.000114,-0.080218,0.067623,0.640978,-0.760355
85.966667,-17.340180,-15.071875,3.033659,-0.080854,0.067184,0.635554,-0.764866
85.983333,-17.187323,-15.041839,3.067201,-0.081331,0.066649,0.630324,-0.769178
86.000000,-17.035143,-15.010005,3.100649,-0.081638,0.066012,0.625286,-0.773301
86.016667,-16.883559,-14.976088,3.133969,-0.081798,0.065295,0.620432,-0.777245
86.033333,-16.732665,-14.940547,3.167092,-0.081795,0.064491,0.615784,-0.781000
86.050000,-16.582364,-14.903111,3.199974,-0.081653,0.063619,0.611308,-0.784594
86.066667,-16.432757,-14.864221,3.232563,-0.081360,0.062677,0.607050,-0.787999
86.083333,-16.283726,-14.823631,3.264808,-0.080937,0.061675,0.602951,-0.791262
86.100000,-16.135392,-14.781728,3.296678,-0.080376,0.060617,0.599068,-0.794344
86.116667,-15.987614,-14.738314,3.328115,-0.079691,0.059505,0.595336,-0.797298
86.133333,-15.840528,-14.693718,3.359094,-0.078884,0.058351,0.591822,-0.800075
86.150000,-15.693968,-14.647808,3.389567,-0.077959,0.057147,0.588443,-0.802740
86.166667,-15.548095,-14.600841,3.419506,-0.076928,0.055914,0.585278,-0.805236
86.183333,-15.402722,-14.552717,3.448879,-0.075781,0.054633,0.582244,-0.807629
86.200000,-15.258029,-14.503650,3.477645,-0.074548,0.053335,0.579412,-0.809864
86.216667,-15.113801,-14.453600,3.505797,-0.073200,0.051988,0.576704,-0.812005
86.233333,-14.970248,-14.402704,3.533272,-0.071782,0.050634,0.574183,-0.814001
86.250000,-14.827129,-14.350982,3.560100,-0.070253,0.049232,0.571779,-0.815910
86.266667,-14.684673,-14.298516,3.586178,-0.068660,0.047824,0.569547,-0.817689
86.283333,-14.542624,-14.245363,3.611593,-0.066977,0.046384,0.567443,-0.819373
86.300000,-14.401229,-14.191556,3.636184,-0.065231,0.044931,0.565474,-0.820954
86.316667,-14.260214,-14.137187,3.660097,-0.063435,0.043472,0.563623,-0.822444
86.333333,-14.119597,-14.082168,3.683173,-0.061589,0.042002,0.561850,-0.823873
86.350000,-13.979589,-14.026762,3.705486,-0.059743,0.040555,0.560177,-0.825220
86.366667,-13.839948,-13.970848,3.726968,-0.057857,0.039097,0.558528,-0.826541
86.383333,-13.700922,-13.914588,3.747636,-0.056006,0.037681,0.556946,-0.827801
86.400000,-13.562272,-13.857883,3.767553,-0.054149,0.036273,0.555361,-0.829052
86.416667,-13.424285,-13.800790,3.786663,-0.052341,0.034912,0.553799,-0.830270
86.433333,-13.286692,-13.743292,3.805125,-0.050569,0.033585,0.552223,-0.831483
86.450000,-13.149540,-13.685262,3.822831,-0.048843,0.032296,0.550605,-0.832710
86.466667,-13.013084,-13.626915,3.839896,-0.047181,0.031058,0.548959,-0.833938
86.483333,-12.877087,-13.568070,3.856309,-0.045566,0.029857,0.547262,-0.835187
86.500000,-12.741829,-13.508867,3.872074,-0.044012,0.028705,0.545531,-0.836442
86.516667,-12.607037,-13.449220,3.887286,-0.042498,0.027586,0.543758,-0.837711
86.533333,-12.473043,-13.389139,3.901839,-0.041038,0.026507,0.541935,-0.838999
86.550000,-12.339538,-13.328612,3.915882,-0.039616,0.025462,0.540071,-0.840301
86.566667,-12.206560,-13.267564,3.929379,-0.038243,0.024455,0.538173,-0.841611
86.583333,-12.074405,-13.206130,3.942322,-0.036904,0.023475,0.536213,-0.842949
86.600000,-11.942772,-13.144242,3.954801,-0.035599,0.022524,0.534210,-0.844302
86.616667,-11.811728,-13.081758,3.966748,-0.034344,0.021613,0.532173,-0.845662
86.633333,-11.681530,-13.018929,3.978224,-0.033108,0.020718,0.530068,-0.847055
86.650000,-11.551907,-12.955589,3.989258,-0.031915,0.019858,0.527932,-0.848455
86.666667,-11.423201,-12.891798,3.999793,-0.030751,0.019022,0.525737,-0.849878
86.683333,-11.295079,-12.827520,4.009930,-0.029605,0.018203,0.523467,-0.851337
86.700000,-11.167590,-12.762669,4.019644,-0.028506,0.017422,0.521182,-0.852791
86.716667,-11.041045,-12.697391,4.028919,-0.027424,0.016655,0.518817,-0.854283
86.733333,-10.915126,-12.631595,4.037828,-0.026363,0.015907,0.516383,-0.855804
86.750000,-10.789886,-12.565191,4.046341,-0.025342,0.015191,0.513925,-0.857326
86.766667,-10.665633,-12.498351,4.054459,-0.024333,0.014488,0.511377,-0.858890
86.783333,-10.542043,-12.430972,4.062239,-0.023347,0.013804,0.508762,-0.860480
86.800000,-10.419177,-12.362957,4.069655,-0.022392,0.013146,0.506107,-0.862080
86.816667,-10.297345,-12.294487,4.076709,-0.021452,0.012502,0.503370,-0.863714
86.833333,-10.176220,-12.225447,4.083451,-0.020530,0.011875,0.500549,-0.865383
86.850000,-10.055859,-12.155757,4.089865,-0.019634,0.011269,0.497675,-0.867068
86.866667,-9.936587,-12.085577,4.095940,-0.018754,0.010679,0.494724,-0.868782
86.883333,-9.818070,-12.014800,4.101727,-0.017890,0.010104,0.491675,-0.870537
86.900000,-9.700342,-11.943380,4.107224,-0.017048,0.009548,0.488558,-0.872312
86.916667,-9.583782,-11.871405,4.112396,-0.016220,0.009006,0.485355,-0.874120
86.933333,-9.468030,-11.798795,4.117303,-0.015411,0.008482,0.482077,-0.875952
86.950000,-9.353101,-11.725543,4.121952,-0.014619,0.007972,0.478692,-0.877825
86.966667,-9.239095,-11.651509,4.126313,-0.013839,0.007475,0.475208,-0.879733
86.983333,-9.126280,-11.576970,4.130410,-0.013075,0.006994,0.471634,-0.881670
87.000000,-9.014348,-11.501752,4.134267,-0.012334,0.006532,0.467982,-0.883628
87.016667,-8.903339,-11.425812,4.137884,-0.011599,0.006079,0.464183,-0.885643
87.033333,-8.793646,-11.349246,4.141235,-0.010876,0.005639,0.460269,-0.887695
87.050000,-8.684904,-11.271960,4.144366,-0.010176,0.005219,0.456286,-0.889760
87.066667,-8.577135,-11.193942,4.147282,-0.009490,0.004812,0.452182,-0.891862
87.083333,-8.470407,-11.115116,4.149976,-0.008810,0.004414,0.447902,-0.894028
87.100000,-8.365082,-11.035642,4.152440,-0.008143,0.004030,0.443498,-0.896229
87.116667,-8.260807,-10.955396,4.154706,-0.007499,0.003664,0.439013,-0.898442
87.133333,-8.157609,-10.874362,4.156780,-0.006866,0.003311,0.434393,-0.900691
87.150000,-8.055556,-10.792480,4.158662,-0.006237,0.002967,0.429569,-0.903008
87.166667,-7.955032,-10.709890,4.160335,-0.005620,0.002636,0.424616,-0.905352
87.183333,-7.855683,-10.626465,4.161833,-0.005021,0.002321,0.419571,-0.907705
87.200000,-7.757542,-10.542192,4.163161,-0.004431,0.002018,0.414383,-0.910090
87.216667,-7.660630,-10.457068,4.164322,-0.003849,0.001725,0.409048,-0.912503
87.233333,-7.565102,-10.370949,4.165300,-0.003271,0.001443,0.403508,-0.914969
87.250000,-7.471178,-10.284177,4.166112,-0.002710,0.001175,0.397885,-0.917430
87.266667,-7.378579,-10.196534,4.166769,-0.002155,0.000919,0.392118,-0.919912
87.283333,-7.287333,-10.108019,4.167274,-0.001608,0.000673,0.386203,-0.922412
87.300000,-7.197472,-10.018625,4.167631,-0.001069,0.000439,0.380134,-0.924931
87.316667,-7.109186,-9.928195,4.167826,-0.000542,0.000218,0.373938,-0.927454
87.333333,-7.022633,-9.837132,4.167879,-0.000023,0.000009,0.367577,-0.929993
87.350000,-6.937567,-9.745187,4.167796,0.000486,-0.000188,0.361056,-0.932544
87.366667,-6.854028,-9.652354,4.167583,0.000986,-0.000373,0.354372,-0.935104
87.383333,-6.772050,-9.558632,4.167242,0.001475,-0.000547,0.347521,-0.937671
87.400000,-6.691752,-9.463955,4.166771,0.001946,-0.000705,0.340585,-0.940212
87.416667,-6.613424,-9.368604,4.166175,0.002406,-0.000851,0.333487,-0.942751
87.433333,-6.536771,-9.272376,4.165466,0.002856,-0.000985,0.326158,-0.945311
87.450000,-6.461828,-9.175279,4.164649,0.003293,-0.001107,0.318658,-0.947863
87.466667,-6.388633,-9.077320,4.163727,0.003717,-0.001216,0.310989,-0.950406
87.483333,-6.317230,-8.978505,4.162706,0.004123,-0.001312,0.303189,-0.952921
87.500000,-6.247683,-8.878823,4.161588,0.004511,-0.001394,0.295279,-0.955399
87.516667,-6.180367,-8.778508,4.160376,0.004882,-0.001464,0.287203,-0.957856
87.533333,-6.114953,-8.677382,4.159081,0.005238,-0.001522,0.278961,-0.960287
87.550000,-6.051478,-8.575461,4.157707,0.005577,-0.001567,0.270511,-0.962700
87.566667,-5.989981,-8.472763,4.156261,0.005898,-0.001600,0.261873,-0.965083
87.583333,-5.930498,-8.369306,4.154746,0.006199,-0.001622,0.253092,-0.967421
87.600000,-5.873066,-8.265112,4.153169,0.006477,-0.001631,0.244247,-0.969690
87.616667,-5.817719,-8.160207,4.151534,0.006734,-0.001630,0.235257,-0.971909
87.633333,-5.764590,-8.054566,4.149845,0.006970,-0.001618,0.226125,-0.974072
87.650000,-5.713855,-7.948557,4.148115,0.007185,-0.001596,0.216858,-0.976175
87.666667,-5.665291,-7.841932,4.146346,0.007377,-0.001565,0.207464,-0.978214
87.683333,-5.618926,-7.734724,4.144543,0.007547,-0.001524,0.197950,-0.980182
87.700000,-5.574785,-7.626969,4.142712,0.007693,-0.001475,0.188326,-0.982075
87.716667,-5.532891,-7.518702,4.140859,0.007814,-0.001419,0.178631,-0.983884
87.733333,-5.493264,-7.409963,4.138991,0.007910,-0.001355,0.168867,-0.985606
87.750000,-5.455922,-7.300792,4.137111,0.007982,-0.001286,0.159024,-0.987242
87.766667,-5.420878,-7.191231,4.135225,0.008030,-0.001211,0.149115,-0.988787
87.783333,-5.388143,-7.081324,4.133341,0.008054,-0.001132,0.139150,-0.990238
87.800000,-5.357761,-6.971105,4.131462,0.008053,-0.001049,0.129142,-0.991593
87.816667,-5.329895,-6.860940,4.129601,0.008029,-0.000963,0.119103,-0.992849
87.833333,-5.304335,-6.750573,4.127757,0.007981,-0.000876,0.109046,-0.994004
87.850000,-5.281076,-6.640051,4.125934,0.007910,-0.000787,0.098983,-0.995057
87.866667,-5.260112,-6.529419,4.124138,0.007815,-0.000698,0.088927,-0.996007
87.883333,-5.241432,-6.418725,4.122374,0.007699,-0.000609,0.078907,-0.996852
87.900000,-5.225023,-6.308015,4.120646,0.007562,-0.000523,0.068987,-0.997589
87.916667,-5.210866,-6.197334,4.118958,0.007404,-0.000438,0.059110,-0.998224
87.933333,-5.198942,-6.086728,4.117314,0.007226,-0.000357,0.049288,-0.998758
87.950000,-5.189227,-5.976241,4.115718,0.007030,-0.000278,0.039534,-0.999193
87.966667,-5.181693,-5.865917,4.114174,0.006817,-0.000204,0.029868,-0.999531
87.983333,-5.176311,-5.755797,4.112685,0.006589,-0.000134,0.020320,-0.999772
88.000000,-5.173050,-5.645922,4.111254,0.006349,-0.000069,0.010915,-0.999920
88.016667,-5.171875,-5.536332,4.109883,0.000000,0.000000,0.000000,-1.000000
88.033333,-5.172745,-5.427062,4.108577,0.005841,0.000043,-0.007369,-0.999956
88.050000,-5.175598,-5.318149,4.107335,0.005578,0.000090,-0.016207,-0.999853
88.066667,-5.180356,-5.209624,4.106156,0.005311,0.000132,-0.024819,-0.999678
88.083333,-5.186939,-5.101512,4.105038,0.005043,0.000167,-0.033189,-0.999436
88.100000,-5.195274,-4.993839,4.103982,0.004775,0.000197,-0.041304,-0.999135
88.116667,-5.205287,-4.886625,4.102987,0.004510,0.000222,-0.049156,-0.998781
88.133333,-5.216910,-4.779888,4.102049,0.004247,0.000241,-0.056746,-0.998380
88.150000,-5.230077,-4.673643,4.101171,0.003987,0.000256,-0.064084,-0.997937
88.166667,-5.244725,-4.567903,4.100351,0.003730,0.000266,-0.071182,-0.997456
88.183333,-5.260796,-4.462679,4.099585,0.003476,0.000272,-0.078052,-0.996943
88.200000,-5.278232,-4.357981,4.098875,0.003225,0.000274,-0.084703,-0.996401
88.216667,-5.296979,-4.253817,4.098220,0.002976,0.000272,-0.091148,-0.995833
88.233333,-5.316985,-4.150191,4.097619,0.002730,0.000267,-0.097394,-0.995242
88.250000,-5.338201,-4.047110,4.097071,0.002487,0.000259,-0.103453,-0.994631
88.266667,-5.360583,-3.944576,4.096575,0.002245,0.000247,-0.109333,-0.994003
88.283333,-5.384084,-3.842594,4.096130,0.002006,0.000232,-0.115043,-0.993359
88.300000,-5.408663,-3.741163,4.095736,0.001770,0.000215,-0.120590,-0.992701
88.316667,-5.434281,-3.640287,4.095392,0.001535,0.000195,-0.125984,-0.992031
88.333333,-5.460899,-3.539963,4.095098,0.001303,0.000172,-0.131231,-0.991351
88.350000,-5.488482,-3.440194,4.094852,0.001072,0.000148,-0.136339,-0.990662
88.366667,-5.516996,-3.340977,4.094655,0.000842,0.000120,-0.141315,-0.989964
88.383333,-5.546408,-3.242311,4.094505,0.000614,0.000091,-0.146164,-0.989260
88.400000,-5.576687,-3.144194,4.094403,0.000388,0.000059,-0.150894,-0.988550
88.416667,-5.607806,-3.046625,4.094348,0.000162,0.000026,-0.155511,-0.987834
88.433333,-5.639735,-2.949601,4.094339,-0.000062,-0.000010,-0.160018,-0.987114
88.450000,-5.672449,-2.853118,4.094376,-0.000286,-0.000048,-0.164423,-0.986390
88.466667,-5.705923,-2.757175,4.094460,-0.000508,-0.000087,-0.168731,-0.985662
88.483333,-5.740133,-2.661768,4.094588,-0.000730,-0.000128,-0.172946,-0.984931
88.500000,-5.775058,-2.566893,4.094762,-0.000952,-0.000171,-0.177072,-0.984197
88.516667,-5.810674,-2.472547,4.094981,-0.001173,-0.000216,-0.181115,-0.983461
88.533333,-5.846964,-2.378726,4.095244,-0.001394,-0.000262,-0.185078,-0.982723
88.550000,-5.883908,-2.285427,4.095551,-0.001614,-0.000311,-0.188966,-0.981982
88.566667,-5.921486,-2.192646,4.095904,-0.001835,-0.000360,-0.192783,-0.981240
88.583333,-5.959684,-2.100379,4.096300,-0.002057,-0.000412,-0.196552,-0.980491
88.600000,-5.998485,-2.008622,4.096741,-0.002280,-0.000466,-0.200267,-0.979739
88.616667,-6.037873,-1.917372,4.097225,-0.002504,-0.000522,-0.203921,-0.978984
88.633333,-6.077833,-1.826624,4.097754,-0.002728,-0.000579,-0.207518,-0.978227
88.650000,-6.118354,-1.736374,4.098327,-0.002954,-0.000638,-0.211062,-0.977468
88.666667,-6.159459,-1.646637,4.098946,-0.003180,-0.000698,-0.214554,-0.976707
88.683333,-6.201203,-1.557196,4.099613,-0.003406,-0.000761,-0.217998,-0.975943
88.700000,-6.243472,-1.468247,4.100323,-0.003635,-0.000825,-0.221398,-0.975176
88.716667,-6.286254,-1.379786,4.101079,-0.003865,-0.000891,-0.224755,-0.974407
88.733333,-6.329541,-1.291811,4.101880,-0.004096,-0.000959,-0.228073,-0.973635
88.750000,-6.373322,-1.204317,4.102726,-0.004328,-0.001029,-0.231333,-0.972864
88.766667,-6.417589,-1.117301,4.103617,-0.004561,-0.001100,-0.234558,-0.972091
88.783333,-6.462333,-1.030759,4.104553,-0.004796,-0.001174,-0.237750,-0.971314
88.800000,-6.507547,-0.944689,4.105536,-0.005035,-0.001250,-0.240943,-0.970525
88.816667,-6.553225,-0.859086,4.106565,-0.005277,-0.001329,-0.244115,-0.969731
88.833333,-6.599358,-0.773948,4.107641,-0.005523,-0.001409,-0.247263,-0.968932
88.850000,-6.645943,-0.689273,4.108764,-0.005771,-0.001492,-0.250389,-0.968127
88.866667,-6.692972,-0.605056,4.109934,-0.006022,-0.001578,-0.253496,-0.967316
88.883333,-6.740494,-0.521325,4.111157,-0.006276,-0.001666,-0.256587,-0.966499
88.900000,-6.788546,-0.437899,4.112432,-0.006533,-0.001757,-0.259663,-0.965676
88.916667,-6.837032,-0.354931,4.113758,-0.006794,-0.001850,-0.262727,-0.964844
88.933333,-6.885946,-0.272418,4.115133,-0.007059,-0.001946,-0.265782,-0.964005
88.950000,-6.935288,-0.190358,4.116559,-0.007327,-0.002045,-0.268829,-0.963158
88.966667,-6.985053,-0.108750,4.118038,-0.007600,-0.002147,-0.271861,-0.962304
88.983333,-7.035241,-0.027592,4.119570,-0.007880,-0.002253,-0.274914,-0.961434
89.000000,-7.085850,0.053117,4.121155,-0.008163,-0.002362,-0.277966,-0.960553
89.016667,-7.136880,0.133377,4.122794,-0.008453,-0.002475,-0.281022,-0.959661
89.033333,-7.188328,0.213191,4.124488,-0.008748,-0.002592,-0.284084,-0.958756
89.050000,-7.240229,0.292537,4.126244,-0.009049,-0.002713,-0.287155,-0.957838
89.066667,-7.292662,0.371530,4.128064,-0.009355,-0.002837,-0.290236,-0.956905
89.083333,-7.345517,0.450069,4.129943,-0.009663,-0.002965,-0.293327,-0.955959
89.100000,-7.398796,0.528155,4.131883,-0.009973,-0.003095,-0.296426,-0.954999
89.116667,-7.452500,0.605785,4.133886,-0.010281,-0.003228,-0.299545,-0.954021
89.133333,-7.506632,0.682959,4.135953,-0.010585,-0.003362,-0.302684,-0.953026
89.150000,-7.561194,0.759676,4.138083,-0.010878,-0.003494,-0.305808,-0.952025
89.166667,-7.616183,0.835937,4.140273,-0.011159,-0.003625,-0.308929,-0.951013
89.183333,-7.671599,0.911746,4.142519,-0.011426,-0.003753,-0.312045,-0.949991
89.200000,-7.727458,0.987090,4.144819,-0.011674,-0.003877,-0.315152,-0.948961
89.216667,-7.783853,1.062031,4.147174,-0.011901,-0.003996,-0.318244,-0.947926
89.233333,-7.840665,1.136522,4.149571,-0.012104,-0.004107,-0.321318,-0.946885
89.250000,-7.897889,1.210567,4.152004,-0.012283,-0.004212,-0.324371,-0.945841
89.266667,-7.955522,1.284169,4.154471,-0.012436,-0.004310,-0.327433,-0.944783
89.283333,-8.013561,1.357332,4.156965,-0.012561,-0.004399,-0.330470,-0.943723
89.300000,-8.072002,1.430061,4.159482,-0.012657,-0.004477,-0.333449,-0.942673
89.316667,-8.130841,1.502362,4.162017,-0.012725,-0.004546,-0.336397,-0.941623
89.333333,-8.190073,1.574239,4.164563,-0.012765,-0.004605,-0.339311,-0.940576
89.350000,-8.249742,1.645657,4.167118,-0.012777,-0.004654,-0.342191,-0.939532
89.366667,-8.309860,1.716699,4.169675,-0.012760,-0.004691,-0.345033,-0.938492
89.383333,-8.370353,1.787329,4.172226,-0.012713,-0.004717,-0.347835,-0.937458
89.400000,-8.431218,1.857556,4.174766,-0.012634,-0.004731,-0.350616,-0.936422
89.416667,-8.492447,1.927387,4.177288,-0.012523,-0.004731,-0.353373,-0.935387
89.433333,-8.554037,1.996829,4.179788,-0.012379,-0.004717,-0.356051,-0.934373
89.450000,-8.615982,2.065890,4.182259,-0.012204,-0.004690,-0.358667,-0.933374
89.466667,-8.678277,2.134577,4.184696,-0.011998,-0.004648,-0.361231,-0.932388
89.483333,-8.740943,2.202874,4.187088,-0.011759,-0.004592,-0.363742,-0.931414
89.500000,-8.803999,2.270813,4.189430,-0.011489,-0.004522,-0.366198,-0.930455
89.516667,-8.867381,2.338404,4.191715,-0.011187,-0.004436,-0.368597,-0.929511
89.533333,-8.931081,2.405656,4.193939,-0.010848,-0.004334,-0.370952,-0.928579
89.550000,-8.995094,2.472580,4.196094,-0.010470,-0.004213,-0.373261,-0.927658
89.566667,-9.059414,2.539186,4.198176,-0.010061,-0.004076,-0.375485,-0.926765
89.583333,-9.124035,2.605485,4.200177,-0.009621,-0.003924,-0.377623,-0.925901
89.600000,-9.188949,2.671487,4.202091,-0.009147,-0.003754,-0.379694,-0.925059
89.616667,-9.254172,2.737185,4.203903,-0.008641,-0.003568,-0.381695,-0.924241
89.633333,-9.319694,2.802585,4.205604,-0.008101,-0.003365,-0.383626,-0.923447
89.650000,-9.385482,2.867723,4.207197,-0.007529,-0.003145,-0.385485,-0.922678
89.666667,-9.451521,2.932604,4.208673,-0.006917,-0.002906,-0.387280,-0.921932
89.683333,-9.517799,2.997238,4.210026,-0.006265,-0.002646,-0.389010,-0.921208
89.700000,-9.584301,3.061630,4.211249,-0.005582,-0.002369,-0.390646,-0.920521
89.716667,-9.651016,3.125788,4.212337,-0.004872,-0.002077,-0.392185,-0.919871
89.733333,-9.717928,3.189720,4.213283,-0.004130,-0.001768,-0.393646,-0.919251
89.750000,-9.785038,3.253419,4.214068,-0.003355,-0.001443,-0.395026,-0.918663
89.766667,-9.852348,3.316909,4.214680,-0.002549,-0.001100,-0.396325,-0.918106
89.783333,-9.919811,3.380204,4.215129,-0.001712,-0.000742,-0.397542,-0.917582
89.800000,-9.987415,3.443313,4.215407,-0.000834,-0.000363,-0.398682,-0.917089
89.816667,-10.055145,3.506246,4.215510,0.000083,0.000036,-0.399742,-0.916628
89.833333,-10.122987,3.569011,4.215430,0.001026,0.000449,-0.400705,-0.916207
89.850000,-10.190927,3.631618,4.215162,0.001990,0.000873,-0.401570,-0.915826
89.866667,-10.258951,3.694076,4.214699,0.002984,0.001311,-0.402351,-0.915480
89.883333,-10.327054,3.756387,4.214019,0.004006,0.001764,-0.403047,-0.915169
89.900000,-10.395248,3.818593,4.213115,0.005056,0.002231,-0.403658,-0.914893
89.916667,-10.463483,3.880687,4.211999,0.006133,0.002710,-0.404185,-0.914653
89.933333,-10.531743,3.942678,4.210666,0.007254,0.003210,-0.404627,-0.914448
89.950000,-10.600017,4.004574,4.209110,0.008406,0.003723,-0.404981,-0.914279
89.966667,-10.668289,4.066387,4.207327,0.009575,0.004245,-0.405243,-0.914149
89.983333,-10.736546,4.128126,4.205313,0.010761,0.004773,-0.405415,-0.914057
90.000000,-10.804776,4.189799,4.203064,0.011970,0.005311,-0.405506,-0.913999
90.016667,-10.872963,4.251417,4.200540,0.013203,0.005858,-0.405514,-0.913975
90.033333,-10.941139,4.313037,4.197760,0.014457,0.006413,-0.405441,-0.913984
90.050000,-11.009245,4.374625,4.194731,0.015739,0.006979,-0.405285,-0.914028
90.066667,-11.077268,4.436191,4.191449,0.017062,0.007560,-0.405041,-0.914108
90.083333,-11.145196,4.497745,4.187910,0.018404,0.008147,-0.404715,-0.914221
90.100000,-11.213016,4.559294,4.184113,0.019750,0.008733,-0.404309,-0.914367
90.116667,-11.280716,4.620846,4.180054,0.021108,0.009321,-0.403833,-0.914542
90.133333,-11.348280,4.682413,4.175718,0.022480,0.009911,-0.403292,-0.914741
90.150000,-11.415744,4.744067,4.171074,0.023864,0.010503,-0.402699,-0.914961
90.166667,-11.483049,4.805753,4.166160,0.025256,0.011095,-0.402062,-0.915197
90.183333,-11.550185,4.867479,4.160973,0.026680,0.011698,-0.401381,-0.915448
90.200000,-11.617145,4.929246,4.155514,0.028109,0.012299,-0.400677,-0.915706
90.216667,-11.683928,4.991050,4.149785,0.029532,0.012895,-0.399963,-0.915965
90.233333,-11.750534,5.052885,4.143790,0.030935,0.013481,-0.399256,-0.916218
90.250000,-11.816967,5.114745,4.137530,0.032335,0.014062,-0.398558,-0.916465
90.266667,-11.883207,5.176637,4.130956,0.033729,0.014639,-0.397878,-0.916701
90.283333,-11.949348,5.238607,4.124114,0.035116,0.015213,-0.397221,-0.916925
90.300000,-12.015322,5.300583,4.117015,0.036524,0.015793,-0.396579,-0.917138
90.316667,-12.081130,5.362559,4.109659,0.037929,0.016372,-0.395962,-0.917337
90.333333,-12.146772,5.424531,4.102048,0.039328,0.016947,-0.395369,-0.917524
90.350000,-12.212250,5.486491,4.094185,0.040698,0.017509,-0.394812,-0.917693
90.366667,-12.277565,5.548435,4.086072,0.042065,0.018070,-0.394278,-0.917850
90.383333,-12.342702,5.610368,4.077655,0.043430,0.018629,-0.393765,-0.917996
90.400000,-12.407759,5.672349,4.068978,0.044802,0.019190,-0.393271,-0.918130
90.416667,-12.472659,5.734298,4.060053,0.046194,0.019760,-0.392793,-0.918253
90.433333,-12.537402,5.796211,4.050881,0.047587,0.020330,-0.392337,-0.918365
90.450000,-12.601989,5.858081,4.041462,0.048982,0.020900,-0.391901,-0.918465
90.466667,-12.666421,5.919906,4.031798,0.050351,0.021460,-0.391496,-0.918551
90.483333,-12.730696,5.981680,4.021874,0.051722,0.022021,-0.391109,-0.918626
90.500000,-12.794894,6.043484,4.011650,0.053096,0.022583,-0.390742,-0.918690
90.516667,-12.858941,6.105228,4.001181,0.054500,0.023158,-0.390390,-0.918743
90.533333,-12.922840,6.166906,3.990466,0.055915,0.023738,-0.390056,-0.918785
90.550000,-12.986589,6.228514,3.979506,0.057335,0.024320,-0.389743,-0.918815
90.566667,-13.050188,6.290050,3.968302,0.058754,0.024903,-0.389451,-0.918834
90.583333,-13.113641,6.351504,3.956853,0.060159,0.025481,-0.389182,-0.918841
90.600000,-13.176937,6.412876,3.945107,0.061572,0.026062,-0.388929,-0.918838
90.616667,-13.240180,6.474250,3.933088,0.063015,0.026657,-0.388693,-0.918823
90.633333,-13.303281,6.535529,3.920820,0.064481,0.027263,-0.388476,-0.918795
90.650000,-13.366239,6.596710,3.908304,0.065957,0.027875,-0.388280,-0.918755
90.666667,-13.429052,6.657793,3.895539,0.067445,0.028492,-0.388100,-0.918704
90.683333,-13.491722,6.718772,3.882524,0.068918,0.029104,-0.387942,-0.918643
90.700000,-13.554245,6.779636,3.869214,0.070399,0.029721,-0.387801,-0.918570
90.716667,-13.616726,6.840477,3.855605,0.071921,0.030357,-0.387678,-0.918483
90.733333,-13.679070,6.901198,3.841741,0.073471,0.031006,-0.387574,-0.918383
90.750000,-13.741275,6.961796,3.827620,0.075037,0.031664,-0.387490,-0.918269
90.766667,-13.803339,7.022269,3.813239,0.076619,0.032331,-0.387427,-0.918142
90.783333,-13.865266,7.082611,3.798598,0.078196,0.032998,-0.387384,-0.918003
90.800000,-13.927054,7.142805,3.783641,0.079780,0.033669,-0.387358,-0.917854
90.816667,-13.988809,7.202953,3.768371,0.081430,0.034371,-0.387351,-0.917686
90.833333,-14.050429,7.262956,3.752830,0.083102,0.035085,-0.387367,-0.917502
90.850000,-14.111918,7.322805,3.737018,0.084796,0.035812,-0.387405,-0.917303
90.866667,-14.173275,7.382498,3.720932,0.086514,0.036552,-0.387466,-0.917088
90.883333,-14.234498,7.442031,3.704568,0.088227,0.037292,-0.387544,-0.916861
90.900000,-14.295689,7.501487,3.687807,0.089983,0.038055,-0.387644,-0.916617
90.916667,-14.356753,7.560769,3.670758,0.091795,0.038845,-0.387771,-0.916350
90.933333,-14.417688,7.619871,3.653419,0.093638,0.039652,-0.387919,-0.916067
90.950000,-14.478496,7.678791,3.635785,0.095512,0.040477,-0.388089,-0.915765
90.966667,-14.539176,7.737523,3.617855,0.097418,0.041320,-0.388284,-0.915444
90.983333,-14.599723,7.796052,3.599571,0.099325,0.042168,-0.388504,-0.915107
91.000000,-14.660255,7.854472,3.580893,0.101321,0.043061,-0.388757,-0.914739
91.016667,-14.720661,7.912685,3.561898,0.103357,0.043976,-0.389034,-0.914350
91.033333,-14.780942,7.970686,3.542581,0.105436,0.044915,-0.389336,-0.913938
91.050000,-14.841100,8.028468,3.522938,0.107558,0.045880,-0.389664,-0.913503
91.066667,-14.901134,8.086018,3.502942,0.109701,0.046860,-0.390021,-0.913046
91.083333,-14.961157,8.143412,3.482472,0.111941,0.047892,-0.390420,-0.912550
91.100000,-15.021058,8.200564,3.461648,0.114233,0.048955,-0.390851,-0.912025
91.116667,-15.080836,8.257468,3.440464,0.116580,0.050050,-0.391314,-0.911470
91.133333,-15.140491,8.314116,3.418916,0.118985,0.051181,-0.391809,-0.910884
91.150000,-15.200027,8.370498,3.396991,0.121446,0.052345,-0.392336,-0.910266
91.166667,-15.259559,8.426663,3.374504,0.124011,0.053569,-0.392917,-0.909598
91.183333,-15.318972,8.482540,3.351617,0.126643,0.054835,-0.393538,-0.908891
91.200000,-15.378265,8.538123,3.328321,0.129338,0.056140,-0.394190,-0.908149
91.216667,-15.437438,8.593401,3.304609,0.132090,0.057482,-0.394866,-0.907375
91.233333,-15.496490,8.648363,3.280457,0.134906,0.058864,-0.395563,-0.906568
91.250000,-15.555543,8.703032,3.255653,0.137762,0.060270,-0.396256,-0.905743
91.266667,-15.614478,8.757356,3.230389,0.140633,0.061688,-0.396936,-0.904908
91.283333,-15.673285,8.811341,3.204668,0.143507,0.063111,-0.397591,-0.904071
91.300000,-15.731956,8.864993,3.178497,0.146372,0.064531,-0.398210,-0.903239
91.316667,-15.790485,8.918299,3.151849,0.149257,0.065958,-0.398781,-0.902411
91.333333,-15.848964,8.971351,3.124589,0.152055,0.067333,-0.399258,-0.901631
91.350000,-15.907279,9.024103,3.096924,0.154788,0.068666,-0.399649,-0.900892
91.366667,-15.965418,9.076570,3.068868,0.157448,0.069953,-0.399951,-0.900198
91.383333,-16.023373,9.128765,3.040434,0.160029,0.071188,-0.400159,-0.899553
91.400000,-16.081120,9.180672,3.011553,0.162576,0.072381,-0.400236,-0.898967
91.416667,-16.138762,9.232434,2.982207,0.164954,0.073474,-0.400196,-0.898463
91.433333,-16.196189,9.283978,2.952546,0.167233,0.074497,-0.400044,-0.898025
91.450000,-16.253395,9.335319,2.922589,0.169410,0.075448,-0.399778,-0.897656
91.466667,-16.310369,9.386476,2.892352,0.171505,0.076330,-0.399379,-0.897361
91.483333,-16.367047,9.437458,2.861739,0.173451,0.077107,-0.398830,-0.897165
91.500000,-16.423596,9.488414,2.830843,0.175234,0.077777,-0.398157,-0.897059
91.516667,-16.479882,9.539258,2.799748,0.176890,0.078357,-0.397360,-0.897037
91.533333,-16.535898,9.590011,2.768473,0.178419,0.078843,-0.396427,-0.897104
91.550000,-16.591608,9.640697,2.737000,0.179825,0.079222,-0.395303,-0.897286
91.566667,-16.647117,9.691470,2.705310,0.181002,0.079467,-0.394069,-0.897571
91.583333,-16.702328,9.742231,2.673533,0.182033,0.079610,-0.392706,-0.897947
91.600000,-16.757240,9.792998,2.641691,0.182913,0.079651,-0.391220,-0.898412
91.616667,-16.811834,9.843800,2.609802,0.183627,0.079560,-0.389515,-0.899016
91.633333,-16.866156,9.894831,2.577819,0.184139,0.079346,-0.387691,-0.899718
91.650000,-16.920158,9.945950,2.545872,0.184464,0.079022,-0.385768,-0.900506
91.666667,-16.973834,9.997171,2.513984,0.184625,0.078597,-0.383730,-0.901381
91.683333,-17.027180,10.048513,2.482175,0.184584,0.078031,-0.381477,-0.902394
91.700000,-17.080084,10.100123,2.450506,0.184347,0.077349,-0.379094,-0.903505
91.716667,-17.132755,10.152028,2.418929,0.183916,0.076574,-0.376663,-0.904675
91.733333,-17.185075,10.204126,2.387531,0.183319,0.075709,-0.374134,-0.905917
91.750000,-17.237040,10.256432,2.356333,0.182496,0.074706,-0.371404,-0.907289
91.766667,-17.288544,10.309104,2.325436,0.181473,0.073596,-0.368542,-0.908751
91.783333,-17.339775,10.362171,2.294761,0.180285,0.072431,-0.365693,-0.910231
91.800000,-17.390637,10.415500,2.264380,0.178940,0.071197,-0.362773,-0.911760
91.816667,-17.441126,10.469101,2.234311,0.177351,0.069835,-0.359666,-0.913406
91.833333,-17.491138,10.523142,2.204690,0.175571,0.068390,-0.356462,-0.915113
91.850000,-17.540842,10.577650,2.175412,0.173671,0.066927,-0.353307,-0.916806
91.866667,-17.590161,10.632464,2.146526,0.171639,0.065427,-0.350128,-0.918515
91.883333,-17.639094,10.687589,2.118046,0.169351,0.063809,-0.346766,-0.920327
91.900000,-17.687522,10.743209,2.090148,0.166904,0.062144,-0.343355,-0.922165
91.916667,-17.735631,10.799319,2.062687,0.164390,0.060499,-0.340032,-0.923955
91.933333,-17.783346,10.855751,2.035695,0.161773,0.058842,-0.336720,-0.925736
91.950000,-17.830667,10.912504,2.009179,0.158901,0.057086,-0.333244,-0.927599
91.966667,-17.877447,10.969793,1.983369,0.155922,0.055321,-0.329768,-0.929452
91.983333,-17.923916,11.027547,1.958044,0.152940,0.053610,-0.326422,-0.931227
92.000000,-17.969990,11.085612,1.933239,0.149855,0.051891,-0.323072,-0.932993
92.016667,-18.015660,11.143998,1.908975,0.146573,0.050116,-0.319623,-0.934797
92.033333,-18.060873,11.203037,1.885446,0.143221,0.048354,-0.316202,-0.936571
92.050000,-18.105691,11.262368,1.862464,0.139943,0.046680,-0.312963,-0.938238
92.066667,-18.150115,11.321983,1.840029,0.136532,0.044983,-0.309674,-0.939913
92.083333,-18.194099,11.381940,1.818223,0.133005,0.043275,-0.306357,-0.941585
92.100000,-18.237666,11.442454,1.797130,0.129458,0.041600,-0.303092,-0.943210
92.116667,-18.280851,11.503217,1.776590,0.126045,0.040029,-0.300023,-0.944720
92.133333,-18.323655,11.564222,1.756600,0.122480,0.038422,-0.296840,-0.946260
92.150000,-18.365977,11.625587,1.737330,0.118924,0.036850,-0.293671,-0.947764
92.166667,-18.407944,11.687388,1.718692,0.115455,0.035344,-0.290577,-0.949203
92.183333,-18.449539,11.749395,1.700593,0.112109,0.033915,-0.287565,-0.950572
92.200000,-18.490764,11.811600,1.683023,0.108726,0.032487,-0.284443,-0.951953
92.216667,-18.531436,11.874182,1.666222,0.105418,0.031110,-0.281325,-0.953297
92.233333,-18.571790,11.937088,1.649880,0.102302,0.029826,-0.278303,-0.954564
92.250000,-18.611751,12.000166,1.634000,0.099248,0.028575,-0.275196,-0.955824
92.266667,-18.651255,12.063471,1.618651,0.096263,0.027361,-0.272032,-0.957070
92.283333,-18.690294,12.127194,1.603858,0.093382,0.026199,-0.268851,-0.958286
92.300000,-18.728923,12.191069,1.589468,0.090727,0.025131,-0.265756,-0.959432
92.316667,-18.767140,12.255090,1.575472,0.088077,0.024070,-0.262519,-0.960597
92.333333,-18.804766,12.319393,1.562028,0.085514,0.023053,-0.259266,-0.961736
92.350000,-18.841999,12.384001,1.548960,0.083086,0.022096,-0.256054,-0.962832
92.366667,-18.878809,12.448737,1.536238,0.080743,0.021175,-0.252785,-0.963915
92.383333,-18.915129,12.513645,1.523909,0.078450,0.020281,-0.249468,-0.964987
92.400000,-18.950919,12.578929,1.512020,0.076225,0.019422,-0.246143,-0.966036
92.416667,-18.986276,12.644325,1.500437,0.074136,0.018619,-0.242872,-0.967042
92.433333,-19.021201,12.709830,1.489154,0.072072,0.017831,-0.239506,-0.968052
92.450000,-19.055483,12.775575,1.478308,0.070067,0.017074,-0.236132,-0.969041
92.466667,-19.089351,12.841580,1.467746,0.068152,0.016357,-0.232799,-0.969996
92.483333,-19.122783,12.907679,1.457452,0.066286,0.015660,-0.229387,-0.970949
92.500000,-19.155674,12.973931,1.447485,0.064471,0.014990,-0.225972,-0.971882
92.516667,-19.188028,13.040495,1.437844,0.062704,0.014345,-0.222553,-0.972796
92.533333,-19.219939,13.107140,1.428442,0.061021,0.013734,-0.219146,-0.973685
92.550000,-19.251406,13.173869,1.419276,0.059370,0.013140,-0.215695,-0.974566
92.566667,-19.282216,13.240950,1.410468,0.057763,0.012568,-0.212241,-0.975428
92.583333,-19.312584,13.308099,1.401873,0.056210,0.012021,-0.208786,-0.976271
92.600000,-19.342512,13.375314,1.393489,0.054705,0.011494,-0.205305,-0.977100
92.616667,-19.371802,13.442692,1.385403,0.053237,0.010987,-0.201824,-0.977912
92.633333,-19.400607,13.510303,1.377541,0.051801,0.010497,-0.198330,-0.978709
92.650000,-19.428972,13.577969,1.369868,0.050425,0.010030,-0.194831,-0.979488
92.666667,-19.456791,13.645738,1.362428,0.049082,0.009580,-0.191329,-0.980251
92.683333,-19.484027,13.713768,1.355231,0.047770,0.009146,-0.187827,-0.980997
92.700000,-19.510823,13.781842,1.348206,0.046494,0.008727,-0.184281,-0.981734
92.716667,-19.537157,13.849970,1.341359,0.045262,0.008328,-0.180767,-0.982449
92.733333,-19.562814,13.918380,1.334770,0.044058,0.007943,-0.177253,-0.983147
92.750000,-19.588030,13.986825,1.328336,0.042873,0.007568,-0.173672,-0.983841
92.766667,-19.612809,14.055303,1.322054,0.041741,0.007214,-0.170144,-0.984508
92.783333,-19.636886,14.123914,1.316011,0.040635,0.006873,-0.166620,-0.985160
92.800000,-19.660520,14.192691,1.310115,0.039533,0.006537,-0.163015,-0.985810
92.816667,-19.683719,14.261491,1.304358,0.038493,0.006223,-0.159481,-0.986431
92.833333,-19.706280,14.330387,1.298799,0.037475,0.005921,-0.155951,-0.987036
92.850000,-19.728328,14.399460,1.293396,0.036463,0.005625,-0.152359,-0.987636
92.866667,-19.749948,14.468546,1.288119,0.035494,0.005344,-0.148791,-0.988217
92.883333,-19.770997,14.537693,1.283005,0.034557,0.005077,-0.145264,-0.988776
92.900000,-19.791464,14.607025,1.278053,0.033632,0.004817,-0.141711,-0.989325
92.916667,-19.811503,14.676363,1.273215,0.032724,0.004565,-0.138098,-0.989867
92.933333,-19.831023,14.745736,1.268514,0.031859,0.004329,-0.134574,-0.990382
92.950000,-19.849911,14.815294,1.263974,0.031012,0.004101,-0.131049,-0.990882
92.966667,-19.868379,14.884849,1.259539,0.030162,0.003876,-0.127390,-0.991386
92.983333,-19.886387,14.954413,1.255216,0.029365,0.003667,-0.123875,-0.991857
93.000000,-19.903703,15.024163,1.251055,0.028585,0.003467,-0.120369,-0.992312
93.016667,-19.920600,15.093903,1.246988,0.027795,0.003268,-0.116708,-0.992772
93.033333,-19.937078,15.163636,1.243016,0.027060,0.003084,-0.113205,-0.993198
93.050000,-19.952829,15.233545,1.239201,0.026340,0.002908,-0.109708,-0.993611
93.066667,-19.968172,15.303437,1.235473,0.025606,0.002732,-0.106042,-0.994028
93.083333,-19.983110,15.373312,1.231829,0.024928,0.002571,-0.102558,-0.994411
93.100000,-19.997316,15.443241,1.228331,0.024264,0.002417,-0.099086,-0.994780
93.116667,-20.011112,15.513255,1.224912,0.023583,0.002261,-0.095426,-0.995155
93.133333,-20.024508,15.583247,1.221570,0.022959,0.002121,-0.091963,-0.995495
93.150000,-20.037210,15.653273,1.218358,0.022347,0.001986,-0.088510,-0.995823
93.166667,-20.049480,15.723378,1.215223,0.021720,0.001851,-0.084875,-0.996153
93.183333,-20.061356,15.793455,1.212157,0.021141,0.001727,-0.081419,-0.996454
93.200000,-20.072555,15.863552,1.209208,0.020578,0.001610,-0.077990,-0.996740
93.216667,-20.083307,15.933722,1.206332,0.020000,0.001492,-0.074391,-0.997027
93.233333,-20.093673,16.003859,1.203520,0.019464,0.001385,-0.070944,-0.997289
93.250000,-20.103385,16.074002,1.200812,0.018945,0.001283,-0.067543,-0.997536
93.266667,-20.112636,16.144209,1.198173,0.018414,0.001181,-0.063970,-0.997781
93.283333,-20.121507,16.214379,1.195593,0.017918,0.001087,-0.060540,-0.998004
93.300000,-20.129746,16.284543,1.193108,0.017441,0.000999,-0.057173,-0.998211
93.316667,-20.137521,16.354762,1.190687,0.016952,0.000911,-0.053632,-0.998416
93.333333,-20.144923,16.424940,1.188319,0.016495,0.000830,-0.050224,-0.998601
93.350000,-20.151696,16.495103,1.186037,0.016057,0.000754,-0.046892,-0.998771
93.366667,-20.158009,16.565311,1.183814,0.015607,0.000678,-0.043385,-0.998936
93.383333,-20.163957,16.635474,1.181640,0.015187,0.000608,-0.040006,-0.999084
93.400000,-20.169284,16.705614,1.179545,0.014786,0.000543,-0.036708,-0.999216
93.416667,-20.174156,16.775788,1.177503,0.014373,0.000478,-0.033228,-0.999344
93.433333,-20.178671,16.845915,1.175506,0.013987,0.000418,-0.029888,-0.999455
93.450000,-20.182567,16.916011,1.173581,0.013619,0.000363,-0.026631,-0.999552
93.466667,-20.186022,16.986130,1.171704,0.013240,0.000307,-0.023187,-0.999643
93.483333,-20.189127,17.056200,1.169868,0.012888,0.000256,-0.019891,-0.999719
93.500000,-20.191611,17.126233,1.168098,0.012551,0.000209,-0.016677,-0.999782
93.516667,-20.193670,17.196280,1.166373,0.012203,0.000162,-0.013260,-0.999838
93.533333,-20.195387,17.266275,1.164683,0.011882,0.000119,-0.010009,-0.999879
93.550000,-20.196483,17.336226,1.163055,0.011575,0.000079,-0.006837,-0.999910
93.566667,-20.197173,17.406182,1.161465,0.011257,0.000039,-0.003454,-0.999931
93.583333,-20.197525,17.476086,1.159908,0.010965,0.000003,-0.000259,-0.999940
93.600000,-20.197242,17.545939,1.158410,0.010686,-0.000031,0.002864,-0.999939
93.616667,-20.196579,17.615788,1.156944,0.010395,-0.000065,0.006214,-0.999927
93.633333,-20.195588,17.685586,1.155507,0.010130,-0.000095,0.009348,-0.999905
93.650000,-20.193957,17.755325,1.154124,0.009874,-0.000123,0.012427,-0.999874
93.666667,-20.191973,17.825055,1.152770,0.009607,-0.000151,0.015701,-0.999831
93.683333,-20.189669,17.894732,1.151442,0.009365,-0.000175,0.018726,-0.999781
93.700000,-20.186711,17.964344,1.150166,0.009128,-0.000198,0.021714,-0.999723
93.716667,-20.183436,18.033942,1.148914,0.008880,-0.000221,0.024863,-0.999651
93.733333,-20.179836,18.103487,1.147687,0.008655,-0.000240,0.027749,-0.999577
93.750000,-20.175632,18.172999,1.146507,0.008431,-0.000258,0.030623,-0.999495
93.766667,-20.171141,18.242457,1.145350,0.008198,-0.000276,0.033617,-0.999401
93.783333,-20.166327,18.311864,1.144220,0.007986,-0.000290,0.036326,-0.999308
93.800000,-20.160963,18.381230,1.143132,0.007772,-0.000304,0.039052,-0.999207
93.816667,-20.155328,18.450546,1.142065,0.007550,-0.000316,0.041864,-0.999095
93.833333,-20.149361,18.519810,1.141026,0.007348,-0.000327,0.044418,-0.998986
93.850000,-20.142908,18.589031,1.140025,0.007142,-0.000336,0.047010,-0.998869
93.866667,-20.136199,18.658206,1.139046,0.006932,-0.000345,0.049652,-0.998742
93.883333,-20.129154,18.727328,1.138094,0.006738,-0.000351,0.052065,-0.998621
93.900000,-20.121665,18.796405,1.137177,0.006539,-0.000357,0.054534,-0.998490
93.916667,-20.113934,18.865439,1.136280,0.006339,-0.000362,0.057016,-0.998353
93.933333,-20.105864,18.934423,1.135410,0.006153,-0.000366,0.059309,-0.998221
93.950000,-20.097402,19.003361,1.134573,0.005962,-0.000368,0.061672,-0.998079
93.966667,-20.088710,19.072261,1.133755,0.005771,-0.000370,0.064018,-0.997932
93.983333,-20.079671,19.141112,1.132966,0.005593,-0.000371,0.066196,-0.997791
94.000000,-20.070278,19.209915,1.132205,0.005407,-0.000371,0.068455,-0.997639
94.016667,-20.060665,19.278687,1.131462,0.005224,-0.000370,0.070671,-0.997486
94.033333,-20.050700,19.347409,1.130749,0.005052,-0.000369,0.072749,-0.997337
94.050000,-20.040421,19.416085,1.130062,0.004872,-0.000366,0.074920,-0.997178
94.066667,-20.029931,19.484728,1.129392,0.004698,-0.000363,0.077020,-0.997018
94.083333,-20.019087,19.553313,1.128753,0.004532,-0.000359,0.079004,-0.996864
94.100000,-20.007964,19.621853,1.128137,0.004357,-0.000354,0.081093,-0.996697
94.116667,-19.996642,19.690356,1.127538,0.004189,-0.000349,0.083086,-0.996534
94.133333,-19.984963,19.758791,1.126970,0.004028,-0.000344,0.084985,-0.996374
94.150000,-19.973035,19.827184,1.126422,0.003857,-0.000337,0.087001,-0.996201
94.166667,-19.960917,19.895533,1.125892,0.003697,-0.000330,0.088897,-0.996034
94.183333,-19.948438,19.963806,1.125393,0.003541,-0.000323,0.090723,-0.995870
94.200000,-19.935740,20.032038,1.124913,0.003375,-0.000314,0.092664,-0.995692
94.216667,-19.922859,20.100223,1.124449,0.003219,-0.000305,0.094469,-0.995523
94.233333,-19.909614,20.168321,1.124017,0.003067,-0.000296,0.096236,-0.995354
94.250000,-19.896179,20.236382,1.123601,0.002905,-0.000286,0.098105,-0.995172
94.266667,-19.882567,20.304390,1.123202,0.002755,-0.000276,0.099830,-0.995001
94.283333,-19.868598,20.372326,1.122835,0.002606,-0.000266,0.101545,-0.994827
94.300000,-19.854463,20.440206,1.122483,0.002449,-0.000254,0.103344,-0.994643
94.316667,-19.840138,20.508025,1.122148,0.002304,-0.000243,0.104990,-0.994471
94.333333,-19.825483,20.575773,1.121843,0.002158,-0.000231,0.106654,-0.994294
94.350000,-19.810669,20.643462,1.121552,0.002005,-0.000219,0.108385,-0.994107
94.366667,-19.795656,20.711080,1.121280,0.001865,-0.000206,0.109966,-0.993934
94.383333,-19.780346,20.778631,1.121035,0.001721,-0.000193,0.111588,-0.993753
94.400000,-19.764886,20.846120,1.120805,0.001573,-0.000179,0.113247,-0.993566
94.416667,-19.749218,20.913529,1.120594,0.001436,-0.000166,0.114773,-0.993391
94.433333,-19.733282,20.980876,1.120408,0.001293,-0.000152,0.116355,-0.993207
94.450000,-19.717202,21.048156,1.120236,0.001149,-0.000137,0.117947,-0.993019
94.466667,-19.700904,21.115348,1.120085,0.001015,-0.000122,0.119425,-0.992843
94.483333,-19.684364,21.182481,1.119957,0.000875,-0.000107,0.120974,-0.992655
94.500000,-19.667687,21.249542,1.119843,0.000735,-0.000091,0.122504,-0.992468
94.516667,-19.650779,21.316507,1.119751,0.000603,-0.000075,0.123939,-0.992290
94.533333,-19.633656,21.383417,1.119679,0.000464,-0.000059,0.125457,-0.992099
94.550000,-19.616401,21.450252,1.119621,0.000328,-0.000042,0.126929,-0.991912
94.566667,-19.598906,21.516981,1.119587,0.000199,-0.000026,0.128322,-0.991733
94.583333,-19.581224,21.583661,1.119571,0.000060,-0.000008,0.129811,-0.991539
94.600000,-19.563416,21.650262,1.119568,-0.000072,0.000009,0.131226,-0.991352
94.616667,-19.545359,21.716749,1.119591,-0.000200,0.000027,0.132588,-0.991171
94.633333,-19.527139,21.783191,1.119629,-0.000337,0.000046,0.134042,-0.990976
94.650000,-19.508799,21.849551,1.119680,-0.000466,0.000064,0.135405,-0.990790
94.666667,-19.490197,21.915786,1.119759,-0.000594,0.000082,0.136750,-0.990605
94.683333,-19.471458,21.981983,1.119850,-0.000729,0.000102,0.138170,-0.990408
94.700000,-19.452591,22.048090,1.119956,-0.000854,0.000120,0.139487,-0.990223
94.716667,-19.433460,22.114121,1.120089,-0.000982,0.000140,0.140819,-0.990035
94.733333,-19.414217,22.180064,1.120234,-0.001115,0.000160,0.142208,-0.989836
94.750000,-19.394830,22.245907,1.120395,-0.001238,0.000180,0.143481,-0.989652
94.766667,-19.375207,22.311681,1.120580,-0.001366,0.000200,0.144799,-0.989460
94.783333,-19.355477,22.377363,1.120777,-0.001498,0.000221,0.146145,-0.989262
94.800000,-19.335584,22.442935,1.120992,-0.001618,0.000241,0.147382,-0.989078
94.816667,-19.315485,22.508443,1.121228,-0.001747,0.000263,0.148690,-0.988882
94.833333,-19.295284,22.573858,1.121476,-0.001875,0.000284,0.149994,-0.988685
94.850000,-19.274907,22.639152,1.121745,-0.001995,0.000305,0.151207,-0.988500
94.866667,-19.254352,22.704391,1.122032,-0.002125,0.000328,0.152510,-0.988300
94.883333,-19.233700,22.769532,1.122331,-0.002251,0.000350,0.153770,-0.988104
94.900000,-19.212848,22.834540,1.122653,-0.002372,0.000372,0.154970,-0.987916
94.916667,-19.191845,22.899498,1.122992,-0.002501,0.000396,0.156254,-0.987714
94.933333,-19.170748,22.964356,1.123341,-0.002625,0.000419,0.157475,-0.987519
94.950000,-19.149433,23.029070,1.123716,-0.002747,0.000441,0.158678,-0.987326
94.966667,-19.127997,23.093743,1.124104,-0.002876,0.000466,0.159948,-0.987121
94.983333,-19.106459,23.158308,1.124505,-0.002997,0.000489,0.161133,-0.986928
95.000000,-19.084692,23.222796,1.124932,-0.003121,0.000513,0.162336,-0.986730
95.016667,-19.062839,23.287178,1.125370,-0.003249,0.000539,0.163582,-0.986524
95.033333,-19.040857,23.351438,1.125824,-0.003368,0.000563,0.164724,-0.986334
95.050000,-19.018674,23.415628,1.126299,-0.003494,0.000588,0.165932,-0.986131
95.066667,-18.996409,23.479709,1.126787,-0.003622,0.000614,0.167152,-0.985924
95.083333,-18.973996,23.543657,1.127293,-0.003740,0.000638,0.168277,-0.985732
95.100000,-18.951415,23.607545,1.127818,-0.003868,0.000665,0.169499,-0.985523
95.116667,-18.928757,23.671322,1.128355,-0.003994,0.000692,0.170684,-0.985318
95.133333,-18.905923,23.734950,1.128913,-0.004115,0.000718,0.171814,-0.985121
95.150000,-18.882952,23.798528,1.129488,-0.004244,0.000746,0.173019,-0.984909
95.166667,-18.859904,23.861991,1.130073,-0.004367,0.000772,0.174168,-0.984706
95.183333,-18.836652,23.925289,1.130685,-0.004491,0.000800,0.175318,-0.984501
95.200000,-18.813298,23.988550,1.131308,-0.004620,0.000829,0.176519,-0.984286
95.216667,-18.789846,24.051683,1.131946,-0.004742,0.000856,0.177640,-0.984084
95.233333,-18.766193,24.114740,1.132608,-0.004869,0.000885,0.178806,-0.983872
95.250000,-18.742470,24.177678,1.133280,-0.005000,0.000915,0.179996,-0.983654
95.266667,-18.718613,24.240470,1.133971,-0.005120,0.000943,0.181081,-0.983454
95.283333,-18.694588,24.303198,1.134681,-0.005251,0.000973,0.182267,-0.983235
95.300000,-18.670498,24.365803,1.135403,-0.005380,0.001004,0.183428,-0.983018
95.316667,-18.646246,24.428248,1.136147,-0.005504,0.001033,0.184539,-0.982809
95.333333,-18.621865,24.490641,1.136907,-0.005636,0.001065,0.185720,-0.982586
95.350000,-18.597418,24.552909,1.137678,-0.005764,0.001096,0.186847,-0.982372
95.366667,-18.572744,24.615086,1.138477,-0.005892,0.001128,0.187982,-0.982154
95.383333,-18.548010,24.677138,1.139286,-0.006026,0.001161,0.189158,-0.981927
95.400000,-18.523177,24.739045,1.140111,-0.006151,0.001192,0.190257,-0.981714
95.416667,-18.498157,24.800877,1.140960,-0.006286,0.001226,0.191427,-0.981486
95.433333,-18.473080,24.862580,1.141819,-0.006421,0.001260,0.192603,-0.981255
95.450000,-18.447865,24.924118,1.142699,-0.006548,0.001293,0.193700,-0.981038
95.466667,-18.422501,24.985595,1.143597,-0.006685,0.001328,0.194879,-0.980804
95.483333,-18.397082,25.046941,1.144506,-0.006819,0.001363,0.196025,-0.980574
95.500000,-18.371484,25.108100,1.145442,-0.006952,0.001398,0.197162,-0.980345
95.516667,-18.345783,25.169215,1.146391,-0.007091,0.001435,0.198347,-0.980105
95.533333,-18.319997,25.230182,1.147354,-0.007223,0.001470,0.199465,-0.979877
95.550000,-18.294016,25.291066,1.148343,-0.007363,0.001508,0.200643,-0.979636
95.566667,-18.267984,25.351812,1.149343,-0.007505,0.001547,0.201830,-0.979391
95.583333,-18.241821,25.412387,1.150364,-0.007639,0.001583,0.202948,-0.979158
95.600000,-18.215508,25.472895,1.151405,-0.007783,0.001623,0.204143,-0.978909
95.616667,-18.189146,25.533265,1.152457,-0.007925,0.001663,0.205311,-0.978663
95.633333,-18.162610,25.593438,1.153535,-0.008066,0.001702,0.206470,-0.978418
95.650000,-18.135970,25.653564,1.154628,-0.008213,0.001744,0.207674,-0.978162
95.666667,-18.109245,25.713532,1.155737,-0.008353,0.001784,0.208815,-0.977918
95.683333,-18.082326,25.773411,1.156873,-0.008503,0.001827,0.210032,-0.977656
95.700000,-18.055362,25.833148,1.158019,-0.008653,0.001870,0.211249,-0.977392
95.716667,-18.028263,25.892698,1.159189,-0.008798,0.001913,0.212415,-0.977138
95.733333,-18.001021,25.952182,1.160378,-0.008952,0.001958,0.213645,-0.976868
95.750000,-17.973732,26.011518,1.161578,-0.009102,0.002002,0.214843,-0.976604
95.766667,-17.946205,26.070743,1.162812,-0.009256,0.002048,0.216061,-0.976334
95.783333,-17.918636,26.129820,1.164056,-0.009413,0.002096,0.217307,-0.976056
95.800000,-17.890963,26.188718,1.165319,-0.009566,0.002142,0.218511,-0.975785
95.816667,-17.863113,26.247532,1.166609,-0.009727,0.002192,0.219779,-0.975499
95.833333,-17.835224,26.306196,1.167909,-0.009889,0.002241,0.221045,-0.975211
95.850000,-17.807171,26.364647,1.169238,-0.010049,0.002291,0.222282,-0.974928
95.866667,-17.778999,26.423041,1.170585,-0.010215,0.002343,0.223567,-0.974632
95.883333,-17.750749,26.481261,1.171948,-0.010378,0.002395,0.224819,-0.974342
95.900000,-17.722284,26.539377,1.173342,-0.010547,0.002449,0.226136,-0.974036
95.916667,-17.693782,26.597337,1.174747,-0.010717,0.002503,0.227460,-0.973725
95.933333,-17.665136,26.655087,1.176180,-0.010882,0.002557,0.228771,-0.973416
95.950000,-17.636344,26.712763,1.177635,-0.011050,0.002613,0.230138,-0.973092
95.966667,-17.607496,26.770271,1.179103,-0.011213,0.002668,0.231486,-0.972770
95.983333,-17.578400,26.827653,1.180606,-0.011376,0.002725,0.232909,-0.972428
96.000000,-17.549264,26.884873,1.182119,-0.011536,0.002781,0.234348,-0.972080
96.016667,-17.519989,26.941878,1.183655,-0.011688,0.002836,0.235801,-0.971727
96.033333,-17.490533,26.998789,1.185212,-0.011837,0.002892,0.237320,-0.971355
96.050000,-17.461030,27.055529,1.186778,-0.011980,0.002947,0.238839,-0.970981
96.066667,-17.431231,27.112115,1.188376,-0.012115,0.003001,0.240446,-0.970582
96.083333,-17.401384,27.168527,1.189980,-0.012245,0.003055,0.242073,-0.970176
96.100000,-17.371386,27.224710,1.191600,-0.012366,0.003108,0.243736,-0.969758
96.116667,-17.341172,27.280777,1.193238,-0.012480,0.003160,0.245459,-0.969321
96.133333,-17.310910,27.336667,1.194882,-0.012589,0.003212,0.247200,-0.968877
96.150000,-17.280306,27.392370,1.196549,-0.012686,0.003262,0.249020,-0.968410
96.166667,-17.249648,27.447891,1.198220,-0.012778,0.003312,0.250859,-0.967934
96.183333,-17.218820,27.503162,1.199902,-0.012861,0.003360,0.252752,-0.967440
96.200000,-17.187750,27.558298,1.201596,-0.012935,0.003407,0.254691,-0.966930
96.216667,-17.156623,27.613245,1.203292,-0.013005,0.003454,0.256667,-0.966406
96.233333,-17.125118,27.667976,1.205004,-0.013060,0.003498,0.258707,-0.965861
96.250000,-17.093554,27.722515,1.206715,-0.013111,0.003542,0.260766,-0.965307
96.266667,-17.061789,27.776777,1.208432,-0.013151,0.003584,0.262908,-0.964725
96.283333,-17.029767,27.830888,1.210154,-0.013181,0.003624,0.265072,-0.964132
96.300000,-16.997664,27.884788,1.211876,-0.013205,0.003663,0.267304,-0.963515
96.316667,-16.965160,27.938448,1.213603,-0.013214,0.003700,0.269575,-0.962882
96.333333,-16.932594,27.991905,1.215327,-0.013219,0.003735,0.271863,-0.962238
96.350000,-16.899777,28.045044,1.217049,-0.013210,0.003768,0.274273,-0.961554
96.366667,-16.866706,28.098024,1.218769,-0.013192,0.003798,0.276669,-0.960867
96.383333,-16.833513,28.150761,1.220486,-0.013165,0.003828,0.279173,-0.960143
96.400000,-16.799915,28.203240,1.222198,-0.013123,0.003853,0.281679,-0.959411
96.416667,-16.766253,28.255508,1.223903,-0.013077,0.003877,0.284199,-0.958668
96.433333,-16.732272,28.307397,1.225597,-0.013013,0.003898,0.286896,-0.957866
96.450000,-16.698062,28.359136,1.227284,-0.012943,0.003916,0.289530,-0.957073
96.466667,-16.663668,28.410578,1.228960,-0.012859,0.003931,0.292324,-0.956225
96.483333,-16.628890,28.461761,1.230623,-0.012764,0.003942,0.295066,-0.955383
96.500000,-16.594046,28.512723,1.232277,-0.012661,0.003951,0.297882,-0.954511
96.516667,-16.558784,28.563219,1.233906,-0.012539,0.003955,0.300808,-0.953594
96.533333,-16.523349,28.613592,1.235527,-0.012414,0.003957,0.303673,-0.952687
96.550000,-16.487639,28.663590,1.237126,-0.012267,0.003954,0.306764,-0.951699
96.566667,-16.451600,28.713351,1.238705,-0.012115,0.003947,0.309739,-0.950736
96.583333,-16.415434,28.762836,1.240269,-0.011946,0.003936,0.312906,-0.949701
96.600000,-16.378773,28.811957,1.241802,-0.011767,0.003920,0.316003,-0.948677
96.616667,-16.342048,28.860842,1.243319,-0.011582,0.003900,0.319124,-0.947634
96.633333,-16.304927,28.909238,1.244799,-0.011369,0.003873,0.322472,-0.946503
96.650000,-16.267562,28.957446,1.246259,-0.011159,0.003844,0.325664,-0.945412
96.666667,-16.229952,29.005272,1.247689,-0.010920,0.003807,0.329146,-0.944208
96.683333,-16.191938,29.052777,1.249085,-0.010683,0.003766,0.332440,-0.943056
96.700000,-16.153830,29.100013,1.250461,-0.010425,0.003718,0.335936,-0.941820
96.716667,-16.115155,29.146785,1.251784,-0.010156,0.003665,0.339406,-0.940578
96.733333,-16.076421,29.193310,1.253089,-0.009884,0.003608,0.342839,-0.939335
96.750000,-16.037295,29.239304,1.254341,-0.009577,0.003539,0.346559,-0.937972
96.766667,-15.997892,29.285061,1.255564,-0.009283,0.003469,0.350039,-0.936683
96.783333,-15.958245,29.330403,1.256747,-0.008947,0.003385,0.353894,-0.935237
96.800000,-15.918166,29.375363,1.257880,-0.008626,0.003302,0.357459,-0.933883
96.816667,-15.877996,29.420033,1.258988,-0.008275,0.003206,0.361281,-0.932415
96.833333,-15.837238,29.464169,1.260024,-0.007918,0.003105,0.365042,-0.930952
96.850000,-15.796435,29.508049,1.261039,-0.007558,0.002999,0.368786,-0.929479
96.866667,-15.755207,29.551315,1.261982,-0.007162,0.002877,0.372777,-0.927889
96.883333,-15.713727,29.594336,1.262891,-0.006789,0.002759,0.376475,-0.926398
96.900000,-15.671970,29.636871,1.263744,-0.006358,0.002617,0.380646,-0.924695
96.916667,-15.629813,29.679008,1.264540,-0.005961,0.002482,0.384405,-0.923142
96.933333,-15.587525,29.720790,1.265299,-0.005518,0.002327,0.388537,-0.921414
96.950000,-15.544698,29.762018,1.265975,-0.005088,0.002171,0.392454,-0.919755
96.966667,-15.501846,29.802991,1.266628,-0.004640,0.002004,0.396481,-0.918029
96.983333,-15.458511,29.843217,1.267182,-0.004172,0.001824,0.400599,-0.916242
97.000000,-15.415001,29.883253,1.267708,-0.003722,0.001646,0.404518,-0.914521
97.016667,-15.371144,29.922669,1.268153,-0.003216,0.001441,0.408833,-0.912602
97.033333,-15.326986,29.961745,1.268545,-0.002758,0.001250,0.412693,-0.910865
97.050000,-15.282621,30.000342,1.268877,-0.002228,0.001023,0.417094,-0.908860
97.066667,-15.237830,30.038441,1.269130,-0.001749,0.000812,0.421011,-0.907054
97.083333,-15.192963,30.076201,1.269345,-0.001220,0.000573,0.425285,-0.905059
97.100000,-15.147549,30.113300,1.269455,-0.000707,0.000336,0.429357,-0.903134
97.116667,-15.102143,30.150149,1.269540,-0.000181,0.000087,0.433506,-0.901151
97.133333,-15.056298,30.186186,1.269509,0.000362,-0.000176,0.437736,-0.899103
97.150000,-15.010301,30.222026,1.269446,0.000883,-0.000435,0.441752,-0.897137
97.166667,-14.963993,30.257191,1.269286,0.001457,-0.000726,0.446122,-0.894971
97.183333,-14.917425,30.292008,1.269070,0.001970,-0.000993,0.449992,-0.893030
97.200000,-14.870658,30.326280,1.268780,0.002566,-0.001309,0.454434,-0.890776
97.216667,-14.823539,30.360061,1.268408,0.003088,-0.001592,0.458290,-0.888796
97.233333,-14.776334,30.393437,1.267984,0.003679,-0.001920,0.462610,-0.886552
97.250000,-14.728689,30.426178,1.267453,0.004224,-0.002228,0.466571,-0.884471
97.266667,-14.681063,30.458651,1.266893,0.004804,-0.002563,0.470742,-0.882254
97.283333,-14.632917,30.490345,1.266201,0.005371,-0.002898,0.474792,-0.880077
97.300000,-14.584826,30.521815,1.265488,0.005938,-0.003239,0.478807,-0.877894
97.316667,-14.536412,30.552470,1.264651,0.006525,-0.003599,0.482935,-0.875624
97.333333,-14.487862,30.582904,1.263776,0.007078,-0.003945,0.486790,-0.873481
97.350000,-14.439082,30.612643,1.262798,0.007682,-0.004330,0.490982,-0.871125
97.366667,-14.390096,30.642037,1.261761,0.008219,-0.004678,0.494672,-0.869028
97.383333,-14.340969,30.670860,1.260642,0.008826,-0.005080,0.498831,-0.866640
97.400000,-14.291578,30.699220,1.259441,0.009356,-0.005438,0.502445,-0.864541
97.416667,-14.242128,30.727133,1.258180,0.009960,-0.005852,0.506533,-0.862143
97.433333,-14.192361,30.754470,1.256817,0.010497,-0.006227,0.510155,-0.859996
97.450000,-14.142610,30.781478,1.255414,0.011086,-0.006645,0.514093,-0.857637
97.466667,-14.092495,30.807797,1.253889,0.011632,-0.007040,0.517735,-0.855433
97.483333,-14.042460,30.833898,1.252344,0.012201,-0.007458,0.521507,-0.853127
97.500000,-13.992028,30.859213,1.250659,0.012754,-0.007872,0.525164,-0.850869
97.516667,-13.941700,30.884350,1.248960,0.013303,-0.008289,0.528777,-0.848616
97.533333,-13.891168,30.908671,1.247134,0.013861,-0.008720,0.532439,-0.846310
97.550000,-13.840562,30.932831,1.245279,0.014390,-0.009136,0.535891,-0.844115
97.566667,-13.789814,30.956273,1.243313,0.014951,-0.009583,0.539541,-0.841772
97.583333,-13.738956,30.979471,1.241302,0.015459,-0.009995,0.542834,-0.839638
97.600000,-13.688012,31.002045,1.239198,0.016012,-0.010449,0.546409,-0.837300
97.616667,-13.636930,31.024297,1.237034,0.016509,-0.010864,0.549600,-0.835194
97.633333,-13.585810,31.046017,1.234794,0.017050,-0.011322,0.553074,-0.832881
97.650000,-13.534531,31.067343,1.232481,0.017537,-0.011740,0.556194,-0.830784
97.666667,-13.483259,31.088224,1.230106,0.018064,-0.012200,0.559564,-0.828501
97.683333,-13.431809,31.108648,1.227647,0.018542,-0.012623,0.562610,-0.826418
97.700000,-13.380403,31.128705,1.225139,0.019056,-0.013084,0.565873,-0.824168
97.716667,-13.328806,31.148246,1.222537,0.019524,-0.013509,0.568843,-0.822103
97.733333,-13.277285,31.167490,1.219899,0.020023,-0.013969,0.572001,-0.819890
97.750000,-13.225564,31.186169,1.217157,0.020481,-0.014397,0.574895,-0.817844
97.766667,-13.173947,31.204617,1.214391,0.020966,-0.014855,0.577951,-0.815667
97.783333,-13.122125,31.222459,1.211513,0.021415,-0.015286,0.580787,-0.813630
97.800000,-13.070431,31.240130,1.208622,0.021882,-0.015740,0.583719,-0.811508
97.816667,-13.018530,31.257158,1.205611,0.022325,-0.016175,0.586501,-0.809479
97.833333,-12.966776,31.274069,1.202598,0.022773,-0.016621,0.589302,-0.807421
97.850000,-12.914815,31.290306,1.199458,0.023207,-0.017059,0.592023,-0.805406
97.866667,-12.863012,31.306452,1.196322,0.023637,-0.017497,0.594703,-0.803407
97.883333,-12.811187,31.321891,1.193072,0.024063,-0.017936,0.597365,-0.801408
97.900000,-12.759348,31.337281,1.189812,0.024476,-0.018367,0.599932,-0.799466
97.916667,-12.707512,31.352017,1.186449,0.024892,-0.018807,0.602531,-0.797485
97.933333,-12.655655,31.366678,1.183071,0.025289,-0.019230,0.604989,-0.795600
97.950000,-12.603822,31.380726,1.179596,0.025693,-0.019667,0.607506,-0.793656
97.966667,-12.551964,31.394679,1.176104,0.026076,-0.020084,0.609872,-0.791816
97.983333,-12.500145,31.408055,1.172521,0.026466,-0.020515,0.612296,-0.789919
98.000000,-12.448301,31.421321,1.168918,0.026837,-0.020928,0.614592,-0.788111
98.016667,-12.396511,31.434043,1.165230,0.027213,-0.021352,0.616926,-0.786260
98.033333,-12.344694,31.446647,1.161520,0.027572,-0.021761,0.619151,-0.784486
98.050000,-12.292945,31.458735,1.157730,0.027932,-0.022176,0.621395,-0.782685
98.066667,-12.241170,31.470700,1.153917,0.028277,-0.022577,0.623542,-0.780952
98.083333,-12.189474,31.482174,1.150029,0.028620,-0.022981,0.625692,-0.779206
98.100000,-12.137753,31.493524,1.146117,0.028948,-0.023372,0.627760,-0.777517
98.116667,-12.086121,31.504403,1.142135,0.029272,-0.023763,0.629818,-0.775827
98.133333,-12.034466,31.515162,1.138131,0.029582,-0.024142,0.631813,-0.774180
98.150000,-11.982908,31.525470,1.134062,0.029886,-0.024518,0.633786,-0.772542
98.166667,-11.931331,31.535665,1.129971,0.030177,-0.024884,0.635710,-0.770936
98.183333,-11.879858,31.545425,1.125820,0.030460,-0.025244,0.637599,-0.769352
98.200000,-11.828368,31.555082,1.121651,0.030732,-0.025595,0.639449,-0.767792
98.216667,-11.776988,31.564306,1.117424,0.030995,-0.025939,0.641255,-0.766263
98.233333,-11.725594,31.573440,1.113181,0.031250,-0.026277,0.643041,-0.764742
98.250000,-11.674315,31.582147,1.108883,0.031494,-0.026605,0.644774,-0.763261
98.266667,-11.623025,31.590780,1.104573,0.031733,-0.026931,0.646504,-0.761775
98.283333,-11.571855,31.598994,1.100209,0.031961,-0.027246,0.648171,-0.760336
98.300000,-11.520677,31.607151,1.095835,0.032184,-0.027559,0.649842,-0.758887
98.316667,-11.469622,31.614884,1.091410,0.032397,-0.027862,0.651450,-0.757488
98.333333,-11.418563,31.622580,1.086978,0.032606,-0.028164,0.653062,-0.756078
98.350000,-11.367630,31.629845,1.082495,0.032808,-0.028457,0.654626,-0.754704
98.366667,-11.316695,31.637095,1.078009,0.033002,-0.028745,0.656173,-0.753340
98.383333,-11.265889,31.643908,1.073471,0.033192,-0.029030,0.657702,-0.751986
98.400000,-11.215084,31.650721,1.068934,0.033371,-0.029304,0.659186,-0.750668
98.416667,-11.164231,31.657128,1.064332,0.033551,-0.029582,0.660684,-0.749330
98.433333,-11.113558,31.663503,1.059745,0.033716,-0.029842,0.662104,-0.748058
98.450000,-11.062846,31.669508,1.055100,0.033886,-0.030113,0.663576,-0.746734
98.466667,-11.012310,31.675458,1.050466,0.034039,-0.030360,0.664936,-0.745507
98.483333,-10.961742,31.681073,1.045782,0.034199,-0.030623,0.666380,-0.744198
98.500000,-10.911349,31.686609,1.041105,0.034341,-0.030860,0.667691,-0.743005
98.516667,-10.860928,31.691845,1.036384,0.034491,-0.031114,0.669100,-0.741719
98.533333,-10.810681,31.696977,1.031667,0.034623,-0.031342,0.670372,-0.740554
98.550000,-10.760412,31.701847,1.026913,0.034764,-0.031588,0.671748,-0.739289
98.566667,-10.710315,31.706584,1.022159,0.034888,-0.031808,0.672982,-0.738151
98.583333,-10.660201,31.711100,1.017374,0.035020,-0.032046,0.674325,-0.736907
98.600000,-10.610258,31.715453,1.012586,0.035135,-0.032257,0.675523,-0.735795
98.616667,-10.560302,31.719626,1.007772,0.035259,-0.032487,0.676837,-0.734570
98.633333,-10.510516,31.723607,1.002952,0.035366,-0.032691,0.678001,-0.733482
98.650000,-10.460721,31.727448,0.998113,0.035481,-0.032914,0.679285,-0.732277
98.666667,-10.411096,31.731064,0.993263,0.035581,-0.033110,0.680417,-0.731212
98.683333,-10.361464,31.734583,0.988401,0.035689,-0.033326,0.681674,-0.730025
98.700000,-10.312002,31.737842,0.983524,0.035785,-0.033519,0.682801,-0.728957
98.716667,-10.262537,31.741047,0.978641,0.035883,-0.033724,0.684010,-0.727809
98.733333,-10.213241,31.743958,0.973740,0.035974,-0.033916,0.685144,-0.726728
98.750000,-10.163944,31.746860,0.968837,0.036063,-0.034109,0.686297,-0.725626
98.766667,-10.114817,31.749431,0.963913,0.036150,-0.034300,0.687439,-0.724530
98.783333,-10.065689,31.752002,0.958990,0.036231,-0.034481,0.688536,-0.723475
98.800000,-10.016551,31.754285,0.954031,0.036314,-0.034672,0.689689,-0.722363
98.816667,-9.967594,31.756522,0.949087,0.036387,-0.034842,0.690731,-0.721355
98.833333,-9.918631,31.758521,0.944115,0.036466,-0.035032,0.691898,-0.720222
98.850000,-9.869848,31.760430,0.939152,0.036531,-0.035191,0.692887,-0.719260
98.866667,-9.821060,31.762153,0.934168,0.036604,-0.035376,0.694043,-0.718131
98.883333,-9.772453,31.763740,0.929189,0.036664,-0.035530,0.695007,-0.717188
98.900000,-9.723843,31.765195,0.924195,0.036731,-0.035709,0.696147,-0.716069
98.916667,-9.675413,31.766466,0.919200,0.036787,-0.035861,0.697115,-0.715116
98.933333,-9.626982,31.767659,0.914197,0.036848,-0.036032,0.698216,-0.714030
98.950000,-9.578732,31.768620,0.909189,0.036902,-0.036185,0.699205,-0.713051
98.966667,-9.530481,31.769558,0.904179,0.036955,-0.036345,0.700248,-0.712016
98.983333,-9.482413,31.770214,0.899160,0.037006,-0.036499,0.701259,-0.711009
99.000000,-9.434344,31.770869,0.894141,0.037053,-0.036647,0.702244,-0.710027
99.016667,-9.386275,31.771261,0.889096,0.037102,-0.036803,0.703279,-0.708990
99.033333,-9.338389,31.771618,0.884066,0.037143,-0.036940,0.704206,-0.708060
99.050000,-9.290505,31.771773,0.879018,0.037188,-0.037097,0.705271,-0.706989
99.066667,-9.242804,31.771837,0.873980,0.037223,-0.037225,0.706141,-0.706111
99.083333,-9.195105,31.771760,0.868929,0.037264,-0.037380,0.707213,-0.705027
99.100000,-9.147591,31.771536,0.863885,0.037296,-0.037506,0.708093,-0.704136
99.116667,-9.100079,31.771232,0.858833,0.037331,-0.037651,0.709118,-0.703093
99.133333,-9.052753,31.770721,0.853782,0.037361,-0.037780,0.710032,-0.702162
99.150000,-9.005427,31.770193,0.848731,0.037391,-0.037915,0.710999,-0.701174
99.166667,-8.958291,31.769396,0.843676,0.037418,-0.038046,0.711948,-0.700202
99.183333,-8.911154,31.768599,0.838622,0.037443,-0.038170,0.712858,-0.699268
99.200000,-8.864025,31.767570,0.833548,0.037467,-0.038304,0.713845,-0.698251
99.216667,-8.817079,31.766496,0.828491,0.037487,-0.038418,0.714694,-0.697375
99.233333,-8.770139,31.765259,0.823421,0.037509,-0.038554,0.715719,-0.696314
99.250000,-8.723386,31.763912,0.818361,0.037525,-0.038662,0.716543,-0.695459
99.266667,-8.676637,31.762470,0.813295,0.037542,-0.038791,0.717532,-0.694431
99.283333,-8.630077,31.760851,0.808236,0.037556,-0.038902,0.718387,-0.693539
99.300000,-8.583519,31.759208,0.803174,0.037569,-0.039020,0.719314,-0.692570
99.316667,-8.537155,31.757320,0.798115,0.037580,-0.039134,0.720212,-0.691629
99.333333,-8.490790,31.755432,0.793057,0.037590,-0.039242,0.721079,-0.690719
99.350000,-8.444437,31.753323,0.787983,0.037598,-0.039359,0.722026,-0.689722
99.366667,-8.398269,31.751172,0.782926,0.037603,-0.039458,0.722836,-0.688867
99.383333,-8.352109,31.748875,0.777860,0.037608,-0.039577,0.723827,-0.687818
99.400000,-8.306138,31.746463,0.772806,0.037611,-0.039673,0.724635,-0.686961
99.416667,-8.260172,31.743980,0.767747,0.037612,-0.039785,0.725579,-0.685957
99.433333,-8.214400,31.741305,0.762698,0.037611,-0.039883,0.726426,-0.685054
99.450000,-8.168627,31.738630,0.757648,0.037609,-0.039984,0.727307,-0.684113
99.466667,-8.122873,31.735692,0.752583,0.037605,-0.040085,0.728206,-0.683151
99.483333,-8.077301,31.732756,0.747539,0.037601,-0.040177,0.729019,-0.682278
99.500000,-8.031742,31.729640,0.742485,0.037593,-0.040282,0.729970,-0.681255
99.516667,-7.986371,31.726447,0.737446,0.037586,-0.040369,0.730769,-0.680392
99.533333,-7.941008,31.723159,0.732403,0.037576,-0.040471,0.731713,-0.679372
99.550000,-7.895839,31.719715,0.727372,0.037565,-0.040556,0.732518,-0.678499
99.566667,-7.850671,31.716260,0.722340,0.037553,-0.040648,0.733392,-0.677550
99.583333,-7.805705,31.712567,0.717317,0.037539,-0.040737,0.734259,-0.676606
99.600000,-7.760739,31.708873,0.712294,0.037524,-0.040819,0.735063,-0.675728
99.616667,-7.715790,31.704990,0.707263,0.037506,-0.040912,0.735992,-0.674712
99.633333,-7.671028,31.701045,0.702249,0.037489,-0.040992,0.736793,-0.673832
99.650000,-7.626276,31.696999,0.697232,0.037467,-0.041082,0.737721,-0.672812
99.666667,-7.581721,31.692800,0.692228,0.037447,-0.041158,0.738524,-0.671927
99.683333,-7.537166,31.688595,0.687224,0.037424,-0.041240,0.739388,-0.670972
99.700000,-7.492817,31.684147,0.682231,0.037399,-0.041320,0.740251,-0.670016
99.716667,-7.448468,31.679700,0.677239,0.037376,-0.041394,0.741056,-0.669123
99.733333,-7.404138,31.675077,0.672241,0.037347,-0.041476,0.741972,-0.668104
99.750000,-7.359997,31.670383,0.667260,0.037320,-0.041546,0.742774,-0.667209
99.766667,-7.315865,31.665610,0.662278,0.037288,-0.041626,0.743682,-0.666194
99.783333,-7.271932,31.660670,0.657310,0.037259,-0.041694,0.744485,-0.665294
99.800000,-7.228000,31.655730,0.652342,0.037227,-0.041764,0.745318,-0.664358
99.816667,-7.184097,31.650544,0.647369,0.037192,-0.041836,0.746193,-0.663372
99.833333,-7.140375,31.645357,0.642415,0.037159,-0.041901,0.747001,-0.662460
99.850000,-7.096671,31.640029,0.637458,0.037120,-0.041972,0.747901,-0.661441
99.866667,-7.053160,31.634598,0.632519,0.037084,-0.042035,0.748712,-0.660521
99.883333,-7.009654,31.629130,0.627580,0.037043,-0.042102,0.749591,-0.659522
99.900000,-6.966356,31.623454,0.622656,0.037003,-0.042164,0.750424,-0.658572
99.916667,-6.923058,31.617778,0.617733,0.036963,-0.042224,0.751241,-0.657639
99.933333,-6.879787,31.611904,0.612806,0.036917,-0.042288,0.752135,-0.656614
99.950000,-6.836703,31.605981,0.607900,0.036874,-0.042345,0.752956,-0.655672
99.966667,-6.793631,31.599973,0.602992,0.036826,-0.042406,0.753845,-0.654648
99.983333,-6.750762,31.593805,0.598102,0.036779,-0.042461,0.754670,-0.653695
100.000000,-6.707893,31.587637,0.593213,0.036732,-0.042515,0.755499,-0.652736
100.016667,-6.665060,31.581227,0.588321,0.036679,-0.042571,0.756386,-0.651707
100.033333,-6.622407,31.574814,0.583450,0.036629,-0.042623,0.757218,-0.650740
100.050000,-6.579774,31.568277,0.578578,0.036574,-0.042676,0.758104,-0.649707
100.066667,-6.537339,31.561617,0.573726,0.036521,-0.042725,0.758942,-0.648728
100.083333,-6.494905,31.554955,0.568874,0.036465,-0.042775,0.759800,-0.647722
100.100000,-6.452689,31.548049,0.564042,0.036407,-0.042822,0.760669,-0.646702
100.116667,-6.410474,31.541142,0.559210,0.036349,-0.042868,0.761516,-0.645704
100.133333,-6.368284,31.534082,0.554378,0.036287,-0.042915,0.762400,-0.644661
100.150000,-6.326290,31.526926,0.549567,0.036226,-0.042958,0.763252,-0.643652
100.166667,-6.284300,31.519747,0.544756,0.036163,-0.043002,0.764131,-0.642610
100.183333,-6.242528,31.512343,0.539967,0.036099,-0.043042,0.764989,-0.641588
100.200000,-6.200756,31.504939,0.535177,0.036034,-0.043082,0.765849,-0.640562
100.216667,-6.159014,31.497364,0.530389,0.035966,-0.043121,0.766731,-0.639508
100.233333,-6.117466,31.489711,0.525623,0.035897,-0.043158,0.767599,-0.638467
100.250000,-6.075924,31.482024,0.520856,0.035827,-0.043194,0.768476,-0.637413
100.266667,-6.034601,31.474121,0.516113,0.035755,-0.043228,0.769353,-0.636356
100.283333,-5.993278,31.466218,0.511370,0.035683,-0.043262,0.770231,-0.635295
100.300000,-5.951990,31.458135,0.506630,0.035608,-0.043293,0.771114,-0.634225
100.316667,-5.910895,31.449978,0.501911,0.035531,-0.043324,0.772001,-0.633147
100.333333,-5.869806,31.441787,0.497193,0.035455,-0.043353,0.772879,-0.632077
100.350000,-5.828941,31.433376,0.492500,0.035375,-0.043380,0.773778,-0.630979
100.366667,-5.788075,31.424964,0.487807,0.035294,-0.043407,0.774678,-0.629876
100.383333,-5.747245,31.416378,0.483118,0.035212,-0.043432,0.775566,-0.628786
100.400000,-5.706610,31.407711,0.478451,0.035127,-0.043456,0.776478,-0.627662
100.416667,-5.665979,31.399023,0.473785,0.035044,-0.043478,0.777366,-0.626564
100.433333,-5.625578,31.390095,0.469146,0.034955,-0.043498,0.778287,-0.625424
100.450000,-5.585177,31.381168,0.464506,0.034865,-0.043518,0.779212,-0.624275
100.466667,-5.544811,31.372080,0.459872,0.034777,-0.043535,0.780103,-0.623164
100.483333,-5.504646,31.362888,0.455261,0.034683,-0.043552,0.781041,-0.621994
100.500000,-5.464482,31.353696,0.450650,0.034590,-0.043567,0.781963,-0.620837
100.516667,-5.424385,31.344207,0.446049,0.034495,-0.043579,0.782878,-0.619687
100.533333,-5.384458,31.334751,0.441467,0.034396,-0.043591,0.783830,-0.618488
100.550000,-5.344561,31.325166,0.436890,0.034302,-0.043601,0.784726,-0.617355
100.566667,-5.304875,31.315444,0.432339,0.034198,-0.043609,0.785691,-0.616132
100.583333,-5.265188,31.305722,0.427788,0.034094,-0.043617,0.786657,-0.614904
100.600000,-5.225566,31.295734,0.423247,0.033994,-0.043621,0.787563,-0.613748
100.616667,-5.186124,31.285739,0.418728,0.033885,-0.043625,0.788543,-0.612493
100.633333,-5.146702,31.275659,0.414212,0.033784,-0.043627,0.789443,-0.611339
100.650000,-5.107506,31.265389,0.409725,0.033671,-0.043627,0.790441,-0.610054
100.666667,-5.068309,31.255118,0.405238,0.033556,-0.043625,0.791441,-0.608763
100.683333,-5.029169,31.244632,0.400761,0.033450,-0.043622,0.792354,-0.607581
100.700000,-4.990222,31.234084,0.396308,0.033330,-0.043616,0.793371,-0.606258
100.716667,-4.951281,31.223515,0.391856,0.033217,-0.043610,0.794324,-0.605016
100.733333,-4.912586,31.212684,0.387438,0.033097,-0.043601,0.795314,-0.603721
100.750000,-4.873891,31.201853,0.383020,0.032972,-0.043590,0.796350,-0.602362
100.766667,-4.835239,31.190871,0.378610,0.032859,-0.043578,0.797270,-0.601150
100.783333,-4.796801,31.179750,0.374229,0.032727,-0.043563,0.798326,-0.599756
100.800000,-4.758364,31.168629,0.369847,0.032597,-0.043546,0.799366,-0.598377
100.816667,-4.720007,31.157227,0.365481,0.032477,-0.043528,0.800315,-0.597115
100.833333,-4.681830,31.145813,0.361137,0.032339,-0.043507,0.801391,-0.595679
100.850000,-4.643672,31.134335,0.356797,0.032215,-0.043486,0.802350,-0.594395
100.866667,-4.605759,31.122625,0.352492,0.032076,-0.043460,0.803414,-0.592965
100.883333,-4.567845,31.110914,0.348187,0.031931,-0.043432,0.804512,-0.591485
100.900000,-4.529990,31.099014,0.343893,0.031806,-0.043405,0.805453,-0.590212
100.916667,-4.492346,31.087001,0.339629,0.031655,-0.043372,0.806576,-0.588687
100.933333,-4.454701,31.074989,0.335364,0.031510,-0.043338,0.807649,-0.587223
100.950000,-4.417157,31.062657,0.331120,0.031372,-0.043303,0.808658,-0.585843
100.966667,-4.379787,31.050334,0.326898,0.031213,-0.043262,0.809807,-0.584266
100.983333,-4.342441,31.037933,0.322680,0.031074,-0.043225,0.810809,-0.582885
101.000000,-4.305351,31.025290,0.318501,0.030916,-0.043180,0.811934,-0.581329
101.016667,-4.268260,31.012646,0.314322,0.030750,-0.043131,0.813109,-0.579697
101.033333,-4.231236,30.999806,0.310157,0.030612,-0.043089,0.814075,-0.578349
101.050000,-4.194430,30.986840,0.306023,0.030438,-0.043033,0.815278,-0.576666
101.066667,-4.157624,30.973874,0.301890,0.030272,-0.042978,0.816421,-0.575059
101.083333,-4.120930,30.960589,0.297780,0.030120,-0.042926,0.817463,-0.573589
101.100000,-4.084414,30.947294,0.293693,0.029938,-0.042861,0.818694,-0.571845
101.116667,-4.047916,30.933950,0.289610,0.029778,-0.042803,0.819772,-0.570312
101.133333,-4.011698,30.920315,0.285572,0.029603,-0.042736,0.820929,-0.568658
101.150000,-3.975480,30.906679,0.281534,0.029413,-0.042662,0.822191,-0.566848
101.166667,-3.939325,30.892879,0.277510,0.029259,-0.042600,0.823204,-0.565389
101.183333,-3.903412,30.878895,0.273523,0.029062,-0.042519,0.824481,-0.563542
101.200000,-3.867500,30.864912,0.269535,0.028868,-0.042437,0.825738,-0.561715
101.216667,-3.831696,30.850647,0.265573,0.028704,-0.042365,0.826786,-0.560185
101.233333,-3.796096,30.836308,0.261639,0.028495,-0.042271,0.828115,-0.558236
101.250000,-3.760496,30.821970,0.257705,0.028306,-0.042184,0.829315,-0.556467
101.266667,-3.725056,30.807230,0.253807,0.028120,-0.042097,0.830476,-0.554750
101.283333,-3.689778,30.792526,0.249928,0.027901,-0.041991,0.831841,-0.552720
101.300000,-3.654533,30.777739,0.246057,0.027716,-0.041900,0.832987,-0.551008
101.316667,-3.619586,30.762658,0.242236,0.027508,-0.041794,0.834264,-0.549090
101.333333,-3.584638,30.747577,0.238415,0.027278,-0.041676,0.835669,-0.546970
101.350000,-3.549773,30.732305,0.234612,0.027098,-0.041580,0.836762,-0.545313
101.366667,-3.515167,30.716837,0.230852,0.026865,-0.041455,0.838158,-0.543185
101.383333,-3.480561,30.701368,0.227091,0.026635,-0.041327,0.839540,-0.541068
101.400000,-3.446089,30.685598,0.223361,0.026445,-0.041220,0.840664,-0.539338
101.416667,-3.411836,30.669729,0.219663,0.026193,-0.041075,0.842153,-0.537034
101.433333,-3.377583,30.653861,0.215966,0.025965,-0.040940,0.843492,-0.534950
101.450000,-3.343520,30.637580,0.212312,0.025753,-0.040813,0.844724,-0.533022
101.466667,-3.309632,30.621300,0.208680,0.025488,-0.040651,0.846257,-0.530610
101.483333,-3.275759,30.604991,0.205052,0.025263,-0.040510,0.847555,-0.528556
101.500000,-3.242250,30.588287,0.201490,0.025028,-0.040360,0.848898,-0.526418
101.516667,-3.208741,30.571584,0.197928,0.024750,-0.040179,0.850479,-0.523889
101.533333,-3.175294,30.554755,0.194381,0.024527,-0.040031,0.851737,-0.521861
101.550000,-3.142179,30.537613,0.190892,0.024268,-0.039855,0.853193,-0.519504
101.566667,-3.109064,30.520472,0.187403,0.023980,-0.039657,0.854798,-0.516888
101.583333,-3.076064,30.503107,0.183940,0.023757,-0.039500,0.856038,-0.514854
101.600000,-3.043359,30.485512,0.180528,0.023474,-0.039298,0.857600,-0.512275
101.616667,-3.010655,30.467917,0.177115,0.023188,-0.039090,0.859172,-0.509664
101.633333,-2.978121,30.450004,0.173742,0.022956,-0.038918,0.860442,-0.507541
101.650000,-2.945844,30.431943,0.170410,0.022652,-0.038689,0.862099,-0.504753
101.666667,-2.913567,30.413882,0.167079,0.022371,-0.038473,0.863628,-0.502161
101.683333,-2.881518,30.395413,0.163798,0.022131,-0.038287,0.864923,-0.499952
101.700000,-2.849683,30.376880,0.160550,0.021812,-0.038035,0.866649,-0.496988
101.716667,-2.817848,30.358347,0.157301,0.021538,-0.037816,0.868126,-0.494432
101.733333,-2.786297,30.339324,0.154115,0.021285,-0.037611,0.869482,-0.492071
101.750000,-2.754917,30.320315,0.150951,0.020962,-0.037345,0.871215,-0.489030
101.766667,-2.723541,30.301300,0.147788,0.020698,-0.037124,0.872631,-0.486526
101.783333,-2.692629,30.281817,0.144710,0.020436,-0.036901,0.874034,-0.484031
101.800000,-2.661717,30.262333,0.141632,0.020111,-0.036622,0.875768,-0.480920
101.816667,-2.630848,30.242780,0.138563,0.019856,-0.036400,0.877123,-0.478472
101.833333,-2.600413,30.222826,0.135572,0.019585,-0.036160,0.878565,-0.475850
101.850000,-2.569978,30.202873,0.132581,0.019260,-0.035868,0.880293,-0.472680
101.866667,-2.539626,30.182792,0.129607,0.019015,-0.035645,0.881593,-0.470278
101.883333,-2.509680,30.162369,0.126704,0.018737,-0.035389,0.883065,-0.467539
101.900000,-2.479734,30.141947,0.123801,0.018420,-0.035093,0.884737,-0.464403
101.916667,-2.449910,30.121346,0.120923,0.018175,-0.034860,0.886032,-0.461954
101.933333,-2.420467,30.100455,0.118109,0.017892,-0.034587,0.887528,-0.459106
101.950000,-2.391025,30.079564,0.115296,0.017584,-0.034287,0.889150,-0.455991
101.966667,-2.361738,30.058453,0.112514,0.017339,-0.034044,0.890439,-0.453496
101.983333,-2.332807,30.037101,0.109791,0.017051,-0.033756,0.891951,-0.450547
102.000000,-2.303877,30.015750,0.107068,0.016751,-0.033451,0.893526,-0.447451
102.016667,-2.275135,29.994142,0.104382,0.016507,-0.033199,0.894805,-0.444914
102.033333,-2.246729,29.972332,0.101750,0.016217,-0.032896,0.896324,-0.441881
102.050000,-2.218322,29.950523,0.099118,0.015925,-0.032586,0.897851,-0.438803
102.066667,-2.190136,29.928429,0.096529,0.015683,-0.032324,0.899120,-0.436224
102.083333,-2.162266,29.906166,0.093989,0.015392,-0.032007,0.900639,-0.433113
102.100000,-2.134396,29.883904,0.091449,0.015108,-0.031693,0.902125,-0.430044
102.116667,-2.106770,29.861336,0.088956,0.014867,-0.031422,0.903382,-0.427426
102.133333,-2.079445,29.838630,0.086509,0.014578,-0.031093,0.904892,-0.424253
102.150000,-2.052120,29.815923,0.084063,0.014301,-0.030773,0.906338,-0.421189
102.166667,-2.025061,29.792898,0.081666,0.014063,-0.030494,0.907579,-0.418537
102.183333,-1.998293,29.769754,0.079312,0.013776,-0.030154,0.909072,-0.415318
102.200000,-1.971524,29.746609,0.076959,0.013506,-0.029828,0.910481,-0.412253
102.216667,-1.945037,29.723141,0.074658,0.013271,-0.029541,0.911706,-0.409566
102.233333,-1.918835,29.699567,0.072398,0.012988,-0.029191,0.913176,-0.406310
102.250000,-1.892632,29.675994,0.070139,0.012724,-0.028859,0.914552,-0.403236
102.266667,-1.866721,29.652098,0.067933,0.012493,-0.028564,0.915759,-0.400518
102.283333,-1.841094,29.628104,0.065768,0.012217,-0.028207,0.917198,-0.397244
102.300000,-1.815466,29.604111,0.063603,0.011959,-0.027869,0.918543,-0.394157
102.316667,-1.790134,29.579803,0.061491,0.011732,-0.027567,0.919727,-0.391413
102.333333,-1.765091,29.555399,0.059421,0.011463,-0.027204,0.921129,-0.388136
102.350000,-1.740047,29.530996,0.057350,0.011211,-0.026859,0.922447,-0.385025
102.366667,-1.715296,29.506293,0.055332,0.010988,-0.026549,0.923610,-0.382256
102.383333,-1.690842,29.481492,0.053356,0.010728,-0.026184,0.924968,-0.378991
102.400000,-1.666388,29.456690,0.051380,0.010481,-0.025830,0.926260,-0.375852
102.416667,-1.642219,29.431610,0.049454,0.010264,-0.025515,0.927398,-0.373063
102.433333,-1.618364,29.406421,0.047572,0.010014,-0.025148,0.928706,-0.369829
102.450000,-1.594509,29.381232,0.045691,0.009772,-0.024787,0.929976,-0.366652
102.466667,-1.570921,29.355792,0.043856,0.009561,-0.024466,0.931089,-0.363846
102.483333,-1.547670,29.330228,0.042069,0.009323,-0.024100,0.932341,-0.360654
102.500000,-1.524420,29.304664,0.040282,0.009085,-0.023730,0.933593,-0.357432
102.516667,-1.501411,29.278882,0.038536,0.008879,-0.023404,0.934679,-0.354612
102.533333,-1.478769,29.252957,0.036843,0.008654,-0.023042,0.935870,-0.351483
102.550000,-1.456127,29.227032,0.035150,0.008421,-0.022662,0.937105,-0.348210
102.566667,-1.433696,29.200925,0.033492,0.008222,-0.022333,0.938161,-0.345381
102.583333,-1.411669,29.174651,0.031893,0.008010,-0.021976,0.939287,-0.342333
102.600000,-1.389641,29.148378,0.030293,0.007781,-0.021586,0.940506,-0.339001
102.616667,-1.367783,29.121964,0.028721,0.007589,-0.021254,0.941532,-0.336168
102.633333,-1.346373,29.095357,0.027214,0.007391,-0.020906,0.942590,-0.333216
102.650000,-1.324962,29.068751,0.025707,0.007166,-0.020505,0.943795,-0.329817
102.666667,-1.303671,29.042048,0.024220,0.006981,-0.020171,0.944788,-0.326986
102.683333,-1.282879,29.015124,0.022804,0.006798,-0.019834,0.945775,-0.324146
102.700000,-1.262086,28.988199,0.021389,0.006576,-0.019421,0.946970,-0.320668
102.716667,-1.241357,28.961226,0.019984,0.006399,-0.019085,0.947930,-0.317842
102.733333,-1.221185,28.933999,0.018659,0.006223,-0.018746,0.948884,-0.315006
102.750000,-1.201012,28.906771,0.017335,0.006013,-0.018336,0.950029,-0.311566
102.766667,-1.180840,28.879544,0.016010,0.005844,-0.017999,0.950956,-0.308747
102.783333,-1.161208,28.851920,0.014770,0.005676,-0.017660,0.951877,-0.305919
102.800000,-1.141655,28.824405,0.013535,0.005477,-0.017253,0.952971,-0.302519
102.816667,-1.122103,28.796889,0.012299,0.005315,-0.016917,0.953865,-0.299712
102.833333,-1.103023,28.769042,0.011137,0.005155,-0.016578,0.954752,-0.296895
102.850000,-1.084090,28.741255,0.009989,0.004968,-0.016175,0.955796,-0.293542
102.866667,-1.065157,28.713468,0.008842,0.004814,-0.015839,0.956658,-0.290743
102.883333,-1.046620,28.685414,0.007755,0.004662,-0.015502,0.957511,-0.287941
102.900000,-1.028305,28.657370,0.006694,0.004492,-0.015118,0.958469,-0.284761
102.916667,-1.009989,28.629327,0.005633,0.004339,-0.014769,0.959332,-0.281859
102.933333,-0.991986,28.601082,0.004619,0.004195,-0.014434,0.960151,-0.279077
102.950000,-0.974284,28.572799,0.003643,0.004043,-0.014072,0.961022,-0.276083
102.966667,-0.956583,28.544515,0.002667,0.003892,-0.013710,0.961888,-0.273073
102.983333,-0.939102,28.516096,0.001723,0.003756,-0.013378,0.962672,-0.270315
103.000000,-0.922011,28.487588,0.000831,0.003621,-0.013040,0.963457,-0.267521
103.016667,-0.904920,28.459081,-0.000062,0.003472,-0.012664,0.964325,-0.264394
103.033333,-0.887951,28.430501,-0.000938,0.003344,-0.012335,0.965075,-0.261661
103.050000,-0.871464,28.401786,-0.001750,0.003218,-0.012004,0.965819,-0.258921
103.066667,-0.854978,28.373071,-0.002562,0.003078,-0.011631,0.966650,-0.255819
103.083333,-0.838508,28.344347,-0.003371,0.002958,-0.011307,0.967365,-0.253117
103.100000,-0.822622,28.315439,-0.004104,0.002840,-0.010981,0.968074,-0.250407
103.116667,-0.806736,28.286531,-0.004837,0.002710,-0.010615,0.968861,-0.247364
103.133333,-0.790849,28.257623,-0.005570,0.002599,-0.010296,0.969542,-0.244694
103.150000,-0.775403,28.228476,-0.006242,0.002488,-0.009975,0.970218,-0.242017
103.166667,-0.760110,28.199391,-0.006898,0.002368,-0.009618,0.970961,-0.239032
103.183333,-0.744817,28.170306,-0.007554,0.002264,-0.009305,0.971609,-0.236398
103.200000,-0.729845,28.141055,-0.008166,0.002162,-0.008990,0.972251,-0.233756
103.216667,-0.715137,28.111808,-0.008748,0.002056,-0.008661,0.972915,-0.230991
103.233333,-0.700428,28.082562,-0.009329,0.001954,-0.008334,0.973569,-0.228235
103.250000,-0.685919,28.053217,-0.009884,0.001859,-0.008026,0.974178,-0.225632
103.266667,-0.671789,28.023823,-0.010393,0.001766,-0.007717,0.974781,-0.223023
103.283333,-0.657659,27.994428,-0.010903,0.001667,-0.007386,0.975423,-0.220211
103.300000,-0.643600,27.965001,-0.011403,0.001580,-0.007085,0.976000,-0.217649
103.316667,-0.630037,27.935475,-0.011842,0.001494,-0.006783,0.976572,-0.215081
103.333333,-0.616474,27.905948,-0.012282,0.001404,-0.006461,0.977175,-0.212333
103.350000,-0.602912,27.876422,-0.012721,0.001324,-0.006169,0.977720,-0.209817
103.366667,-0.589798,27.846693,-0.013103,0.001245,-0.005875,0.978260,-0.207294
103.383333,-0.576793,27.817049,-0.013475,0.001163,-0.005563,0.978827,-0.204609
103.400000,-0.563789,27.787404,-0.013848,0.001089,-0.005278,0.979343,-0.202136
103.416667,-0.551094,27.757626,-0.014181,0.001017,-0.004993,0.979853,-0.199656
103.433333,-0.538638,27.727876,-0.014488,0.000946,-0.004702,0.980365,-0.197134
103.450000,-0.526183,27.698126,-0.014796,0.000876,-0.004414,0.980872,-0.194602
103.466667,-0.513894,27.668308,-0.015083,0.000810,-0.004138,0.981353,-0.192169
103.483333,-0.501976,27.638466,-0.015329,0.000746,-0.003860,0.981829,-0.189729
103.500000,-0.490059,27.608624,-0.015574,0.000682,-0.003578,0.982311,-0.187223
103.516667,-0.478164,27.578773,-0.015817,0.000623,-0.003311,0.982763,-0.184840
103.533333,-0.466773,27.548851,-0.016003,0.000565,-0.003043,0.983210,-0.182451
103.550000,-0.455382,27.518929,-0.016190,0.000507,-0.002771,0.983661,-0.180008
103.566667,-0.443991,27.489008,-0.016376,0.000454,-0.002514,0.984086,-0.177676
103.583333,-0.432952,27.458955,-0.016521,0.000402,-0.002257,0.984506,-0.175337
103.600000,-0.422075,27.428966,-0.016650,0.000350,-0.001994,0.984928,-0.172956
103.616667,-0.411199,27.398977,-0.016780,0.000303,-0.001748,0.985326,-0.170674
103.633333,-0.400521,27.368917,-0.016887,0.000256,-0.001501,0.985720,-0.168387
103.650000,-0.390148,27.338872,-0.016963,0.000211,-0.001253,0.986109,-0.166093
103.666667,-0.379775,27.308826,-0.017039,0.000168,-0.001012,0.986489,-0.163827
103.683333,-0.369447,27.278765,-0.017109,0.000127,-0.000775,0.986857,-0.161592
103.700000,-0.359565,27.248674,-0.017134,0.000087,-0.000538,0.987222,-0.159352
103.716667,-0.349683,27.218583,-0.017159,0.000049,-0.000307,0.987575,-0.157146
103.733333,-0.339802,27.188492,-0.017184,0.000013,-0.000082,0.987920,-0.154966
103.750000,-0.330257,27.158293,-0.017172,-0.000022,0.000143,0.988260,-0.152781
103.766667,-0.320853,27.128166,-0.017149,-0.000056,0.000365,0.988590,-0.150634
103.783333,-0.311449,27.098040,-0.017126,-0.000087,0.000578,0.988911,-0.148509
103.800000,-0.302222,27.067860,-0.017084,-0.000117,0.000792,0.989228,-0.146380
103.816667,-0.293283,27.037708,-0.017015,-0.000147,0.001006,0.989542,-0.144245
103.833333,-0.284344,27.007556,-0.016947,-0.000173,0.001206,0.989835,-0.142213
103.850000,-0.275424,26.977399,-0.016876,-0.000199,0.001407,0.990131,-0.140138
103.866667,-0.266938,26.947230,-0.016766,-0.000224,0.001610,0.990423,-0.138059
103.883333,-0.258452,26.917062,-0.016655,-0.000247,0.001799,0.990696,-0.136082
103.900000,-0.249965,26.886893,-0.016544,-0.000269,0.001989,0.990971,-0.134063
103.916667,-0.241754,26.856649,-0.016406,-0.000290,0.002178,0.991242,-0.132039
103.933333,-0.233707,26.826473,-0.016256,-0.000310,0.002365,0.991506,-0.130043
103.950000,-0.225660,26.796296,-0.016106,-0.000328,0.002535,0.991751,-0.128150
103.966667,-0.217726,26.766090,-0.015946,-0.000345,0.002712,0.992003,-0.126185
103.983333,-0.210105,26.735914,-0.015759,-0.000362,0.002889,0.992251,-0.124215
104.000000,-0.202483,26.705737,-0.015573,-0.000376,0.003047,0.992476,-0.122403
104.016667,-0.194862,26.675560,-0.015386,-0.000390,0.003210,0.992709,-0.120495
104.033333,-0.187584,26.645300,-0.015169,-0.000403,0.003374,0.992938,-0.118584
104.050000,-0.180375,26.615130,-0.014950,-0.000414,0.003523,0.993147,-0.116822
104.066667,-0.173167,26.584961,-0.014730,-0.000425,0.003673,0.993362,-0.114973
104.083333,-0.166137,26.554750,-0.014495,-0.000435,0.003822,0.993574,-0.113120
104.100000,-0.159327,26.524595,-0.014245,-0.000445,0.003972,0.993783,-0.111262
104.116667,-0.152517,26.494440,-0.013995,-0.000452,0.004099,0.993966,-0.109611
104.133333,-0.145727,26.464280,-0.013744,-0.000459,0.004234,0.994162,-0.107817
104.150000,-0.139302,26.434146,-0.013467,-0.000466,0.004369,0.994354,-0.106020
104.166667,-0.132877,26.404011,-0.013190,-0.000471,0.004488,0.994523,-0.104416
104.183333,-0.126453,26.373876,-0.012913,-0.000476,0.004608,0.994703,-0.102682
104.200000,-0.120246,26.343697,-0.012621,-0.000480,0.004728,0.994881,-0.100944
104.216667,-0.114192,26.313588,-0.012320,-0.000483,0.004847,0.995052,-0.099237
104.233333,-0.108138,26.283480,-0.012019,-0.000485,0.004944,0.995203,-0.097710
104.250000,-0.102145,26.253360,-0.011715,-0.000487,0.005049,0.995365,-0.096034
104.266667,-0.096449,26.223284,-0.011394,-0.000488,0.005154,0.995525,-0.094355
104.283333,-0.090752,26.193208,-0.011072,-0.000489,0.005240,0.995661,-0.092902
104.300000,-0.085056,26.163132,-0.010751,-0.000489,0.005329,0.995810,-0.091288
104.316667,-0.079595,26.133012,-0.010417,-0.000488,0.005418,0.995957,-0.089671
104.333333,-0.074242,26.102973,-0.010079,-0.000487,0.005501,0.996092,-0.088152
104.350000,-0.068889,26.072933,-0.009741,-0.000485,0.005569,0.996218,-0.086707
104.366667,-0.063616,26.042880,-0.009399,-0.000482,0.005641,0.996352,-0.085154
104.383333,-0.058592,26.012881,-0.009047,-0.000479,0.005713,0.996483,-0.083598
104.400000,-0.053567,25.982883,-0.008695,-0.000476,0.005767,0.996591,-0.082292
104.416667,-0.048543,25.952885,-0.008344,-0.000472,0.005821,0.996713,-0.080803
104.433333,-0.043752,25.922849,-0.007983,-0.000467,0.005875,0.996833,-0.079311
104.450000,-0.039042,25.892896,-0.007622,-0.000463,0.005923,0.996940,-0.077950
104.466667,-0.034332,25.862943,-0.007260,-0.000458,0.005958,0.997043,-0.076618
104.483333,-0.029705,25.832977,-0.006897,-0.000452,0.005993,0.997151,-0.075192
104.500000,-0.025295,25.803073,-0.006529,-0.000446,0.006028,0.997257,-0.073764
104.516667,-0.020885,25.773169,-0.006162,-0.000440,0.006049,0.997343,-0.072601
104.533333,-0.016475,25.743266,-0.005794,-0.000433,0.006064,0.997440,-0.071245
104.550000,-0.012280,25.713331,-0.005424,-0.000426,0.006079,0.997536,-0.069885
104.566667,-0.008155,25.683479,-0.005055,-0.000419,0.006091,0.997621,-0.068663
104.583333,-0.004029,25.653627,-0.004686,-0.000412,0.006087,0.997703,-0.067471
104.600000,0.000024,25.623766,-0.004317,-0.000403,0.006080,0.997789,-0.066184
104.616667,0.003880,25.593970,-0.003950,-0.000395,0.006074,0.997874,-0.064894
104.633333,0.007737,25.564173,-0.003583,-0.000388,0.006059,0.997939,-0.063874
104.650000,0.011594,25.534377,-0.003216,-0.000379,0.006030,0.998017,-0.062661
104.666667,0.015265,25.504557,-0.002853,-0.000369,0.006000,0.998092,-0.061445
104.683333,0.018869,25.474818,-0.002493,-0.000361,0.005971,0.998159,-0.060350
104.700000,0.022473,25.445080,-0.002133,-0.000352,0.005925,0.998221,-0.059319
104.716667,0.026024,25.415335,-0.001776,-0.000342,0.005870,0.998289,-0.058180
104.733333,0.029391,25.385656,-0.001428,-0.000332,0.005815,0.998355,-0.057039
104.750000,0.032759,25.355977,-0.001080,-0.000324,0.005763,0.998405,-0.056159
104.766667,0.036126,25.326299,-0.000732,-0.000314,0.005685,0.998466,-0.055080
104.783333,0.039348,25.296604,-0.000395,-0.000303,0.005607,0.998525,-0.053999
104.800000,0.042495,25.266987,-0.000064,-0.000294,0.005534,0.998579,-0.053005
104.816667,0.045643,25.237370,0.000267,-0.000284,0.005454,0.998627,-0.052095
104.833333,0.048761,25.207750,0.000595,-0.000274,0.005359,0.998682,-0.051035
104.850000,0.051695,25.178196,0.000905,-0.000263,0.005265,0.998737,-0.049973
104.866667,0.054629,25.148641,0.001216,-0.000255,0.005188,0.998778,-0.049153
104.883333,0.057562,25.119087,0.001526,-0.000245,0.005085,0.998831,-0.048075
104.900000,0.060372,25.089520,0.001824,-0.000234,0.004982,0.998883,-0.046994
104.916667,0.063085,25.060027,0.002113,-0.000225,0.004883,0.998931,-0.045962
104.933333,0.065798,25.030535,0.002402,-0.000216,0.004796,0.998972,-0.045065
104.950000,0.068509,25.001041,0.002691,-0.000206,0.004689,0.999023,-0.043951
104.966667,0.070995,24.971609,0.002958,-0.000196,0.004581,0.999072,-0.042836
104.983333,0.073480,24.942177,0.003225,-0.000189,0.004494,0.999111,-0.041928
105.000000,0.075966,24.912745,0.003491,-0.000179,0.004390,0.999156,-0.040850
105.016667,0.078355,24.883305,0.003749,-0.000170,0.004279,0.999202,-0.039708
105.033333,0.080610,24.853934,0.003993,-0.000161,0.004169,0.999247,-0.038569
105.050000,0.082865,24.824563,0.004237,-0.000154,0.004085,0.999280,-0.037708
105.066667,0.085119,24.795191,0.004482,-0.000145,0.003973,0.999324,-0.036553
105.083333,0.087184,24.765806,0.004707,-0.000137,0.003861,0.999366,-0.035397
105.100000,0.089206,24.736495,0.004929,-0.000130,0.003764,0.999401,-0.034402
105.116667,0.091227,24.707185,0.005150,-0.000122,0.003665,0.999436,-0.033385
105.133333,0.093195,24.677870,0.005366,-0.000115,0.003552,0.999474,-0.032226
105.150000,0.094985,24.648620,0.005565,-0.000107,0.003439,0.999511,-0.031065
105.166667,0.096774,24.619371,0.005764,-0.000101,0.003356,0.999538,-0.030224
105.183333,0.098564,24.590121,0.005962,-0.000094,0.003244,0.999572,-0.029075
105.200000,0.100211,24.560863,0.006147,-0.000087,0.003132,0.999605,-0.027924
105.216667,0.101771,24.531674,0.006323,-0.000081,0.003028,0.999634,-0.026865
105.233333,0.103331,24.502485,0.006499,-0.000076,0.002939,0.999659,-0.025963
105.250000,0.104889,24.473296,0.006675,-0.000070,0.002829,0.999688,-0.024836
105.266667,0.106226,24.444168,0.006829,-0.000064,0.002718,0.999715,-0.023707
105.283333,0.107562,24.415041,0.006983,-0.000060,0.002630,0.999736,-0.022819
105.300000,0.108899,24.385914,0.007138,-0.000055,0.002531,0.999759,-0.021815
105.316667,0.110154,24.356783,0.007284,-0.000050,0.002424,0.999782,-0.020722
105.333333,0.111275,24.327717,0.007416,-0.000045,0.002316,0.999805,-0.019630
105.350000,0.112395,24.298651,0.007549,-0.000042,0.002242,0.999819,-0.018881
105.366667,0.113515,24.269585,0.007682,-0.000038,0.002138,0.999839,-0.017833
105.383333,0.114484,24.240514,0.007799,-0.000034,0.002034,0.999857,-0.016784
105.400000,0.115398,24.211510,0.007911,-0.000031,0.001944,0.999872,-0.015873
105.416667,0.116313,24.182507,0.008024,-0.000028,0.001863,0.999885,-0.015051
105.433333,0.117208,24.153502,0.008134,-0.000025,0.001764,0.999900,-0.014057
105.450000,0.117928,24.124560,0.008227,-0.000022,0.001665,0.999913,-0.013062
105.466667,0.118648,24.095618,0.008320,-0.000020,0.001592,0.999923,-0.012326
105.483333,0.119367,24.066676,0.008412,-0.000017,0.001505,0.999933,-0.011455
105.500000,0.120007,24.037732,0.008497,-0.000015,0.001412,0.999944,-0.010520
105.516667,0.120545,24.008852,0.008572,-0.000013,0.001322,0.999953,-0.009617
105.533333,0.121083,23.979972,0.008646,-0.000011,0.001258,0.999959,-0.008985
105.550000,0.121621,23.951092,0.008721,-0.000010,0.001171,0.999966,-0.008117
105.566667,0.122027,23.922209,0.008782,-1.000000,-0.000000,-0.000000,-0.000000
105.583333,0.122397,23.893390,0.008840,-1.000000,-0.000000,-0.000000,-0.000000
105.600000,0.122766,23.864571,0.008898,-1.000000,-0.000000,-0.000000,-0.000000
105.616667,0.123118,23.835752,0.008954,-1.000000,-0.000000,-0.000000,-0.000000
105.633333,0.123333,23.806993,0.008996,-1.000000,-0.000000,-0.000000,-0.000000
105.650000,0.123548,23.778235,0.009038,-1.000000,-0.000000,-0.000000,-0.000000
105.666667,0.123764,23.749476,0.009080,-1.000000,-0.000000,-0.000000,-0.000000
105.683333,0.123918,23.720718,0.009116,-1.000000,-0.000000,-0.000000,-0.000000
105.700000,0.123993,23.692019,0.009144,-1.000000,-0.000000,-0.000000,-0.000000
105.716667,0.124068,23.663320,0.009172,-1.000000,-0.000000,-0.000000,-0.000000
105.733333,0.124143,23.634621,0.009200,-1.000000,-0.000000,-0.000000,-0.000000
105.750000,0.124124,23.605922,0.009218,-1.000000,-0.000000,-0.000000,-0.000000
105.766667,0.124073,23.577282,0.009233,-1.000000,-0.000000,-0.000000,-0.000000
105.783333,0.124022,23.548641,0.009249,-1.000000,-0.000000,-0.000000,-0.000000
105.800000,0.123965,23.520001,0.009263,-1.000000,-0.000000,-0.000000,-0.000000
105.816667,0.123802,23.491418,0.009267,-1.000000,-0.000000,-0.000000,-0.000000
105.833333,0.123638,23.462835,0.009270,-1.000000,-0.000000,-0.000000,-0.000000
105.850000,0.123475,23.434252,0.009274,-1.000000,-0.000000,-0.000000,-0.000000
105.866667,0.123276,23.405669,0.009274,-1.000000,-0.000000,-0.000000,-0.000000
105.883333,0.123012,23.377142,0.009267,-1.000000,-0.000000,-0.000000,-0.000000
105.900000,0.122749,23.348614,0.009260,-1.000000,-0.000000,-0.000000,-0.000000
105.916667,0.122486,23.320087,0.009254,-1.000000,-0.000000,-0.000000,-0.000000
105.933333,0.122165,23.291560,0.009241,-1.000000,-0.000000,-0.000000,-0.000000
105.950000,0.121814,23.263087,0.009225,-1.000000,-0.000000,-0.000000,-0.000000
105.966667,0.121463,23.234614,0.009210,-1.000000,-0.000000,-0.000000,-0.000000
105.983333,0.121112,23.206140,0.009194,-1.000000,-0.000000,-0.000000,-0.000000
106.000000,0.120689,23.177668,0.009170,-1.000000,-0.000000,-0.000000,-0.000000
106.016667,0.120262,23.149247,0.009147,-0.000003,-0.000415,0.999972,0.007482
106.033333,0.119834,23.120826,0.009123,-0.000003,-0.000446,0.999970,0.007784
106.050000,0.119393,23.092405,0.009098,-0.000004,-0.000484,0.999967,0.008140
106.066667,0.118899,23.064035,0.009067,-0.000004,-0.000521,0.999964,0.008496
106.083333,0.118405,23.035665,0.009036,-0.000005,-0.000545,0.999962,0.008726
106.100000,0.117911,23.007294,0.009005,-0.000005,-0.000575,0.999959,0.009011
106.116667,0.117390,22.978924,0.008972,-0.000006,-0.000608,0.999956,0.009318
106.133333,0.116839,22.950602,0.008935,-0.000006,-0.000638,0.999954,0.009601
106.150000,0.116288,22.922281,0.008898,-0.000006,-0.000658,0.999952,0.009790
106.166667,0.115737,22.893959,0.008861,-0.000007,-0.000686,0.999949,0.010052
106.183333,0.115150,22.865638,0.008820,-0.000007,-0.000714,0.999947,0.010314
106.200000,0.114551,22.837363,0.008778,-0.000008,-0.000737,0.999944,0.010528
106.216667,0.113952,22.809088,0.008736,-0.000008,-0.000756,0.999942,0.010704
106.233333,0.113353,22.780813,0.008694,-0.000009,-0.000780,0.999940,0.010927
106.250000,0.112713,22.752582,0.008648,-0.000009,-0.000804,0.999938,0.011150
106.266667,0.112074,22.724352,0.008601,-0.000009,-0.000821,0.999936,0.011308
106.283333,0.111434,22.696122,0.008555,-0.000010,-0.000839,0.999934,0.011470
106.300000,0.110785,22.667891,0.008507,-0.000010,-0.000859,0.999932,0.011657
106.316667,0.110111,22.639704,0.008457,-0.000010,-0.000880,0.999929,0.011844
106.333333,0.109438,22.611516,0.008407,-0.000011,-0.000893,0.999928,0.011958
106.350000,0.108764,22.583329,0.008357,-0.000011,-0.000909,0.999926,0.012102
106.366667,0.108075,22.555141,0.008305,-0.000011,-0.000926,0.999924,0.012257
106.383333,0.107374,22.526994,0.008251,-0.000012,-0.000941,0.999923,0.012396
106.400000,0.106672,22.498847,0.008198,-0.000012,-0.000952,0.999922,0.012488
106.416667,0.105970,22.470700,0.008144,-0.000012,-0.000966,0.999920,0.012613
106.433333,0.105251,22.442554,0.008089,-0.000012,-0.000981,0.999918,0.012738
106.450000,0.104527,22.414445,0.008033,-0.000013,-0.000992,0.999917,0.012838
106.466667,0.103803,22.386337,0.007977,-0.000013,-0.001002,0.999916,0.012917
106.483333,0.103080,22.358229,0.007921,-0.000013,-0.001013,0.999915,0.013017
106.500000,0.102337,22.330121,0.007863,-0.000013,-0.001025,0.999913,0.013117
106.516667,0.101596,22.302049,0.007805,-0.000014,-0.001034,0.999913,0.013185
106.533333,0.100855,22.273977,0.007746,-0.000014,-0.001042,0.999912,0.013252
106.550000,0.100110,22.245906,0.007688,-0.000014,-0.001051,0.999911,0.013330
106.566667,0.099355,22.217868,0.007628,-0.000014,-0.001061,0.999910,0.013407
106.583333,0.098600,22.189831,0.007568,-0.000014,-0.001066,0.999909,0.013452
106.600000,0.097846,22.161794,0.007508,-0.000014,-0.001073,0.999908,0.013505
106.616667,0.097086,22.133757,0.007448,-0.000015,-0.001081,0.999907,0.013563
106.633333,0.096321,22.105752,0.007387,-0.000015,-0.001088,0.999907,0.013615
106.650000,0.095557,22.077747,0.007326,-0.000015,-0.001092,0.999906,0.013647
106.666667,0.094792,22.049743,0.007264,-0.000015,-0.001097,0.999906,0.013685
106.683333,0.094023,22.021738,0.007203,-0.000015,-0.001103,0.999905,0.013725
106.700000,0.093252,21.993763,0.007140,-0.000015,-0.001108,0.999905,0.013756
106.716667,0.092480,21.965789,0.007078,-0.000015,-0.001111,0.999904,0.013777
106.733333,0.091709,21.937815,0.007016,-0.000015,-0.001115,0.999904,0.013801
106.750000,0.090935,21.909840,0.006953,-0.000015,-0.001119,0.999904,0.013824
106.766667,0.090160,21.881894,0.006891,-0.000016,-0.001122,0.999904,0.013839
106.783333,0.089386,21.853948,0.006828,-0.000016,-0.001124,0.999903,0.013850
106.800000,0.088611,21.826002,0.006765,-0.000016,-0.001127,0.999903,0.013860
106.816667,0.087835,21.798082,0.006702,-0.000016,-0.001130,0.999903,0.013870
106.833333,0.087060,21.770162,0.006638,-0.000016,-0.001131,0.999903,0.013873
106.850000,0.086284,21.742242,0.006575,-0.000016,-0.001132,0.999903,0.013873
106.866667,0.085509,21.714323,0.006512,-0.000016,-0.001134,0.999903,0.013870
106.883333,0.084734,21.686427,0.006448,-0.000016,-0.001135,0.999903,0.013867
106.900000,0.083960,21.658531,0.006385,-0.000016,-0.001136,0.999903,0.013862
106.916667,0.083186,21.630635,0.006321,-0.000016,-0.001136,0.999903,0.013851
106.933333,0.082413,21.602740,0.006258,-0.000016,-0.001136,0.999904,0.013838
106.950000,0.081641,21.574866,0.006195,-0.000016,-0.001136,0.999904,0.013825
106.966667,0.080870,21.546992,0.006131,-0.000016,-0.001136,0.999904,0.013812
106.983333,0.080099,21.519119,0.006068,-0.000016,-0.001136,0.999904,0.013791
107.000000,0.079331,21.491245,0.006004,-0.000016,-0.001135,0.999905,0.013769
107.016667,0.078565,21.463391,0.005941,-0.000016,-0.001134,0.999905,0.013749
107.033333,0.077798,21.435537,0.005878,-0.000016,-0.001133,0.999905,0.013730
107.050000,0.077032,21.407684,0.005815,-0.000016,-0.001132,0.999906,0.013700
107.066667,0.076271,21.379830,0.005752,-0.000015,-0.001130,0.999906,0.013670
107.083333,0.075510,21.351994,0.005689,-0.000015,-0.001129,0.999906,0.013645
107.100000,0.074750,21.324158,0.005626,-0.000015,-0.001127,0.999907,0.013618
107.116667,0.073990,21.296322,0.005563,-0.000015,-0.001125,0.999907,0.013580
107.133333,0.073237,21.268502,0.005500,-0.000015,-0.001123,0.999908,0.013543
107.150000,0.072485,21.240682,0.005438,-0.000015,-0.001121,0.999908,0.013515
107.166667,0.071732,21.212862,0.005375,-0.000015,-0.001119,0.999909,0.013479
107.183333,0.070982,21.185042,0.005313,-0.000015,-0.001116,0.999909,0.013435
107.200000,0.070237,21.157236,0.005251,-0.000015,-0.001113,0.999910,0.013393
107.216667,0.069493,21.129429,0.005189,-0.000015,-0.001111,0.999910,0.013362
107.233333,0.068749,21.101623,0.005128,-0.000015,-0.001107,0.999911,0.013318
107.250000,0.068009,21.073816,0.005066,-0.000015,-0.001104,0.999911,0.013269
107.266667,0.067274,21.046021,0.005005,-0.000015,-0.001101,0.999912,0.013225
107.283333,0.066539,21.018226,0.004944,-0.000014,-0.001098,0.999912,0.013191
107.300000,0.065804,20.990431,0.004882,-0.000014,-0.001094,0.999913,0.013139
107.316667,0.065077,20.962636,0.004822,-0.000014,-0.001090,0.999914,0.013086
107.333333,0.064352,20.934851,0.004761,-0.000014,-0.001087,0.999914,0.013041
107.350000,0.063627,20.907065,0.004701,-0.000014,-0.001084,0.999915,0.013002
107.366667,0.062902,20.879280,0.004641,-0.000014,-0.001079,0.999916,0.012944
107.383333,0.062187,20.851494,0.004581,-0.000014,-0.001075,0.999916,0.012886
107.400000,0.061474,20.823716,0.004521,-0.000014,-0.001072,0.999917,0.012841
107.416667,0.060760,20.795937,0.004462,-0.000014,-0.001068,0.999918,0.012795
107.433333,0.060047,20.768159,0.004402,-0.000014,-0.001063,0.999918,0.012733
107.450000,0.059345,20.740386,0.004344,-0.000013,-0.001058,0.999919,0.012672
107.466667,0.058643,20.712613,0.004285,-0.000013,-0.001055,0.999920,0.012628
107.483333,0.057940,20.684839,0.004226,-0.000013,-0.001050,0.999920,0.012575
107.500000,0.057242,20.657066,0.004168,-0.000013,-0.001045,0.999921,0.012511
107.516667,0.056552,20.629296,0.004110,-0.000013,-0.001040,0.999922,0.012449
107.533333,0.055861,20.601526,0.004053,-0.000013,-0.001037,0.999923,0.012406
107.550000,0.055171,20.573755,0.003995,-0.000013,-0.001032,0.999923,0.012346
107.566667,0.054487,20.545985,0.003938,-0.000013,-0.001026,0.999924,0.012280
107.583333,0.053809,20.518216,0.003881,-0.000012,-0.001021,0.999925,0.012220
107.600000,0.053131,20.490446,0.003824,-0.000012,-0.001018,0.999925,0.012176
107.616667,0.052453,20.462677,0.003768,-0.000012,-0.001012,0.999926,0.012110
107.633333,0.051784,20.434907,0.003712,-0.000012,-0.001007,0.999927,0.012042
107.650000,0.051118,20.407137,0.003656,-0.000012,-0.001002,0.999928,0.011985
107.666667,0.050453,20.379368,0.003600,-0.000012,-0.000998,0.999928,0.011937
107.683333,0.049788,20.351598,0.003545,-0.000012,-0.000992,0.999929,0.011866
107.700000,0.049134,20.323828,0.003490,-0.000012,-0.000986,0.999930,0.011796
107.716667,0.048482,20.296058,0.003436,-0.000012,-0.000981,0.999931,0.011741
107.733333,0.047829,20.268289,0.003381,-0.000011,-0.000977,0.999931,0.011688
107.750000,0.047178,20.240520,0.003327,-0.000011,-0.000971,0.999932,0.011616
107.766667,0.046539,20.212752,0.003273,-0.000011,-0.000965,0.999933,0.011544
107.783333,0.045900,20.184985,0.003220,-0.000011,-0.000960,0.999934,0.011492
107.800000,0.045261,20.157217,0.003166,-0.000011,-0.000955,0.999934,0.011432
107.816667,0.044626,20.129450,0.003113,-0.000011,-0.000949,0.999935,0.011359
107.833333,0.044001,20.101685,0.003061,-0.000011,-0.000943,0.999936,0.011288
107.850000,0.043376,20.073921,0.003009,-0.000011,-0.000939,0.999936,0.011239
107.866667,0.042751,20.046157,0.002957,-0.000010,-0.000933,0.999937,0.011174
107.883333,0.042132,20.018392,0.002905,-0.000010,-0.000927,0.999938,0.011101
107.900000,0.041520,19.990633,0.002854,-0.000010,-0.000921,0.999939,0.011033
107.916667,0.040909,19.962873,0.002803,-0.000010,-0.000917,0.999939,0.010984
107.933333,0.040297,19.935113,0.002752,-0.000010,-0.000911,0.999940,0.010914
107.950000,0.039694,19.907353,0.002701,-0.000010,-0.000904,0.999941,0.010839
107.966667,0.039097,19.879600,0.002652,-0.000010,-0.000899,0.999942,0.010776
107.983333,0.038499,19.851846,0.002602,-0.000010,-0.000894,0.999942,0.010726
108.000000,0.037902,19.824093,0.002552,-0.000009,-0.000888,0.999943,0.010650
108.016667,0.037316,19.796339,0.002503,-0.000009,-0.000881,0.999944,0.010575
108.033333,0.036732,19.768593,0.002455,-0.000009,-0.000876,0.999944,0.010516
108.050000,0.036149,19.740847,0.002406,-0.000009,-0.000871,0.999945,0.010460
108.066667,0.035566,19.713101,0.002357,-0.000009,-0.000865,0.999946,0.010384
108.083333,0.034996,19.685364,0.002310,-0.000009,-0.000858,0.999946,0.010309
108.100000,0.034427,19.657627,0.002263,-0.000009,-0.000853,0.999947,0.010254
108.116667,0.033858,19.629889,0.002215,-0.000009,-0.000848,0.999948,0.010193
108.133333,0.033292,19.602152,0.002168,-0.000009,-0.000841,0.999948,0.010117
108.150000,0.032737,19.574425,0.002122,-0.000008,-0.000835,0.999949,0.010041
108.166667,0.032182,19.546699,0.002076,-0.000008,-0.000830,0.999950,0.009991
108.183333,0.031627,19.518972,0.002030,-0.000008,-0.000824,0.999950,0.009926
108.200000,0.031077,19.491245,0.001984,-0.000008,-0.000818,0.999951,0.009850
108.216667,0.030537,19.463530,0.001939,-0.000008,-0.000811,0.999952,0.009779
108.233333,0.029996,19.435815,0.001894,-0.000008,-0.000807,0.999952,0.009729
108.250000,0.029455,19.408100,0.001850,-0.000008,-0.000801,0.999953,0.009659
108.266667,0.028923,19.380385,0.001805,-0.000008,-0.000794,0.999954,0.009584
108.283333,0.028396,19.352683,0.001762,-0.000008,-0.000788,0.999954,0.009518
108.300000,0.027870,19.324981,0.001718,-0.000007,-0.000784,0.999955,0.009467
108.316667,0.027343,19.297280,0.001675,-0.000007,-0.000777,0.999956,0.009393
108.333333,0.026827,19.269578,0.001632,-0.000007,-0.000770,0.999956,0.009318
108.350000,0.026315,19.241891,0.001590,-0.000007,-0.000765,0.999957,0.009256
108.366667,0.025803,19.214203,0.001547,-0.000007,-0.000760,0.999957,0.009203
108.383333,0.025291,19.186516,0.001505,-0.000007,-0.000754,0.999958,0.009127
108.400000,0.024792,19.158829,0.001464,-0.000007,-0.000747,0.999959,0.009052
108.416667,0.024294,19.131158,0.001423,-0.000007,-0.000742,0.999959,0.008995
108.433333,0.023796,19.103487,0.001382,-0.000007,-0.000737,0.999960,0.008937
108.450000,0.023300,19.075816,0.001341,-0.000006,-0.000730,0.999960,0.008862
108.466667,0.022816,19.048162,0.001301,-0.000006,-0.000723,0.999961,0.008786
108.483333,0.022332,19.020508,0.001261,-0.000006,-0.000719,0.999962,0.008734
108.500000,0.021849,18.992855,0.001221,-0.000006,-0.000713,0.999962,0.008673
108.516667,0.021369,18.965201,0.001182,-0.000006,-0.000706,0.999963,0.008598
108.533333,0.020900,18.937567,0.001143,-0.000006,-0.000700,0.999963,0.008525
108.550000,0.020430,18.909932,0.001105,-0.000006,-0.000695,0.999964,0.008476
108.566667,0.019961,18.882297,0.001066,-0.000006,-0.000690,0.999964,0.008411
108.583333,0.019497,18.854662,0.001028,-0.000006,-0.000683,0.999965,0.008336
108.600000,0.019042,18.827048,0.000991,-0.000006,-0.000677,0.999966,0.008268
108.616667,0.018587,18.799434,0.000954,-0.000006,-0.000672,0.999966,0.008219
108.633333,0.018131,18.771819,0.000917,-0.000005,-0.000666,0.999967,0.008150
108.650000,0.017684,18.744205,0.000880,-0.000005,-0.000659,0.999967,0.008075
108.666667,0.017243,18.716612,0.000844,-0.000005,-0.000654,0.999968,0.008012
108.683333,0.016801,18.689020,0.000808,-0.000005,-0.000649,0.999968,0.007963
108.700000,0.016360,18.661427,0.000772,-0.000005,-0.000643,0.999969,0.007890
108.716667,0.015929,18.633835,0.000737,-0.000005,-0.000636,0.999969,0.007816
108.733333,0.015502,18.606265,0.000702,-0.000005,-0.000631,0.999970,0.007757
108.750000,0.015075,18.578696,0.000667,-0.000005,-0.000626,0.999970,0.007705
108.766667,0.014647,18.551126,0.000633,-0.000005,-0.000620,0.999971,0.007632
108.783333,0.014233,18.523557,0.000599,-0.000005,-0.000613,0.999971,0.007559
108.800000,0.013819,18.496012,0.000566,-0.000005,-0.000608,0.999972,0.007505
108.816667,0.013406,18.468467,0.000532,-0.000004,-0.000603,0.999972,0.007451
108.833333,0.012994,18.440923,0.000499,-1.000000,-0.000000,-0.000000,-0.000000
108.850000,0.012594,18.413404,0.000466,-1.000000,-0.000000,-0.000000,-0.000000
108.866667,0.012194,18.385885,0.000434,-1.000000,-0.000000,-0.000000,-0.000000
108.883333,0.011794,18.358366,0.000402,-1.000000,-0.000000,-0.000000,-0.000000
108.900000,0.011398,18.330848,0.000370,-1.000000,-0.000000,-0.000000,-0.000000
108.916667,0.011011,18.303356,0.000339,-1.000000,-0.000000,-0.000000,-0.000000
108.933333,0.010625,18.275865,0.000308,-1.000000,-0.000000,-0.000000,-0.000000
108.950000,0.010238,18.248374,0.000277,-1.000000,-0.000000,-0.000000,-0.000000
108.966667,0.009857,18.220883,0.000246,-1.000000,-0.000000,-0.000000,-0.000000
108.983333,0.009484,18.193420,0.000216,-1.000000,-0.000000,-0.000000,-0.000000
109.000000,0.009112,18.165958,0.000186,-1.000000,-0.000000,-0.000000,-0.000000
109.016667,0.008739,18.138496,0.000157,-1.000000,-0.000000,-0.000000,-0.000000
109.033333,0.008373,18.111033,0.000128,-1.000000,-0.000000,-0.000000,-0.000000
109.050000,0.008014,18.083601,0.000099,-1.000000,-0.000000,-0.000000,-0.000000
109.066667,0.007655,18.056169,0.000070,-1.000000,-0.000000,-0.000000,-0.000000
109.083333,0.007295,18.028737,0.000042,-1.000000,-0.000000,-0.000000,-0.000000
109.100000,0.006945,18.001305,0.000014,-1.000000,-0.000000,-0.000000,-0.000000
109.116667,0.006599,17.973905,-0.000014,-1.000000,-0.000000,-0.000000,-0.000000
109.133333,0.006253,17.946504,-0.000041,-1.000000,-0.000000,-0.000000,-0.000000
109.150000,0.005906,17.919104,-0.000068,-1.000000,-0.000000,-0.000000,-0.000000
109.166667,0.005571,17.891704,-0.000095,-1.000000,-0.000000,-0.000000,-0.000000
109.183333,0.005237,17.864337,-0.000121,-1.000000,-0.000000,-0.000000,-0.000000
109.200000,0.004904,17.836970,-0.000147,-1.000000,-0.000000,-0.000000,-0.000000
109.216667,0.004570,17.809602,-0.000174,-1.000000,-0.000000,-0.000000,-0.000000
109.233333,0.004248,17.782235,-0.000199,-1.000000,-0.000000,-0.000000,-0.000000
109.250000,0.003927,17.754903,-0.000224,-1.000000,-0.000000,-0.000000,-0.000000
109.266667,0.003606,17.727570,-0.000249,-1.000000,-0.000000,-0.000000,-0.000000
109.283333,0.003286,17.700238,-0.000274,-1.000000,-0.000000,-0.000000,-0.000000
109.300000,0.002976,17.672941,-0.000298,-1.000000,-0.000000,-0.000000,-0.000000
109.316667,0.002667,17.645645,-0.000322,-1.000000,-0.000000,-0.000000,-0.000000
109.333333,0.002357,17.618348,-0.000347,-1.000000,-0.000000,-0.000000,-0.000000
109.350000,0.002050,17.591052,-0.000370,-1.000000,-0.000000,-0.000000,-0.000000
109.366667,0.001752,17.563793,-0.000394,-1.000000,-0.000000,-0.000000,-0.000000
109.383333,0.001453,17.536534,-0.000417,-1.000000,-0.000000,-0.000000,-0.000000
109.400000,0.001155,17.509275,-0.000440,-1.000000,-0.000000,-0.000000,-0.000000
109.416667,0.000860,17.482016,-0.000462,-1.000000,-0.000000,-0.000000,-0.000000
109.433333,0.000573,17.454796,-0.000485,-1.000000,-0.000000,-0.000000,-0.000000
109.450000,0.000285,17.427576,-0.000507,-1.000000,-0.000000,-0.000000,-0.000000
109.466667,-0.000002,17.400356,-0.000529,-1.000000,-0.000000,-0.000000,-0.000000
109.483333,-0.000285,17.373136,-0.000551,-1.000000,-0.000000,-0.000000,-0.000000
109.500000,-0.000563,17.345956,-0.000572,-1.000000,-0.000000,-0.000000,-0.000000
109.516667,-0.000840,17.318776,-0.000593,-1.000000,-0.000000,-0.000000,-0.000000
109.533333,-0.001117,17.291596,-0.000614,-1.000000,-0.000000,-0.000000,-0.000000
109.550000,-0.001389,17.264416,-0.000635,-1.000000,-0.000000,-0.000000,-0.000000
109.566667,-0.001657,17.237278,-0.000655,-1.000000,-0.000000,-0.000000,-0.000000
109.583333,-0.001924,17.210140,-0.000676,-1.000000,-0.000000,-0.000000,-0.000000
109.600000,-0.002191,17.183002,-0.000696,-1.000000,-0.000000,-0.000000,-0.000000
109.616667,-0.002453,17.155864,-0.000716,-1.000000,-0.000000,-0.000000,-0.000000
109.633333,-0.002711,17.128769,-0.000735,-1.000000,-0.000000,-0.000000,-0.000000
109.650000,-0.002968,17.101674,-0.000755,-1.000000,-0.000000,-0.000000,-0.000000
109.666667,-0.003226,17.074579,-0.000774,-1.000000,-0.000000,-0.000000,-0.000000
109.683333,-0.003477,17.047484,-0.000793,-1.000000,-0.000000,-0.000000,-0.000000
109.700000,-0.003726,17.020434,-0.000811,-1.000000,-0.000000,-0.000000,-0.000000
109.716667,-0.003975,16.993384,-0.000830,-1.000000,-0.000000,-0.000000,-0.000000
109.733333,-0.004223,16.966334,-0.000849,-1.000000,-0.000000,-0.000000,-0.000000
109.750000,-0.004465,16.939283,-0.000867,-1.000000,-0.000000,-0.000000,-0.000000
109.766667,-0.004705,16.912279,-0.000885,-1.000000,-0.000000,-0.000000,-0.000000
109.783333,-0.004944,16.885275,-0.000902,-1.000000,-0.000000,-0.000000,-0.000000
109.800000,-0.005184,16.858270,-0.000920,-1.000000,-0.000000,-0.000000,-0.000000
109.816667,-0.005416,16.831266,-0.000937,-1.000000,-0.000000,-0.000000,-0.000000
109.833333,-0.005648,16.804309,-0.000955,-1.000000,-0.000000,-0.000000,-0.000000
109.850000,-0.005879,16.777352,-0.000972,-1.000000,-0.000000,-0.000000,-0.000000
109.866667,-0.006110,16.750395,-0.000989,-1.000000,-0.000000,-0.000000,-0.000000
109.883333,-0.006333,16.723487,-0.001005,-1.000000,-0.000000,-0.000000,-0.000000
109.900000,-0.006556,16.696579,-0.001021,-1.000000,-0.000000,-0.000000,-0.000000
109.916667,-0.006779,16.669671,-0.001038,-1.000000,-0.000000,-0.000000,-0.000000
109.933333,-0.007002,16.642763,-0.001054,-1.000000,-0.000000,-0.000000,-0.000000
109.950000,-0.007217,16.615906,-0.001070,-1.000000,-0.000000,-0.000000,-0.000000
109.966667,-0.007432,16.589048,-0.001085,-1.000000,-0.000000,-0.000000,-0.000000
109.983333,-0.007647,16.562190,-0.001101,-1.000000,-0.000000,-0.000000,-0.000000
110.000000,-0.007861,16.535332,-0.001117,-1.000000,-0.000000,-0.000000,-0.000000
110.016667,-0.008069,16.508526,-0.001131,-1.000000,-0.000000,-0.000000,-0.000000
110.033333,-0.008276,16.481720,-0.001146,-1.000000,-0.000000,-0.000000,-0.000000
110.050000,-0.008484,16.454914,-0.001161,-1.000000,-0.000000,-0.000000,-0.000000
110.066667,-0.008690,16.428108,-0.001176,-1.000000,-0.000000,-0.000000,-0.000000
110.083333,-0.008890,16.401355,-0.001191,-1.000000,-0.000000,-0.000000,-0.000000
110.100000,-0.009089,16.374602,-0.001205,-1.000000,-0.000000,-0.000000,-0.000000
110.116667,-0.009289,16.347849,-0.001219,-1.000000,-0.000000,-0.000000,-0.000000
110.133333,-0.009488,16.321096,-0.001233,-1.000000,-0.000000,-0.000000,-0.000000
110.150000,-0.009680,16.294398,-0.001247,-1.000000,-0.000000,-0.000000,-0.000000
110.166667,-0.009873,16.267699,-0.001261,-1.000000,-0.000000,-0.000000,-0.000000
110.183333,-0.010066,16.241001,-0.001274,-1.000000,-0.000000,-0.000000,-0.000000
110.200000,-0.010257,16.214303,-0.001288,-1.000000,-0.000000,-0.000000,-0.000000
110.216667,-0.010443,16.187660,-0.001301,-1.000000,-0.000000,-0.000000,-0.000000
110.233333,-0.010628,16.161018,-0.001314,-1.000000,-0.000000,-0.000000,-0.000000
110.250000,-0.010814,16.134375,-0.001327,-1.000000,-0.000000,-0.000000,-0.000000
110.266667,-0.010998,16.107733,-0.001340,-1.000000,-0.000000,-0.000000,-0.000000
110.283333,-0.011177,16.081148,-0.001352,-1.000000,-0.000000,-0.000000,-0.000000
110.300000,-0.011356,16.054563,-0.001365,-1.000000,-0.000000,-0.000000,-0.000000
110.316667,-0.011535,16.027977,-0.001377,-1.000000,-0.000000,-0.000000,-0.000000
110.333333,-0.011712,16.001392,-0.001390,-1.000000,-0.000000,-0.000000,-0.000000
110.350000,-0.011884,15.974866,-0.001401,-1.000000,-0.000000,-0.000000,-0.000000
110.366667,-0.012057,15.948340,-0.001413,-1.000000,-0.000000,-0.000000,-0.000000
110.383333,-0.012229,15.921813,-0.001425,-1.000000,-0.000000,-0.000000,-0.000000
110.400000,-0.012399,15.895287,-0.001437,-1.000000,-0.000000,-0.000000,-0.000000
110.416667,-0.012566,15.868821,-0.001448,-1.000000,-0.000000,-0.000000,-0.000000
110.433333,-0.012732,15.842355,-0.001460,-1.000000,-0.000000,-0.000000,-0.000000
110.450000,-0.012898,15.815889,-0.001471,-1.000000,-0.000000,-0.000000,-0.000000
110.466667,-0.013062,15.789423,-0.001482,-1.000000,-0.000000,-0.000000,-0.000000
110.483333,-0.013222,15.763018,-0.001493,-1.000000,-0.000000,-0.000000,-0.000000
110.500000,-0.013382,15.736614,-0.001504,-1.000000,-0.000000,-0.000000,-0.000000
110.516667,-0.013542,15.710209,-0.001514,-1.000000,-0.000000,-0.000000,-0.000000
110.533333,-0.013700,15.683805,-0.001525,-1.000000,-0.000000,-0.000000,-0.000000
110.550000,-0.013854,15.657463,-0.001535,-1.000000,-0.000000,-0.000000,-0.000000
110.566667,-0.014007,15.631122,-0.001546,-1.000000,-0.000000,-0.000000,-0.000000
110.583333,-0.014161,15.604780,-0.001556,-1.000000,-0.000000,-0.000000,-0.000000
110.600000,-0.014313,15.578439,-0.001566,-1.000000,-0.000000,-0.000000,-0.000000
110.616667,-0.014462,15.552162,-0.001576,-1.000000,-0.000000,-0.000000,-0.000000
110.633333,-0.014610,15.525885,-0.001586,-1.000000,-0.000000,-0.000000,-0.000000
110.650000,-0.014758,15.499608,-0.001595,-1.000000,-0.000000,-0.000000,-0.000000
110.666667,-0.014904,15.473331,-0.001605,-1.000000,-0.000000,-0.000000,-0.000000
110.683333,-0.015046,15.447120,-0.001614,-1.000000,-0.000000,-0.000000,-0.000000
110.700000,-0.015189,15.420909,-0.001624,-1.000000,-0.000000,-0.000000,-0.000000
110.716667,-0.015331,15.394697,-0.001633,-1.000000,-0.000000,-0.000000,-0.000000
110.733333,-0.015472,15.368486,-0.001642,-1.000000,-0.000000,-0.000000,-0.000000
110.750000,-0.015609,15.342342,-0.001651,-1.000000,-0.000000,-0.000000,-0.000000
110.766667,-0.015746,15.316199,-0.001660,-1.000000,-0.000000,-0.000000,-0.000000
110.783333,-0.015883,15.290055,-0.001668,-1.000000,-0.000000,-0.000000,-0.000000
110.800000,-0.016018,15.263911,-0.001677,-1.000000,-0.000000,-0.000000,-0.000000
110.816667,-0.016150,15.237836,-0.001685,-1.000000,-0.000000,-0.000000,-0.000000
110.833333,-0.016282,15.211761,-0.001694,-1.000000,-0.000000,-0.000000,-0.000000
110.850000,-0.016413,15.185686,-0.001702,-1.000000,-0.000000,-0.000000,-0.000000
110.866667,-0.016544,15.159610,-0.001710,-1.000000,-0.000000,-0.000000,-0.000000
110.883333,-0.016670,15.133605,-0.001718,-1.000000,-0.000000,-0.000000,-0.000000
110.900000,-0.016797,15.107600,-0.001726,-1.000000,-0.000000,-0.000000,-0.000000
110.916667,-0.016923,15.081595,-0.001734,-1.000000,-0.000000,-0.000000,-0.000000
110.933333,-0.017049,15.055590,-0.001742,-1.000000,-0.000000,-0.000000,-0.000000
110.950000,-0.017170,15.029657,-0.001749,-1.000000,-0.000000,-0.000000,-0.000000
110.966667,-0.017292,15.003723,-0.001757,-1.000000,-0.000000,-0.000000,-0.000000
110.983333,-0.017413,14.977790,-0.001764,-1.000000,-0.000000,-0.000000,-0.000000
111.000000,-0.017534,14.951856,-0.001772,-1.000000,-0.000000,-0.000000,-0.000000
111.016667,-0.017651,14.925996,-0.001779,-1.000000,-0.000000,-0.000000,-0.000000
111.033333,-0.017767,14.900135,-0.001786,-1.000000,-0.000000,-0.000000,-0.000000
111.050000,-0.017883,14.874275,-0.001793,-1.000000,-0.000000,-0.000000,-0.000000
111.066667,-0.018000,14.848414,-0.001800,-1.000000,-0.000000,-0.000000,-0.000000
111.083333,-0.018112,14.822554,-0.001807,-1.000000,-0.000000,-0.000000,-0.000000
111.100000,-0.018223,14.796768,-0.001813,-1.000000,-0.000000,-0.000000,-0.000000
111.116667,-0.018335,14.770982,-0.001820,-1.000000,-0.000000,-0.000000,-0.000000
111.133333,-0.018446,14.745195,-0.001826,-1.000000,-0.000000,-0.000000,-0.000000
111.150000,-0.018554,14.719409,-0.001833,-1.000000,-0.000000,-0.000000,-0.000000
111.166667,-0.018661,14.693699,-0.001839,-1.000000,-0.000000,-0.000000,-0.000000
111.183333,-0.018768,14.667988,-0.001845,-1.000000,-0.000000,-0.000000,-0.000000
111.200000,-0.018875,14.642278,-0.001851,-1.000000,-0.000000,-0.000000,-0.000000
111.216667,-0.018978,14.616568,-0.001857,-1.000000,-0.000000,-0.000000,-0.000000
111.233333,-0.019081,14.590935,-0.001863,-1.000000,-0.000000,-0.000000,-0.000000
111.250000,-0.019183,14.565301,-0.001869,-1.000000,-0.000000,-0.000000,-0.000000
111.266667,-0.019285,14.539668,-0.001875,-1.000000,-0.000000,-0.000000,-0.000000
111.283333,-0.019385,14.514035,-0.001881,-1.000000,-0.000000,-0.000000,-0.000000
111.300000,-0.019483,14.488480,-0.001886,-1.000000,-0.000000,-0.000000,-0.000000
111.316667,-0.019581,14.462926,-0.001892,-1.000000,-0.000000,-0.000000,-0.000000
111.333333,-0.019679,14.437371,-0.001897,-1.000000,-0.000000,-0.000000,-0.000000
111.350000,-0.019775,14.411817,-0.001902,-1.000000,-0.000000,-0.000000,-0.000000
111.366667,-0.019868,14.386342,-0.001907,-1.000000,-0.000000,-0.000000,-0.000000
111.383333,-0.019962,14.360868,-0.001913,-1.000000,-0.000000,-0.000000,-0.000000
111.400000,-0.020055,14.335393,-0.001918,-1.000000,-0.000000,-0.000000,-0.000000
111.416667,-0.020148,14.309919,-0.001923,-1.000000,-0.000000,-0.000000,-0.000000
111.433333,-0.020237,14.284526,-0.001927,-1.000000,-0.000000,-0.000000,-0.000000
111.450000,-0.020326,14.259133,-0.001932,-1.000000,-0.000000,-0.000000,-0.000000
111.466667,-0.020416,14.233739,-0.001937,-1.000000,-0.000000,-0.000000,-0.000000
111.483333,-0.020505,14.208346,-0.001942,-1.000000,-0.000000,-0.000000,-0.000000
111.500000,-0.020590,14.183036,-0.001946,-1.000000,-0.000000,-0.000000,-0.000000
111.516667,-0.020675,14.157726,-0.001951,-1.000000,-0.000000,-0.000000,-0.000000
111.533333,-0.020760,14.132416,-0.001955,-1.000000,-0.000000,-0.000000,-0.000000
111.550000,-0.020845,14.107105,-0.001959,-1.000000,-0.000000,-0.000000,-0.000000
111.566667,-0.020927,14.081795,-0.001963,-1.000000,-0.000000,-0.000000,-0.000000
111.583333,-0.021008,14.056569,-0.001968,-1.000000,-0.000000,-0.000000,-0.000000
111.600000,-0.021089,14.031343,-0.001972,-1.000000,-0.000000,-0.000000,-0.000000
111.616667,-0.021170,14.006117,-0.001976,-1.000000,-0.000000,-0.000000,-0.000000
111.633333,-0.021249,13.980891,-0.001980,-1.000000,-0.000000,-0.000000,-0.000000
111.650000,-0.021326,13.955751,-0.001983,-1.000000,-0.000000,-0.000000,-0.000000
111.666667,-0.021403,13.930611,-0.001987,-1.000000,-0.000000,-0.000000,-0.000000
111.683333,-0.021481,13.905471,-0.001991,-1.000000,-0.000000,-0.000000,-0.000000
111.700000,-0.021556,13.880330,-0.001994,-1.000000,-0.000000,-0.000000,-0.000000
111.716667,-0.021629,13.855277,-0.001998,-1.000000,-0.000000,-0.000000,-0.000000
111.733333,-0.021703,13.830224,-0.002001,-1.000000,-0.000000,-0.000000,-0.000000
111.750000,-0.021776,13.805171,-0.002005,-1.000000,-0.000000,-0.000000,-0.000000
111.766667,-0.021848,13.780118,-0.002008,-1.000000,-0.000000,-0.000000,-0.000000
111.783333,-0.021918,13.755153,-0.002011,-1.000000,-0.000000,-0.000000,-0.000000
111.800000,-0.021987,13.730188,-0.002014,-1.000000,-0.000000,-0.000000,-0.000000
111.816667,-0.022057,13.705224,-0.002018,-1.000000,-0.000000,-0.000000,-0.000000
111.833333,-0.022126,13.680259,-0.002021,-1.000000,-0.000000,-0.000000,-0.000000
111.850000,-0.022192,13.655384,-0.002023,-1.000000,-0.000000,-0.000000,-0.000000
111.866667,-0.022258,13.630510,-0.002026,-1.000000,-0.000000,-0.000000,-0.000000
111.883333,-0.022324,13.605635,-0.002029,-1.000000,-0.000000,-0.000000,-0.000000
111.900000,-0.022390,13.580760,-0.002032,-1.000000,-0.000000,-0.000000,-0.000000
111.916667,-0.022454,13.555886,-0.002035,-1.000000,-0.000000,-0.000000,-0.000000
111.933333,-0.022516,13.531102,-0.002037,-1.000000,-0.000000,-0.000000,-0.000000
111.950000,-0.022579,13.506319,-0.002040,-1.000000,-0.000000,-0.000000,-0.000000
111.966667,-0.022641,13.481535,-0.002042,-1.000000,-0.000000,-0.000000,-0.000000
111.983333,-0.022702,13.456752,-0.002045,-1.000000,-0.000000,-0.000000,-0.000000
112.000000,-0.022761,13.432061,-0.002047,-1.000000,-0.000000,-0.000000,-0.000000
112.016667,-0.022820,13.407371,-0.002049,-1.000000,-0.000000,-0.000000,-0.000000
112.033333,-0.022879,13.382680,-0.002051,-1.000000,-0.000000,-0.000000,-0.000000
112.050000,-0.022938,13.357990,-0.002054,-1.000000,-0.000000,-0.000000,-0.000000
112.066667,-0.022993,13.333393,-0.002056,-1.000000,-0.000000,-0.000000,-0.000000
112.083333,-0.023049,13.308797,-0.002058,-1.000000,-0.000000,-0.000000,-0.000000
112.100000,-0.023105,13.284200,-0.002060,-1.000000,-0.000000,-0.000000,-0.000000
112.116667,-0.023161,13.259604,-0.002062,-1.000000,-0.000000,-0.000000,-0.000000
112.133333,-0.023213,13.235007,-0.002063,-1.000000,-0.000000,-0.000000,-0.000000
112.150000,-0.023266,13.210506,-0.002065,-1.000000,-0.000000,-0.000000,-0.000000
112.166667,-0.023318,13.186006,-0.002067,-1.000000,-0.000000,-0.000000,-0.000000
112.183333,-0.023371,13.161505,-0.002069,-1.000000,-0.000000,-0.000000,-0.000000
112.200000,-0.023421,13.137004,-0.002070,-1.000000,-0.000000,-0.000000,-0.000000
112.216667,-0.023470,13.112600,-0.002072,-1.000000,-0.000000,-0.000000,-0.000000
112.233333,-0.023519,13.088196,-0.002073,-1.000000,-0.000000,-0.000000,-0.000000
112.250000,-0.023569,13.063792,-0.002075,-1.000000,-0.000000,-0.000000,-0.000000
112.266667,-0.023617,13.039388,-0.002076,-1.000000,-0.000000,-0.000000,-0.000000
112.283333,-0.023663,13.015083,-0.002077,-1.000000,-0.000000,-0.000000,-0.000000
112.300000,-0.023709,12.990777,-0.002078,-1.000000,-0.000000,-0.000000,-0.000000
112.316667,-0.023755,12.966472,-0.002080,-1.000000,-0.000000,-0.000000,-0.000000
112.333333,-0.023801,12.942166,-0.002081,-1.000000,-0.000000,-0.000000,-0.000000
112.350000,-0.023844,12.917861,-0.002082,-1.000000,-0.000000,-0.000000,-0.000000
112.366667,-0.023887,12.893655,-0.002083,-1.000000,-0.000000,-0.000000,-0.000000
112.383333,-0.023930,12.869450,-0.002084,-1.000000,-0.000000,-0.000000,-0.000000
112.400000,-0.023972,12.845244,-0.002085,-1.000000,-0.000000,-0.000000,-0.000000
112.416667,-0.024014,12.821038,-0.002086,-1.000000,-0.000000,-0.000000,-0.000000
112.433333,-0.024054,12.796934,-0.002086,-1.000000,-0.000000,-0.000000,-0.000000
112.450000,-0.024094,12.772830,-0.002087,-1.000000,-0.000000,-0.000000,-0.000000
112.466667,-0.024134,12.748725,-0.002088,-1.000000,-0.000000,-0.000000,-0.000000
112.483333,-0.024173,12.724621,-0.002089,-1.000000,-0.000000,-0.000000,-0.000000
112.500000,-0.024210,12.700619,-0.002089,-1.000000,-0.000000,-0.000000,-0.000000
112.516667,-0.024247,12.676617,-0.002090,-1.000000,-0.000000,-0.000000,-0.000000
112.533333,-0.024284,12.652615,-0.002090,-1.000000,-0.000000,-0.000000,-0.000000
112.550000,-0.024321,12.628614,-0.002091,-1.000000,-0.000000,-0.000000,-0.000000
112.566667,-0.024356,12.604612,-0.002091,-1.000000,-0.000000,-0.000000,-0.000000
112.583333,-0.024390,12.580714,-0.002091,-1.000000,-0.000000,-0.000000,-0.000000
112.600000,-0.024424,12.556816,-0.002092,-1.000000,-0.000000,-0.000000,-0.000000
112.616667,-0.024458,12.532919,-0.002092,-1.000000,-0.000000,-0.000000,-0.000000
112.633333,-0.024492,12.509021,-0.002092,-1.000000,-0.000000,-0.000000,-0.000000
112.650000,-0.024523,12.485229,-0.002092,-1.000000,-0.000000,-0.000000,-0.000000
112.666667,-0.024554,12.461437,-0.002092,-1.000000,-0.000000,-0.000000,-0.000000
112.683333,-0.024586,12.437644,-0.002092,-1.000000,-0.000000,-0.000000,-0.000000
112.700000,-0.024617,12.413852,-0.002093,-1.000000,-0.000000,-0.000000,-0.000000
112.716667,-0.024646,12.390060,-0.002092,-1.000000,-0.000000,-0.000000,-0.000000
112.733333,-0.024675,12.366375,-0.002092,-1.000000,-0.000000,-0.000000,-0.000000
112.750000,-0.024703,12.342689,-0.002092,-1.000000,-0.000000,-0.000000,-0.000000
112.766667,-0.024732,12.319004,-0.002092,-1.000000,-0.000000,-0.000000,-0.000000
112.783333,-0.024760,12.295318,-0.002092,-1.000000,-0.000000,-0.000000,-0.000000
112.800000,-0.024786,12.271741,-0.002092,-1.000000,-0.000000,-0.000000,-0.000000
112.816667,-0.024812,12.248164,-0.002091,-1.000000,-0.000000,-0.000000,-0.000000
112.833333,-0.024838,12.224587,-0.002091,-1.000000,-0.000000,-0.000000,-0.000000
112.850000,-0.024864,12.201010,-0.002091,-1.000000,-0.000000,-0.000000,-0.000000
112.866667,-0.024887,12.177543,-0.002090,-1.000000,-0.000000,-0.000000,-0.000000
112.883333,-0.024910,12.154075,-0.002089,-1.000000,-0.000000,-0.000000,-0.000000
112.900000,-0.024934,12.130608,-0.002089,-1.000000,-0.000000,-0.000000,-0.000000
112.916667,-0.024957,12.107141,-0.002088,-1.000000,-0.000000,-0.000000,-0.000000
112.933333,-0.024980,12.083673,-0.002088,-1.000000,-0.000000,-0.000000,-0.000000
112.950000,-0.025001,12.060317,-0.002087,-1.000000,-0.000000,-0.000000,-0.000000
112.966667,-0.025021,12.036961,-0.002086,-1.000000,-0.000000,-0.000000,-0.000000
112.983333,-0.025042,12.013605,-0.002086,-1.000000,-0.000000,-0.000000,-0.000000
113.000000,-0.025063,11.990248,-0.002085,-1.000000,-0.000000,-0.000000,-0.000000
113.016667,-0.025082,11.966892,-0.002084,-1.000000,-0.000000,-0.000000,-0.000000
113.033333,-0.025100,11.943649,-0.002083,-1.000000,-0.000000,-0.000000,-0.000000
113.050000,-0.025119,11.920405,-0.002082,-1.000000,-0.000000,-0.000000,-0.000000
113.066667,-0.025137,11.897161,-0.002081,-1.000000,-0.000000,-0.000000,-0.000000
113.083333,-0.025155,11.873917,-0.002080,-1.000000,-0.000000,-0.000000,-0.000000
113.100000,-0.025171,11.850788,-0.002079,-1.000000,-0.000000,-0.000000,-0.000000
113.116667,-0.025187,11.827658,-0.002078,-1.000000,-0.000000,-0.000000,-0.000000
113.133333,-0.025203,11.804528,-0.002077,-1.000000,-0.000000,-0.000000,-0.000000
113.150000,-0.025219,11.781398,-0.002076,-1.000000,-0.000000,-0.000000,-0.000000
113.166667,-0.025233,11.758269,-0.002075,-1.000000,-0.000000,-0.000000,-0.000000
113.183333,-0.025247,11.735254,-0.002074,-1.000000,-0.000000,-0.000000,-0.000000
113.200000,-0.025261,11.712240,-0.002072,-1.000000,-0.000000,-0.000000,-0.000000
113.216667,-0.025275,11.689225,-0.002071,-1.000000,-0.000000,-0.000000,-0.000000
113.233333,-0.025288,11.666211,-0.002070,-1.000000,-0.000000,-0.000000,-0.000000
113.250000,-0.025299,11.643313,-0.002068,-1.000000,-0.000000,-0.000000,-0.000000
113.266667,-0.025311,11.620416,-0.002067,-1.000000,-0.000000,-0.000000,-0.000000
113.283333,-0.025322,11.597518,-0.002066,-1.000000,-0.000000,-0.000000,-0.000000
113.300000,-0.025334,11.574620,-0.002064,-1.000000,-0.000000,-0.000000,-0.000000
113.316667,-0.025344,11.551723,-0.002063,-1.000000,-0.000000,-0.000000,-0.000000
113.333333,-0.025353,11.528943,-0.002061,-1.000000,-0.000000,-0.000000,-0.000000
113.350000,-0.025362,11.506164,-0.002060,-1.000000,-0.000000,-0.000000,-0.000000
113.366667,-0.025371,11.483384,-0.002058,-1.000000,-0.000000,-0.000000,-0.000000
113.383333,-0.025380,11.460605,-0.002056,-1.000000,-0.000000,-0.000000,-0.000000
113.400000,-0.025387,11.437825,-0.002055,-1.000000,-0.000000,-0.000000,-0.000000
113.416667,-0.025394,11.415165,-0.002053,-1.000000,-0.000000,-0.000000,-0.000000
113.433333,-0.025401,11.392505,-0.002051,-1.000000,-0.000000,-0.000000,-0.000000
113.450000,-0.025408,11.369846,-0.002049,-1.000000,-0.000000,-0.000000,-0.000000
113.466667,-0.025415,11.347186,-0.002048,-1.000000,-0.000000,-0.000000,-0.000000
113.483333,-0.025420,11.324647,-0.002046,-1.000000,-0.000000,-0.000000,-0.000000
113.500000,-0.025424,11.302108,-0.002044,-1.000000,-0.000000,-0.000000,-0.000000
113.516667,-0.025429,11.279569,-0.002042,-1.000000,-0.000000,-0.000000,-0.000000
113.533333,-0.025434,11.257030,-0.002040,-1.000000,-0.000000,-0.000000,-0.000000
113.550000,-0.025438,11.234491,-0.002038,-1.000000,-0.000000,-0.000000,-0.000000
113.566667,-0.025441,11.212075,-0.002036,-1.000000,-0.000000,-0.000000,-0.000000
113.583333,-0.025443,11.189658,-0.002034,-1.000000,-0.000000,-0.000000,-0.000000
113.600000,-0.025446,11.167242,-0.002032,-1.000000,-0.000000,-0.000000,-0.000000
113.616667,-0.025449,11.144825,-0.002030,-1.000000,-0.000000,-0.000000,-0.000000
113.633333,-0.025450,11.122409,-0.002028,-1.000000,-0.000000,-0.000000,-0.000000
113.650000,-0.025451,11.100116,-0.002026,-1.000000,-0.000000,-0.000000,-0.000000
113.666667,-0.025452,11.077823,-0.002023,-1.000000,-0.000000,-0.000000,-0.000000
113.683333,-0.025452,11.055531,-0.002021,-1.000000,-0.000000,-0.000000,-0.000000
113.700000,-0.025453,11.033238,-0.002019,-1.000000,-0.000000,-0.000000,-0.000000
113.716667,-0.025452,11.011071,-0.002017,-1.000000,-0.000000,-0.000000,-0.000000
113.733333,-0.025451,10.988903,-0.002014,-1.000000,-0.000000,-0.000000,-0.000000
113.750000,-0.025450,10.966736,-0.002012,-1.000000,-0.000000,-0.000000,-0.000000
113.766667,-0.025448,10.944568,-0.002010,-1.000000,-0.000000,-0.000000,-0.000000
113.783333,-0.025447,10.922401,-0.002008,-1.000000,-0.000000,-0.000000,-0.000000
113.800000,-0.025443,10.900360,-0.002005,-1.000000,-0.000000,-0.000000,-0.000000
113.816667,-0.025440,10.878319,-0.002003,-1.000000,-0.000000,-0.000000,-0.000000
113.833333,-0.025437,10.856279,-0.002000,-1.000000,-0.000000,-0.000000,-0.000000
113.850000,-0.025434,10.834238,-0.001998,-1.000000,-0.000000,-0.000000,-0.000000
113.866667,-0.025430,10.812197,-0.001995,-1.000000,-0.000000,-0.000000,-0.000000
113.883333,-0.025425,10.790284,-0.001993,-1.000000,-0.000000,-0.000000,-0.000000
113.900000,-0.025420,10.768371,-0.001990,-1.000000,-0.000000,-0.000000,-0.000000
113.916667,-0.025415,10.746459,-0.001988,-1.000000,-0.000000,-0.000000,-0.000000
113.933333,-0.025411,10.724546,-0.001985,-1.000000,-0.000000,-0.000000,-0.000000
113.950000,-0.025404,10.702633,-0.001982,-1.000000,-0.000000,-0.000000,-0.000000
113.966667,-0.025397,10.680850,-0.001980,-1.000000,-0.000000,-0.000000,-0.000000
113.983333,-0.025391,10.659067,-0.001977,-1.000000,-0.000000,-0.000000,-0.000000
114.000000,-0.025384,10.637283,-0.001974,-1.000000,-0.000000,-0.000000,-0.000000
114.016667,-0.025377,10.615500,-0.001972,-1.000000,-0.000000,-0.000000,-0.000000
114.033333,-0.025369,10.593717,-0.001969,-1.000000,-0.000000,-0.000000,-0.000000
114.050000,-0.025360,10.572064,-0.001966,-1.000000,-0.000000,-0.000000,-0.000000
114.066667,-0.025351,10.550412,-0.001963,-1.000000,-0.000000,-0.000000,-0.000000
114.083333,-0.025343,10.528759,-0.001960,-1.000000,-0.000000,-0.000000,-0.000000
114.100000,-0.025334,10.507107,-0.001958,-1.000000,-0.000000,-0.000000,-0.000000
114.116667,-0.025324,10.485587,-0.001955,-1.000000,-0.000000,-0.000000,-0.000000
114.133333,-0.025314,10.464067,-0.001952,-1.000000,-0.000000,-0.000000,-0.000000
114.150000,-0.025303,10.442547,-0.001949,-1.000000,-0.000000,-0.000000,-0.000000
114.166667,-0.025293,10.421026,-0.001946,-1.000000,-0.000000,-0.000000,-0.000000
114.183333,-0.025283,10.399506,-0.001943,-1.000000,-0.000000,-0.000000,-0.000000
114.200000,-0.025271,10.378120,-0.001940,-1.000000,-0.000000,-0.000000,-0.000000
114.216667,-0.025259,10.356733,-0.001937,-1.000000,-0.000000,-0.000000,-0.000000
114.233333,-0.025247,10.335347,-0.001934,-1.000000,-0.000000,-0.000000,-0.000000
114.250000,-0.025235,10.313960,-0.001931,-1.000000,-0.000000,-0.000000,-0.000000
114.266667,-0.025223,10.292574,-0.001928,-1.000000,-0.000000,-0.000000,-0.000000
114.283333,-0.025209,10.271323,-0.001925,-1.000000,-0.000000,-0.000000,-0.000000
114.300000,-0.025196,10.250071,-0.001922,-1.000000,-0.000000,-0.000000,-0.000000
114.316667,-0.025182,10.228820,-0.001918,-1.000000,-0.000000,-0.000000,-0.000000
114.333333,-0.025169,10.207569,-0.001915,-1.000000,-0.000000,-0.000000,-0.000000
114.350000,-0.025155,10.186317,-0.001912,-1.000000,-0.000000,-0.000000,-0.000000
114.366667,-0.025140,10.165202,-0.001909,-1.000000,-0.000000,-0.000000,-0.000000
114.383333,-0.025125,10.144088,-0.001906,-1.000000,-0.000000,-0.000000,-0.000000
114.400000,-0.025110,10.122973,-0.001902,-1.000000,-0.000000,-0.000000,-0.000000
114.416667,-0.025095,10.101858,-0.001899,-1.000000,-0.000000,-0.000000,-0.000000
114.433333,-0.025079,10.080743,-0.001896,-1.000000,-0.000000,-0.000000,-0.000000
114.450000,-0.025062,10.059766,-0.001893,-1.000000,-0.000000,-0.000000,-0.000000
114.466667,-0.025046,10.038789,-0.001889,-1.000000,-0.000000,-0.000000,-0.000000
114.483333,-0.025029,10.017812,-0.001886,-1.000000,-0.000000,-0.000000,-0.000000
114.500000,-0.025012,9.996835,-0.001883,-1.000000,-0.000000,-0.000000,-0.000000
114.516667,-0.024996,9.975858,-0.001879,-1.000000,-0.000000,-0.000000,-0.000000
114.533333,-0.024977,9.955021,-0.001876,-1.000000,-0.000000,-0.000000,-0.000000
114.550000,-0.024959,9.934183,-0.001873,-1.000000,-0.000000,-0.000000,-0.000000
114.566667,-0.024941,9.913345,-0.001869,-1.000000,-0.000000,-0.000000,-0.000000
114.583333,-0.024923,9.892508,-0.001866,-1.000000,-0.000000,-0.000000,-0.000000
114.600000,-0.024905,9.871670,-0.001862,-1.000000,-0.000000,-0.000000,-0.000000
114.616667,-0.024885,9.850973,-0.001859,-1.000000,-0.000000,-0.000000,-0.000000
114.633333,-0.024865,9.830277,-0.001855,-1.000000,-0.000000,-0.000000,-0.000000
114.650000,-0.024846,9.809580,-0.001852,-1.000000,-0.000000,-0.000000,-0.000000
114.666667,-0.024826,9.788883,-0.001848,-1.000000,-0.000000,-0.000000,-0.000000
114.683333,-0.024806,9.768186,-0.001845,-1.000000,-0.000000,-0.000000,-0.000000
114.700000,-0.024785,9.747489,-0.001841,-1.000000,-0.000000,-0.000000,-0.000000
114.716667,-0.024764,9.726934,-0.001838,-1.000000,-0.000000,-0.000000,-0.000000
114.733333,-0.024743,9.706380,-0.001834,-1.000000,-0.000000,-0.000000,-0.000000
114.750000,-0.024722,9.685825,-0.001831,-1.000000,-0.000000,-0.000000,-0.000000
114.766667,-0.024701,9.665270,-0.001827,-1.000000,-0.000000,-0.000000,-0.000000
114.783333,-0.024679,9.644715,-0.001823,-1.000000,-0.000000,-0.000000,-0.000000
114.800000,-0.024656,9.624304,-0.001820,-1.000000,-0.000000,-0.000000,-0.000000
114.816667,-0.024634,9.603893,-0.001816,-1.000000,-0.000000,-0.000000,-0.000000
114.833333,-0.024612,9.583482,-0.001812,-1.000000,-0.000000,-0.000000,-0.000000
114.850000,-0.024589,9.563071,-0.001809,-1.000000,-0.000000,-0.000000,-0.000000
114.866667,-0.024566,9.542660,-0.001805,-1.000000,-0.000000,-0.000000,-0.000000
114.883333,-0.024542,9.522393,-0.001801,-1.000000,-0.000000,-0.000000,-0.000000
114.900000,-0.024519,9.502127,-0.001798,-1.000000,-0.000000,-0.000000,-0.000000
114.916667,-0.024495,9.481861,-0.001794,-1.000000,-0.000000,-0.000000,-0.000000
114.933333,-0.024471,9.461595,-0.001790,-1.000000,-0.000000,-0.000000,-0.000000
114.950000,-0.024447,9.441329,-0.001786,-1.000000,-0.000000,-0.000000,-0.000000
114.966667,-0.024422,9.421209,-0.001783,-1.000000,-0.000000,-0.000000,-0.000000
114.983333,-0.024397,9.401089,-0.001779,-1.000000,-0.000000,-0.000000,-0.000000
115.000000,-0.024372,9.380969,-0.001775,-1.000000,-0.000000,-0.000000,-0.000000
115.016667,-0.024347,9.360849,-0.001771,-1.000000,-0.000000,-0.000000,-0.000000
115.033333,-0.024322,9.340729,-0.001767,-1.000000,-0.000000,-0.000000,-0.000000
115.050000,-0.024296,9.320757,-0.001763,-1.000000,-0.000000,-0.000000,-0.000000
115.066667,-0.024270,9.300785,-0.001760,-1.000000,-0.000000,-0.000000,-0.000000
115.083333,-0.024243,9.280813,-0.001756,-1.000000,-0.000000,-0.000000,-0.000000
115.100000,-0.024217,9.260841,-0.001752,-1.000000,-0.000000,-0.000000,-0.000000
115.116667,-0.024191,9.240869,-0.001748,-1.000000,-0.000000,-0.000000,-0.000000
115.133333,-0.024164,9.220897,-0.001744,-1.000000,-0.000000,-0.000000,-0.000000
115.150000,-0.024136,9.201074,-0.001740,-1.000000,-0.000000,-0.000000,-0.000000
115.166667,-0.024109,9.181251,-0.001736,-1.000000,-0.000000,-0.000000,-0.000000
115.183333,-0.024082,9.161428,-0.001732,-1.000000,-0.000000,-0.000000,-0.000000
115.200000,-0.024054,9.141606,-0.001728,-1.000000,-0.000000,-0.000000,-0.000000
115.216667,-0.024026,9.121783,-0.001724,-1.000000,-0.000000,-0.000000,-0.000000
115.233333,-0.023998,9.102110,-0.001720,-1.000000,-0.000000,-0.000000,-0.000000
115.250000,-0.023969,9.082438,-0.001716,-1.000000,-0.000000,-0.000000,-0.000000
115.266667,-0.023940,9.062766,-0.001712,-1.000000,-0.000000,-0.000000,-0.000000
115.283333,-0.023912,9.043094,-0.001709,-1.000000,-0.000000,-0.000000,-0.000000
115.300000,-0.023883,9.023421,-0.001705,-1.000000,-0.000000,-0.000000,-0.000000
115.316667,-0.023853,9.003901,-0.001700,-1.000000,-0.000000,-0.000000,-0.000000
115.333333,-0.023824,8.984381,-0.001696,-1.000000,-0.000000,-0.000000,-0.000000
115.350000,-0.023794,8.964861,-0.001692,-1.000000,-0.000000,-0.000000,-0.000000
115.366667,-0.023764,8.945340,-0.001688,-1.000000,-0.000000,-0.000000,-0.000000
115.383333,-0.023735,8.925820,-0.001684,-1.000000,-0.000000,-0.000000,-0.000000
115.400000,-0.023704,8.906300,-0.001680,-1.000000,-0.000000,-0.000000,-0.000000
115.416667,-0.023673,8.886933,-0.001676,-1.000000,-0.000000,-0.000000,-0.000000
115.433333,-0.023642,8.867566,-0.001672,-1.000000,-0.000000,-0.000000,-0.000000
115.450000,-0.023612,8.848199,-0.001668,-1.000000,-0.000000,-0.000000,-0.000000
115.466667,-0.023581,8.828832,-0.001664,-1.000000,-0.000000,-0.000000,-0.000000
115.483333,-0.023550,8.809466,-0.001660,-1.000000,-0.000000,-0.000000,-0.000000
115.500000,-0.023518,8.790254,-0.001656,-1.000000,-0.000000,-0.000000,-0.000000
115.516667,-0.023486,8.771042,-0.001652,-1.000000,-0.000000,-0.000000,-0.000000
115.533333,-0.023454,8.751830,-0.001647,-1.000000,-0.000000,-0.000000,-0.000000
115.550000,-0.023422,8.732618,-0.001643,-1.000000,-0.000000,-0.000000,-0.000000
115.566667,-0.023391,8.713405,-0.001639,-1.000000,-0.000000,-0.000000,-0.000000
115.583333,-0.023358,8.694193,-0.001635,-1.000000,-0.000000,-0.000000,-0.000000
115.600000,-0.023325,8.675138,-0.001631,-1.000000,-0.000000,-0.000000,-0.000000
115.616667,-0.023292,8.656082,-0.001627,-1.000000,-0.000000,-0.000000,-0.000000
115.633333,-0.023259,8.637026,-0.001622,-1.000000,-0.000000,-0.000000,-0.000000
115.650000,-0.023226,8.617970,-0.001618,-1.000000,-0.000000,-0.000000,-0.000000
115.666667,-0.023193,8.598914,-0.001614,-1.000000,-0.000000,-0.000000,-0.000000
115.683333,-0.023159,8.580016,-0.001610,-1.000000,-0.000000,-0.000000,-0.000000
115.700000,-0.023126,8.561118,-0.001606,-1.000000,-0.000000,-0.000000,-0.000000
115.716667,-0.023092,8.542220,-0.001601,-1.000000,-0.000000,-0.000000,-0.000000
115.733333,-0.023058,8.523322,-0.001597,-1.000000,-0.000000,-0.000000,-0.000000
115.750000,-0.023024,8.504424,-0.001593,-1.000000,-0.000000,-0.000000,-0.000000
115.766667,-0.022990,8.485526,-0.001589,-1.000000,-0.000000,-0.000000,-0.000000
115.783333,-0.022955,8.466786,-0.001585,-1.000000,-0.000000,-0.000000,-0.000000
115.800000,-0.022920,8.448047,-0.001580,-1.000000,-0.000000,-0.000000,-0.000000
115.816667,-0.022885,8.429308,-0.001576,-1.000000,-0.000000,-0.000000,-0.000000
115.833333,-0.022851,8.410569,-0.001572,-1.000000,-0.000000,-0.000000,-0.000000
115.850000,-0.022816,8.391830,-0.001568,-1.000000,-0.000000,-0.000000,-0.000000
115.866667,-0.022780,8.373251,-0.001563,-1.000000,-0.000000,-0.000000,-0.000000
115.883333,-0.022745,8.354673,-0.001559,-1.000000,-0.000000,-0.000000,-0.000000
115.900000,-0.022709,8.336094,-0.001555,-1.000000,-0.000000,-0.000000,-0.000000
115.916667,-0.022674,8.317515,-0.001550,-1.000000,-0.000000,-0.000000,-0.000000
115.933333,-0.022638,8.298937,-0.001546,-1.000000,-0.000000,-0.000000,-0.000000
115.950000,-0.022602,8.280358,-0.001542,-1.000000,-0.000000,-0.000000,-0.000000
115.966667,-0.022566,8.261941,-0.001538,-1.000000,-0.000000,-0.000000,-0.000000
115.983333,-0.022529,8.243524,-0.001533,-1.000000,-0.000000,-0.000000,-0.000000
116.000000,-0.022493,8.225108,-0.001529,-1.000000,-0.000000,-0.000000,-0.000000
116.016667,-0.022456,8.206691,-0.001525,-1.000000,-0.000000,-0.000000,-0.000000
116.033333,-0.022420,8.188274,-0.001520,-1.000000,-0.000000,-0.000000,-0.000000
116.050000,-0.022383,8.169857,-0.001516,-1.000000,-0.000000,-0.000000,-0.000000
116.066667,-0.022345,8.151604,-0.001512,-1.000000,-0.000000,-0.000000,-0.000000
116.083333,-0.022308,8.133350,-0.001507,-1.000000,-0.000000,-0.000000,-0.000000
116.100000,-0.022271,8.115097,-0.001503,-1.000000,-0.000000,-0.000000,-0.000000
116.116667,-0.022234,8.096843,-0.001499,-1.000000,-0.000000,-0.000000,-0.000000
116.133333,-0.022196,8.078590,-0.001494,-1.000000,-0.000000,-0.000000,-0.000000
116.150000,-0.022158,8.060336,-0.001490,-1.000000,-0.000000,-0.000000,-0.000000
116.166667,-0.022120,8.042247,-0.001486,-1.000000,-0.000000,-0.000000,-0.000000
116.183333,-0.022082,8.024158,-0.001481,-1.000000,-0.000000,-0.000000,-0.000000
116.200000,-0.022044,8.006070,-0.001477,-1.000000,-0.000000,-0.000000,-0.000000
116.216667,-0.022006,7.987981,-0.001473,-1.000000,-0.000000,-0.000000,-0.000000
116.233333,-0.021968,7.969892,-0.001468,-1.000000,-0.000000,-0.000000,-0.000000
116.250000,-0.021929,7.951803,-0.001464,-1.000000,-0.000000,-0.000000,-0.000000
116.266667,-0.021890,7.933880,-0.001459,-1.000000,-0.000000,-0.000000,-0.000000
116.283333,-0.021851,7.915957,-0.001455,-1.000000,-0.000000,-0.000000,-0.000000
116.300000,-0.021813,7.898035,-0.001451,-1.000000,-0.000000,-0.000000,-0.000000
116.316667,-0.021774,7.880112,-0.001446,-1.000000,-0.000000,-0.000000,-0.000000
116.333333,-0.021735,7.862189,-0.001442,-1.000000,-0.000000,-0.000000,-0.000000
116.350000,-0.021696,7.844434,-0.001438,-1.000000,-0.000000,-0.000000,-0.000000
116.366667,-0.021656,7.826679,-0.001433,-1.000000,-0.000000,-0.000000,-0.000000
116.383333,-0.021617,7.808923,-0.001429,-1.000000,-0.000000,-0.000000,-0.000000
116.400000,-0.021577,7.791168,-0.001424,-1.000000,-0.000000,-0.000000,-0.000000
116.416667,-0.021538,7.773413,-0.001420,-1.000000,-0.000000,-0.000000,-0.000000
116.433333,-0.021498,7.755657,-0.001416,-1.000000,-0.000000,-0.000000,-0.000000
116.450000,-0.021458,7.738071,-0.001411,-1.000000,-0.000000,-0.000000,-0.000000
116.466667,-0.021418,7.720485,-0.001407,-1.000000,-0.000000,-0.000000,-0.000000
116.483333,-0.021378,7.702898,-0.001403,-1.000000,-0.000000,-0.000000,-0.000000
116.500000,-0.021338,7.685312,-0.001398,-1.000000,-0.000000,-0.000000,-0.000000
116.516667,-0.021298,7.667726,-0.001394,-1.000000,-0.000000,-0.000000,-0.000000
116.533333,-0.021258,7.650139,-0.001389,-1.000000,-0.000000,-0.000000,-0.000000
116.550000,-0.021217,7.632723,-0.001385,-1.000000,-0.000000,-0.000000,-0.000000
116.566667,-0.021176,7.615307,-0.001381,-1.000000,-0.000000,-0.000000,-0.000000
116.583333,-0.021135,7.597891,-0.001376,-1.000000,-0.000000,-0.000000,-0.000000
116.600000,-0.021095,7.580475,-0.001372,-1.000000,-0.000000,-0.000000,-0.000000
116.616667,-0.021054,7.563059,-0.001367,-1.000000,-0.000000,-0.000000,-0.000000
116.633333,-0.021013,7.545643,-0.001363,-1.000000,-0.000000,-0.000000,-0.000000
116.650000,-0.020971,7.528227,-0.001359,-1.000000,-0.000000,-0.000000,-0.000000
116.666667,-0.020930,7.510982,-0.001354,-1.000000,-0.000000,-0.000000,-0.000000
116.683333,-0.020888,7.493738,-0.001350,-1.000000,-0.000000,-0.000000,-0.000000
116.700000,-0.020847,7.476493,-0.001345,-1.000000,-0.000000,-0.000000,-0.000000
116.716667,-0.020805,7.459249,-0.001341,-1.000000,-0.000000,-0.000000,-0.000000
116.733333,-0.020764,7.442005,-0.001337,-1.000000,-0.000000,-0.000000,-0.000000
116.750000,-0.020722,7.424760,-0.001332,-1.000000,-0.000000,-0.000000,-0.000000
116.766667,-0.020680,7.407689,-0.001328,-1.000000,-0.000000,-0.000000,-0.000000
116.783333,-0.020638,7.390618,-0.001323,-1.000000,-0.000000,-0.000000,-0.000000
116.800000,-0.020596,7.373547,-0.001319,-1.000000,-0.000000,-0.000000,-0.000000
116.816667,-0.020554,7.356475,-0.001314,-1.000000,-0.000000,-0.000000,-0.000000
116.833333,-0.020512,7.339404,-0.001310,-1.000000,-0.000000,-0.000000,-0.000000
116.850000,-0.020469,7.322333,-0.001306,-1.000000,-0.000000,-0.000000,-0.000000
116.866667,-0.020426,7.305436,-0.001301,-1.000000,-0.000000,-0.000000,-0.000000
116.883333,-0.020384,7.288539,-0.001297,-1.000000,-0.000000,-0.000000,-0.000000
116.900000,-0.020341,7.271643,-0.001292,-1.000000,-0.000000,-0.000000,-0.000000
116.916667,-0.020299,7.254746,-0.001288,-1.000000,-0.000000,-0.000000,-0.000000
116.933333,-0.020256,7.237849,-0.001284,-1.000000,-0.000000,-0.000000,-0.000000
116.950000,-0.020213,7.220952,-0.001279,-1.000000,-0.000000,-0.000000,-0.000000
116.966667,-0.020170,7.204232,-0.001275,-1.000000,-0.000000,-0.000000,-0.000000
116.983333,-0.020127,7.187511,-0.001270,-1.000000,-0.000000,-0.000000,-0.000000
117.000000,-0.020084,7.170790,-0.001266,-1.000000,-0.000000,-0.000000,-0.000000
117.016667,-0.020041,7.154069,-0.001262,-1.000000,-0.000000,-0.000000,-0.000000
117.033333,-0.019998,7.137349,-0.001257,-1.000000,-0.000000,-0.000000,-0.000000
117.050000,-0.019955,7.120628,-0.001253,-1.000000,-0.000000,-0.000000,-0.000000
117.066667,-0.019911,7.103961,-0.001248,-1.000000,-0.000000,-0.000000,-0.000000
117.083333,-0.019867,7.087294,-0.001244,-1.000000,-0.000000,-0.000000,-0.000000
117.100000,-0.019823,7.070628,-0.001240,-1.000000,-0.000000,-0.000000,-0.000000
117.116667,-0.019779,7.053961,-0.001235,-1.000000,-0.000000,-0.000000,-0.000000
117.133333,-0.019735,7.037295,-0.001231,-1.000000,-0.000000,-0.000000,-0.000000
117.150000,-0.019692,7.020628,-0.001226,-1.000000,-0.000000,-0.000000,-0.000000
117.166667,-0.019647,7.003961,-0.001222,-1.000000,-0.000000,-0.000000,-0.000000
117.183333,-0.019602,6.987295,-0.001217,-1.000000,-0.000000,-0.000000,-0.000000
117.200000,-0.019558,6.970628,-0.001213,-1.000000,-0.000000,-0.000000,-0.000000
117.216667,-0.019513,6.953962,-0.001208,-1.000000,-0.000000,-0.000000,-0.000000
117.233333,-0.019468,6.937295,-0.001204,-1.000000,-0.000000,-0.000000,-0.000000
117.250000,-0.019424,6.920628,-0.001200,-1.000000,-0.000000,-0.000000,-0.000000
117.266667,-0.019379,6.903962,-0.001195,-1.000000,-0.000000,-0.000000,-0.000000
117.283333,-0.019333,6.887295,-0.001191,-1.000000,-0.000000,-0.000000,-0.000000
117.300000,-0.019287,6.870629,-0.001186,-1.000000,-0.000000,-0.000000,-0.000000
117.316667,-0.019242,6.853962,-0.001182,-1.000000,-0.000000,-0.000000,-0.000000
117.333333,-0.019196,6.837295,-0.001177,-1.000000,-0.000000,-0.000000,-0.000000
117.350000,-0.019151,6.820629,-0.001173,-1.000000,-0.000000,-0.000000,-0.000000
117.366667,-0.019105,6.803962,-0.001168,-1.000000,-0.000000,-0.000000,-0.000000
117.383333,-0.019058,6.787296,-0.001164,-1.000000,-0.000000,-0.000000,-0.000000
117.400000,-0.019012,6.770629,-0.001159,-1.000000,-0.000000,-0.000000,-0.000000
117.416667,-0.018965,6.753962,-0.001155,-1.000000,-0.000000,-0.000000,-0.000000
117.433333,-0.018919,6.737296,-0.001150,-1.000000,-0.000000,-0.000000,-0.000000
117.450000,-0.018873,6.720629,-0.001146,-1.000000,-0.000000,-0.000000,-0.000000
117.466667,-0.018826,6.703963,-0.001141,-1.000000,-0.000000,-0.000000,-0.000000
117.483333,-0.018779,6.687296,-0.001136,-1.000000,-0.000000,-0.000000,-0.000000
117.500000,-0.018732,6.670629,-0.001132,-1.000000,-0.000000,-0.000000,-0.000000
117.516667,-0.018684,6.653963,-0.001127,-1.000000,-0.000000,-0.000000,-0.000000
117.533333,-0.018637,6.637296,-0.001123,-1.000000,-0.000000,-0.000000,-0.000000
117.550000,-0.018589,6.620630,-0.001118,-1.000000,-0.000000,-0.000000,-0.000000
117.566667,-0.018542,6.603963,-0.001114,-1.000000,-0.000000,-0.000000,-0.000000
117.583333,-0.018494,6.587296,-0.001109,-1.000000,-0.000000,-0.000000,-0.000000
117.600000,-0.018446,6.570630,-0.001105,-1.000000,-0.000000,-0.000000,-0.000000
117.616667,-0.018398,6.553963,-0.001100,-1.000000,-0.000000,-0.000000,-0.000000
117.633333,-0.018349,6.537297,-0.001095,-1.000000,-0.000000,-0.000000,-0.000000
117.650000,-0.018301,6.520630,-0.001091,-1.000000,-0.000000,-0.000000,-0.000000
117.666667,-0.018253,6.503963,-0.001086,-1.000000,-0.000000,-0.000000,-0.000000
117.683333,-0.018204,6.487297,-0.001082,-1.000000,-0.000000,-0.000000,-0.000000
117.700000,-0.018155,6.470630,-0.001077,-1.000000,-0.000000,-0.000000,-0.000000
117.716667,-0.018106,6.453964,-0.001073,-1.000000,-0.000000,-0.000000,-0.000000
117.733333,-0.018057,6.437297,-0.001068,-1.000000,-0.000000,-0.000000,-0.000000
117.750000,-0.018007,6.420630,-0.001063,-1.000000,-0.000000,-0.000000,-0.000000
117.766667,-0.017958,6.403964,-0.001059,-1.000000,-0.000000,-0.000000,-0.000000
117.783333,-0.017909,6.387297,-0.001054,-1.000000,-0.000000,-0.000000,-0.000000
117.800000,-0.017859,6.370631,-0.001050,-1.000000,-0.000000,-0.000000,-0.000000
117.816667,-0.017809,6.353964,-0.001045,-1.000000,-0.000000,-0.000000,-0.000000
117.833333,-0.017759,6.337297,-0.001040,-1.000000,-0.000000,-0.000000,-0.000000
117.850000,-0.017709,6.320631,-0.001036,-1.000000,-0.000000,-0.000000,-0.000000
117.866667,-0.017659,6.303964,-0.001031,-1.000000,-0.000000,-0.000000,-0.000000
117.883333,-0.017609,6.287298,-0.001026,-1.000000,-0.000000,-0.000000,-0.000000
117.900000,-0.017558,6.270631,-0.001022,-1.000000,-0.000000,-0.000000,-0.000000
117.916667,-0.017507,6.253965,-0.001017,-1.000000,-0.000000,-0.000000,-0.000000
117.933333,-0.017456,6.237298,-0.001012,-1.000000,-0.000000,-0.000000,-0.000000
117.950000,-0.017406,6.220631,-0.001008,-1.000000,-0.000000,-0.000000,-0.000000
117.966667,-0.017355,6.203965,-0.001003,-1.000000,-0.000000,-0.000000,-0.000000
117.983333,-0.017304,6.187298,-0.000999,-1.000000,-0.000000,-0.000000,-0.000000
118.000000,-0.017253,6.170632,-0.000994,-1.000000,-0.000000,-0.000000,-0.000000
118.016667,-0.017201,6.153965,-0.000989,-1.000000,-0.000000,-0.000000,-0.000000
118.033333,-0.017149,6.137298,-0.000985,-1.000000,-0.000000,-0.000000,-0.000000
118.050000,-0.017097,6.120632,-0.000980,-1.000000,-0.000000,-0.000000,-0.000000
118.066667,-0.017046,6.103965,-0.000975,-1.000000,-0.000000,-0.000000,-0.000000
118.083333,-0.016994,6.087299,-0.000971,-1.000000,-0.000000,-0.000000,-0.000000
118.100000,-0.016942,6.070632,-0.000966,-1.000000,-0.000000,-0.000000,-0.000000
118.116667,-0.016890,6.053966,-0.000961,-1.000000,-0.000000,-0.000000,-0.000000
118.133333,-0.016837,6.037299,-0.000957,-1.000000,-0.000000,-0.000000,-0.000000
118.150000,-0.016785,6.020632,-0.000952,-1.000000,-0.000000,-0.000000,-0.000000
118.166667,-0.016732,6.003966,-0.000947,-1.000000,-0.000000,-0.000000,-0.000000
118.183333,-0.016680,5.987299,-0.000943,-1.000000,-0.000000,-0.000000,-0.000000
118.200000,-0.016627,5.970633,-0.000938,-1.000000,-0.000000,-0.000000,-0.000000
118.216667,-0.016574,5.953966,-0.000933,-1.000000,-0.000000,-0.000000,-0.000000
118.233333,-0.016521,5.937299,-0.000928,-1.000000,-0.000000,-0.000000,-0.000000
118.250000,-0.016467,5.920633,-0.000924,-1.000000,-0.000000,-0.000000,-0.000000
118.266667,-0.016414,5.903966,-0.000919,-1.000000,-0.000000,-0.000000,-0.000000
118.283333,-0.016360,5.887300,-0.000914,-1.000000,-0.000000,-0.000000,-0.000000
118.300000,-0.016307,5.870633,-0.000910,-1.000000,-0.000000,-0.000000,-0.000000
118.316667,-0.016254,5.853967,-0.000905,-1.000000,-0.000000,-0.000000,-0.000000
118.333333,-0.016200,5.837300,-0.000900,-1.000000,-0.000000,-0.000000,-0.000000
118.350000,-0.016145,5.820633,-0.000896,-1.000000,-0.000000,-0.000000,-0.000000
118.366667,-0.016091,5.803967,-0.000891,-1.000000,-0.000000,-0.000000,-0.000000
118.383333,-0.016037,5.787300,-0.000886,-1.000000,-0.000000,-0.000000,-0.000000
118.400000,-0.015983,5.770634,-0.000882,-1.000000,-0.000000,-0.000000,-0.000000
118.416667,-0.015928,5.753967,-0.000877,-1.000000,-0.000000,-0.000000,-0.000000
118.433333,-0.015874,5.737300,-0.000872,-1.000000,-0.000000,-0.000000,-0.000000
118.450000,-0.015819,5.720634,-0.000867,-1.000000,-0.000000,-0.000000,-0.000000
118.466667,-0.015764,5.703967,-0.000863,-1.000000,-0.000000,-0.000000,-0.000000
118.483333,-0.015709,5.687301,-0.000858,-1.000000,-0.000000,-0.000000,-0.000000
118.500000,-0.015654,5.670634,-0.000853,-1.000000,-0.000000,-0.000000,-0.000000
118.516667,-0.015598,5.653968,-0.000849,-1.000000,-0.000000,-0.000000,-0.000000
118.533333,-0.015543,5.637301,-0.000844,-1.000000,-0.000000,-0.000000,-0.000000
118.550000,-0.015487,5.620634,-0.000839,-1.000000,-0.000000,-0.000000,-0.000000
118.566667,-0.015432,5.603968,-0.000834,-1.000000,-0.000000,-0.000000,-0.000000
118.583333,-0.015376,5.587301,-0.000830,-1.000000,-0.000000,-0.000000,-0.000000
118.600000,-0.015320,5.570635,-0.000825,-1.000000,-0.000000,-0.000000,-0.000000
118.616667,-0.015264,5.553968,-0.000820,-1.000000,-0.000000,-0.000000,-0.000000
118.633333,-0.015208,5.537302,-0.000816,-1.000000,-0.000000,-0.000000,-0.000000
118.650000,-0.015152,5.520635,-0.000811,-1.000000,-0.000000,-0.000000,-0.000000
118.666667,-0.015095,5.503968,-0.000806,-1.000000,-0.000000,-0.000000,-0.000000
118.683333,-0.015038,5.487302,-0.000801,-1.000000,-0.000000,-0.000000,-0.000000
118.700000,-0.014982,5.470635,-0.000797,-1.000000,-0.000000,-0.000000,-0.000000
118.716667,-0.014925,5.453969,-0.000792,-1.000000,-0.000000,-0.000000,-0.000000
118.733333,-0.014868,5.437302,-0.000787,-1.000000,-0.000000,-0.000000,-0.000000
118.750000,-0.014811,5.420636,-0.000783,-1.000000,-0.000000,-0.000000,-0.000000
118.766667,-0.014754,5.403969,-0.000778,-1.000000,-0.000000,-0.000000,-0.000000
118.783333,-0.014696,5.387302,-0.000773,-1.000000,-0.000000,-0.000000,-0.000000
118.800000,-0.014639,5.370636,-0.000768,-1.000000,-0.000000,-0.000000,-0.000000
118.816667,-0.014581,5.353969,-0.000764,-1.000000,-0.000000,-0.000000,-0.000000
118.833333,-0.014524,5.337303,-0.000759,-1.000000,-0.000000,-0.000000,-0.000000
118.850000,-0.014466,5.320636,-0.000754,-1.000000,-0.000000,-0.000000,-0.000000
118.866667,-0.014408,5.303970,-0.000750,-1.000000,-0.000000,-0.000000,-0.000000
118.883333,-0.014350,5.287303,-0.000745,-1.000000,-0.000000,-0.000000,-0.000000
118.900000,-0.014292,5.270637,-0.000740,-1.000000,-0.000000,-0.000000,-0.000000
118.916667,-0.014234,5.253970,-0.000735,-1.000000,-0.000000,-0.000000,-0.000000
118.933333,-0.014176,5.237303,-0.000731,-1.000000,-0.000000,-0.000000,-0.000000
118.950000,-0.014117,5.220637,-0.000726,-1.000000,-0.000000,-0.000000,-0.000000
118.966667,-0.014059,5.203970,-0.000721,-1.000000,-0.000000,-0.000000,-0.000000
118.983333,-0.014000,5.187304,-0.000717,-1.000000,-0.000000,-0.000000,-0.000000
119.000000,-0.013941,5.170637,-0.000712,-1.000000,-0.000000,-0.000000,-0.000000
119.016667,-0.013882,5.153971,-0.000707,-1.000000,-0.000000,-0.000000,-0.000000
119.033333,-0.013823,5.137304,-0.000703,-1.000000,-0.000000,-0.000000,-0.000000
119.050000,-0.013764,5.120637,-0.000698,-1.000000,-0.000000,-0.000000,-0.000000
119.066667,-0.013705,5.103971,-0.000693,-1.000000,-0.000000,-0.000000,-0.000000
119.083333,-0.013645,5.087304,-0.000688,-1.000000,-0.000000,-0.000000,-0.000000
119.100000,-0.013585,5.070638,-0.000684,-1.000000,-0.000000,-0.000000,-0.000000
119.116667,-0.013526,5.053971,-0.000679,-1.000000,-0.000000,-0.000000,-0.000000
119.133333,-0.013466,5.037305,-0.000674,-1.000000,-0.000000,-0.000000,-0.000000
119.150000,-0.013406,5.020638,-0.000670,-1.000000,-0.000000,-0.000000,-0.000000
119.166667,-0.013346,5.003972,-0.000665,-1.000000,-0.000000,-0.000000,-0.000000
119.183333,-0.013286,4.987305,-0.000660,-1.000000,-0.000000,-0.000000,-0.000000
119.200000,-0.013225,4.970638,-0.000656,-1.000000,-0.000000,-0.000000,-0.000000
119.216667,-0.013165,4.953972,-0.000651,-1.000000,-0.000000,-0.000000,-0.000000
119.233333,-0.013104,4.937305,-0.000646,-1.000000,-0.000000,-0.000000,-0.000000
119.250000,-0.013044,4.920639,-0.000642,-1.000000,-0.000000,-0.000000,-0.000000
119.266667,-0.012983,4.903972,-0.000637,-1.000000,-0.000000,-0.000000,-0.000000
119.283333,-0.012922,4.887306,-0.000632,-1.000000,-0.000000,-0.000000,-0.000000
119.300000,-0.012861,4.870639,-0.000628,-1.000000,-0.000000,-0.000000,-0.000000
119.316667,-0.012799,4.853973,-0.000623,-1.000000,-0.000000,-0.000000,-0.000000
119.333333,-0.012738,4.837306,-0.000618,-1.000000,-0.000000,-0.000000,-0.000000
119.350000,-0.012677,4.820639,-0.000614,-1.000000,-0.000000,-0.000000,-0.000000
119.366667,-0.012616,4.803973,-0.000609,-1.000000,-0.000000,-0.000000,-0.000000
119.383333,-0.012554,4.787306,-0.000604,-1.000000,-0.000000,-0.000000,-0.000000
119.400000,-0.012492,4.770640,-0.000600,-1.000000,-0.000000,-0.000000,-0.000000
119.416667,-0.012430,4.753973,-0.000595,-1.000000,-0.000000,-0.000000,-0.000000
119.433333,-0.012368,4.737307,-0.000590,-1.000000,-0.000000,-0.000000,-0.000000
119.450000,-0.012306,4.720640,-0.000586,-1.000000,-0.000000,-0.000000,-0.000000
119.466667,-0.012244,4.703974,-0.000581,-1.000000,-0.000000,-0.000000,-0.000000
119.483333,-0.012182,4.687307,-0.000577,-1.000000,-0.000000,-0.000000,-0.000000
119.500000,-0.012120,4.670640,-0.000572,-1.000000,-0.000000,-0.000000,-0.000000
119.516667,-0.012057,4.653974,-0.000567,-1.000000,-0.000000,-0.000000,-0.000000
119.533333,-0.011994,4.637307,-0.000563,-1.000000,-0.000000,-0.000000,-0.000000
119.550000,-0.011932,4.620641,-0.000558,-1.000000,-0.000000,-0.000000,-0.000000
119.566667,-0.011869,4.603974,-0.000554,-1.000000,-0.000000,-0.000000,-0.000000
119.583333,-0.011806,4.587308,-0.000549,-1.000000,-0.000000,-0.000000,-0.000000
119.600000,-0.011743,4.570641,-0.000544,-1.000000,-0.000000,-0.000000,-0.000000
119.616667,-0.011680,4.553975,-0.000540,-1.000000,-0.000000,-0.000000,-0.000000
119.633333,-0.011617,4.537308,-0.000535,-1.000000,-0.000000,-0.000000,-0.000000
119.650000,-0.011553,4.520642,-0.000531,-1.000000,-0.000000,-0.000000,-0.000000
119.666667,-0.011490,4.503975,-0.000526,-1.000000,-0.000000,-0.000000,-0.000000
119.683333,-0.011427,4.487308,-0.000521,-1.000000,-0.000000,-0.000000,-0.000000
119.700000,-0.011363,4.470642,-0.000517,-1.000000,-0.000000,-0.000000,-0.000000
119.716667,-0.011299,4.453975,-0.000512,-1.000000,-0.000000,-0.000000,-0.000000
119.733333,-0.011235,4.437309,-0.000508,-1.000000,-0.000000,-0.000000,-0.000000
119.750000,-0.011171,4.420642,-0.000503,-1.000000,-0.000000,-0.000000,-0.000000
119.766667,-0.011107,4.403976,-0.000499,-1.000000,-0.000000,-0.000000,-0.000000
119.783333,-0.011043,4.387309,-0.000494,-1.000000,-0.000000,-0.000000,-0.000000
119.800000,-0.010979,4.370643,-0.000490,-1.000000,-0.000000,-0.000000,-0.000000
119.816667,-0.010914,4.353976,-0.000485,-1.000000,-0.000000,-0.000000,-0.000000
119.833333,-0.010849,4.337310,-0.000481,-1.000000,-0.000000,-0.000000,-0.000000
119.850000,-0.010784,4.320643,-0.000476,-1.000000,-0.000000,-0.000000,-0.000000
119.866667,-0.010719,4.303976,-0.000472,-1.000000,-0.000000,-0.000000,-0.000000
119.883333,-0.010655,4.287310,-0.000467,-1.000000,-0.000000,-0.000000,-0.000000
119.900000,-0.010590,4.270643,-0.000463,-1.000000,-0.000000,-0.000000,-0.000000
119.916667,-0.010524,4.253977,-0.000458,-1.000000,-0.000000,-0.000000,-0.000000
119.933333,-0.010459,4.237310,-0.000454,-1.000000,-0.000000,-0.000000,-0.000000
119.950000,-0.010393,4.220644,-0.000449,-1.000000,-0.000000,-0.000000,-0.000000
119.966667,-0.010328,4.203977,-0.000445,-1.000000,-0.000000,-0.000000,-0.000000
119.983333,-0.010262,4.187311,-0.000440,-1.000000,-0.000000,-0.000000,-0.000000
120.000000,-0.010197,4.170644,-0.000436,-1.000000,-0.000000,-0.000000,-0.000000
120.016667,-0.010131,4.153978,-0.000431,-1.000000,-0.000000,-0.000000,-0.000000
120.033333,-0.010065,4.137311,-0.000427,-1.000000,-0.000000,-0.000000,-0.000000
120.050000,-0.009999,4.120645,-0.000423,-1.000000,-0.000000,-0.000000,-0.000000
120.066667,-0.009933,4.103978,-0.000418,-1.000000,-0.000000,-0.000000,-0.000000
120.083333,-0.009867,4.087312,-0.000414,-1.000000,-0.000000,-0.000000,-0.000000
120.100000,-0.009800,4.070645,-0.000409,-1.000000,-0.000000,-0.000000,-0.000000
120.116667,-0.009734,4.053978,-0.000405,-1.000000,-0.000000,-0.000000,-0.000000
120.133333,-0.009668,4.037312,-0.000401,-1.000000,-0.000000,-0.000000,-0.000000
120.150000,-0.009601,4.020645,-0.000396,-1.000000,-0.000000,-0.000000,-0.000000
120.166667,-0.009534,4.003979,-0.000392,-1.000000,-0.000000,-0.000000,-0.000000
120.183333,-0.009467,3.987312,-0.000388,-1.000000,-0.000000,-0.000000,-0.000000
120.200000,-0.009400,3.970646,-0.000383,-1.000000,-0.000000,-0.000000,-0.000000
120.216667,-0.009334,3.953979,-0.000379,-1.000000,-0.000000,-0.000000,-0.000000
120.233333,-0.009267,3.937313,-0.000375,-1.000000,-0.000000,-0.000000,-0.000000
120.250000,-0.009199,3.920646,-0.000370,-1.000000,-0.000000,-0.000000,-0.000000
120.266667,-0.009132,3.903980,-0.000366,-1.000000,-0.000000,-0.000000,-0.000000
120.283333,-0.009064,3.887313,-0.000362,-1.000000,-0.000000,-0.000000,-0.000000
120.300000,-0.008997,3.870647,-0.000358,-1.000000,-0.000000,-0.000000,-0.000000
120.316667,-0.008929,3.853980,-0.000353,-1.000000,-0.000000,-0.000000,-0.000000
120.333333,-0.008862,3.837314,-0.000349,-1.000000,-0.000000,-0.000000,-0.000000
120.350000,-0.008793,3.820647,-0.000345,-1.000000,-0.000000,-0.000000,-0.000000
120.366667,-0.008725,3.803980,-0.000341,-1.000000,-0.000000,-0.000000,-0.000000
120.383333,-0.008657,3.787314,-0.000336,-1.000000,-0.000000,-0.000000,-0.000000
120.400000,-0.008589,3.770647,-0.000332,-1.000000,-0.000000,-0.000000,-0.000000
120.416667,-0.008521,3.753981,-0.000328,-1.000000,-0.000000,-0.000000,-0.000000
120.433333,-0.008453,3.737314,-0.000324,-1.000000,-0.000000,-0.000000,-0.000000
120.450000,-0.008384,3.720648,-0.000320,-1.000000,-0.000000,-0.000000,-0.000000
120.466667,-0.008315,3.703981,-0.000315,-1.000000,-0.000000,-0.000000,-0.000000
120.483333,-0.008246,3.687315,-0.000311,-1.000000,-0.000000,-0.000000,-0.000000
120.500000,-0.008178,3.670648,-0.000307,-1.000000,-0.000000,-0.000000,-0.000000
120.516667,-0.008109,3.653982,-0.000303,-1.000000,-0.000000,-0.000000,-0.000000
120.533333,-0.008040,3.637315,-0.000299,-1.000000,-0.000000,-0.000000,-0.000000
120.550000,-0.007971,3.620649,-0.000295,-1.000000,-0.000000,-0.000000,-0.000000
120.566667,-0.007902,3.603982,-0.000291,-1.000000,-0.000000,-0.000000,-0.000000
120.583333,-0.007832,3.587316,-0.000287,-1.000000,-0.000000,-0.000000,-0.000000
120.600000,-0.007763,3.570649,-0.000283,-1.000000,-0.000000,-0.000000,-0.000000
120.616667,-0.007693,3.553983,-0.000279,-1.000000,-0.000000,-0.000000,-0.000000
120.633333,-0.007624,3.537316,-0.000274,-1.000000,-0.000000,-0.000000,-0.000000
120.650000,-0.007554,3.520650,-0.000270,-1.000000,-0.000000,-0.000000,-0.000000
120.666667,-0.007484,3.503983,-0.000266,-1.000000,-0.000000,-0.000000,-0.000000
120.683333,-0.007415,3.487317,-0.000263,-1.000000,-0.000000,-0.000000,-0.000000
120.700000,-0.007345,3.470650,-0.000259,-1.000000,-0.000000,-0.000000,-0.000000
120.716667,-0.007275,3.453984,-0.000255,-1.000000,-0.000000,-0.000000,-0.000000
120.733333,-0.007205,3.437317,-0.000251,-1.000000,-0.000000,-0.000000,-0.000000
120.750000,-0.007135,3.420650,-0.000247,-1.000000,-0.000000,-0.000000,-0.000000
120.766667,-0.007064,3.403984,-0.000243,-1.000000,-0.000000,-0.000000,-0.000000
120.783333,-0.006994,3.387317,-0.000239,-1.000000,-0.000000,-0.000000,-0.000000
120.800000,-0.006923,3.370651,-0.000235,-1.000000,-0.000000,-0.000000,-0.000000
120.816667,-0.006853,3.353984,-0.000231,-1.000000,-0.000000,-0.000000,-0.000000
120.833333,-0.006782,3.337318,-0.000227,-1.000000,-0.000000,-0.000000,-0.000000
120.850000,-0.006712,3.320651,-0.000224,-1.000000,-0.000000,-0.000000,-0.000000
120.866667,-0.006641,3.303985,-0.000220,-1.000000,-0.000000,-0.000000,-0.000000
120.883333,-0.006570,3.287318,-0.000216,-1.000000,-0.000000,-0.000000,-0.000000
120.900000,-0.006499,3.270652,-0.000212,-1.000000,-0.000000,-0.000000,-0.000000
120.916667,-0.006428,3.253985,-0.000208,-1.000000,-0.000000,-0.000000,-0.000000
120.933333,-0.006357,3.237319,-0.000205,-1.000000,-0.000000,-0.000000,-0.000000
120.950000,-0.006286,3.220652,-0.000201,-1.000000,-0.000000,-0.000000,-0.000000
120.966667,-0.006215,3.203986,-0.000197,-1.000000,-0.000000,-0.000000,-0.000000
120.983333,-0.006143,3.187319,-0.000194,-1.000000,-0.000000,-0.000000,-0.000000
121.000000,-0.006072,3.170653,-0.000190,-1.000000,-0.000000,-0.000000,-0.000000
121.016667,-0.006000,3.153986,-0.000186,-1.000000,-0.000000,-0.000000,-0.000000
121.033333,-0.005928,3.137320,-0.000183,-1.000000,-0.000000,-0.000000,-0.000000
121.050000,-0.005857,3.120653,-0.000179,-1.000000,-0.000000,-0.000000,-0.000000
121.066667,-0.005785,3.103987,-0.000176,-1.000000,-0.000000,-0.000000,-0.000000
121.083333,-0.005713,3.087320,-0.000172,-1.000000,-0.000000,-0.000000,-0.000000
121.100000,-0.005640,3.070654,-0.000169,-1.000000,-0.000000,-0.000000,-0.000000
121.116667,-0.005568,3.053987,-0.000165,-1.000000,-0.000000,-0.000000,-0.000000
121.133333,-0.005496,3.037321,-0.000162,-1.000000,-0.000000,-0.000000,-0.000000
121.150000,-0.005424,3.020654,-0.000158,-1.000000,-0.000000,-0.000000,-0.000000
121.166667,-0.005351,3.003988,-0.000155,-1.000000,-0.000000,-0.000000,-0.000000
121.183333,-0.005279,2.987321,-0.000151,-1.000000,-0.000000,-0.000000,-0.000000
121.200000,-0.005206,2.970655,-0.000148,-1.000000,-0.000000,-0.000000,-0.000000
121.216667,-0.005133,2.953988,-0.000144,-1.000000,-0.000000,-0.000000,-0.000000
121.233333,-0.005060,2.937322,-0.000141,-1.000000,-0.000000,-0.000000,-0.000000
121.250000,-0.004987,2.920655,-0.000138,-1.000000,-0.000000,-0.000000,-0.000000
121.266667,-0.004914,2.903989,-0.000134,-1.000000,-0.000000,-0.000000,-0.000000
121.283333,-0.004841,2.887322,-0.000131,-1.000000,-0.000000,-0.000000,-0.000000
121.300000,-0.004768,2.870656,-0.000128,-1.000000,-0.000000,-0.000000,-0.000000
121.316667,-0.004695,2.853989,-0.000125,-1.000000,-0.000000,-0.000000,-0.000000
121.333333,-0.004622,2.837323,-0.000122,-1.000000,-0.000000,-0.000000,-0.000000
121.350000,-0.004548,2.820656,-0.000118,-1.000000,-0.000000,-0.000000,-0.000000
121.366667,-0.004475,2.803990,-0.000115,-1.000000,-0.000000,-0.000000,-0.000000
121.383333,-0.004402,2.787323,-0.000112,-1.000000,-0.000000,-0.000000,-0.000000
121.400000,-0.004328,2.770657,-0.000109,-1.000000,-0.000000,-0.000000,-0.000000
121.416667,-0.004255,2.753990,-0.000106,-1.000000,-0.000000,-0.000000,-0.000000
121.433333,-0.004181,2.737324,-0.000103,-1.000000,-0.000000,-0.000000,-0.000000
121.450000,-0.004107,2.720657,-0.000100,-1.000000,-0.000000,-0.000000,-0.000000
121.466667,-0.004033,2.703991,-0.000097,-1.000000,-0.000000,-0.000000,-0.000000
121.483333,-0.003960,2.687324,-0.000094,-1.000000,-0.000000,-0.000000,-0.000000
121.500000,-0.003886,2.670658,-0.000091,-1.000000,-0.000000,-0.000000,-0.000000
121.516667,-0.003812,2.653991,-0.000088,-1.000000,-0.000000,-0.000000,-0.000000
121.533333,-0.003738,2.637325,-0.000085,-1.000000,-0.000000,-0.000000,-0.000000
121.550000,-0.003664,2.620658,-0.000083,-1.000000,-0.000000,-0.000000,-0.000000
121.566667,-0.003589,2.603992,-0.000080,-1.000000,-0.000000,-0.000000,-0.000000
121.583333,-0.003515,2.587325,-0.000077,-1.000000,-0.000000,-0.000000,-0.000000
121.600000,-0.003441,2.570659,-0.000074,-1.000000,-0.000000,-0.000000,-0.000000
121.616667,-0.003366,2.553992,-0.000072,-1.000000,-0.000000,-0.000000,-0.000000
121.633333,-0.003292,2.537326,-0.000069,-1.000000,-0.000000,-0.000000,-0.000000
121.650000,-0.003217,2.520659,-0.000066,-1.000000,-0.000000,-0.000000,-0.000000
121.666667,-0.003143,2.503993,-0.000064,-1.000000,-0.000000,-0.000000,-0.000000
121.683333,-0.003068,2.487326,-0.000061,-1.000000,-0.000000,-0.000000,-0.000000
121.700000,-0.002993,2.470660,-0.000059,-1.000000,-0.000000,-0.000000,-0.000000
121.716667,-0.002918,2.453993,-0.000056,-1.000000,-0.000000,-0.000000,-0.000000
121.733333,-0.002843,2.437327,-0.000054,-1.000000,-0.000000,-0.000000,-0.000000
121.750000,-0.002768,2.420660,-0.000051,-1.000000,-0.000000,-0.000000,-0.000000
121.766667,-0.002693,2.403994,-0.000049,-1.000000,-0.000000,-0.000000,-0.000000
121.783333,-0.002618,2.387327,-0.000047,-1.000000,-0.000000,-0.000000,-0.000000
121.800000,-0.002543,2.370661,-0.000044,-1.000000,-0.000000,-0.000000,-0.000000
121.816667,-0.002467,2.353994,-0.000042,-1.000000,-0.000000,-0.000000,-0.000000
121.833333,-0.002392,2.337328,-0.000040,-1.000000,-0.000000,-0.000000,-0.000000
121.850000,-0.002316,2.320661,-0.000038,-1.000000,-0.000000,-0.000000,-0.000000
121.866667,-0.002241,2.303995,-0.000036,-1.000000,-0.000000,-0.000000,-0.000000
121.883333,-0.002165,2.287328,-0.000034,-1.000000,-0.000000,-0.000000,-0.000000
121.900000,-0.002090,2.270662,-0.000032,-1.000000,-0.000000,-0.000000,-0.000000
121.916667,-0.002014,2.253995,-0.000030,-1.000000,-0.000000,-0.000000,-0.000000
121.933333,-0.001938,2.237329,-0.000028,-1.000000,-0.000000,-0.000000,-0.000000
121.950000,-0.001863,2.220662,-0.000026,-1.000000,-0.000000,-0.000000,-0.000000
121.966667,-0.001787,2.203996,-0.000024,-1.000000,-0.000000,-0.000000,-0.000000
121.983333,-0.001711,2.187329,-0.000022,-1.000000,-0.000000,-0.000000,-0.000000
122.000000,-0.001635,2.170663,-0.000021,-1.000000,-0.000000,-0.000000,-0.000000
122.016667,-0.001559,2.153996,-0.000019,-1.000000,-0.000000,-0.000000,-0.000000
122.033333,-0.001483,2.137330,-0.000017,-1.000000,-0.000000,-0.000000,-0.000000
122.050000,-0.001407,2.120663,-0.000016,-1.000000,-0.000000,-0.000000,-0.000000
122.066667,-0.001331,2.103997,-0.000014,-1.000000,-0.000000,-0.000000,-0.000000
122.083333,-0.001255,2.087330,-0.000013,-1.000000,-0.000000,-0.000000,-0.000000
122.100000,-0.001179,2.070664,-0.000011,-1.000000,-0.000000,-0.000000,-0.000000
122.116667,-0.001103,2.053997,-0.000010,-1.000000,-0.000000,-0.000000,-0.000000
122.133333,-0.001027,2.037331,-0.000008,-1.000000,-0.000000,-0.000000,-0.000000
122.150000,-0.000951,2.020664,-0.000007,-1.000000,-0.000000,-0.000000,-0.000000
122.166667,-0.000874,2.003998,-0.000006,-1.000000,-0.000000,-0.000000,-0.000000
122.183333,-0.000798,1.987331,-0.000005,-1.000000,-0.000000,-0.000000,-0.000000
122.200000,-0.000722,1.970665,-0.000004,-1.000000,-0.000000,-0.000000,-0.000000
122.216667,-0.000646,1.953998,-0.000003,-1.000000,-0.000000,-0.000000,-0.000000
122.233333,-0.000569,1.937332,-0.000002,-1.000000,-0.000000,-0.000000,-0.000000
122.250000,-0.000493,1.920665,-0.000001,-1.000000,-0.000000,-0.000000,-0.000000
122.266667,-0.000416,1.903999,-0.000000,-1.000000,-0.000000,-0.000000,-0.000000
122.283333,-0.000340,1.887332,0.000001,-1.000000,-0.000000,-0.000000,-0.000000
122.300000,-0.000264,1.870666,0.000001,-1.000000,-0.000000,-0.000000,-0.000000
122.316667,-0.000187,1.853999,0.000002,-1.000000,-0.000000,-0.000000,-0.000000
122.333333,-0.000111,1.837333,0.000003,-1.000000,-0.000000,-0.000000,-0.000000
122.350000,-0.000034,1.820666,0.000003,-1.000000,-0.000000,-0.000000,-0.000000
122.366667,0.000042,1.804000,0.000004,-1.000000,-0.000000,-0.000000,-0.000000
122.383333,0.000119,1.787333,0.000004,-1.000000,-0.000000,-0.000000,-0.000000
122.400000,0.000196,1.770667,0.000004,-1.000000,-0.000000,-0.000000,-0.000000
122.416667,0.000272,1.754000,0.000004,-1.000000,-0.000000,-0.000000,-0.000000
122.433333,0.000349,1.737334,0.000004,-1.000000,-0.000000,-0.000000,-0.000000
122.450000,0.000426,1.720667,0.000005,-1.000000,-0.000000,-0.000000,-0.000000
122.466667,0.000503,1.704001,0.000004,-1.000000,-0.000000,-0.000000,-0.000000
122.483333,0.000579,1.687334,0.000004,-1.000000,-0.000000,-0.000000,-0.000000
122.500000,0.000656,1.670668,0.000004,-1.000000,-0.000000,-0.000000,-0.000000
122.516667,0.000733,1.654001,0.000004,-1.000000,-0.000000,-0.000000,-0.000000
122.533333,0.000810,1.637335,0.000004,-1.000000,-0.000000,-0.000000,-0.000000
122.550000,0.000887,1.620668,0.000003,-1.000000,-0.000000,-0.000000,-0.000000
122.566667,0.000964,1.604002,0.000003,-1.000000,-0.000000,-0.000000,-0.000000
122.583333,0.001041,1.587335,0.000003,-1.000000,-0.000000,-0.000000,-0.000000
122.600000,0.001118,1.570669,0.000002,-1.000000,-0.000000,-0.000000,-0.000000
122.616667,0.001195,1.554002,0.000002,-1.000000,-0.000000,-0.000000,-0.000000
122.633333,0.001272,1.537336,0.000001,-1.000000,-0.000000,-0.000000,-0.000000
122.650000,0.001349,1.520669,0.000001,-1.000000,-0.000000,-0.000000,-0.000000
122.666667,0.001426,1.504003,-0.000000,-1.000000,-0.000000,-0.000000,-0.000000
122.683333,0.001503,1.487336,-0.000002,-1.000000,-0.000000,-0.000000,-0.000000
122.700000,0.001580,1.470670,-0.000003,-1.000000,-0.000000,-0.000000,-0.000000
122.716667,0.001658,1.454003,-0.000005,-1.000000,-0.000000,-0.000000,-0.000000
122.733333,0.001735,1.437337,-0.000006,-1.000000,-0.000000,-0.000000,-0.000000
122.750000,0.001812,1.420671,-0.000008,-1.000000,-0.000000,-0.000000,-0.000000
122.766667,0.001889,1.404004,-0.000009,-1.000000,-0.000000,-0.000000,-0.000000
122.783333,0.001966,1.387338,-0.000012,-1.000000,-0.000000,-0.000000,-0.000000
122.800000,0.002044,1.370671,-0.000014,-1.000000,-0.000000,-0.000000,-0.000000
122.816667,0.002121,1.354005,-0.000017,-1.000000,-0.000000,-0.000000,-0.000000
122.833333,0.002198,1.337338,-0.000020,-1.000000,-0.000000,-0.000000,-0.000000
122.850000,0.002276,1.320672,-0.000022,-1.000000,-0.000000,-0.000000,-0.000000
122.866667,0.002353,1.304005,-0.000025,-1.000000,-0.000000,-0.000000,-0.000000
122.883333,0.002430,1.287339,-0.000024,-1.000000,-0.000000,-0.000000,-0.000000
122.900000,0.002508,1.270672,-0.000023,-1.000000,-0.000000,-0.000000,-0.000000
122.916667,0.002585,1.254006,-0.000022,-1.000000,-0.000000,-0.000000,-0.000000
122.933333,0.002663,1.237339,-0.000021,-1.000000,-0.000000,-0.000000,-0.000000
122.950000,0.002740,1.220673,-0.000020,-1.000000,-0.000000,-0.000000,-0.000000
122.966667,0.002818,1.204006,-0.000019,-1.000000,-0.000000,-0.000000,-0.000000
122.983333,0.002895,1.187340,-0.000017,-1.000000,-0.000000,-0.000000,-0.000000
123.000000,0.002973,1.170673,-0.000014,-1.000000,-0.000000,-0.000000,-0.000000
123.016667,0.003051,1.154007,-0.000011,-1.000000,-0.000000,-0.000000,-0.000000
123.033333,0.003129,1.137340,-0.000008,-1.000000,-0.000000,-0.000000,-0.000000
123.050000,0.003206,1.120674,-0.000005,-1.000000,-0.000000,-0.000000,-0.000000
123.066667,0.003284,1.104007,-0.000001,-1.000000,-0.000000,-0.000000,-0.000000
123.083333,0.003362,1.087341,0.000001,-1.000000,-0.000000,-0.000000,-0.000000
123.100000,0.003439,1.070674,0.000001,-1.000000,-0.000000,-0.000000,-0.000000
123.116667,0.003517,1.054008,0.000001,-1.000000,-0.000000,-0.000000,-0.000000
123.133333,0.003595,1.037341,0.000001,-1.000000,-0.000000,-0.000000,-0.000000
123.150000,0.003673,1.020675,0.000001,-1.000000,-0.000000,-0.000000,-0.000000
123.166667,0.003751,1.004008,0.000001,-1.000000,-0.000000,-0.000000,-0.000000
123.183333,0.003828,0.987342,0.000001,-1.000000,-0.000000,-0.000000,-0.000000
123.200000,0.003906,0.970675,0.000001,-1.000000,-0.000000,-0.000000,-0.000000
123.216667,0.003984,0.954009,0.000001,-1.000000,-0.000000,-0.000000,-0.000000
123.233333,0.004062,0.937342,0.000000,-1.000000,-0.000000,-0.000000,-0.000000
123.250000,0.004140,0.920676,0.000000,-1.000000,-0.000000,-0.000000,-0.000000
123.266667,0.004217,0.904009,-0.000000,-1.000000,-0.000000,-0.000000,-0.000000
123.283333,0.004295,0.887343,-0.000000,-1.000000,-0.000000,-0.000000,-0.000000
123.300000,0.004373,0.870676,-0.000001,-1.000000,-0.000000,-0.000000,-0.000000
123.316667,0.004451,0.854010,-0.000000,-1.000000,-0.000000,-0.000000,-0.000000
123.333333,0.004529,0.837344,-0.000000,-1.000000,-0.000000,-0.000000,-0.000000
123.350000,0.004607,0.820677,-0.000000,-1.000000,-0.000000,-0.000000,-0.000000
123.366667,0.004685,0.804011,-0.000000,-1.000000,-0.000000,-0.000000,-0.000000
123.383333,0.004762,0.787344,0.000000,-1.000000,-0.000000,-0.000000,-0.000000
123.400000,0.004840,0.770678,0.000000,-1.000000,-0.000000,-0.000000,-0.000000
123.416667,0.004918,0.754011,0.000000,-1.000000,-0.000000,-0.000000,-0.000000
123.433333,0.004996,0.737345,0.000000,-1.000000,-0.000000,-0.000000,-0.000000
123.450000,0.005074,0.720678,0.000000,-1.000000,-0.000000,-0.000000,-0.000000
123.466667,0.005152,0.704012,0.000000,-1.000000,-0.000000,-0.000000,-0.000000
123.483333,0.005230,0.687345,0.000000,-1.000000,-0.000000,-0.000000,-0.000000
123.500000,0.005308,0.670679,-0.000000,-1.000000,-0.000000,-0.000000,-0.000000
123.516667,0.005386,0.654012,-0.000000,-1.000000,-0.000000,-0.000000,-0.000000
123.533333,0.005464,0.637346,-0.000000,-1.000000,-0.000000,-0.000000,-0.000000
123.550000,0.005542,0.620679,-0.000000,-1.000000,-0.000000,-0.000000,-0.000000
123.566667,0.005620,0.604013,-0.000000,-1.000000,-0.000000,-0.000000,-0.000000
123.583333,0.005698,0.587346,-0.000000,-1.000000,-0.000000,-0.000000,-0.000000
123.600000,0.005776,0.570680,0.000000,-1.000000,-0.000000,-0.000000,-0.000000
123.616667,0.005854,0.554013,0.000000,-1.000000,-0.000000,-0.000000,-0.000000
123.633333,0.005932,0.537347,0.000000,-1.000000,-0.000000,-0.000000,-0.000000
123.650000,0.006009,0.520680,0.000000,-1.000000,-0.000000,-0.000000,-0.000000
123.666667,0.006087,0.504014,0.000000,-1.000000,-0.000000,-0.000000,-0.000000
123.683333,0.006165,0.487347,0.000000,-1.000000,-0.000000,-0.000000,-0.000000
123.700000,0.006243,0.470681,-0.000000,-1.000000,-0.000000,-0.000000,-0.000000
123.716667,0.006321,0.454014,-0.000000,-1.000000,-0.000000,-0.000000,-0.000000
123.733333,0.006398,0.437348,-0.000000,-1.000000,-0.000000,-0.000000,-0.000000
123.750000,0.006476,0.420681,-0.000000,-1.000000,-0.000000,-0.000000,-0.000000
123.766667,0.006554,0.404015,-0.000000,-1.000000,-0.000000,-0.000000,-0.000000
123.783333,0.006631,0.387348,-0.000000,-1.000000,-0.000000,-0.000000,-0.000000
123.800000,0.006709,0.370682,0.000000,-1.000000,-0.000000,-0.000000,-0.000000
123.816667,0.006787,0.354015,0.000000,-1.000000,-0.000000,-0.000000,-0.000000
123.833333,0.006864,0.337349,0.000000,-1.000000,-0.000000,-0.000000,-0.000000
123.850000,0.006941,0.320682,0.000000,-1.000000,-0.000000,-0.000000,-0.000000
123.866667,0.007018,0.304016,0.000000,-1.000000,-0.000000,-0.000000,-0.000000
123.883333,0.007096,0.287349,0.000000,-1.000000,-0.000000,-0.000000,-0.000000
123.900000,0.007173,0.270683,0.000000,-1.000000,-0.000000,-0.000000,-0.000000
123.916667,0.007250,0.254017,-0.000000,-1.000000,-0.000000,-0.000000,-0.000000
123.933333,0.007327,0.237350,-0.000000,-1.000000,-0.000000,-0.000000,-0.000000
123.950000,0.007403,0.220684,-0.000000,-1.000000,-0.000000,-0.000000,-0.000000
123.966667,0.007480,0.204017,-0.000000,-1.000000,-0.000000,-0.000000,-0.000000
123.983333,0.007556,0.187351,-0.000000,-1.000000,-0.000000,-0.000000,-0.000000
124.000000,0.007632,0.170684,-0.000000,-1.000000,-0.000000,-0.000000,-0.000000
124.016667,0.007709,0.154018,-0.000000,-1.000000,-0.000000,-0.000000,-0.000000
124.033333,0.007785,0.137351,0.000000,-1.000000,-0.000000,-0.000000,-0.000000
124.050000,0.007860,0.120685,0.000000,-1.000000,-0.000000,-0.000000,-0.000000
124.066667,0.007935,0.104018,0.000000,-1.000000,-0.000000,-0.000000,-0.000000
124.083333,0.008011,0.087352,0.000000,-1.000000,-0.000000,-0.000000,-0.000000
124.100000,0.008086,0.070685,0.000000,-1.000000,-0.000000,-0.000000,-0.000000
124.116667,0.008161,0.054019,0.000000,-1.000000,-0.000000,-0.000000,-0.000000
124.133333,0.008236,0.037352,0.000000,-1.000000,-0.000000,-0.000000,-0.000000
124.150000,0.008309,0.020686,0.000000,-1.000000,-0.000000,-0.000000,-0.000000
124.166667,0.008382,0.004019,0.000000,-1.000000,-0.000000,-0.000000,-0.000000
124.183333,0.008455,-0.012647,0.000000,-1.000000,-0.000000,-0.000000,-0.000000
124.200000,0.008528,-0.029314,0.000000,-1.000000,-0.000000,-0.000000,-0.000000
124.216667,0.008600,-0.045980,0.000000,-1.000000,-0.000000,-0.000000,-0.000000
124.233333,0.008673,-0.062647,0.000000,-1.000000,-0.000000,-0.000000,-0.000000
124.250000,0.008744,-0.079313,-0.000000,-1.000000,-0.000000,-0.000000,-0.000000
124.266667,0.008812,-0.095980,-0.000000,-1.000000,-0.000000,-0.000000,-0.000000
124.283333,0.008879,-0.112647,-0.000000,-1.000000,-0.000000,-0.000000,-0.000000
124.300000,0.008947,-0.129313,-0.000000,-1.000000,-0.000000,-0.000000,-0.000000
124.316667,0.009015,-0.145980,-0.000000,-1.000000,-0.000000,-0.000000,-0.000000
124.333333,0.009083,-0.162646,-0.000000,-1.000000,-0.000000,-0.000000,-0.000000
124.350000,0.009150,-0.179313,0.000000,-1.000000,-0.000000,-0.000000,-0.000000
124.366667,0.009203,-0.195979,0.000000,-1.000000,-0.000000,-0.000000,-0.000000
124.383333,0.009257,-0.212646,0.000000,-1.000000,-0.000000,-0.000000,-0.000000
124.400000,0.009310,-0.229312,0.000000,-1.000000,-0.000000,-0.000000,-0.000000
124.416667,0.009363,-0.245979,0.000000,-1.000000,-0.000000,-0.000000,-0.000000
124.433333,0.009417,-0.262646,0.000000,-1.000000,-0.000000,-0.000000,-0.000000
124.450000,0.009470,-0.279312,0.000000,-0.000000,-0.000000,0.999937,0.011200
124.466667,0.009078,-0.295971,-0.000000,-0.000000,-0.000000,0.999710,0.024081
124.483333,0.008484,-0.312628,-0.000000,-0.000000,-0.000000,0.992021,0.126072
124.500000,0.008101,-0.305298,0.000000,-0.000000,-0.000000,0.057296,0.998357
124.516667,0.007801,-0.288634,0.000000,-0.000000,-0.000000,0.027324,0.999627
124.533333,0.007501,-0.271970,0.000000,-0.000000,-0.000000,0.019516,0.999810
124.550000,0.007200,-0.255306,0.000000,0.000000,0.000000,0.014108,0.999900
124.566667,0.006900,-0.238642,0.000000,0.000000,0.000000,0.010348,0.999946
124.583333,0.006599,-0.221978,0.000000,-0.000000,-0.000000,0.009673,0.999953
124.600000,0.006280,-0.205314,0.000000,-0.000000,-0.000000,0.009824,0.999952
124.616667,0.005930,-0.188651,0.000000,-0.000000,-0.000000,0.009996,0.999950
124.633333,0.005579,-0.171988,0.000000,-0.000000,-0.000000,0.010105,0.999949
124.650000,0.005228,-0.155325,0.000000,-0.000000,-0.000000,0.010242,0.999948
124.666667,0.004877,-0.138662,0.000000,-0.000000,-0.000000,0.010417,0.999946
124.683333,0.004527,-0.121999,0.000000,-0.000000,-0.000000,0.010558,0.999944
124.700000,0.004169,-0.105337,-0.000000,-0.000000,-0.000000,0.010565,0.999944
