timestamp,tx,ty,tz,qx,qy,qz,qw
0.000000,0.000000,0.000000,0.000000,0.000753,0.000780,0.719290,0.694709
0.016667,-0.016657,-0.000579,0.000036,0.000747,0.000773,0.719185,0.694818
0.033333,-0.033313,-0.001159,0.000072,0.000659,0.000679,0.717713,0.696339
0.050000,-0.049970,-0.001738,0.000108,0.000593,0.000609,0.716607,0.697477
0.066667,-0.066626,-0.002317,0.000145,0.000541,0.000554,0.715745,0.698361
0.083333,-0.083283,-0.002896,0.000181,0.000499,0.000511,0.715055,0.699068
0.100000,-0.099940,-0.003445,0.000215,0.000436,0.000445,0.714008,0.700138
0.116667,-0.116606,-0.003526,0.000221,0.000373,0.000380,0.712959,0.701206
0.133333,-0.133273,-0.003606,0.000227,0.000305,0.000309,0.711824,0.702358
0.150000,-0.149939,-0.003687,0.000232,0.000234,0.000236,0.710653,0.703542
0.166667,-0.166606,-0.003767,0.000238,0.000163,0.000164,0.709480,0.704725
0.183333,-0.183272,-0.003848,0.000244,0.000095,0.000096,0.708370,0.705842
0.200000,-0.199939,-0.003928,0.000250,0.000088,0.000088,0.708250,0.705961
0.216667,-0.216605,-0.003969,0.000253,0.000080,0.000081,0.708131,0.706081
0.233333,-0.233272,-0.003993,0.000255,0.000072,0.000072,0.707991,0.706222
0.250000,-0.249939,-0.004017,0.000258,0.000061,0.000061,0.707814,0.706399
0.266667,-0.266605,-0.004041,0.000260,0.000049,0.000050,0.707637,0.706576
0.283333,-0.283272,-0.004065,0.000262,0.000038,0.000038,0.707460,0.706754
0.300000,-0.299939,-0.004090,0.000264,0.000032,0.000033,0.707368,0.706846
0.316667,-0.316605,-0.004104,0.000266,0.000029,0.000029,0.707310,0.706903
0.333333,-0.333272,-0.004101,0.000267,0.000025,0.000025,0.707252,0.706962
0.350000,-0.349939,-0.004098,0.000267,0.000019,0.000019,0.707161,0.707053
0.366667,-0.366605,-0.004095,0.000268,0.000013,0.000013,0.707069,0.707145
0.383333,-0.383272,-0.004092,0.000268,0.000007,0.000007,0.706978,0.707236
0.400000,-0.399939,-0.004089,0.000269,0.000003,0.000003,0.706907,0.707306
0.416667,-0.416605,-0.004086,0.000269,0.000000,0.000000,0.706873,0.707340
0.433333,-0.433272,-0.004067,0.000269,-0.000002,-0.000002,0.706839,0.707374
0.450000,-0.449939,-0.004048,0.000268,-0.000005,-0.000005,0.706791,0.707423
0.466667,-0.466605,-0.004029,0.000268,-0.000009,-0.000009,0.706735,0.707478
0.483333,-0.483272,-0.004010,0.000267,-0.000013,-0.000013,0.706679,0.707534
0.500000,-0.499939,-0.003991,0.000267,-0.000017,-0.000017,0.706624,0.707589
0.516667,-0.516605,-0.003972,0.000266,-0.000018,-0.000018,0.706602,0.707611
0.533333,-0.533272,-0.003946,0.000265,-0.000020,-0.000020,0.706580,0.707633
0.550000,-0.549938,-0.003917,0.000264,-0.000021,-0.000021,0.706553,0.707660
0.566667,-0.566605,-0.003887,0.000263,-0.000024,-0.000024,0.706516,0.707697
0.583333,-0.583272,-0.003858,0.000262,-0.000027,-0.000027,0.706478,0.707735
0.600000,-0.599938,-0.003829,0.000260,-0.000029,-0.000029,0.706441,0.707772
0.616667,-0.616605,-0.003800,0.000259,-0.000031,-0.000031,0.706418,0.707795
0.633333,-0.633272,-0.003768,0.000258,-0.000032,-0.000032,0.706403,0.707810
0.650000,-0.649938,-0.003731,0.000256,-0.000033,-0.000033,0.706387,0.707826
0.666667,-0.666605,-0.003695,0.000254,-0.000035,-0.000035,0.706362,0.707851
0.683333,-0.683272,-0.003658,0.000253,-0.000037,-0.000037,0.706337,0.707876
0.700000,-0.699938,-0.003622,0.000251,-0.000039,-0.000039,0.706311,0.707901
0.716667,-0.716605,-0.003585,0.000249,-0.000040,-0.000040,0.706291,0.707922
0.733333,-0.733271,-0.003548,0.000247,-0.000041,-0.000041,0.706281,0.707932
0.750000,-0.749938,-0.003507,0.000245,-0.000042,-0.000042,0.706271,0.707942
0.766667,-0.766605,-0.003466,0.000243,-0.000043,-0.000043,0.706257,0.707955
0.783333,-0.783271,-0.003425,0.000241,-0.000045,-0.000044,0.706241,0.707972
0.800000,-0.799938,-0.003384,0.000239,-0.000046,-0.000046,0.706224,0.707988
0.816667,-0.816605,-0.003342,0.000237,-0.000047,-0.000047,0.706208,0.708005
0.833333,-0.833271,-0.003301,0.000234,-0.000048,-0.000048,0.706201,0.708011
0.850000,-0.849938,-0.003258,0.000232,-0.000049,-0.000049,0.706194,0.708018
0.866667,-0.866604,-0.003214,0.000230,-0.000049,-0.000049,0.706187,0.708026
0.883333,-0.883271,-0.003169,0.000227,-0.000050,-0.000050,0.706176,0.708037
0.900000,-0.899938,-0.003125,0.000225,-0.000051,-0.000051,0.706165,0.708047
0.916667,-0.916604,-0.003081,0.000223,-0.000053,-0.000052,0.706154,0.708058
0.933333,-0.933271,-0.003036,0.000220,-0.000053,-0.000053,0.706147,0.708065
0.950000,-0.949937,-0.002991,0.000218,-0.000054,-0.000054,0.706142,0.708070
0.966667,-0.966604,-0.002945,0.000215,-0.000054,-0.000054,0.706138,0.708074
0.983333,-0.983271,-0.002899,0.000212,-0.000055,-0.000055,0.706132,0.708080
1.000000,-0.999937,-0.002852,0.000210,-0.000056,-0.000056,0.706126,0.708086
1.016667,-1.016604,-0.002806,0.000207,-0.000057,-0.000056,0.706120,0.708092
1.033333,-1.033270,-0.002759,0.000204,-0.000057,-0.000057,0.706115,0.708097
1.050000,-1.049937,-0.002713,0.000202,-0.000058,-0.000057,0.706113,0.708099
1.066667,-1.066604,-0.002666,0.000199,-0.000058,-0.000058,0.706112,0.708101
1.083333,-1.083270,-0.002619,0.000196,-0.000058,-0.000058,0.706110,0.708103
1.100000,-1.099937,-0.002571,0.000193,-0.000059,-0.000059,0.706107,0.708105
1.116667,-1.116603,-0.002524,0.000191,-0.000060,-0.000059,0.706105,0.708107
1.133333,-1.133270,-0.002477,0.000188,-0.000060,-0.000060,0.706103,0.708109
1.150000,-1.149937,-0.002430,0.000185,-0.000060,-0.000060,0.706102,0.708110
1.166667,-1.166603,-0.002382,0.000182,-0.000061,-0.000060,0.706101,0.708111
1.183333,-1.183270,-0.002335,0.000179,-0.000061,-0.000061,0.706101,0.708111
1.200000,-1.199936,-0.002287,0.000176,-0.000061,-0.000061,0.706101,0.708111
1.216667,-1.216603,-0.002240,0.000174,-0.000062,-0.000062,0.706102,0.708110
1.233333,-1.233270,-0.002192,0.000171,-0.000062,-0.000062,0.706102,0.708110
1.250000,-1.249936,-0.002145,0.000168,-0.000062,-0.000062,0.706103,0.708109
1.266667,-1.266603,-0.002097,0.000165,-0.000063,-0.000062,0.706105,0.708107
1.283333,-1.283269,-0.002051,0.000162,-0.000063,-0.000062,0.706106,0.708106
1.300000,-1.299936,-0.002004,0.000159,-0.000063,-0.000063,0.706109,0.708103
1.316667,-1.316603,-0.001957,0.000156,-0.000063,-0.000063,0.706113,0.708099
1.333333,-1.333269,-0.001910,0.000153,-0.000063,-0.000063,0.706116,0.708096
1.350000,-1.349936,-0.001863,0.000150,-0.000064,-0.000063,0.706119,0.708093
1.366667,-1.366602,-0.001816,0.000147,-0.000064,-0.000064,0.706122,0.708090
1.383333,-1.383269,-0.001770,0.000144,-0.000064,-0.000064,0.706124,0.708088
1.400000,-1.399936,-0.001724,0.000141,-0.000064,-0.000064,0.706128,0.708084
1.416667,-1.416602,-0.001678,0.000138,-0.000064,-0.000064,0.706135,0.708078
1.433333,-1.433269,-0.001632,0.000135,-0.000064,-0.000064,0.706141,0.708072
1.450000,-1.449935,-0.001586,0.000132,-0.000064,-0.000064,0.706147,0.708065
1.466667,-1.466602,-0.001541,0.000129,-0.000064,-0.000064,0.706151,0.708061
1.483333,-1.483269,-0.001496,0.000126,-0.000064,-0.000064,0.706155,0.708057
1.500000,-1.499935,-0.001452,0.000123,-0.000064,-0.000064,0.706160,0.708052
1.516667,-1.516602,-0.001408,0.000120,-0.000064,-0.000064,0.706169,0.708044
1.533333,-1.533268,-0.001364,0.000117,-0.000064,-0.000064,0.706177,0.708035
1.550000,-1.549935,-0.001320,0.000114,-0.000064,-0.000064,0.706186,0.708026
1.566667,-1.566602,-0.001276,0.000111,-0.000064,-0.000064,0.706192,0.708020
1.583333,-1.583268,-0.001232,0.000108,-0.000064,-0.000064,0.706197,0.708015
1.600000,-1.599935,-0.001190,0.000105,-0.000064,-0.000064,0.706202,0.708011
1.616667,-1.616602,-0.001149,0.000102,-0.000064,-0.000064,0.706212,0.708001
1.633333,-1.633268,-0.001107,0.000099,-0.000064,-0.000064,0.706223,0.707990
1.650000,-1.649935,-0.001065,0.000096,-0.000064,-0.000064,0.706234,0.707979
1.666667,-1.666601,-0.001023,0.000093,-0.000064,-0.000064,0.706244,0.707969
1.683333,-1.683268,-0.000981,0.000089,-0.000064,-0.000064,0.706250,0.707962
1.700000,-1.699935,-0.000942,0.000087,-0.000064,-0.000064,0.706257,0.707956
1.716667,-1.716601,-0.000903,0.000084,-0.000064,-0.000063,0.706266,0.707946
1.733333,-1.733268,-0.000864,0.000081,-0.000063,-0.000063,0.706280,0.707933
1.750000,-1.749934,-0.000826,0.000078,-0.000063,-0.000063,0.706294,0.707919
1.766667,-1.766601,-0.000787,0.000075,-0.000063,-0.000063,0.706307,0.707905
1.783333,-1.783268,-0.000748,0.000072,-0.000063,-0.000063,0.706316,0.707897
1.800000,-1.799934,-0.000711,0.000069,-0.000063,-0.000062,0.706323,0.707889
1.816667,-1.816601,-0.000675,0.000066,-0.000062,-0.000062,0.706332,0.707881
1.833333,-1.833268,-0.000640,0.000063,-0.000062,-0.000062,0.706348,0.707865
1.850000,-1.849934,-0.000605,0.000060,-0.000062,-0.000062,0.706363,0.707849
1.866667,-1.866601,-0.000569,0.000057,-0.000061,-0.000061,0.706379,0.707834
1.883333,-1.883267,-0.000534,0.000054,-0.000061,-0.000061,0.706392,0.707821
1.900000,-1.899934,-0.000499,0.000051,-0.000061,-0.000061,0.706400,0.707813
1.916667,-1.916601,-0.000468,0.000048,-0.000061,-0.000061,0.706409,0.707804
1.933333,-1.933267,-0.000437,0.000046,-0.000060,-0.000060,0.706425,0.707788
1.950000,-1.949934,-0.000405,0.000043,-0.000060,-0.000060,0.706444,0.707769
1.966667,-1.966601,-0.000374,0.000040,-0.000059,-0.000059,0.706463,0.707750
1.983333,-1.983267,-0.000342,0.000037,-0.000059,-0.000059,0.706481,0.707732
2.000000,-1.999934,-0.000311,0.000034,-0.000059,-0.000059,0.706491,0.707722
2.016667,-2.016601,-0.000284,0.000032,-0.000058,-0.000058,0.706502,0.707711
2.033333,-2.033267,-0.000257,0.000029,-0.000058,-0.000058,0.706517,0.707696
2.050000,-2.049934,-0.000231,0.000026,-0.000057,-0.000057,0.706539,0.707674
2.066667,-2.066600,-0.000204,0.000023,-0.000057,-0.000057,0.706561,0.707652
2.083333,-2.083267,-0.000178,0.000021,-0.000056,-0.000056,0.706583,0.707630
2.100000,-2.099934,-0.000151,0.000018,-0.000056,-0.000056,0.706597,0.707616
2.116667,-2.116600,-0.000127,0.000015,-0.000056,-0.000056,0.706608,0.707605
2.133333,-2.133267,-0.000106,0.000013,-0.000055,-0.000055,0.706622,0.707592
2.150000,-2.149934,-0.000085,0.000010,-0.000055,-0.000055,0.706652,0.707561
2.166667,-2.166600,-0.000064,0.000008,-0.000054,-0.000054,0.706683,0.707531
2.183333,-2.183267,-0.000043,0.000005,-0.000053,-0.000053,0.706713,0.707500
2.200000,-2.199934,-0.000022,0.000003,-0.000053,-0.000053,0.706739,0.707474
2.216667,-2.216600,-0.000002,0.000000,-0.000052,-0.000052,0.706758,0.707455
2.233333,-2.233267,0.000010,-0.000002,-0.000052,-0.000052,0.706777,0.707436
2.250000,-2.249934,0.000022,-0.000005,-0.000051,-0.000051,0.706836,0.707377
2.266667,-2.266600,0.000034,-0.000007,-0.000050,-0.000050,0.706910,0.707304
2.283333,-2.283267,0.000046,-0.000009,-0.000050,-0.000050,0.706984,0.707230
2.300000,-2.299934,0.000058,-0.000012,-0.000049,-0.000049,0.707055,0.707158
2.316667,-2.316600,0.000070,-0.000014,-0.000049,-0.000049,0.707110,0.707104
2.333333,-2.333267,0.000063,-0.000016,-0.000048,-0.000048,0.707165,0.707049
2.350000,-2.349934,0.000049,-0.000019,-0.000048,-0.000048,0.707257,0.706956
2.366667,-2.366600,0.000036,-0.000021,-0.000047,-0.000047,0.707410,0.706803
2.383333,-2.383267,0.000022,-0.000023,-0.000046,-0.000046,0.707563,0.706650
2.400000,-2.399934,0.000008,-0.000025,-0.000045,-0.000045,0.707716,0.706497
2.416667,-2.416600,-0.000005,-0.000027,-0.000045,-0.000045,0.707828,0.706384
2.433333,-2.433267,-0.000037,-0.000029,-0.000044,-0.000044,0.707927,0.706286
2.450000,-2.449933,-0.000097,-0.000031,-0.000044,-0.000044,0.708031,0.706182
2.466667,-2.466600,-0.000157,-0.000033,-0.000043,-0.000043,0.708272,0.705939
2.483333,-2.483267,-0.000217,-0.000035,-0.000042,-0.000042,0.708513,0.705697
2.500000,-2.499933,-0.000277,-0.000038,-0.000042,-0.000042,0.708755,0.705455
2.516667,-2.516600,-0.000337,-0.000040,-0.000041,-0.000041,0.708958,0.705251
2.533333,-2.533266,-0.000400,-0.000042,-0.000040,-0.000041,0.709101,0.705107
2.550000,-2.549932,-0.000528,-0.000043,-0.000040,-0.000040,0.709244,0.704964
2.566667,-2.566599,-0.000655,-0.000045,-0.000039,-0.000040,0.709518,0.704687
2.583333,-2.583265,-0.000783,-0.000047,-0.000039,-0.000039,0.709851,0.704351
2.600000,-2.599931,-0.000911,-0.000049,-0.000038,-0.000038,0.710184,0.704016
2.616667,-2.616597,-0.001038,-0.000051,-0.000037,-0.000037,0.710511,0.703686
2.633333,-2.633263,-0.001166,-0.000052,-0.000037,-0.000037,0.710702,0.703494
2.650000,-2.649929,-0.001356,-0.000054,-0.000036,-0.000037,0.710892,0.703302
2.666667,-2.666594,-0.001574,-0.000056,-0.000036,-0.000036,0.711163,0.703027
2.683333,-2.683259,-0.001791,-0.000057,-0.000035,-0.000035,0.711591,0.702594
2.700000,-2.699925,-0.002009,-0.000059,-0.000034,-0.000034,0.712019,0.702160
2.716667,-2.716590,-0.002227,-0.000061,-0.000033,-0.000034,0.712447,0.701726
2.733333,-2.733255,-0.002444,-0.000062,-0.000033,-0.000033,0.712743,0.701425
2.750000,-2.749920,-0.002701,-0.000064,-0.000032,-0.000033,0.712981,0.701184
2.766667,-2.766583,-0.003031,-0.000065,-0.000032,-0.000032,0.713218,0.700942
2.783333,-2.783246,-0.003362,-0.000067,-0.000031,-0.000032,0.713741,0.700410
2.800000,-2.799910,-0.003693,-0.000068,-0.000030,-0.000031,0.714265,0.699876
2.816667,-2.816573,-0.004023,-0.000070,-0.000029,-0.000030,0.714788,0.699341
2.833333,-2.833237,-0.004354,-0.000071,-0.000029,-0.000029,0.715230,0.698889
2.850000,-2.849900,-0.004685,-0.000073,-0.000028,-0.000029,0.715516,0.698596
2.866667,-2.866560,-0.005151,-0.000074,-0.000028,-0.000029,0.715802,0.698304
2.883333,-2.883220,-0.005618,-0.000075,-0.000027,-0.000028,0.716305,0.697787
2.900000,-2.899880,-0.006085,-0.000076,-0.000026,-0.000027,0.716927,0.697148
2.916667,-2.916540,-0.006552,-0.000078,-0.000026,-0.000026,0.717548,0.696509
2.933333,-2.933201,-0.007019,-0.000079,-0.000025,-0.000026,0.718169,0.695869
2.950000,-2.949861,-0.007486,-0.000080,-0.000024,-0.000025,0.718506,0.695520
2.966667,-2.966517,-0.008057,-0.000081,-0.000024,-0.000025,0.718842,0.695174
2.983333,-2.983172,-0.008685,-0.000082,-0.000024,-0.000024,0.719291,0.694709
3.000000,-2.999827,-0.009312,-0.000083,-0.000023,-0.000024,0.720020,0.693954
3.016667,-3.016482,-0.009940,-0.000084,-0.000022,-0.000023,0.720744,0.693201
3.033333,-3.033137,-0.010568,-0.000086,-0.000021,-0.000022,0.721465,0.692451
3.050000,-3.049792,-0.011196,-0.000087,-0.000021,-0.000021,0.721968,0.691927
3.066667,-3.066444,-0.011878,-0.000088,-0.000020,-0.000021,0.722351,0.691526
3.083333,-3.083447,-0.012708,-0.000089,-0.000020,-0.000021,0.722766,0.691093
3.100000,-3.100450,-0.013537,-0.000089,-0.000019,-0.000020,0.723594,0.690226
3.116667,-3.117453,-0.014367,-0.000090,-0.000018,-0.000019,0.724414,0.689366
3.133333,-3.134456,-0.015197,-0.000091,-0.000017,-0.000018,0.725224,0.688512
3.150000,-3.151459,-0.016026,-0.000092,-0.000017,-0.000018,0.725917,0.687782
3.166667,-3.168461,-0.016872,-0.000093,-0.000016,-0.000017,0.726350,0.687326
3.183333,-3.185884,-0.017941,-0.000094,-0.000016,-0.000017,0.726785,0.686865
3.200000,-3.203307,-0.019010,-0.000094,-0.000015,-0.000016,0.727709,0.685886
3.216667,-3.220730,-0.020080,-0.000095,-0.000014,-0.000015,0.728623,0.684915
3.233333,-3.238153,-0.021149,-0.000096,-0.000014,-0.000015,0.729526,0.683953
3.250000,-3.255577,-0.022218,-0.000097,-0.000013,-0.000014,0.730388,0.683032
3.266667,-3.273000,-0.023290,-0.000097,-0.000013,-0.000013,0.730867,0.682520
3.283333,-3.290829,-0.024635,-0.000098,-0.000012,-0.000013,0.731392,0.681958
3.300000,-3.308658,-0.025980,-0.000099,-0.000011,-0.000012,0.732407,0.680867
3.316667,-3.326488,-0.027324,-0.000099,-0.000011,-0.000011,0.733411,0.679786
3.333333,-3.344317,-0.028669,-0.000100,-0.000010,-0.000011,0.734403,0.678713
3.350000,-3.362146,-0.030014,-0.000100,-0.000009,-0.000010,0.735380,0.677655
3.366667,-3.379974,-0.031384,-0.000101,-0.000009,-0.000010,0.735903,0.677087
3.383333,-3.398194,-0.033040,-0.000101,-0.000008,-0.000009,0.736598,0.676331
3.400000,-3.416414,-0.034697,-0.000102,-0.000008,-0.000008,0.737698,0.675131
3.416667,-3.434634,-0.036353,-0.000102,-0.000007,-0.000007,0.738787,0.673940
3.433333,-3.452854,-0.038010,-0.000102,-0.000006,-0.000007,0.739863,0.672757
3.450000,-3.471074,-0.039666,-0.000103,-0.000005,-0.000006,0.740882,0.671636
3.466667,-3.489285,-0.041417,-0.000103,-0.000005,-0.000006,0.741445,0.671014
3.483333,-3.507879,-0.043422,-0.000103,-0.000005,-0.000005,0.742397,0.669960
3.500000,-3.526472,-0.045427,-0.000103,-0.000004,-0.000004,0.743575,0.668653
3.516667,-3.545066,-0.047432,-0.000104,-0.000003,-0.000003,0.744740,0.667355
3.533333,-3.563660,-0.049437,-0.000104,-0.000002,-0.000003,0.745893,0.666066
3.550000,-3.582254,-0.051442,-0.000104,-0.000002,-0.000002,0.746868,0.664973
3.566667,-3.600822,-0.053663,-0.000104,-0.000001,-0.000002,0.747526,0.664232
3.583333,-3.619771,-0.056053,-0.000104,-0.000001,-0.000001,0.748783,0.662815
3.600000,-3.638720,-0.058443,-0.000104,-0.000000,-0.000000,0.750028,0.661406
3.616667,-3.657669,-0.060833,-0.000104,0.000000,0.000001,0.751259,0.660007
3.633333,-3.676618,-0.063223,-0.000104,0.000001,0.000001,0.752478,0.658618
3.650000,-3.695563,-0.065646,-0.000104,0.000002,0.000002,0.753314,0.657661
3.666667,-3.714847,-0.068457,-0.000104,0.000002,0.000002,0.754390,0.656426
3.683333,-3.734131,-0.071268,-0.000104,0.000003,0.000003,0.755704,0.654914
3.700000,-3.753415,-0.074079,-0.000104,0.000003,0.000004,0.757004,0.653411
3.716667,-3.772699,-0.076890,-0.000103,0.000004,0.000005,0.758291,0.651917
3.733333,-3.791983,-0.079701,-0.000103,0.000005,0.000005,0.759510,0.650496
3.750000,-3.811227,-0.082770,-0.000103,0.000005,0.000006,0.760397,0.649458
3.766667,-3.830824,-0.086036,-0.000102,0.000005,0.000006,0.761770,0.647848
3.783333,-3.850422,-0.089301,-0.000102,0.000006,0.000007,0.763129,0.646247
3.800000,-3.870019,-0.092567,-0.000102,0.000007,0.000008,0.764474,0.644655
3.816667,-3.889616,-0.095833,-0.000101,0.000007,0.000009,0.765806,0.643072
3.833333,-3.909190,-0.099232,-0.000101,0.000008,0.000009,0.766768,0.641924
3.850000,-3.929078,-0.102985,-0.000100,0.000008,0.000010,0.768186,0.640226
3.866667,-3.948965,-0.106738,-0.000100,0.000009,0.000010,0.769590,0.638538
3.883333,-3.968853,-0.110491,-0.000099,0.000009,0.000011,0.770981,0.636859
3.900000,-3.988741,-0.114244,-0.000099,0.000010,0.000012,0.772357,0.635188
3.916667,-4.008621,-0.118035,-0.000098,0.000010,0.000012,0.773509,0.633785
3.933333,-4.028774,-0.122304,-0.000097,0.000011,0.000013,0.774906,0.632076
3.950000,-4.048928,-0.126574,-0.000097,0.000011,0.000014,0.776345,0.630308
3.966667,-4.069082,-0.130843,-0.000096,0.000012,0.000014,0.777771,0.628548
3.983333,-4.089235,-0.135112,-0.000095,0.000012,0.000015,0.779182,0.626798
4.000000,-4.109389,-0.139382,-0.000094,0.000013,0.000016,0.780521,0.625129
4.016667,-4.129444,-0.144089,-0.000093,0.000013,0.000016,0.781892,0.623414
4.033333,-4.149838,-0.148901,-0.000092,0.000013,0.000017,0.783355,0.621575
4.050000,-4.170232,-0.153714,-0.000092,0.000014,0.000018,0.784803,0.619745
4.066667,-4.190626,-0.158526,-0.000091,0.000014,0.000018,0.786237,0.617925
4.083333,-4.211020,-0.163338,-0.000090,0.000015,0.000019,0.787658,0.616113
4.100000,-4.231309,-0.168573,-0.000089,0.000015,0.000019,0.789081,0.614289
4.116667,-4.251918,-0.173951,-0.000088,0.000016,0.000020,0.790552,0.612394
4.133333,-4.272526,-0.179329,-0.000086,0.000016,0.000021,0.792010,0.610508
4.150000,-4.293134,-0.184707,-0.000085,0.000016,0.000021,0.793454,0.608631
4.166667,-4.313743,-0.190084,-0.000084,0.000017,0.000022,0.794884,0.606762
4.183333,-4.334230,-0.195906,-0.000083,0.000017,0.000023,0.796421,0.604742
4.200000,-4.355026,-0.201869,-0.000082,0.000017,0.000023,0.797889,0.602804
4.216667,-4.375822,-0.207831,-0.000080,0.000018,0.000024,0.799344,0.600874
4.233333,-4.396618,-0.213794,-0.000079,0.000018,0.000024,0.800785,0.598952
4.250000,-4.417414,-0.219757,-0.000078,0.000018,0.000025,0.802332,0.596879
4.266667,-4.438061,-0.226219,-0.000077,0.000019,0.000025,0.803860,0.594818
4.283333,-4.459018,-0.232781,-0.000075,0.000019,0.000026,0.805312,0.592851
4.300000,-4.479976,-0.239343,-0.000074,0.000019,0.000026,0.806751,0.590892
4.316667,-4.500933,-0.245905,-0.000072,0.000020,0.000027,0.808176,0.588941
4.333333,-4.521863,-0.252550,-0.000071,0.000020,0.000028,0.809884,0.586591
4.350000,-4.542956,-0.259723,-0.000069,0.000020,0.000028,0.811319,0.584604
4.366667,-4.564048,-0.266895,-0.000068,0.000021,0.000029,0.812745,0.582620
4.383333,-4.585141,-0.274067,-0.000066,0.000021,0.000029,0.814157,0.580644
4.400000,-4.606233,-0.281240,-0.000064,0.000021,0.000030,0.815557,0.578676
4.416667,-4.627251,-0.288622,-0.000063,0.000021,0.000030,0.817337,0.576159
4.433333,-4.648453,-0.296411,-0.000061,0.000022,0.000031,0.818742,0.574161
4.450000,-4.669656,-0.304200,-0.000059,0.000022,0.000031,0.820135,0.572171
4.466667,-4.690858,-0.311989,-0.000058,0.000022,0.000032,0.821515,0.570187
4.483333,-4.712060,-0.319779,-0.000056,0.000022,0.000032,0.822943,0.568124
4.500000,-4.733122,-0.327935,-0.000054,0.000022,0.000033,0.824712,0.565553
4.516667,-4.754409,-0.336343,-0.000052,0.000023,0.000033,0.826075,0.563560
4.533333,-4.775696,-0.344752,-0.000050,0.000023,0.000034,0.827426,0.561575
4.550000,-4.796983,-0.353160,-0.000049,0.000023,0.000034,0.828765,0.559596
4.566667,-4.818252,-0.361613,-0.000047,0.000023,0.000034,0.830437,0.557113
4.583333,-4.839600,-0.370640,-0.000045,0.000023,0.000035,0.831941,0.554864
4.600000,-4.860949,-0.379667,-0.000043,0.000023,0.000035,0.833255,0.552888
4.616667,-4.882298,-0.388694,-0.000041,0.000024,0.000036,0.834559,0.550919
4.633333,-4.903646,-0.397721,-0.000039,0.000024,0.000036,0.835855,0.548951
4.650000,-4.924882,-0.407008,-0.000037,0.000024,0.000037,0.837720,0.546101
4.666667,-4.946270,-0.416648,-0.000035,0.000024,0.000037,0.838991,0.544145
4.683333,-4.967659,-0.426289,-0.000033,0.000024,0.000037,0.840253,0.542195
4.700000,-4.989048,-0.435929,-0.000031,0.000024,0.000038,0.841503,0.540252
4.716667,-5.010435,-0.445573,-0.000029,0.000024,0.000038,0.843076,0.537795
4.733333,-5.031844,-0.455819,-0.000026,0.000024,0.000038,0.844592,0.535410
4.750000,-5.053252,-0.466066,-0.000024,0.000024,0.000039,0.845808,0.533488
4.766667,-5.074661,-0.476313,-0.000022,0.000024,0.000039,0.847013,0.531572
4.783333,-5.096070,-0.486559,-0.000020,0.000025,0.000039,0.848286,0.529538
4.800000,-5.117350,-0.497067,-0.000018,0.000025,0.000040,0.850053,0.526698
4.816667,-5.138760,-0.507909,-0.000015,0.000025,0.000040,0.851219,0.524810
4.833333,-5.160170,-0.518752,-0.000013,0.000025,0.000040,0.852377,0.522929
4.850000,-5.181580,-0.529594,-0.000011,0.000025,0.000040,0.853525,0.521052
4.866667,-5.202957,-0.540498,-0.000009,0.000027,0.000045,0.855089,0.518482
4.883333,-5.224352,-0.551924,-0.000006,0.000030,0.000051,0.856461,0.516212
4.900000,-5.245746,-0.563350,-0.000004,0.000034,0.000056,0.857570,0.514367
4.916667,-5.267141,-0.574776,-0.000002,0.000037,0.000062,0.858671,0.512527
4.933333,-5.288535,-0.586202,0.000001,0.000047,0.000079,0.860001,0.510293
4.950000,-5.309740,-0.597974,0.000005,0.000065,0.000110,0.861551,0.507672
4.966667,-5.331103,-0.609971,0.000011,0.000082,0.000141,0.862621,0.505851
4.983333,-5.352466,-0.621968,0.000016,0.000100,0.000171,0.863683,0.504035
5.000000,-5.373829,-0.633965,0.000022,0.000122,0.000209,0.864822,0.502079
5.016667,-5.395079,-0.646159,0.000034,0.000165,0.000286,0.866394,0.499360
5.033333,-5.416391,-0.658720,0.000054,0.000205,0.000358,0.867552,0.497346
5.050000,-5.437704,-0.671281,0.000073,0.000244,0.000428,0.868585,0.495540
5.066667,-5.459016,-0.683842,0.000093,0.000283,0.000499,0.869611,0.493737
5.083333,-5.480286,-0.696474,0.000117,0.000355,0.000629,0.871099,0.491108
5.100000,-5.501529,-0.709594,0.000163,0.000422,0.000753,0.872395,0.488800
5.116667,-5.522772,-0.722714,0.000209,0.000482,0.000864,0.873406,0.486992
5.133333,-5.544014,-0.735833,0.000255,0.000540,0.000974,0.874409,0.485188
5.150000,-5.565257,-0.748953,0.000301,0.000630,0.001143,0.875761,0.482742
5.166667,-5.586246,-0.762474,0.000380,0.000727,0.001328,0.877171,0.480176
5.183333,-5.607398,-0.776149,0.000464,0.000804,0.001476,0.878162,0.478361
5.200000,-5.628551,-0.789823,0.000547,0.000880,0.001623,0.879146,0.476549
5.216667,-5.649703,-0.803497,0.000630,0.000983,0.001824,0.880389,0.474249
5.233333,-5.670651,-0.817480,0.000746,0.001108,0.002072,0.881850,0.471525
5.250000,-5.691692,-0.831705,0.000877,0.001202,0.002259,0.882856,0.469636
5.266667,-5.712733,-0.845930,0.001008,0.001292,0.002441,0.883821,0.467816
5.283333,-5.733773,-0.860155,0.001139,0.001405,0.002670,0.884975,0.465629
5.300000,-5.754653,-0.874613,0.001300,0.001550,0.002969,0.886411,0.462887
5.316667,-5.775561,-0.889385,0.001489,0.001665,0.003208,0.887499,0.460796
5.333333,-5.796470,-0.904156,0.001678,0.001769,0.003423,0.888447,0.458962
5.350000,-5.817378,-0.918928,0.001866,0.001889,0.003678,0.889532,0.456855
5.366667,-5.838161,-0.933873,0.002081,0.002052,0.004026,0.890945,0.454089
5.383333,-5.858914,-0.949188,0.002338,0.002187,0.004319,0.892095,0.451822
5.400000,-5.879667,-0.964503,0.002594,0.002301,0.004566,0.893029,0.449970
5.416667,-5.900421,-0.979818,0.002850,0.002428,0.004846,0.894062,0.447911
5.433333,-5.921077,-0.995260,0.003128,0.002605,0.005241,0.895454,0.445116
5.450000,-5.941653,-1.011115,0.003461,0.002759,0.005588,0.896649,0.442697
5.466667,-5.962229,-1.026970,0.003793,0.002881,0.005866,0.897570,0.440824
5.483333,-5.982805,-1.042825,0.004126,0.003014,0.006173,0.898565,0.438786
5.500000,-6.003305,-1.058775,0.004477,0.003203,0.006613,0.899937,0.435958
5.516667,-6.023680,-1.075166,0.004896,0.003373,0.007013,0.901162,0.433412
5.533333,-6.044056,-1.091557,0.005314,0.003502,0.007321,0.902069,0.431515
5.550000,-6.064431,-1.107948,0.005732,0.003641,0.007656,0.903041,0.429471
5.566667,-6.084744,-1.124414,0.006167,0.003840,0.008140,0.904394,0.426604
5.583333,-6.104895,-1.141337,0.006679,0.004021,0.008590,0.905635,0.423953
5.600000,-6.125046,-1.158260,0.007192,0.004156,0.008927,0.906529,0.422029
5.616667,-6.145197,-1.175182,0.007704,0.004301,0.009294,0.907488,0.419953
5.633333,-6.165291,-1.192171,0.008232,0.004506,0.009820,0.908822,0.417045
5.650000,-6.185194,-1.209622,0.008847,0.004697,0.010318,0.910066,0.414309
5.666667,-6.205096,-1.227073,0.009462,0.004836,0.010683,0.910947,0.412356
5.683333,-6.224999,-1.244523,0.010078,0.004987,0.011085,0.911904,0.410223
5.700000,-6.244841,-1.262041,0.010710,0.005197,0.011653,0.913219,0.407269
5.716667,-6.264471,-1.280014,0.011435,0.005393,0.012194,0.914454,0.404470
5.733333,-6.284101,-1.297987,0.012161,0.005535,0.012586,0.915323,0.402486
5.750000,-6.303731,-1.315960,0.012887,0.005691,0.013028,0.916285,0.400273
5.766667,-6.323288,-1.334010,0.013634,0.005904,0.013637,0.917581,0.397272
5.783333,-6.342620,-1.352501,0.014478,0.006102,0.014215,0.918796,0.394430
5.800000,-6.361952,-1.370991,0.015322,0.006245,0.014635,0.919652,0.392412
5.816667,-6.381285,-1.389481,0.016167,0.006407,0.015120,0.920628,0.390095
5.833333,-6.400522,-1.408067,0.017038,0.006620,0.015769,0.921903,0.387043
5.850000,-6.419532,-1.427068,0.018009,0.006817,0.016380,0.923089,0.384177
5.866667,-6.438541,-1.446069,0.018979,0.006959,0.016825,0.923931,0.382125
5.883333,-6.457551,-1.465070,0.019949,0.007126,0.017360,0.924927,0.379681
5.900000,-6.476434,-1.484193,0.020957,0.007338,0.018047,0.926180,0.376578
5.916667,-6.495095,-1.503697,0.022061,0.007530,0.018684,0.927327,0.373709
5.933333,-6.513757,-1.523202,0.023164,0.007669,0.019155,0.928155,0.371622
5.950000,-6.532418,-1.542706,0.024267,0.007842,0.019745,0.929174,0.369032
5.966667,-6.550911,-1.562365,0.025421,0.008049,0.020469,0.930404,0.365874
5.983333,-6.569200,-1.582364,0.026665,0.008233,0.021126,0.931505,0.363022
6.000000,-6.587488,-1.602364,0.027909,0.008369,0.021621,0.932317,0.360898
6.016667,-6.605776,-1.622363,0.029152,0.008545,0.022271,0.933363,0.358140
6.033333,-6.623844,-1.642555,0.030462,0.008747,0.023031,0.934569,0.354927
6.050000,-6.641733,-1.663041,0.031853,0.008919,0.023700,0.935616,0.352111
6.066667,-6.659623,-1.683526,0.033243,0.009051,0.024219,0.936412,0.349950
6.083333,-6.677512,-1.704011,0.034633,0.009229,0.024934,0.937487,0.347004
6.100000,-6.695118,-1.724733,0.036110,0.009422,0.025729,0.938667,0.343735
6.116667,-6.712583,-1.745693,0.037652,0.009581,0.026403,0.939652,0.340976
6.133333,-6.730048,-1.766654,0.039195,0.009706,0.026945,0.940430,0.338778
6.150000,-6.747513,-1.787615,0.040738,0.009885,0.027729,0.941535,0.335628
6.166667,-6.764621,-1.808858,0.042390,0.010067,0.028557,0.942686,0.332304
6.183333,-6.781638,-1.830282,0.044092,0.010211,0.029230,0.943606,0.329620
6.200000,-6.798654,-1.851707,0.045793,0.010328,0.029793,0.944365,0.327385
6.216667,-6.815670,-1.873131,0.047495,0.010504,0.030652,0.945498,0.324013
6.233333,-6.832245,-1.894887,0.049331,0.010673,0.031512,0.946619,0.320634
6.250000,-6.848787,-1.916762,0.051196,0.010800,0.032174,0.947468,0.318045
6.266667,-6.865330,-1.938637,0.053062,0.010918,0.032805,0.948264,0.315594
6.283333,-6.881872,-1.960513,0.054927,0.011080,0.033696,0.949367,0.312161
6.300000,-6.897879,-1.982769,0.056956,0.011234,0.034585,0.950455,0.308728
6.316667,-6.913923,-2.005081,0.058989,0.011343,0.035230,0.951230,0.306254
6.333333,-6.929968,-2.027392,0.061023,0.011458,0.035935,0.952063,0.303567
6.350000,-6.945926,-2.049762,0.063084,0.011603,0.036853,0.953130,0.300083
6.366667,-6.961449,-2.072495,0.065291,0.011740,0.037769,0.954183,0.296598
6.383333,-6.976972,-2.095228,0.067497,0.011830,0.038389,0.954882,0.294258
6.400000,-6.992495,-2.117960,0.069704,0.011940,0.039171,0.955748,0.291324
6.416667,-7.007833,-2.140810,0.071967,0.012066,0.040114,0.956777,0.287789
6.433333,-7.022813,-2.163947,0.074351,0.012179,0.041007,0.957741,0.284435
6.450000,-7.037792,-2.187083,0.076734,0.012256,0.041644,0.958414,0.282061
6.466667,-7.052771,-2.210220,0.079118,0.012356,0.042505,0.959309,0.278869
6.483333,-7.067457,-2.233531,0.081589,0.012462,0.043470,0.960298,0.275286
6.500000,-7.081870,-2.257053,0.084153,0.012550,0.044333,0.961170,0.272084
6.516667,-7.096284,-2.280576,0.086716,0.012613,0.044984,0.961816,0.269679
6.533333,-7.110697,-2.304098,0.089280,0.012700,0.045925,0.962733,0.266222
6.550000,-7.124701,-2.327850,0.091965,0.012783,0.046911,0.963681,0.262594
6.566667,-7.138528,-2.351737,0.094711,0.012847,0.047735,0.964460,0.259562
6.583333,-7.152355,-2.375625,0.097456,0.012896,0.048416,0.965094,0.257066
6.600000,-7.166182,-2.399513,0.100202,0.012964,0.049421,0.966011,0.253401
6.616667,-7.179478,-2.423681,0.103105,0.013023,0.050424,0.966913,0.249733
6.633333,-7.192699,-2.447913,0.106035,0.013065,0.051203,0.967603,0.246886
6.650000,-7.205921,-2.472145,0.108965,0.013101,0.051961,0.968261,0.244128
6.666667,-7.219111,-2.496394,0.111905,0.013143,0.052980,0.969131,0.240427
6.683333,-7.231710,-2.520948,0.115020,0.013178,0.053996,0.969986,0.236721
6.700000,-7.244309,-2.545502,0.118136,0.013198,0.054725,0.970588,0.234074
6.716667,-7.256908,-2.570057,0.121251,0.013217,0.055558,0.971264,0.231053
6.733333,-7.269352,-2.594682,0.124411,0.013233,0.056588,0.972085,0.227319
6.750000,-7.281312,-2.619535,0.127712,0.013241,0.057598,0.972878,0.223643
6.766667,-7.293273,-2.644387,0.131014,0.013242,0.058288,0.973408,0.221143
6.783333,-7.305233,-2.669240,0.134315,0.013239,0.059196,0.974094,0.217859
6.800000,-7.316912,-2.694213,0.137697,0.013228,0.060233,0.974864,0.214096
6.816667,-7.328222,-2.719343,0.141184,0.013211,0.061186,0.975559,0.210632
6.833333,-7.339531,-2.744474,0.144672,0.013194,0.061880,0.976056,0.208114
6.850000,-7.350840,-2.769604,0.148159,0.013165,0.062859,0.976743,0.204569
6.866667,-7.361738,-2.794897,0.151763,0.013126,0.063901,0.977461,0.200784
6.883333,-7.372387,-2.820288,0.155437,0.013086,0.064792,0.978064,0.197540
6.900000,-7.383036,-2.845679,0.159111,0.013051,0.065489,0.978526,0.195005
6.916667,-7.393686,-2.871070,0.162785,0.012992,0.066535,0.979205,0.191210
6.933333,-7.403792,-2.896658,0.166611,0.012925,0.067577,0.979869,0.187409
6.950000,-7.413774,-2.922291,0.170471,0.012866,0.068403,0.980385,0.184395
6.966667,-7.423755,-2.947925,0.174331,0.012807,0.069167,0.980851,0.181611
6.983333,-7.433734,-2.973559,0.178192,0.012719,0.070210,0.981476,0.177805
7.000000,-7.443043,-2.999416,0.182238,0.012623,0.071250,0.982085,0.173995
7.016667,-7.452351,-3.025273,0.186283,0.012548,0.072007,0.982518,0.171216
7.033333,-7.461660,-3.051130,0.190329,0.012462,0.072834,0.982982,0.168186
7.050000,-7.470836,-3.077027,0.194411,0.012346,0.073871,0.983550,0.164377
7.066667,-7.479467,-3.103089,0.198641,0.012221,0.074902,0.984102,0.160570
7.083333,-7.488097,-3.129151,0.202870,0.012134,0.075591,0.984462,0.158029
7.100000,-7.496727,-3.155213,0.207100,0.012017,0.076477,0.984914,0.154760
7.116667,-7.505095,-3.181347,0.211400,0.011872,0.077504,0.985427,0.150953
7.133333,-7.513045,-3.207595,0.215812,0.011730,0.078461,0.985892,0.147391
7.150000,-7.520995,-3.233842,0.220225,0.011624,0.079142,0.986214,0.144855
7.166667,-7.528945,-3.260090,0.224637,0.011473,0.080083,0.986648,0.141353
7.183333,-7.536501,-3.286433,0.229152,0.011301,0.081097,0.987104,0.137556
7.200000,-7.543769,-3.312847,0.233745,0.011145,0.081978,0.987488,0.134246
7.216667,-7.551037,-3.339261,0.238337,0.011021,0.082650,0.987774,0.131718
7.233333,-7.558304,-3.365675,0.242929,0.010833,0.083640,0.988183,0.127992
7.250000,-7.565049,-3.392202,0.247657,0.010634,0.084639,0.988582,0.124210
7.266667,-7.571635,-3.418763,0.252426,0.010468,0.085442,0.988894,0.121159
7.283333,-7.578220,-3.445324,0.257196,0.010317,0.086151,0.989161,0.118460
7.300000,-7.584806,-3.471885,0.261965,0.010101,0.087137,0.989519,0.114704
7.316667,-7.590741,-3.498568,0.266901,0.009876,0.088117,0.989863,0.110945
7.333333,-7.596648,-3.525257,0.271844,0.009705,0.088842,0.990109,0.108154
7.350000,-7.602554,-3.551946,0.276788,0.009521,0.089598,0.990357,0.105240
7.366667,-7.608360,-3.578650,0.281757,0.009280,0.090562,0.990660,0.101512
7.383333,-7.613590,-3.605448,0.286871,0.009031,0.091521,0.990950,0.097782
7.400000,-7.618820,-3.632245,0.291984,0.008858,0.092169,0.991137,0.095253
7.416667,-7.624049,-3.659043,0.297098,0.008640,0.092968,0.991360,0.092131
7.433333,-7.629051,-3.685871,0.302269,0.008375,0.093908,0.991610,0.088437
7.450000,-7.633610,-3.712758,0.307550,0.008117,0.094796,0.991834,0.084925
7.466667,-7.638168,-3.739646,0.312830,0.007933,0.095415,0.991983,0.082474
7.483333,-7.642727,-3.766533,0.318111,0.007679,0.096250,0.992175,0.079156
7.500000,-7.646932,-3.793459,0.323478,0.007392,0.097165,0.992373,0.075501
7.516667,-7.650826,-3.820419,0.328921,0.007133,0.097970,0.992537,0.072263
7.533333,-7.654719,-3.847378,0.334364,0.006935,0.098571,0.992652,0.069840
7.550000,-7.658612,-3.874338,0.339807,0.006644,0.099438,0.992808,0.066336
7.566667,-7.662031,-3.901337,0.345364,0.006338,0.100324,0.992955,0.062726
7.583333,-7.665267,-3.928351,0.350966,0.006081,0.101049,0.993066,0.059762
7.600000,-7.668502,-3.955365,0.356567,0.005860,0.101660,0.993153,0.057250
7.616667,-7.671738,-3.982379,0.362168,0.005542,0.102524,0.993265,0.053694
7.633333,-7.674382,-4.009427,0.367909,0.005218,0.103381,0.993364,0.050135
7.650000,-7.676969,-4.036479,0.373664,0.004968,0.104026,0.993430,0.047446
7.666667,-7.679556,-4.063531,0.379418,0.004716,0.104668,0.993488,0.044763
7.683333,-7.682077,-4.090585,0.385188,0.004384,0.105497,0.993552,0.041288
7.700000,-7.684026,-4.117658,0.391091,0.004046,0.106319,0.993605,0.037811
7.716667,-7.685976,-4.144731,0.396995,0.003810,0.106885,0.993633,0.035418
7.733333,-7.687925,-4.171804,0.402898,0.003530,0.107547,0.993659,0.032612
7.750000,-7.689694,-4.198879,0.408842,0.003189,0.108336,0.993679,0.029254
7.766667,-7.691031,-4.225959,0.414887,0.002856,0.109092,0.993687,0.026015
7.783333,-7.692367,-4.253038,0.420932,0.002628,0.109604,0.993686,0.023824
7.800000,-7.693704,-4.280117,0.426977,0.002325,0.110276,0.993678,0.020946
7.816667,-7.694757,-4.307192,0.433086,0.001982,0.111022,0.993658,0.017737
7.833333,-7.695510,-4.334264,0.439266,0.001670,0.111688,0.993631,0.014855
7.850000,-7.696263,-4.361335,0.445445,0.001441,0.112171,0.993606,0.012767
7.866667,-7.697016,-4.388406,0.451624,0.001118,0.112849,0.993563,0.009844
7.883333,-7.697395,-4.415464,0.457889,0.000776,0.113553,0.993508,0.006789
7.900000,-7.697592,-4.442516,0.464195,0.000489,0.114135,0.993456,0.004252
7.916667,-7.697790,-4.469568,0.470501,0.000255,0.114603,0.993409,0.002215
7.933333,-7.697988,-4.496619,0.476808,-0.000080,0.115271,0.993334,-0.000688
7.950000,-7.697730,-4.523645,0.483219,-0.000419,0.115935,0.993250,-0.003592
7.966667,-7.697401,-4.550667,0.489646,-0.000681,0.116441,0.993180,-0.005808
7.983333,-7.697073,-4.577689,0.496073,-0.000931,0.116921,0.993109,-0.007909
8.000000,-7.696716,-4.604709,0.502507,-0.001263,0.117552,0.993009,-0.010665
8.016667,-7.695889,-4.631693,0.509049,-0.001598,0.118178,0.992900,-0.013423
8.033333,-7.695062,-4.658677,0.515590,-0.001833,0.118614,0.992820,-0.015344
8.050000,-7.694234,-4.685661,0.522132,-0.002099,0.119105,0.992725,-0.017496
8.066667,-7.693290,-4.712633,0.528701,-0.002425,0.119699,0.992603,-0.020113
8.083333,-7.691989,-4.739572,0.535351,-0.002748,0.120278,0.992477,-0.022678
8.100000,-7.690689,-4.766510,0.542001,-0.002964,0.120663,0.992390,-0.024376
8.116667,-7.689388,-4.793449,0.548652,-0.003244,0.121161,0.992272,-0.026567
8.133333,-7.687892,-4.820365,0.555347,-0.003564,0.121723,0.992133,-0.029049
8.150000,-7.686144,-4.847253,0.562101,-0.003859,0.122233,0.992000,-0.031315
8.166667,-7.684397,-4.874140,0.568854,-0.004069,0.122597,0.991902,-0.032924
8.183333,-7.682650,-4.901028,0.575608,-0.004362,0.123100,0.991762,-0.035143
8.200000,-7.680636,-4.927880,0.582423,-0.004675,0.123631,0.991609,-0.037497
8.216667,-7.678466,-4.954712,0.589275,-0.004942,0.124079,0.991474,-0.039488
8.233333,-7.676295,-4.981544,0.596126,-0.005149,0.124425,0.991367,-0.041023
8.250000,-7.674125,-5.008376,0.602978,-0.005452,0.124930,0.991207,-0.043253
8.266667,-7.671626,-5.035159,0.609906,-0.005757,0.125433,0.991042,-0.045484
8.283333,-7.669054,-5.061932,0.616851,-0.005996,0.125824,0.990910,-0.047222
8.300000,-7.666483,-5.088704,0.623796,-0.006215,0.126181,0.990787,-0.048804
8.316667,-7.663908,-5.115476,0.630742,-0.006510,0.126659,0.990617,-0.050918
8.333333,-7.660959,-5.142186,0.637775,-0.006807,0.127135,0.990443,-0.053032
8.350000,-7.658010,-5.168896,0.644809,-0.007020,0.127474,0.990317,-0.054536
8.366667,-7.655061,-5.195606,0.651842,-0.007250,0.127841,0.990177,-0.056154
8.383333,-7.652040,-5.222304,0.658893,-0.007537,0.128295,0.990001,-0.058157
8.400000,-7.648733,-5.248950,0.666011,-0.007824,0.128744,0.989821,-0.060152
8.416667,-7.645427,-5.275595,0.673130,-0.008012,0.129039,0.989701,-0.061451
8.433333,-7.642120,-5.302241,0.680248,-0.008252,0.129413,0.989547,-0.063099
8.450000,-7.638681,-5.328861,0.687398,-0.008530,0.129844,0.989365,-0.064997
8.466667,-7.635036,-5.355441,0.694597,-0.008790,0.130243,0.989193,-0.066761
8.483333,-7.631392,-5.382021,0.701796,-0.008973,0.130523,0.989070,-0.067993
8.500000,-7.627747,-5.408601,0.708995,-0.009222,0.130904,0.988901,-0.069663
8.516667,-7.623916,-5.435142,0.716239,-0.009491,0.131314,0.988716,-0.071462
8.533333,-7.619952,-5.461656,0.723515,-0.009725,0.131667,0.988554,-0.073013
8.550000,-7.615988,-5.488169,0.730791,-0.009901,0.131933,0.988430,-0.074179
8.566667,-7.612025,-5.514682,0.738067,-0.010158,0.132321,0.988247,-0.075864
8.583333,-7.607827,-5.541143,0.745400,-0.010419,0.132711,0.988060,-0.077569
8.600000,-7.603561,-5.567589,0.752750,-0.010627,0.133022,0.987909,-0.078924
8.616667,-7.599296,-5.594035,0.760100,-0.010810,0.133295,0.987774,-0.080109
8.633333,-7.595030,-5.620481,0.767450,-0.011061,0.133668,0.987589,-0.081724
8.650000,-7.590489,-5.646862,0.774868,-0.011313,0.134040,0.987400,-0.083339
8.666667,-7.585938,-5.673240,0.782289,-0.011498,0.134312,0.987261,-0.084516
8.683333,-7.581387,-5.699619,0.789709,-0.011690,0.134595,0.987116,-0.085731
8.700000,-7.576794,-5.725987,0.797140,-0.011932,0.134952,0.986930,-0.087264
8.716667,-7.571973,-5.752299,0.804628,-0.012176,0.135307,0.986742,-0.088796
8.733333,-7.567152,-5.778610,0.812117,-0.012338,0.135544,0.986615,-0.089810
8.750000,-7.562331,-5.804921,0.819605,-0.012538,0.135835,0.986459,-0.091050
8.766667,-7.557422,-5.831210,0.827116,-0.012772,0.136177,0.986274,-0.092503
8.783333,-7.552346,-5.857454,0.834669,-0.012995,0.136499,0.986097,-0.093877
8.800000,-7.547269,-5.883699,0.842222,-0.013148,0.136721,0.985973,-0.094820
8.816667,-7.542193,-5.909944,0.849776,-0.013354,0.137021,0.985807,-0.096079
8.833333,-7.536987,-5.936153,0.857363,-0.013581,0.137348,0.985623,-0.097457
8.850000,-7.531669,-5.962332,0.864978,-0.013780,0.137635,0.985460,-0.098668
8.866667,-7.526352,-5.988511,0.872594,-0.013929,0.137848,0.985338,-0.099561
8.883333,-7.521034,-6.014689,0.880210,-0.014141,0.138155,0.985163,-0.100834
8.900000,-7.515551,-6.040821,0.887869,-0.014359,0.138468,0.984981,-0.102141
8.916667,-7.510005,-6.066935,0.895545,-0.014537,0.138723,0.984832,-0.103202
8.933333,-7.504459,-6.093048,0.903221,-0.014687,0.138939,0.984705,-0.104094
8.950000,-7.498913,-6.119162,0.910897,-0.014897,0.139241,0.984528,-0.105334
8.966667,-7.493168,-6.145217,0.918626,-0.015108,0.139542,0.984348,-0.106574
8.983333,-7.487406,-6.171267,0.926360,-0.015266,0.139768,0.984213,-0.107498
9.000000,-7.481644,-6.197317,0.934094,-0.015423,0.139994,0.984078,-0.108415
9.016667,-7.475859,-6.223360,0.941833,-0.015626,0.140285,0.983903,-0.109592
9.033333,-7.469892,-6.249347,0.949623,-0.015829,0.140575,0.983727,-0.110769
9.050000,-7.463926,-6.275333,0.957413,-0.015967,0.140773,0.983606,-0.111567
9.066667,-7.457959,-6.301320,0.965203,-0.016131,0.141008,0.983463,-0.112504
9.083333,-7.451934,-6.327289,0.973008,-0.016326,0.141288,0.983291,-0.113621
9.100000,-7.445774,-6.353215,0.980852,-0.016515,0.141557,0.983124,-0.114696
9.116667,-7.439613,-6.379140,0.988696,-0.016643,0.141740,0.983011,-0.115422
9.133333,-7.433453,-6.405066,0.996539,-0.016812,0.141983,0.982861,-0.116377
9.150000,-7.427202,-6.430961,1.004409,-0.017000,0.142253,0.982692,-0.117438
9.166667,-7.420858,-6.456827,1.012304,-0.017169,0.142494,0.982540,-0.118389
9.183333,-7.414514,-6.482692,1.020200,-0.017293,0.142671,0.982429,-0.119078
9.200000,-7.408170,-6.508558,1.028096,-0.017467,0.142922,0.982271,-0.120047
9.216667,-7.401707,-6.534383,1.036026,-0.017649,0.143182,0.982106,-0.121056
9.233333,-7.395189,-6.560189,1.043972,-0.017800,0.143398,0.981969,-0.121892
9.250000,-7.388671,-6.585996,1.051918,-0.017923,0.143574,0.981857,-0.122567
9.266667,-7.382153,-6.611802,1.059864,-0.018098,0.143827,0.981696,-0.123526
9.283333,-7.375491,-6.637559,1.067852,-0.018273,0.144079,0.981535,-0.124484
9.300000,-7.368807,-6.663308,1.075847,-0.018407,0.144272,0.981411,-0.125214
9.316667,-7.362124,-6.689058,1.083842,-0.018535,0.144458,0.981293,-0.125909
9.333333,-7.355431,-6.714803,1.091840,-0.018704,0.144703,0.981136,-0.126819
9.350000,-7.348592,-6.740497,1.099882,-0.018873,0.144947,0.980979,-0.127730
9.366667,-7.341753,-6.766190,1.107924,-0.018991,0.145119,0.980869,-0.128361
9.383333,-7.334913,-6.791884,1.115966,-0.019125,0.145314,0.980744,-0.129074
9.400000,-7.328037,-6.817563,1.124020,-0.019287,0.145552,0.980591,-0.129939
9.416667,-7.321049,-6.843202,1.132109,-0.019447,0.145783,0.980441,-0.130785
9.433333,-7.314062,-6.868841,1.140197,-0.019553,0.145939,0.980340,-0.131348
9.450000,-7.307075,-6.894481,1.148285,-0.019691,0.146142,0.980210,-0.132076
9.466667,-7.300025,-6.920096,1.156393,-0.019848,0.146372,0.980061,-0.132899
9.483333,-7.292897,-6.945682,1.164526,-0.019992,0.146582,0.979925,-0.133649
9.500000,-7.285769,-6.971269,1.172658,-0.020095,0.146732,0.979827,-0.134184
9.516667,-7.278642,-6.996855,1.180791,-0.020237,0.146944,0.979691,-0.134924
9.533333,-7.271429,-7.022409,1.188951,-0.020389,0.147167,0.979546,-0.135707
9.550000,-7.264168,-7.047944,1.197127,-0.020517,0.147357,0.979423,-0.136368
9.566667,-7.256906,-7.073478,1.205303,-0.020617,0.147505,0.979327,-0.136881
9.583333,-7.249645,-7.099013,1.213479,-0.020763,0.147723,0.979186,-0.137625
9.600000,-7.242280,-7.124507,1.221690,-0.020909,0.147941,0.979046,-0.138370
9.616667,-7.234892,-7.149992,1.229909,-0.021023,0.148111,0.978935,-0.138949
9.633333,-7.227505,-7.175477,1.238127,-0.021128,0.148268,0.978834,-0.139480
9.650000,-7.220115,-7.200961,1.246346,-0.021268,0.148480,0.978697,-0.140188
9.666667,-7.212607,-7.226398,1.254605,-0.021409,0.148692,0.978561,-0.140896
9.683333,-7.205099,-7.251835,1.262865,-0.021510,0.148843,0.978463,-0.141400
9.700000,-7.197591,-7.277271,1.271124,-0.021619,0.149009,0.978356,-0.141945
9.716667,-7.190060,-7.302698,1.279391,-0.021755,0.149216,0.978224,-0.142619
9.733333,-7.182438,-7.328088,1.287691,-0.021890,0.149421,0.978091,-0.143288
9.750000,-7.174817,-7.353478,1.295990,-0.021979,0.149557,0.978004,-0.143725
9.766667,-7.167195,-7.378867,1.304289,-0.022092,0.149732,0.977893,-0.144282
9.783333,-7.159531,-7.404239,1.312604,-0.022223,0.149933,0.977765,-0.144923
9.800000,-7.151801,-7.429583,1.320943,-0.022345,0.150120,0.977645,-0.145518
9.816667,-7.144072,-7.454928,1.329281,-0.022430,0.150252,0.977560,-0.145934
9.833333,-7.136343,-7.480272,1.337619,-0.022548,0.150435,0.977445,-0.146502
9.850000,-7.128553,-7.505590,1.345980,-0.022674,0.150631,0.977320,-0.147113
9.866667,-7.120720,-7.530890,1.354356,-0.022783,0.150801,0.977212,-0.147638
9.883333,-7.112888,-7.556190,1.362733,-0.022866,0.150930,0.977130,-0.148035
9.900000,-7.105056,-7.581491,1.371109,-0.022986,0.151120,0.977010,-0.148611
9.916667,-7.097147,-7.606757,1.379514,-0.023108,0.151311,0.976889,-0.149192
9.933333,-7.089218,-7.632015,1.387928,-0.023206,0.151464,0.976793,-0.149653
9.950000,-7.081288,-7.657272,1.396341,-0.023292,0.151600,0.976707,-0.150059
9.966667,-7.073358,-7.682530,1.404755,-0.023409,0.151788,0.976590,-0.150612
9.983333,-7.065339,-7.707747,1.413203,-0.023527,0.151975,0.976473,-0.151164
10.000000,-7.057316,-7.732963,1.421653,-0.023613,0.152113,0.976387,-0.151566
10.016667,-7.049294,-7.758179,1.430103,-0.023703,0.152258,0.976297,-0.151984
10.033333,-7.041258,-7.783389,1.438558,-0.023816,0.152442,0.976184,-0.152509
10.050000,-7.033148,-7.808565,1.447044,-0.023930,0.152625,0.976070,-0.153035
10.066667,-7.025038,-7.833741,1.455529,-0.024005,0.152748,0.975995,-0.153382
10.083333,-7.016928,-7.858917,1.464014,-0.024099,0.152901,0.975901,-0.153810
10.100000,-7.008789,-7.884079,1.472512,-0.024208,0.153081,0.975791,-0.154311
10.116667,-7.000596,-7.909217,1.481032,-0.024312,0.153251,0.975687,-0.154783
10.133333,-6.992402,-7.934354,1.489552,-0.024384,0.153370,0.975615,-0.155109
10.150000,-6.984209,-7.959491,1.498072,-0.024480,0.153530,0.975518,-0.155545
10.166667,-6.975973,-7.984608,1.506610,-0.024586,0.153706,0.975411,-0.156022
10.183333,-6.967700,-8.009708,1.515164,-0.024679,0.153861,0.975318,-0.156440
10.200000,-6.959428,-8.034808,1.523718,-0.024748,0.153977,0.975248,-0.156750
10.216667,-6.951156,-8.059908,1.532272,-0.024848,0.154145,0.975147,-0.157192
10.233333,-6.942828,-8.084981,1.540850,-0.024950,0.154317,0.975044,-0.157646
10.250000,-6.934480,-8.110045,1.549438,-0.025033,0.154457,0.974960,-0.158014
10.266667,-6.926133,-8.135108,1.558025,-0.025104,0.154577,0.974889,-0.158324
10.283333,-6.917785,-8.160172,1.566612,-0.025202,0.154747,0.974790,-0.158756
10.300000,-6.909372,-8.185203,1.575229,-0.025301,0.154916,0.974690,-0.159187
10.316667,-6.900953,-8.210232,1.583849,-0.025375,0.155043,0.974615,-0.159508
10.333333,-6.892534,-8.235260,1.592468,-0.025449,0.155171,0.974541,-0.159828
10.350000,-6.884107,-8.260285,1.601092,-0.025544,0.155338,0.974444,-0.160238
10.366667,-6.875621,-8.285279,1.609744,-0.025639,0.155504,0.974348,-0.160648
10.383333,-6.867135,-8.310274,1.618395,-0.025704,0.155618,0.974282,-0.160926
10.400000,-6.858648,-8.335269,1.627047,-0.025781,0.155755,0.974204,-0.161254
10.416667,-6.850142,-8.360253,1.635708,-0.025873,0.155918,0.974110,-0.161645
10.433333,-6.841591,-8.385215,1.644392,-0.025962,0.156075,0.974021,-0.162020
10.450000,-6.833041,-8.410177,1.653075,-0.026022,0.156182,0.973960,-0.162274
10.466667,-6.824490,-8.435139,1.661758,-0.026102,0.156326,0.973878,-0.162609
10.483333,-6.815909,-8.460085,1.670456,-0.026191,0.156486,0.973788,-0.162980
10.500000,-6.807298,-8.485015,1.679170,-0.026270,0.156630,0.973707,-0.163312
10.516667,-6.798686,-8.509946,1.687884,-0.026329,0.156735,0.973648,-0.163554
10.533333,-6.790075,-8.534876,1.696598,-0.026411,0.156887,0.973564,-0.163894
10.550000,-6.781423,-8.559785,1.705332,-0.026497,0.157044,0.973477,-0.164248
10.566667,-6.772754,-8.584684,1.714076,-0.026568,0.157175,0.973405,-0.164540
10.583333,-6.764085,-8.609584,1.722820,-0.026626,0.157283,0.973346,-0.164776
10.600000,-6.755415,-8.634484,1.731564,-0.026709,0.157438,0.973261,-0.165112
10.616667,-6.746698,-8.659357,1.740335,-0.026792,0.157593,0.973177,-0.165448
10.633333,-6.737974,-8.684227,1.749108,-0.026855,0.157712,0.973113,-0.165703
10.650000,-6.729250,-8.709097,1.757882,-0.026916,0.157827,0.973051,-0.165947
10.666667,-6.720522,-8.733965,1.766658,-0.026996,0.157979,0.972969,-0.166266
10.683333,-6.711746,-8.758807,1.775461,-0.027076,0.158132,0.972888,-0.166585
10.700000,-6.702970,-8.783648,1.784263,-0.027132,0.158238,0.972831,-0.166806
10.716667,-6.694194,-8.808490,1.793066,-0.027196,0.158361,0.972766,-0.167057
10.733333,-6.685406,-8.833324,1.801877,-0.027273,0.158511,0.972688,-0.167360
10.750000,-6.676581,-8.858138,1.810708,-0.027349,0.158657,0.972611,-0.167656
10.766667,-6.667756,-8.882952,1.819539,-0.027400,0.158756,0.972559,-0.167853
10.783333,-6.658931,-8.907766,1.828371,-0.027466,0.158886,0.972492,-0.168109
10.800000,-6.650085,-8.932568,1.837215,-0.027540,0.159034,0.972416,-0.168397
10.816667,-6.641213,-8.957355,1.846074,-0.027609,0.159168,0.972346,-0.168659
10.833333,-6.632342,-8.982142,1.854934,-0.027658,0.159266,0.972296,-0.168846
10.850000,-6.623470,-9.006930,1.863793,-0.027726,0.159404,0.972227,-0.169105
10.866667,-6.614570,-9.031700,1.872670,-0.027798,0.159549,0.972153,-0.169379
10.883333,-6.605655,-9.056462,1.881558,-0.027859,0.159673,0.972091,-0.169609
10.900000,-6.596739,-9.081224,1.890445,-0.027907,0.159770,0.972042,-0.169789
10.916667,-6.587823,-9.105985,1.899332,-0.027977,0.159914,0.971971,-0.170048
10.933333,-6.578873,-9.130726,1.908242,-0.028047,0.160057,0.971900,-0.170308
10.950000,-6.569916,-9.155463,1.917156,-0.028102,0.160169,0.971845,-0.170509
10.966667,-6.560959,-9.180199,1.926071,-0.028152,0.160274,0.971794,-0.170694
10.983333,-6.552001,-9.204935,1.934986,-0.028219,0.160415,0.971725,-0.170941
11.000000,-6.543004,-9.229648,1.943927,-0.028287,0.160556,0.971657,-0.171187
11.016667,-6.534007,-9.254361,1.952869,-0.028335,0.160657,0.971608,-0.171361
11.033333,-6.525011,-9.279074,1.961810,-0.028388,0.160769,0.971554,-0.171551
11.050000,-6.516006,-9.303782,1.970757,-0.028453,0.160909,0.971488,-0.171785
11.066667,-6.506972,-9.328471,1.979724,-0.028518,0.161047,0.971422,-0.172016
11.083333,-6.497938,-9.353161,1.988692,-0.028560,0.161139,0.971379,-0.172168
11.100000,-6.488904,-9.377850,1.997659,-0.028615,0.161258,0.971323,-0.172361
11.116667,-6.479856,-9.402531,2.006637,-0.028678,0.161396,0.971259,-0.172582
11.133333,-6.470787,-9.427198,2.015631,-0.028737,0.161523,0.971200,-0.172786
11.150000,-6.461719,-9.451865,2.024625,-0.028778,0.161614,0.971158,-0.172929
11.166667,-6.452650,-9.476533,2.033618,-0.028835,0.161741,0.971101,-0.173124
11.183333,-6.443561,-9.501187,2.042627,-0.028895,0.161876,0.971039,-0.173334
11.200000,-6.434459,-9.525833,2.051647,-0.028948,0.161993,0.970986,-0.173513
11.216667,-6.425357,-9.550479,2.060666,-0.028988,0.162083,0.970945,-0.173648
11.233333,-6.416255,-9.575124,2.069685,-0.029046,0.162216,0.970886,-0.173845
11.250000,-6.407129,-9.599754,2.078724,-0.029105,0.162349,0.970827,-0.174043
11.266667,-6.397996,-9.624379,2.087769,-0.029151,0.162456,0.970780,-0.174199
11.283333,-6.388862,-9.649004,2.096813,-0.029193,0.162551,0.970738,-0.174337
11.300000,-6.379729,-9.673629,2.105857,-0.029250,0.162683,0.970680,-0.174524
11.316667,-6.370568,-9.698234,2.114926,-0.029307,0.162815,0.970623,-0.174711
11.333333,-6.361405,-9.722839,2.123995,-0.029348,0.162912,0.970581,-0.174847
11.350000,-6.352243,-9.747444,2.133064,-0.029392,0.163015,0.970537,-0.174988
11.366667,-6.343076,-9.772046,2.142138,-0.029446,0.163145,0.970481,-0.175165
11.383333,-6.333886,-9.796631,2.151231,-0.029501,0.163276,0.970426,-0.175341
11.400000,-6.324696,-9.821217,2.160325,-0.029538,0.163363,0.970389,-0.175457
11.416667,-6.315506,-9.845803,2.169419,-0.029583,0.163473,0.970343,-0.175600
11.433333,-6.306306,-9.870382,2.178521,-0.029636,0.163602,0.970290,-0.175767
11.450000,-6.297090,-9.894949,2.187639,-0.029686,0.163724,0.970239,-0.175924
11.466667,-6.287874,-9.919515,2.196757,-0.029721,0.163809,0.970204,-0.176032
11.483333,-6.278659,-9.944082,2.205875,-0.029768,0.163925,0.970157,-0.176176
11.500000,-6.269429,-9.968640,2.215006,-0.029819,0.164053,0.970105,-0.176332
11.516667,-6.260189,-9.993189,2.224148,-0.029864,0.164164,0.970060,-0.176469
11.533333,-6.250949,-10.017738,2.233290,-0.029898,0.164249,0.970026,-0.176571
11.550000,-6.241709,-10.042287,2.242431,-0.029946,0.164371,0.969978,-0.176715
11.566667,-6.232452,-10.066823,2.251591,-0.029995,0.164497,0.969928,-0.176863
11.583333,-6.223189,-10.091354,2.260756,-0.030036,0.164599,0.969888,-0.176982
11.600000,-6.213927,-10.115886,2.269921,-0.030070,0.164688,0.969853,-0.177082
11.616667,-6.204664,-10.140418,2.279086,-0.030118,0.164812,0.969805,-0.177221
11.633333,-6.195381,-10.164934,2.288273,-0.030165,0.164937,0.969757,-0.177360
11.650000,-6.186098,-10.189449,2.297461,-0.030201,0.165030,0.969722,-0.177462
11.666667,-6.176814,-10.213964,2.306650,-0.030237,0.165125,0.969686,-0.177565
11.683333,-6.167527,-10.238477,2.315841,-0.030283,0.165248,0.969639,-0.177695
11.700000,-6.158224,-10.262976,2.325053,-0.030329,0.165371,0.969593,-0.177825
11.716667,-6.148920,-10.287475,2.334264,-0.030361,0.165456,0.969562,-0.177913
11.733333,-6.139616,-10.311974,2.343475,-0.030398,0.165557,0.969524,-0.178016
11.750000,-6.130307,-10.336468,2.352694,-0.030443,0.165679,0.969480,-0.178138
11.766667,-6.120985,-10.360951,2.361928,-0.030485,0.165795,0.969437,-0.178254
11.783333,-6.111663,-10.385435,2.371162,-0.030515,0.165876,0.969408,-0.178333
11.800000,-6.102340,-10.409918,2.380396,-0.030553,0.165984,0.969369,-0.178436
11.816667,-6.093010,-10.434394,2.389641,-0.030596,0.166104,0.969326,-0.178550
11.833333,-6.083671,-10.458863,2.398897,-0.030635,0.166211,0.969288,-0.178651
11.850000,-6.074332,-10.483331,2.408154,-0.030663,0.166291,0.969260,-0.178724
11.866667,-6.064993,-10.507800,2.417410,-0.030703,0.166405,0.969220,-0.178826
11.883333,-6.055643,-10.532258,2.426681,-0.030744,0.166524,0.969179,-0.178932
11.900000,-6.046288,-10.556712,2.435960,-0.030778,0.166622,0.969145,-0.179019
11.916667,-6.036933,-10.581167,2.445238,-0.030806,0.166704,0.969117,-0.179090
11.933333,-6.027578,-10.605621,2.454516,-0.030846,0.166822,0.969077,-0.179189
11.950000,-6.018211,-10.630063,2.463814,-0.030886,0.166939,0.969037,-0.179287
11.966667,-6.008842,-10.654503,2.473114,-0.030917,0.167030,0.969007,-0.179362
11.983333,-5.999472,-10.678943,2.482414,-0.030947,0.167118,0.968978,-0.179433
12.000000,-5.990102,-10.703383,2.491715,-0.030985,0.167235,0.968939,-0.179525
12.016667,-5.980720,-10.727810,2.501037,-0.031024,0.167352,0.968901,-0.179616
12.033333,-5.971337,-10.752237,2.510359,-0.031051,0.167434,0.968874,-0.179679
12.050000,-5.961955,-10.776664,2.519680,-0.031082,0.167528,0.968844,-0.179750
12.066667,-5.952569,-10.801087,2.529008,-0.031119,0.167644,0.968807,-0.179835
12.083333,-5.943174,-10.825502,2.538351,-0.031155,0.167756,0.968771,-0.179918
12.100000,-5.933779,-10.849916,2.547694,-0.031180,0.167833,0.968747,-0.179972
12.116667,-5.924384,-10.874330,2.557037,-0.031212,0.167933,0.968715,-0.180042
12.133333,-5.914985,-10.898739,2.566389,-0.031247,0.168047,0.968680,-0.180121
12.150000,-5.905579,-10.923141,2.575753,-0.031280,0.168151,0.968647,-0.180192
12.166667,-5.896173,-10.947542,2.585117,-0.031304,0.168226,0.968624,-0.180242
12.183333,-5.886767,-10.971944,2.594481,-0.031336,0.168333,0.968592,-0.180310
12.200000,-5.877355,-10.996339,2.603858,-0.031371,0.168446,0.968558,-0.180382
12.216667,-5.867939,-11.020729,2.613243,-0.031400,0.168541,0.968529,-0.180442
12.233333,-5.858523,-11.045119,2.622627,-0.031423,0.168617,0.968506,-0.180488
12.250000,-5.849107,-11.069509,2.632012,-0.031456,0.168729,0.968474,-0.180554
12.266667,-5.839684,-11.093889,2.641414,-0.031490,0.168840,0.968441,-0.180620
12.283333,-5.830259,-11.118268,2.650819,-0.031516,0.168928,0.968415,-0.180670
12.300000,-5.820834,-11.142647,2.660224,-0.031540,0.169010,0.968392,-0.180716
12.316667,-5.811409,-11.167025,2.669630,-0.031572,0.169121,0.968360,-0.180777
12.333333,-5.801976,-11.191393,2.679055,-0.031604,0.169232,0.968328,-0.180837
12.350000,-5.792543,-11.215760,2.688481,-0.031627,0.169311,0.968306,-0.180878
12.366667,-5.783110,-11.240128,2.697906,-0.031652,0.169399,0.968281,-0.180923
12.383333,-5.773676,-11.264494,2.707336,-0.031683,0.169509,0.968251,-0.180978
12.400000,-5.764236,-11.288851,2.716781,-0.031714,0.169618,0.968221,-0.181032
12.416667,-5.754796,-11.313208,2.726227,-0.031734,0.169690,0.968201,-0.181066
12.433333,-5.745356,-11.337565,2.735672,-0.031760,0.169785,0.968176,-0.181109
12.450000,-5.735913,-11.361918,2.745126,-0.031790,0.169893,0.968146,-0.181158
12.466667,-5.726467,-11.386265,2.754591,-0.031818,0.169994,0.968120,-0.181203
12.483333,-5.717021,-11.410612,2.764057,-0.031837,0.170066,0.968100,-0.181233
12.500000,-5.707574,-11.434960,2.773522,-0.031864,0.170166,0.968074,-0.181273
12.516667,-5.698125,-11.459301,2.782999,-0.031892,0.170274,0.968047,-0.181316
12.533333,-5.688673,-11.483638,2.792484,-0.031917,0.170366,0.968023,-0.181353
12.550000,-5.679222,-11.507976,2.801969,-0.031936,0.170438,0.968005,-0.181379
12.566667,-5.669770,-11.532313,2.811454,-0.031963,0.170544,0.967978,-0.181417
12.583333,-5.660316,-11.556643,2.820954,-0.031990,0.170650,0.967951,-0.181454
12.600000,-5.650860,-11.580971,2.830459,-0.032012,0.170735,0.967930,-0.181483
12.616667,-5.641404,-11.605300,2.839963,-0.032032,0.170812,0.967911,-0.181508
12.633333,-5.631949,-11.629628,2.849467,-0.032058,0.170918,0.967885,-0.181541
12.650000,-5.622489,-11.653947,2.858991,-0.032085,0.171024,0.967860,-0.181574
12.666667,-5.613030,-11.678267,2.868514,-0.032104,0.171101,0.967841,-0.181597
12.683333,-5.603571,-11.702586,2.878038,-0.032124,0.171184,0.967821,-0.181621
12.700000,-5.594111,-11.726904,2.887565,-0.032150,0.171289,0.967796,-0.181650
12.716667,-5.584649,-11.751214,2.897107,-0.032176,0.171394,0.967772,-0.181678
12.733333,-5.575187,-11.775525,2.906650,-0.032192,0.171464,0.967755,-0.181696
12.750000,-5.565724,-11.799836,2.916193,-0.032213,0.171553,0.967735,-0.181718
12.766667,-5.556261,-11.824144,2.925742,-0.032238,0.171656,0.967711,-0.181742
12.783333,-5.546797,-11.848446,2.935304,-0.032261,0.171754,0.967689,-0.181764
12.800000,-5.537333,-11.872748,2.944865,-0.032277,0.171822,0.967673,-0.181779
12.816667,-5.527868,-11.897051,2.954426,-0.032299,0.171916,0.967652,-0.181798
12.833333,-5.518403,-11.921349,2.963998,-0.032322,0.172018,0.967630,-0.181819
12.850000,-5.508938,-11.945644,2.973578,-0.032343,0.172107,0.967610,-0.181836
12.866667,-5.499472,-11.969938,2.983158,-0.032358,0.172175,0.967595,-0.181849
12.883333,-5.490006,-11.994233,2.992738,-0.032381,0.172273,0.967573,-0.181867
12.900000,-5.480540,-12.018522,3.002331,-0.032404,0.172373,0.967551,-0.181886
12.916667,-5.471073,-12.042809,3.011929,-0.032422,0.172454,0.967533,-0.181901
12.933333,-5.461606,-12.067096,3.021527,-0.032438,0.172524,0.967518,-0.181915
12.950000,-5.452139,-12.091383,3.031126,-0.032461,0.172622,0.967496,-0.181933
12.966667,-5.442671,-12.115663,3.040740,-0.032483,0.172720,0.967474,-0.181952
12.983333,-5.433203,-12.139943,3.050356,-0.032500,0.172792,0.967458,-0.181966
13.000000,-5.423734,-12.164222,3.059972,-0.032517,0.172867,0.967441,-0.181980
13.016667,-5.414266,-12.188501,3.069590,-0.032539,0.172962,0.967420,-0.181999
13.033333,-5.404796,-12.212773,3.079223,-0.032561,0.173057,0.967399,-0.182017
13.050000,-5.395327,-12.237045,3.088856,-0.032576,0.173122,0.967384,-0.182030
13.066667,-5.385857,-12.261317,3.098489,-0.032594,0.173200,0.967367,-0.182045
13.083333,-5.376387,-12.285587,3.108127,-0.032615,0.173292,0.967347,-0.182063
13.100000,-5.366916,-12.309852,3.117777,-0.032635,0.173381,0.967327,-0.182080
13.116667,-5.357445,-12.334117,3.127427,-0.032649,0.173441,0.967313,-0.182091
13.133333,-5.347974,-12.358382,3.137076,-0.032668,0.173522,0.967295,-0.182106
13.150000,-5.338503,-12.382643,3.146734,-0.032689,0.173612,0.967275,-0.182124
13.166667,-5.329031,-12.406902,3.156400,-0.032707,0.173693,0.967257,-0.182139
13.183333,-5.319559,-12.431160,3.166066,-0.032721,0.173752,0.967244,-0.182150
13.200000,-5.310087,-12.455418,3.175732,-0.032740,0.173837,0.967225,-0.182167
13.216667,-5.300614,-12.479671,3.185409,-0.032761,0.173925,0.967205,-0.182184
13.233333,-5.291141,-12.503922,3.195091,-0.032778,0.173997,0.967189,-0.182199
13.250000,-5.281668,-12.528174,3.204773,-0.032792,0.174058,0.967175,-0.182211
13.266667,-5.272195,-12.552425,3.214455,-0.032812,0.174144,0.967156,-0.182228
13.283333,-5.262720,-12.576670,3.224151,-0.032832,0.174230,0.967136,-0.182246
13.300000,-5.253246,-12.600915,3.233848,-0.032847,0.174296,0.967121,-0.182259
13.316667,-5.243771,-12.625159,3.243546,-0.032862,0.174360,0.967107,-0.182272
13.333333,-5.234297,-12.649403,3.253245,-0.032882,0.174445,0.967088,-0.182289
13.350000,-5.224821,-12.673641,3.262957,-0.032901,0.174529,0.967069,-0.182306
13.366667,-5.215345,-12.697879,3.272670,-0.032915,0.174587,0.967055,-0.182318
13.383333,-5.205869,-12.722117,3.282383,-0.032930,0.174655,0.967040,-0.182331
13.400000,-5.196393,-12.746353,3.292100,-0.032949,0.174737,0.967022,-0.182348
13.416667,-5.186916,-12.770585,3.301827,-0.032968,0.174817,0.967004,-0.182363
13.433333,-5.177439,-12.794816,3.311555,-0.032980,0.174870,0.966991,-0.182374
13.450000,-5.167962,-12.819048,3.321282,-0.032997,0.174941,0.966975,-0.182388
13.466667,-5.158485,-12.843276,3.331016,-0.033015,0.175021,0.966957,-0.182403
13.483333,-5.149007,-12.867502,3.340758,-0.033032,0.175093,0.966941,-0.182418
13.500000,-5.139529,-12.891727,3.350500,-0.033044,0.175146,0.966929,-0.182428
13.516667,-5.130051,-12.915952,3.360242,-0.033061,0.175219,0.966913,-0.182443
13.533333,-5.120572,-12.940174,3.369993,-0.033080,0.175297,0.966895,-0.182459
13.550000,-5.111093,-12.964393,3.379749,-0.033095,0.175362,0.966880,-0.182472
13.566667,-5.101613,-12.988612,3.389505,-0.033107,0.175414,0.966868,-0.182483
13.583333,-5.092134,-13.012831,3.399261,-0.033125,0.175490,0.966851,-0.182499
13.600000,-5.082654,-13.037045,3.409029,-0.033143,0.175566,0.966833,-0.182515
13.616667,-5.073174,-13.061259,3.418798,-0.033156,0.175625,0.966820,-0.182527
13.633333,-5.063693,-13.085472,3.428568,-0.033170,0.175680,0.966807,-0.182539
13.650000,-5.054213,-13.109685,3.438338,-0.033187,0.175755,0.966790,-0.182555
13.666667,-5.044731,-13.133892,3.448121,-0.033205,0.175830,0.966773,-0.182571
13.683333,-5.035249,-13.158100,3.457904,-0.033217,0.175883,0.966760,-0.182582
13.700000,-5.025768,-13.182307,3.467687,-0.033231,0.175942,0.966747,-0.182595
13.716667,-5.016286,-13.206513,3.477474,-0.033248,0.176015,0.966730,-0.182611
13.733333,-5.006803,-13.230714,3.487270,-0.033266,0.176088,0.966713,-0.182626
13.750000,-4.997320,-13.254916,3.497066,-0.033277,0.176136,0.966702,-0.182636
13.766667,-4.987837,-13.279117,3.506863,-0.033292,0.176198,0.966688,-0.182650
13.783333,-4.978353,-13.303316,3.516665,-0.033308,0.176270,0.966671,-0.182665
13.800000,-4.968869,-13.327512,3.526474,-0.033324,0.176335,0.966656,-0.182679
13.816667,-4.959385,-13.351708,3.536283,-0.033335,0.176382,0.966645,-0.182689
13.833333,-4.949901,-13.375903,3.546093,-0.033350,0.176446,0.966630,-0.182703
13.850000,-4.940416,-13.400096,3.555910,-0.033367,0.176515,0.966614,-0.182718
13.866667,-4.930931,-13.424286,3.565731,-0.033381,0.176574,0.966601,-0.182731
13.883333,-4.921446,-13.448476,3.575553,-0.033391,0.176619,0.966590,-0.182741
13.900000,-4.911960,-13.472666,3.585375,-0.033407,0.176686,0.966575,-0.182756
13.916667,-4.902474,-13.496852,3.595206,-0.033423,0.176753,0.966559,-0.182770
13.933333,-4.892988,-13.521037,3.605040,-0.033435,0.176806,0.966547,-0.182782
13.950000,-4.883501,-13.545222,3.614874,-0.033447,0.176854,0.966536,-0.182792
13.966667,-4.874015,-13.569407,3.624708,-0.033462,0.176920,0.966520,-0.182806
13.983333,-4.864527,-13.593587,3.634553,-0.033478,0.176985,0.966505,-0.182820
14.000000,-4.855040,-13.617766,3.644399,-0.033489,0.177033,0.966494,-0.182831
14.016667,-4.845552,-13.641946,3.654244,-0.033501,0.177085,0.966482,-0.182842
14.033333,-4.836064,-13.666125,3.664092,-0.033517,0.177149,0.966467,-0.182855
14.050000,-4.826576,-13.690299,3.673950,-0.033532,0.177214,0.966452,-0.182869
14.066667,-4.817087,-13.714474,3.683807,-0.033542,0.177257,0.966442,-0.182878
14.083333,-4.807599,-13.738648,3.693664,-0.033555,0.177311,0.966430,-0.182890
14.100000,-4.798110,-13.762821,3.703526,-0.033570,0.177375,0.966415,-0.182903
14.116667,-4.788620,-13.786990,3.713395,-0.033584,0.177434,0.966401,-0.182916
14.133333,-4.779130,-13.811159,3.723264,-0.033594,0.177476,0.966391,-0.182925
14.150000,-4.769641,-13.835329,3.733132,-0.033607,0.177532,0.966378,-0.182938
14.166667,-4.760150,-13.859495,3.743007,-0.033622,0.177594,0.966364,-0.182951
14.183333,-4.750660,-13.883660,3.752887,-0.033635,0.177648,0.966351,-0.182963
14.200000,-4.741169,-13.907824,3.762767,-0.033644,0.177688,0.966342,-0.182972
14.216667,-4.731678,-13.931988,3.772647,-0.033659,0.177748,0.966328,-0.182986
14.233333,-4.722187,-13.956149,3.782535,-0.033673,0.177808,0.966313,-0.183000
14.250000,-4.712695,-13.980309,3.792426,-0.033685,0.177857,0.966302,-0.183011
14.266667,-4.703203,-14.004468,3.802317,-0.033695,0.177899,0.966292,-0.183021
14.283333,-4.693711,-14.028628,3.812208,-0.033710,0.177959,0.966278,-0.183036
14.300000,-4.684218,-14.052783,3.822109,-0.033724,0.178018,0.966263,-0.183050
14.316667,-4.674725,-14.076937,3.832010,-0.033735,0.178063,0.966253,-0.183061
14.333333,-4.665232,-14.101092,3.841912,-0.033746,0.178108,0.966242,-0.183072
14.350000,-4.655739,-14.125246,3.851815,-0.033760,0.178167,0.966228,-0.183086
14.366667,-4.646245,-14.149395,3.861727,-0.033774,0.178225,0.966214,-0.183101
14.383333,-4.636750,-14.173545,3.871639,-0.033784,0.178265,0.966204,-0.183110
14.400000,-4.627256,-14.197695,3.881552,-0.033796,0.178313,0.966193,-0.183122
14.416667,-4.617761,-14.221843,3.891467,-0.033809,0.178370,0.966179,-0.183135
14.433333,-4.608265,-14.245988,3.901390,-0.033822,0.178424,0.966166,-0.183148
14.450000,-4.598770,-14.270133,3.911312,-0.033831,0.178461,0.966158,-0.183157
14.466667,-4.589274,-14.294278,3.921235,-0.033843,0.178511,0.966146,-0.183168
14.483333,-4.579778,-14.318421,3.931162,-0.033856,0.178566,0.966133,-0.183181
14.500000,-4.570282,-14.342562,3.941095,-0.033868,0.178614,0.966121,-0.183192
14.516667,-4.560785,-14.366702,3.951027,-0.033877,0.178650,0.966113,-0.183199
14.533333,-4.551288,-14.390843,3.960959,-0.033889,0.178702,0.966101,-0.183211
14.550000,-4.541791,-14.414980,3.970899,-0.033902,0.178755,0.966088,-0.183223
14.566667,-4.532294,-14.439117,3.980840,-0.033912,0.178799,0.966078,-0.183233
14.583333,-4.522796,-14.463253,3.990782,-0.033921,0.178836,0.966069,-0.183241
14.600000,-4.513299,-14.487389,4.000724,-0.033934,0.178888,0.966057,-0.183254
14.616667,-4.503801,-14.511522,4.010675,-0.033946,0.178941,0.966044,-0.183266
14.633333,-4.494302,-14.535654,4.020626,-0.033956,0.178981,0.966035,-0.183276
14.650000,-4.484804,-14.559786,4.030578,-0.033966,0.179020,0.966025,-0.183286
14.666667,-4.475305,-14.583917,4.040530,-0.033979,0.179072,0.966013,-0.183299
14.683333,-4.465805,-14.608045,4.050491,-0.033991,0.179123,0.966000,-0.183312
14.700000,-4.456306,-14.632173,4.060452,-0.034000,0.179159,0.965991,-0.183322
14.716667,-4.446806,-14.656300,4.070412,-0.034010,0.179201,0.965981,-0.183333
14.733333,-4.437306,-14.680427,4.080376,-0.034023,0.179252,0.965969,-0.183346
14.750000,-4.427805,-14.704550,4.090346,-0.034035,0.179302,0.965957,-0.183358
14.766667,-4.418304,-14.728673,4.100316,-0.034043,0.179335,0.965949,-0.183367
14.783333,-4.408803,-14.752797,4.110286,-0.034054,0.179380,0.965938,-0.183378
14.800000,-4.399302,-14.776918,4.120260,-0.034066,0.179429,0.965926,-0.183390
14.816667,-4.389800,-14.801037,4.130239,-0.034077,0.179475,0.965915,-0.183402
14.833333,-4.380298,-14.825157,4.140218,-0.034085,0.179507,0.965907,-0.183410
14.850000,-4.370796,-14.849276,4.150197,-0.034097,0.179554,0.965896,-0.183421
14.866667,-4.361293,-14.873392,4.160182,-0.034109,0.179603,0.965884,-0.183433
14.883333,-4.351790,-14.897507,4.170169,-0.034119,0.179643,0.965874,-0.183444
14.900000,-4.342287,-14.921623,4.180157,-0.034127,0.179676,0.965866,-0.183452
14.916667,-4.332784,-14.945738,4.190145,-0.034138,0.179723,0.965855,-0.183464
14.933333,-4.323280,-14.969850,4.200140,-0.034150,0.179771,0.965843,-0.183476
14.950000,-4.313776,-14.993961,4.210137,-0.034159,0.179807,0.965834,-0.183486
14.966667,-4.304272,-15.018072,4.220133,-0.034168,0.179842,0.965826,-0.183495
14.983333,-4.294767,-15.042183,4.230130,-0.034179,0.179888,0.965814,-0.183508
15.000000,-4.285262,-15.066290,4.240134,-0.034191,0.179934,0.965803,-0.183520
15.016667,-4.275757,-15.090397,4.250139,-0.034199,0.179967,0.965795,-0.183529
15.033333,-4.266251,-15.114505,4.260144,-0.034208,0.180003,0.965786,-0.183539
15.050000,-4.256746,-15.138611,4.270150,-0.034219,0.180048,0.965775,-0.183550
15.066667,-4.247239,-15.162714,4.280163,-0.034230,0.180092,0.965764,-0.183562
15.083333,-4.237733,-15.186818,4.290176,-0.034237,0.180122,0.965757,-0.183570
15.100000,-4.228226,-15.210921,4.300189,-0.034247,0.180161,0.965747,-0.183580
15.116667,-4.218719,-15.235023,4.310205,-0.034258,0.180205,0.965737,-0.183591
15.133333,-4.209212,-15.259123,4.320226,-0.034268,0.180245,0.965727,-0.183601
15.150000,-4.199705,-15.283223,4.330247,-0.034275,0.180274,0.965720,-0.183609
15.166667,-4.190197,-15.307322,4.340267,-0.034285,0.180315,0.965710,-0.183619
15.183333,-4.180689,-15.331420,4.350293,-0.034296,0.180358,0.965699,-0.183630
15.200000,-4.171181,-15.355516,4.360321,-0.034305,0.180395,0.965690,-0.183639
15.216667,-4.161672,-15.379612,4.370350,-0.034312,0.180424,0.965683,-0.183647
15.233333,-4.152164,-15.403708,4.380379,-0.034322,0.180467,0.965672,-0.183658
15.250000,-4.142655,-15.427802,4.390413,-0.034333,0.180510,0.965662,-0.183669
15.266667,-4.133145,-15.451894,4.400450,-0.034342,0.180544,0.965653,-0.183679
15.283333,-4.123636,-15.475987,4.410486,-0.034349,0.180575,0.965646,-0.183688
15.300000,-4.114127,-15.500079,4.420522,-0.034360,0.180618,0.965635,-0.183700
15.316667,-4.104616,-15.524168,4.430566,-0.034371,0.180660,0.965624,-0.183712
15.333333,-4.095105,-15.548257,4.440610,-0.034379,0.180691,0.965617,-0.183721
15.350000,-4.085595,-15.572345,4.450654,-0.034387,0.180724,0.965608,-0.183730
15.366667,-4.076084,-15.596434,4.460700,-0.034397,0.180765,0.965598,-0.183742
15.383333,-4.066572,-15.620519,4.470751,-0.034408,0.180806,0.965588,-0.183754
15.400000,-4.057060,-15.644604,4.480803,-0.034415,0.180833,0.965581,-0.183762
15.416667,-4.047548,-15.668689,4.490854,-0.034423,0.180867,0.965572,-0.183771
15.433333,-4.038036,-15.692773,4.500909,-0.034433,0.180906,0.965563,-0.183782
15.450000,-4.028523,-15.716855,4.510967,-0.034442,0.180943,0.965554,-0.183793
15.466667,-4.019010,-15.740937,4.521026,-0.034449,0.180969,0.965547,-0.183799
15.483333,-4.009497,-15.765018,4.531085,-0.034457,0.181004,0.965539,-0.183809
15.500000,-3.999984,-15.789098,4.541147,-0.034467,0.181041,0.965529,-0.183819
15.516667,-3.990470,-15.813177,4.551213,-0.034475,0.181074,0.965521,-0.183828
15.533333,-3.980956,-15.837256,4.561278,-0.034481,0.181099,0.965515,-0.183834
15.550000,-3.971443,-15.861334,4.571343,-0.034491,0.181136,0.965506,-0.183844
15.566667,-3.961928,-15.885411,4.581414,-0.034500,0.181173,0.965497,-0.183854
15.583333,-3.952413,-15.909486,4.591486,-0.034508,0.181204,0.965489,-0.183863
15.600000,-3.942899,-15.933562,4.601558,-0.034514,0.181231,0.965482,-0.183870
15.616667,-3.933384,-15.957637,4.611630,-0.034524,0.181268,0.965473,-0.183881
15.633333,-3.923868,-15.981709,4.621709,-0.034533,0.181306,0.965463,-0.183892
15.650000,-3.914353,-16.005782,4.631788,-0.034541,0.181334,0.965456,-0.183901
15.666667,-3.904837,-16.029854,4.641867,-0.034548,0.181363,0.965449,-0.183910
15.683333,-3.895321,-16.053926,4.651946,-0.034558,0.181401,0.965439,-0.183921
15.700000,-3.885804,-16.077994,4.662032,-0.034567,0.181438,0.965429,-0.183933
15.716667,-3.876287,-16.102063,4.672118,-0.034574,0.181464,0.965423,-0.183941
15.733333,-3.866770,-16.126132,4.682204,-0.034582,0.181494,0.965415,-0.183951
15.750000,-3.857252,-16.150200,4.692292,-0.034592,0.181531,0.965406,-0.183962
15.766667,-3.847734,-16.174265,4.702384,-0.034601,0.181566,0.965397,-0.183973
15.783333,-3.838216,-16.198331,4.712477,-0.034607,0.181589,0.965390,-0.183981
15.800000,-3.828698,-16.222396,4.722569,-0.034615,0.181621,0.965382,-0.183991
15.816667,-3.819179,-16.246460,4.732665,-0.034624,0.181656,0.965373,-0.184002
15.833333,-3.809660,-16.270523,4.742763,-0.034632,0.181687,0.965365,-0.184012
15.850000,-3.800140,-16.294585,4.752862,-0.034638,0.181710,0.965359,-0.184019
15.866667,-3.790621,-16.318648,4.762961,-0.034647,0.181743,0.965351,-0.184029
15.883333,-3.781101,-16.342708,4.773064,-0.034655,0.181778,0.965342,-0.184040
15.900000,-3.771580,-16.366768,4.783169,-0.034663,0.181805,0.965335,-0.184049
15.916667,-3.762060,-16.390827,4.793274,-0.034669,0.181829,0.965329,-0.184056
15.933333,-3.752540,-16.414887,4.803379,-0.034677,0.181862,0.965320,-0.184066
15.950000,-3.743018,-16.438943,4.813489,-0.034686,0.181896,0.965312,-0.184077
15.966667,-3.733497,-16.463000,4.823600,-0.034693,0.181921,0.965305,-0.184085
15.983333,-3.723975,-16.487056,4.833711,-0.034699,0.181946,0.965299,-0.184092
16.000000,-3.714454,-16.511113,4.843822,-0.034708,0.181979,0.965290,-0.184103
16.016667,-3.704931,-16.535166,4.853939,-0.034716,0.182012,0.965282,-0.184113
16.033333,-3.695409,-16.559220,4.864056,-0.034722,0.182035,0.965276,-0.184120
16.050000,-3.685886,-16.583273,4.874173,-0.034729,0.182062,0.965269,-0.184128
16.066667,-3.676363,-16.607326,4.884291,-0.034737,0.182095,0.965260,-0.184139
16.083333,-3.666840,-16.631377,4.894414,-0.034746,0.182126,0.965252,-0.184149
16.100000,-3.657316,-16.655428,4.904537,-0.034751,0.182148,0.965247,-0.184155
16.116667,-3.647793,-16.679478,4.914660,-0.034759,0.182176,0.965239,-0.184165
16.133333,-3.638269,-16.703528,4.924785,-0.034767,0.182208,0.965231,-0.184175
16.150000,-3.628744,-16.727576,4.934914,-0.034775,0.182237,0.965224,-0.184185
16.166667,-3.619219,-16.751623,4.945042,-0.034780,0.182258,0.965218,-0.184192
16.183333,-3.609695,-16.775671,4.955171,-0.034788,0.182287,0.965210,-0.184202
16.200000,-3.600169,-16.799717,4.965303,-0.034796,0.182318,0.965202,-0.184212
16.216667,-3.590643,-16.823762,4.975437,-0.034803,0.182344,0.965195,-0.184221
16.233333,-3.581118,-16.847807,4.985571,-0.034809,0.182365,0.965190,-0.184228
16.250000,-3.571592,-16.871852,4.995706,-0.034816,0.182395,0.965182,-0.184238
16.266667,-3.562065,-16.895895,5.005845,-0.034824,0.182425,0.965174,-0.184249
16.283333,-3.552538,-16.919937,5.015984,-0.034830,0.182448,0.965168,-0.184256
16.300000,-3.543011,-16.943979,5.026124,-0.034836,0.182470,0.965162,-0.184264
16.316667,-3.533484,-16.968022,5.036264,-0.034844,0.182499,0.965155,-0.184273
16.333333,-3.523956,-16.992061,5.046408,-0.034851,0.182528,0.965147,-0.184283
16.350000,-3.514429,-17.016101,5.056553,-0.034857,0.182548,0.965142,-0.184290
16.366667,-3.504901,-17.040141,5.066698,-0.034863,0.182570,0.965136,-0.184297
16.383333,-3.495373,-17.064180,5.076844,-0.034870,0.182599,0.965128,-0.184307
16.400000,-3.485844,-17.088217,5.086994,-0.034877,0.182626,0.965121,-0.184316
16.416667,-3.476315,-17.112254,5.097144,-0.034882,0.182645,0.965116,-0.184322
16.433333,-3.466786,-17.136291,5.107293,-0.034889,0.182669,0.965110,-0.184331
16.450000,-3.457257,-17.160327,5.117445,-0.034896,0.182697,0.965102,-0.184340
16.466667,-3.447727,-17.184362,5.127600,-0.034903,0.182723,0.965096,-0.184349
16.483333,-3.438197,-17.208397,5.137755,-0.034908,0.182741,0.965091,-0.184356
16.500000,-3.428667,-17.232431,5.147910,-0.034915,0.182767,0.965084,-0.184365
16.516667,-3.419136,-17.256464,5.158068,-0.034923,0.182795,0.965076,-0.184375
16.533333,-3.409605,-17.280497,5.168228,-0.034929,0.182819,0.965070,-0.184384
16.550000,-3.400074,-17.304529,5.178388,-0.034934,0.182838,0.965065,-0.184391
16.566667,-3.390543,-17.328561,5.188548,-0.034941,0.182865,0.965057,-0.184401
16.583333,-3.381011,-17.352591,5.198712,-0.034949,0.182893,0.965050,-0.184411
16.600000,-3.371479,-17.376620,5.208877,-0.034955,0.182914,0.965044,-0.184419
16.616667,-3.361947,-17.400649,5.219042,-0.034960,0.182934,0.965039,-0.184426
16.633333,-3.352415,-17.424679,5.229207,-0.034967,0.182960,0.965032,-0.184436
16.650000,-3.342881,-17.448706,5.239377,-0.034974,0.182987,0.965025,-0.184446
16.666667,-3.333348,-17.472733,5.249546,-0.034979,0.183006,0.965020,-0.184452
16.683333,-3.323815,-17.496760,5.259716,-0.034985,0.183026,0.965014,-0.184460
16.700000,-3.314281,-17.520787,5.269887,-0.034992,0.183051,0.965007,-0.184469
16.716667,-3.304747,-17.544811,5.280061,-0.034999,0.183077,0.965000,-0.184478
16.733333,-3.295213,-17.568836,5.290236,-0.035003,0.183093,0.964996,-0.184485
16.750000,-3.285679,-17.592861,5.300410,-0.035009,0.183115,0.964990,-0.184492
16.766667,-3.276144,-17.616884,5.310586,-0.035016,0.183139,0.964983,-0.184502
16.783333,-3.266609,-17.640907,5.320765,-0.035022,0.183162,0.964977,-0.184511
16.800000,-3.257073,-17.664929,5.330943,-0.035026,0.183179,0.964973,-0.184517
16.816667,-3.247538,-17.688952,5.341122,-0.035033,0.183201,0.964967,-0.184526
16.833333,-3.238002,-17.712973,5.351303,-0.035039,0.183225,0.964960,-0.184535
16.850000,-3.228466,-17.736993,5.361487,-0.035045,0.183247,0.964954,-0.184544
16.866667,-3.218929,-17.761013,5.371670,-0.035050,0.183263,0.964949,-0.184550
16.883333,-3.209393,-17.785033,5.381853,-0.035056,0.183286,0.964943,-0.184560
16.900000,-3.199856,-17.809051,5.392040,-0.035063,0.183311,0.964936,-0.184570
16.916667,-3.190318,-17.833069,5.402227,-0.035068,0.183330,0.964931,-0.184578
16.933333,-3.180780,-17.857087,5.412415,-0.035073,0.183347,0.964926,-0.184585
16.950000,-3.171243,-17.881105,5.422602,-0.035080,0.183371,0.964919,-0.184594
16.966667,-3.161704,-17.905120,5.432794,-0.035086,0.183394,0.964913,-0.184604
16.983333,-3.152165,-17.929136,5.442986,-0.035091,0.183412,0.964908,-0.184611
17.000000,-3.142627,-17.953151,5.453178,-0.035096,0.183430,0.964903,-0.184618
17.016667,-3.133088,-17.977166,5.463370,-0.035103,0.183453,0.964897,-0.184627
17.033333,-3.123548,-18.001180,5.473566,-0.035109,0.183476,0.964890,-0.184636
17.050000,-3.114008,-18.025193,5.483762,-0.035113,0.183492,0.964886,-0.184642
17.066667,-3.104469,-18.049206,5.493958,-0.035119,0.183511,0.964881,-0.184650
17.083333,-3.094929,-18.073219,5.504156,-0.035125,0.183533,0.964875,-0.184659
17.100000,-3.085388,-18.097230,5.514356,-0.035131,0.183555,0.964869,-0.184667
17.116667,-3.075847,-18.121241,5.524556,-0.035135,0.183570,0.964865,-0.184673
17.133333,-3.066306,-18.145252,5.534756,-0.035141,0.183590,0.964859,-0.184681
17.150000,-3.056765,-18.169263,5.544958,-0.035147,0.183612,0.964853,-0.184691
17.166667,-3.047223,-18.193272,5.555162,-0.035152,0.183632,0.964847,-0.184699
17.183333,-3.037682,-18.217281,5.565367,-0.035156,0.183646,0.964843,-0.184705
17.200000,-3.028140,-18.241290,5.575571,-0.035162,0.183667,0.964837,-0.184715
17.216667,-3.018597,-18.265297,5.585778,-0.035169,0.183689,0.964831,-0.184724
17.233333,-3.009054,-18.289304,5.595986,-0.035174,0.183707,0.964826,-0.184732
17.250000,-2.999511,-18.313311,5.606194,-0.035178,0.183722,0.964821,-0.184739
17.266667,-2.989968,-18.337318,5.616402,-0.035184,0.183743,0.964815,-0.184749
17.283333,-2.980424,-18.361323,5.626614,-0.035191,0.183764,0.964809,-0.184759
17.300000,-2.970880,-18.385328,5.636826,-0.035195,0.183780,0.964804,-0.184767
17.316667,-2.961336,-18.409332,5.647038,-0.035200,0.183796,0.964800,-0.184774
17.333333,-2.951791,-18.433337,5.657250,-0.035206,0.183816,0.964794,-0.184783
17.350000,-2.942246,-18.457340,5.667466,-0.035212,0.183837,0.964788,-0.184793
17.366667,-2.932701,-18.481342,5.677681,-0.035216,0.183851,0.964784,-0.184799
17.383333,-2.923155,-18.505345,5.687897,-0.035220,0.183867,0.964779,-0.184807
17.400000,-2.913610,-18.529347,5.698114,-0.035226,0.183887,0.964774,-0.184816
17.416667,-2.904063,-18.553348,5.708333,-0.035231,0.183905,0.964768,-0.184824
17.433333,-2.894517,-18.577349,5.718552,-0.035235,0.183918,0.964765,-0.184830
17.450000,-2.884970,-18.601350,5.728772,-0.035240,0.183935,0.964760,-0.184837
17.466667,-2.875423,-18.625349,5.738992,-0.035245,0.183954,0.964754,-0.184846
17.483333,-2.865876,-18.649348,5.749215,-0.035250,0.183971,0.964749,-0.184853
17.500000,-2.856329,-18.673347,5.759438,-0.035254,0.183983,0.964746,-0.184859
17.516667,-2.846781,-18.697346,5.769660,-0.035259,0.184000,0.964741,-0.184867
17.533333,-2.837233,-18.721344,5.779885,-0.035264,0.184019,0.964736,-0.184875
17.550000,-2.827685,-18.745341,5.790111,-0.035269,0.184034,0.964731,-0.184882
17.566667,-2.818136,-18.769338,5.800337,-0.035272,0.184046,0.964728,-0.184888
17.583333,-2.808588,-18.793335,5.810563,-0.035277,0.184064,0.964722,-0.184897
17.600000,-2.799038,-18.817331,5.820792,-0.035283,0.184082,0.964717,-0.184905
17.616667,-2.789489,-18.841326,5.831021,-0.035287,0.184096,0.964713,-0.184912
17.633333,-2.779939,-18.865322,5.841250,-0.035291,0.184109,0.964709,-0.184918
17.650000,-2.770390,-18.889317,5.851479,-0.035296,0.184127,0.964704,-0.184927
17.666667,-2.760839,-18.913310,5.861712,-0.035301,0.184145,0.964698,-0.184936
17.683333,-2.751289,-18.937304,5.871944,-0.035305,0.184158,0.964695,-0.184942
17.700000,-2.741738,-18.961298,5.882177,-0.035309,0.184172,0.964690,-0.184949
17.716667,-2.732187,-18.985291,5.892410,-0.035315,0.184190,0.964685,-0.184958
17.733333,-2.722636,-19.009282,5.902646,-0.035320,0.184208,0.964680,-0.184967
17.750000,-2.713084,-19.033274,5.912881,-0.035323,0.184220,0.964676,-0.184973
17.766667,-2.703532,-19.057266,5.923117,-0.035328,0.184235,0.964672,-0.184981
17.783333,-2.693980,-19.081257,5.933354,-0.035333,0.184253,0.964666,-0.184990
17.800000,-2.684427,-19.105246,5.943593,-0.035338,0.184269,0.964661,-0.184999
17.816667,-2.674874,-19.129236,5.953832,-0.035342,0.184281,0.964658,-0.185005
17.833333,-2.665322,-19.153226,5.964071,-0.035347,0.184297,0.964653,-0.185013
17.850000,-2.655768,-19.177215,5.974312,-0.035352,0.184314,0.964648,-0.185022
17.866667,-2.646214,-19.201203,5.984554,-0.035356,0.184328,0.964643,-0.185030
17.883333,-2.636660,-19.225191,5.994796,-0.035360,0.184340,0.964640,-0.185036
17.900000,-2.627106,-19.249179,6.005038,-0.035365,0.184355,0.964635,-0.185044
17.916667,-2.617551,-19.273165,6.015282,-0.035369,0.184371,0.964630,-0.185053
17.933333,-2.607996,-19.297152,6.025527,-0.035373,0.184384,0.964627,-0.185060
17.950000,-2.598441,-19.321138,6.035772,-0.035377,0.184395,0.964623,-0.185066
17.966667,-2.588886,-19.345125,6.046017,-0.035381,0.184410,0.964619,-0.185074
17.983333,-2.579330,-19.369109,6.056265,-0.035386,0.184425,0.964614,-0.185082
18.000000,-2.569773,-19.393094,6.066513,-0.035389,0.184436,0.964611,-0.185088
18.016667,-2.560217,-19.417079,6.076760,-0.035393,0.184447,0.964607,-0.185094
18.033333,-2.550661,-19.441063,6.087009,-0.035397,0.184462,0.964602,-0.185103
18.050000,-2.541104,-19.465047,6.097259,-0.035402,0.184476,0.964598,-0.185111
18.066667,-2.531547,-19.489030,6.107509,-0.035405,0.184486,0.964595,-0.185116
18.083333,-2.521990,-19.513013,6.117759,-0.035409,0.184499,0.964591,-0.185124
18.100000,-2.512432,-19.536996,6.128011,-0.035414,0.184514,0.964586,-0.185133
18.116667,-2.502874,-19.560978,6.138264,-0.035418,0.184527,0.964582,-0.185141
18.133333,-2.493315,-19.584959,6.148517,-0.035421,0.184537,0.964579,-0.185147
18.150000,-2.483757,-19.608941,6.158770,-0.035426,0.184551,0.964574,-0.185156
18.166667,-2.474198,-19.632922,6.169024,-0.035430,0.184566,0.964569,-0.185165
18.183333,-2.464638,-19.656902,6.179280,-0.035435,0.184579,0.964565,-0.185173
18.200000,-2.455079,-19.680881,6.189536,-0.035438,0.184589,0.964562,-0.185179
18.216667,-2.445519,-19.704861,6.199792,-0.035442,0.184603,0.964557,-0.185188
18.233333,-2.435959,-19.728840,6.210050,-0.035447,0.184618,0.964553,-0.185197
18.250000,-2.426398,-19.752819,6.220308,-0.035451,0.184629,0.964549,-0.185204
18.266667,-2.416837,-19.776797,6.230566,-0.035454,0.184639,0.964546,-0.185210
18.283333,-2.407276,-19.800775,6.240825,-0.035458,0.184652,0.964542,-0.185218
18.300000,-2.397715,-19.824752,6.251086,-0.035462,0.184665,0.964537,-0.185226
18.316667,-2.388153,-19.848729,6.261346,-0.035466,0.184675,0.964534,-0.185232
18.333333,-2.378591,-19.872706,6.271607,-0.035469,0.184685,0.964531,-0.185238
18.350000,-2.369029,-19.896683,6.281868,-0.035473,0.184698,0.964527,-0.185246
18.366667,-2.359466,-19.920658,6.292132,-0.035477,0.184710,0.964523,-0.185254
18.383333,-2.349903,-19.944634,6.302395,-0.035480,0.184718,0.964520,-0.185259
18.400000,-2.340340,-19.968609,6.312658,-0.035483,0.184729,0.964517,-0.185266
18.416667,-2.330777,-19.992584,6.322922,-0.035487,0.184741,0.964513,-0.185273
18.433333,-2.321213,-20.016558,6.333187,-0.035491,0.184753,0.964509,-0.185281
18.450000,-2.311649,-20.040533,6.343452,-0.035494,0.184762,0.964506,-0.185286
18.466667,-2.302085,-20.064507,6.353718,-0.035497,0.184773,0.964502,-0.185294
18.483333,-2.292521,-20.088480,6.363984,-0.035502,0.184786,0.964498,-0.185303
18.500000,-2.282956,-20.112453,6.374252,-0.035505,0.184797,0.964494,-0.185310
18.516667,-2.273391,-20.136425,6.384520,-0.035508,0.184806,0.964491,-0.185316
18.533333,-2.263826,-20.160398,6.394787,-0.035513,0.184818,0.964487,-0.185325
18.550000,-2.254260,-20.184370,6.405057,-0.035517,0.184831,0.964483,-0.185334
18.566667,-2.244694,-20.208341,6.415327,-0.035521,0.184842,0.964479,-0.185342
18.583333,-2.235127,-20.232312,6.425597,-0.035524,0.184851,0.964476,-0.185348
18.600000,-2.225561,-20.256283,6.435867,-0.035528,0.184863,0.964472,-0.185357
18.616667,-2.215994,-20.280253,6.446139,-0.035532,0.184876,0.964468,-0.185366
18.633333,-2.206426,-20.304223,6.456412,-0.035535,0.184885,0.964464,-0.185373
18.650000,-2.196859,-20.328192,6.466684,-0.035539,0.184894,0.964461,-0.185380
18.666667,-2.187291,-20.352162,6.476957,-0.035542,0.184905,0.964457,-0.185388
18.683333,-2.177722,-20.376130,6.487231,-0.035546,0.184916,0.964453,-0.185397
18.700000,-2.168153,-20.400098,6.497505,-0.035549,0.184924,0.964451,-0.185403
18.716667,-2.158585,-20.424067,6.507780,-0.035552,0.184932,0.964448,-0.185410
18.733333,-2.149015,-20.448035,6.518055,-0.035556,0.184943,0.964444,-0.185418
18.750000,-2.139446,-20.472002,6.528331,-0.035559,0.184953,0.964440,-0.185426
18.766667,-2.129876,-20.495969,6.538608,-0.035562,0.184959,0.964438,-0.185431
18.783333,-2.120306,-20.519936,6.548884,-0.035565,0.184968,0.964435,-0.185438
18.800000,-2.110735,-20.543902,6.559161,-0.035568,0.184977,0.964432,-0.185445
18.816667,-2.101164,-20.567868,6.569439,-0.035571,0.184986,0.964428,-0.185452
18.833333,-2.091594,-20.591834,6.579717,-0.035574,0.184992,0.964426,-0.185457
18.850000,-2.082023,-20.615800,6.589995,-0.035577,0.185001,0.964423,-0.185464
18.866667,-2.072451,-20.639765,6.600275,-0.035580,0.185011,0.964420,-0.185472
18.883333,-2.062879,-20.663730,6.610554,-0.035583,0.185018,0.964417,-0.185478
18.900000,-2.053307,-20.687694,6.620834,-0.035585,0.185024,0.964415,-0.185483
18.916667,-2.043735,-20.711659,6.631114,-0.035588,0.185034,0.964411,-0.185490
18.933333,-2.034162,-20.735623,6.641395,-0.035592,0.185043,0.964408,-0.185498
18.950000,-2.024589,-20.759586,6.651677,-0.035594,0.185050,0.964406,-0.185503
18.966667,-2.015016,-20.783550,6.661958,-0.035597,0.185057,0.964403,-0.185509
18.983333,-2.005443,-20.807514,6.672240,-0.035600,0.185066,0.964400,-0.185517
19.000000,-1.995869,-20.831476,6.682523,-0.035604,0.185075,0.964396,-0.185525
19.016667,-1.986295,-20.855439,6.692806,-0.035606,0.185082,0.964394,-0.185531
19.033333,-1.976721,-20.879401,6.703089,-0.035609,0.185089,0.964391,-0.185538
19.050000,-1.967147,-20.903363,6.713373,-0.035613,0.185099,0.964387,-0.185546
19.066667,-1.957571,-20.927324,6.723658,-0.035616,0.185108,0.964384,-0.185555
19.083333,-1.947996,-20.951286,6.733942,-0.035619,0.185114,0.964381,-0.185561
19.100000,-1.938421,-20.975247,6.744227,-0.035622,0.185123,0.964378,-0.185569
19.116667,-1.928845,-20.999207,6.754513,-0.035626,0.185132,0.964374,-0.185578
19.133333,-1.919268,-21.023167,6.764800,-0.035629,0.185140,0.964371,-0.185586
19.150000,-1.909691,-21.047127,6.775086,-0.035631,0.185147,0.964369,-0.185592
19.166667,-1.900115,-21.071087,6.785373,-0.035635,0.185155,0.964365,-0.185601
19.183333,-1.890537,-21.095046,6.795661,-0.035638,0.185164,0.964362,-0.185609
19.200000,-1.880959,-21.119005,6.805949,-0.035641,0.185171,0.964359,-0.185617
19.216667,-1.871381,-21.142964,6.816237,-0.035643,0.185177,0.964357,-0.185622
19.233333,-1.861803,-21.166922,6.826526,-0.035647,0.185185,0.964353,-0.185630
19.250000,-1.852224,-21.190880,6.836815,-0.035650,0.185192,0.964350,-0.185638
19.266667,-1.842645,-21.214838,6.847105,-0.035652,0.185199,0.964348,-0.185644
19.283333,-1.833066,-21.238795,6.857395,-0.035654,0.185204,0.964346,-0.185650
19.300000,-1.823487,-21.262753,6.867684,-0.035657,0.185211,0.964343,-0.185657
19.316667,-1.813907,-21.286710,6.877975,-0.035660,0.185218,0.964340,-0.185665
19.333333,-1.804327,-21.310666,6.888266,-0.035662,0.185224,0.964338,-0.185670
19.350000,-1.794747,-21.334623,6.898557,-0.035665,0.185229,0.964335,-0.185676
19.366667,-1.785166,-21.358579,6.908849,-0.035667,0.185236,0.964332,-0.185683
19.383333,-1.775585,-21.382535,6.919141,-0.035670,0.185243,0.964330,-0.185691
19.400000,-1.766004,-21.406491,6.929433,-0.035672,0.185248,0.964328,-0.185696
19.416667,-1.756423,-21.430446,6.939726,-0.035675,0.185254,0.964325,-0.185703
19.433333,-1.746841,-21.454401,6.950019,-0.035678,0.185261,0.964322,-0.185711
19.450000,-1.737259,-21.478356,6.960312,-0.035681,0.185268,0.964319,-0.185718
19.466667,-1.727676,-21.502311,6.970606,-0.035683,0.185272,0.964317,-0.185724
19.483333,-1.718094,-21.526265,6.980900,-0.035686,0.185279,0.964314,-0.185732
19.500000,-1.708511,-21.550219,6.991194,-0.035689,0.185286,0.964311,-0.185740
19.516667,-1.698927,-21.574173,7.001489,-0.035691,0.185292,0.964309,-0.185747
19.533333,-1.689344,-21.598126,7.011784,-0.035693,0.185296,0.964307,-0.185753
19.550000,-1.679760,-21.622080,7.022079,-0.035696,0.185303,0.964304,-0.185761
19.566667,-1.670175,-21.646032,7.032375,-0.035699,0.185309,0.964301,-0.185770
19.583333,-1.660590,-21.669985,7.042671,-0.035702,0.185314,0.964298,-0.185776
19.600000,-1.651005,-21.693937,7.052968,-0.035704,0.185318,0.964296,-0.185782
19.616667,-1.641420,-21.717890,7.063264,-0.035706,0.185324,0.964294,-0.185790
19.633333,-1.631834,-21.741842,7.073561,-0.035709,0.185330,0.964291,-0.185798
19.650000,-1.622248,-21.765793,7.083858,-0.035711,0.185334,0.964289,-0.185803
19.666667,-1.612662,-21.789745,7.094156,-0.035713,0.185338,0.964287,-0.185809
19.683333,-1.603076,-21.813696,7.104453,-0.035715,0.185343,0.964285,-0.185817
19.700000,-1.593489,-21.837647,7.114751,-0.035718,0.185348,0.964282,-0.185824
19.716667,-1.583901,-21.861598,7.125049,-0.035720,0.185351,0.964280,-0.185829
19.733333,-1.574314,-21.885548,7.135347,-0.035722,0.185355,0.964278,-0.185836
19.750000,-1.564727,-21.909499,7.145646,-0.035724,0.185360,0.964276,-0.185843
19.766667,-1.555138,-21.933449,7.155945,-0.035726,0.185365,0.964273,-0.185851
19.783333,-1.545550,-21.957399,7.166244,-0.035728,0.185368,0.964272,-0.185856
19.800000,-1.535962,-21.981348,7.176543,-0.035730,0.185372,0.964269,-0.185863
19.816667,-1.526373,-22.005298,7.186843,-0.035733,0.185377,0.964267,-0.185871
19.833333,-1.516783,-22.029247,7.197143,-0.035735,0.185382,0.964265,-0.185878
19.850000,-1.507193,-22.053196,7.207443,-0.035737,0.185385,0.964263,-0.185883
19.866667,-1.497604,-22.077145,7.217743,-0.035740,0.185390,0.964260,-0.185891
19.883333,-1.488013,-22.101093,7.228044,-0.035742,0.185395,0.964258,-0.185899
19.900000,-1.478423,-22.125041,7.238345,-0.035744,0.185399,0.964256,-0.185906
19.916667,-1.468832,-22.148989,7.248646,-0.035746,0.185402,0.964254,-0.185911
19.933333,-1.459241,-22.172938,7.258947,-0.035749,0.185407,0.964251,-0.185919
19.950000,-1.449649,-22.196885,7.269249,-0.035751,0.185411,0.964249,-0.185927
19.966667,-1.440057,-22.220832,7.279550,-0.035753,0.185415,0.964247,-0.185934
19.983333,-1.430465,-22.244779,7.289852,-0.035755,0.185418,0.964245,-0.185940
20.000000,-1.420873,-22.268726,7.300154,-0.035757,0.185422,0.964243,-0.185948
20.016667,-1.411280,-22.292673,7.310457,-0.035760,0.185426,0.964240,-0.185956
20.033333,-1.401686,-22.316619,7.320760,-0.035761,0.185428,0.964239,-0.185961
20.050000,-1.392093,-22.340566,7.331062,-0.035763,0.185431,0.964237,-0.185967
20.066667,-1.382499,-22.364512,7.341365,-0.035765,0.185435,0.964234,-0.185975
20.083333,-1.372905,-22.388457,7.351668,-0.035767,0.185438,0.964232,-0.185983
20.100000,-1.363311,-22.412403,7.361972,-0.035769,0.185440,0.964231,-0.185988
20.116667,-1.353716,-22.436349,7.372275,-0.035771,0.185442,0.964229,-0.185994
20.133333,-1.344121,-22.460294,7.382578,-0.035773,0.185445,0.964227,-0.186002
20.150000,-1.334525,-22.484239,7.392882,-0.035775,0.185448,0.964225,-0.186009
20.166667,-1.324930,-22.508184,7.403186,-0.035776,0.185450,0.964224,-0.186014
20.183333,-1.315334,-22.532129,7.413490,-0.035778,0.185453,0.964222,-0.186021
20.200000,-1.305738,-22.556073,7.423794,-0.035780,0.185455,0.964220,-0.186028
20.216667,-1.296141,-22.580017,7.434098,-0.035782,0.185458,0.964218,-0.186035
20.233333,-1.286544,-22.603962,7.444403,-0.035783,0.185459,0.964217,-0.186040
20.250000,-1.276947,-22.627906,7.454707,-0.035785,0.185462,0.964215,-0.186047
20.266667,-1.267349,-22.651849,7.465012,-0.035787,0.185465,0.964212,-0.186055
20.283333,-1.257751,-22.675793,7.475317,-0.035789,0.185467,0.964211,-0.186061
20.300000,-1.248153,-22.699736,7.485622,-0.035790,0.185468,0.964209,-0.186067
20.316667,-1.238555,-22.723680,7.495927,-0.035792,0.185471,0.964207,-0.186074
20.333333,-1.228956,-22.747623,7.506232,-0.035795,0.185473,0.964205,-0.186082
20.350000,-1.219357,-22.771566,7.516537,-0.035796,0.185475,0.964204,-0.186088
20.366667,-1.209758,-22.795508,7.526843,-0.035798,0.185477,0.964202,-0.186094
20.383333,-1.200158,-22.819451,7.537148,-0.035800,0.185480,0.964200,-0.186102
20.400000,-1.190557,-22.843393,7.547454,-0.035802,0.185482,0.964198,-0.186110
20.416667,-1.180957,-22.867335,7.557760,-0.035803,0.185484,0.964196,-0.186116
20.433333,-1.171356,-22.891277,7.568066,-0.035805,0.185486,0.964195,-0.186123
20.450000,-1.161755,-22.915219,7.578372,-0.035807,0.185488,0.964192,-0.186132
20.466667,-1.152153,-22.939160,7.588678,-0.035809,0.185490,0.964190,-0.186139
20.483333,-1.142551,-22.963102,7.598985,-0.035811,0.185491,0.964189,-0.186145
20.500000,-1.132950,-22.987043,7.609291,-0.035813,0.185493,0.964187,-0.186153
20.516667,-1.123347,-23.010984,7.619598,-0.035815,0.185495,0.964185,-0.186161
20.533333,-1.113744,-23.034925,7.629904,-0.035816,0.185496,0.964183,-0.186168
20.550000,-1.104140,-23.058865,7.640211,-0.035818,0.185497,0.964182,-0.186173
20.566667,-1.094537,-23.082806,7.650518,-0.035819,0.185499,0.964180,-0.186181
20.583333,-1.084933,-23.106746,7.660825,-0.035821,0.185500,0.964179,-0.186188
20.600000,-1.075328,-23.130686,7.671132,-0.035822,0.185501,0.964177,-0.186194
20.616667,-1.065724,-23.154626,7.681439,-0.035824,0.185501,0.964176,-0.186199
20.633333,-1.056120,-23.178566,7.691746,-0.035825,0.185502,0.964175,-0.186206
20.650000,-1.046514,-23.202506,7.702053,-0.035827,0.185502,0.964173,-0.186213
20.666667,-1.036908,-23.226445,7.712360,-0.035828,0.185502,0.964172,-0.186218
20.683333,-1.027303,-23.250385,7.722667,-0.035829,0.185503,0.964171,-0.186224
20.700000,-1.017697,-23.274324,7.732974,-0.035830,0.185503,0.964170,-0.186231
20.716667,-1.008090,-23.298263,7.743282,-0.035831,0.185503,0.964168,-0.186237
20.733333,-0.998484,-23.322202,7.753589,-0.035832,0.185503,0.964167,-0.186242
20.750000,-0.988877,-23.346141,7.763896,-0.035834,0.185502,0.964166,-0.186248
20.766667,-0.979270,-23.370080,7.774203,-0.035835,0.185502,0.964165,-0.186255
20.783333,-0.969662,-23.394019,7.784510,-0.035836,0.185502,0.964164,-0.186262
20.800000,-0.960054,-23.417957,7.794818,-0.035837,0.185502,0.964163,-0.186266
20.816667,-0.950447,-23.441896,7.805125,-0.035838,0.185501,0.964161,-0.186273
20.833333,-0.940838,-23.465834,7.815432,-0.035840,0.185501,0.964160,-0.186281
20.850000,-0.931229,-23.489773,7.825739,-0.035841,0.185501,0.964159,-0.186287
20.866667,-0.921620,-23.513711,7.836046,-0.035842,0.185500,0.964158,-0.186292
20.883333,-0.912011,-23.537649,7.846353,-0.035843,0.185500,0.964156,-0.186300
20.900000,-0.902401,-23.561586,7.856660,-0.035845,0.185500,0.964155,-0.186308
20.916667,-0.892790,-23.585524,7.866968,-0.035846,0.185499,0.964153,-0.186315
20.933333,-0.883180,-23.609462,7.877275,-0.035847,0.185499,0.964152,-0.186321
20.950000,-0.873570,-23.633399,7.887582,-0.035849,0.185499,0.964151,-0.186329
20.966667,-0.863958,-23.657336,7.897889,-0.035851,0.185499,0.964149,-0.186338
20.983333,-0.854346,-23.681273,7.908196,-0.035852,0.185499,0.964147,-0.186344
21.000000,-0.844734,-23.705210,7.918503,-0.035854,0.185500,0.964146,-0.186351
21.016667,-0.835122,-23.729147,7.928811,-0.035855,0.185500,0.964144,-0.186360
21.033333,-0.825509,-23.753084,7.939118,-0.035857,0.185500,0.964142,-0.186369
21.050000,-0.815896,-23.777020,7.949425,-0.035858,0.185500,0.964141,-0.186375
21.066667,-0.806282,-23.800956,7.959732,-0.035860,0.185500,0.964140,-0.186383
21.083333,-0.796669,-23.824892,7.970040,-0.035862,0.185500,0.964138,-0.186391
21.100000,-0.787054,-23.848828,7.980347,-0.035863,0.185499,0.964136,-0.186399
21.116667,-0.777439,-23.872764,7.990655,-0.035864,0.185499,0.964135,-0.186405
21.133333,-0.767824,-23.896700,8.000962,-0.035865,0.185498,0.964134,-0.186412
21.150000,-0.758209,-23.920635,8.011269,-0.035867,0.185496,0.964133,-0.186419
21.166667,-0.748593,-23.944570,8.021576,-0.035868,0.185495,0.964132,-0.186426
21.183333,-0.738977,-23.968506,8.031884,-0.035868,0.185493,0.964131,-0.186430
21.200000,-0.729361,-23.992441,8.042191,-0.035869,0.185491,0.964131,-0.186437
21.216667,-0.719744,-24.016376,8.052498,-0.035870,0.185488,0.964130,-0.186443
21.233333,-0.710127,-24.040311,8.062804,-0.035870,0.185486,0.964129,-0.186448
21.250000,-0.700510,-24.064246,8.073111,-0.035871,0.185483,0.964129,-0.186452
21.266667,-0.690893,-24.088181,8.083418,-0.035871,0.185480,0.964128,-0.186459
21.283333,-0.681275,-24.112116,8.093724,-0.035872,0.185477,0.964128,-0.186465
21.300000,-0.671657,-24.136051,8.104030,-0.035872,0.185474,0.964127,-0.186469
21.316667,-0.662038,-24.159986,8.114336,-0.035873,0.185472,0.964127,-0.186474
21.333333,-0.652420,-24.183921,8.124642,-0.035873,0.185469,0.964126,-0.186481
21.350000,-0.642801,-24.207856,8.134948,-0.035874,0.185466,0.964125,-0.186487
21.366667,-0.633182,-24.231791,8.145253,-0.035875,0.185464,0.964125,-0.186492
21.383333,-0.623562,-24.255725,8.155559,-0.035875,0.185462,0.964124,-0.186499
21.400000,-0.613943,-24.279660,8.165864,-0.035877,0.185460,0.964123,-0.186506
21.416667,-0.604322,-24.303594,8.176169,-0.035878,0.185457,0.964122,-0.186514
21.433333,-0.594702,-24.327529,8.186475,-0.035878,0.185456,0.964121,-0.186519
21.450000,-0.585081,-24.351463,8.196780,-0.035880,0.185454,0.964120,-0.186527
21.466667,-0.575460,-24.375397,8.207085,-0.035881,0.185452,0.964119,-0.186535
21.483333,-0.565838,-24.399331,8.217390,-0.035882,0.185450,0.964117,-0.186543
21.500000,-0.556216,-24.423265,8.227695,-0.035883,0.185449,0.964117,-0.186548
21.516667,-0.546594,-24.447199,8.238000,-0.035884,0.185447,0.964115,-0.186557
21.533333,-0.536971,-24.471132,8.248305,-0.035885,0.185445,0.964114,-0.186565
21.550000,-0.527347,-24.495065,8.258609,-0.035886,0.185443,0.964113,-0.186572
21.566667,-0.517724,-24.518999,8.268914,-0.035887,0.185441,0.964112,-0.186578
21.583333,-0.508100,-24.542932,8.279219,-0.035888,0.185439,0.964111,-0.186587
21.600000,-0.498475,-24.566865,8.289523,-0.035890,0.185436,0.964110,-0.186595
21.616667,-0.488850,-24.590798,8.299827,-0.035890,0.185434,0.964109,-0.186602
21.633333,-0.479225,-24.614731,8.310131,-0.035891,0.185432,0.964108,-0.186608
21.650000,-0.469600,-24.638664,8.320435,-0.035892,0.185428,0.964107,-0.186616
21.666667,-0.459974,-24.662597,8.330739,-0.035893,0.185425,0.964106,-0.186624
21.683333,-0.450347,-24.686529,8.341043,-0.035894,0.185422,0.964105,-0.186630
21.700000,-0.440721,-24.710462,8.351347,-0.035894,0.185419,0.964105,-0.186636
21.716667,-0.431094,-24.734395,8.361650,-0.035895,0.185415,0.964104,-0.186644
21.733333,-0.421467,-24.758327,8.371953,-0.035896,0.185411,0.964103,-0.186651
21.750000,-0.411839,-24.782259,8.382256,-0.035896,0.185408,0.964103,-0.186656
21.766667,-0.402211,-24.806192,8.392559,-0.035896,0.185404,0.964103,-0.186662
21.783333,-0.392583,-24.830124,8.402862,-0.035897,0.185399,0.964102,-0.186669
21.800000,-0.382954,-24.854056,8.413164,-0.035897,0.185394,0.964102,-0.186675
21.816667,-0.373325,-24.877989,8.423466,-0.035897,0.185391,0.964102,-0.186679
21.833333,-0.363696,-24.901921,8.433769,-0.035897,0.185386,0.964102,-0.186685
21.850000,-0.354066,-24.925853,8.444070,-0.035898,0.185380,0.964101,-0.186692
21.866667,-0.344436,-24.949785,8.454371,-0.035898,0.185376,0.964101,-0.186697
21.883333,-0.334806,-24.973718,8.464673,-0.035898,0.185372,0.964101,-0.186702
21.900000,-0.325176,-24.997650,8.474974,-0.035898,0.185366,0.964101,-0.186708
21.916667,-0.315545,-25.021582,8.485274,-0.035898,0.185361,0.964101,-0.186715
21.933333,-0.305914,-25.045514,8.495574,-0.035899,0.185357,0.964100,-0.186721
21.950000,-0.296283,-25.069446,8.505875,-0.035899,0.185353,0.964100,-0.186726
21.966667,-0.286651,-25.093379,8.516175,-0.035899,0.185348,0.964100,-0.186734
21.983333,-0.277019,-25.117310,8.526474,-0.035900,0.185343,0.964099,-0.186741
22.000000,-0.267386,-25.141242,8.536774,-0.035900,0.185339,0.964099,-0.186747
22.016667,-0.257753,-25.165174,8.547073,-0.035901,0.185335,0.964098,-0.186753
22.033333,-0.248120,-25.189106,8.557372,-0.035901,0.185330,0.964097,-0.186761
22.050000,-0.238486,-25.213038,8.567671,-0.035902,0.185325,0.964097,-0.186769
22.066667,-0.228852,-25.236970,8.577970,-0.035903,0.185322,0.964096,-0.186775
22.083333,-0.219218,-25.260902,8.588268,-0.035903,0.185318,0.964096,-0.186782
22.100000,-0.209583,-25.284833,8.598567,-0.035904,0.185313,0.964095,-0.186790
22.116667,-0.199948,-25.308765,8.608864,-0.035904,0.185308,0.964095,-0.186798
22.133333,-0.190312,-25.332696,8.619162,-0.035905,0.185305,0.964094,-0.186803
22.150000,-0.180677,-25.356628,8.629460,-0.035905,0.185300,0.964094,-0.186811
22.166667,-0.171040,-25.380559,8.639757,-0.035906,0.185295,0.964093,-0.186818
22.183333,-0.161403,-25.404490,8.650054,-0.035906,0.185290,0.964093,-0.186825
22.200000,-0.151766,-25.428422,8.660351,-0.035907,0.185287,0.964092,-0.186830
22.216667,-0.142129,-25.452353,8.670648,-0.035907,0.185281,0.964092,-0.186838
22.233333,-0.132491,-25.476284,8.680944,-0.035907,0.185275,0.964091,-0.186846
22.250000,-0.122853,-25.500215,8.691240,-0.035908,0.185271,0.964091,-0.186852
22.266667,-0.113215,-25.524146,8.701536,-0.035908,0.185267,0.964091,-0.186857
22.283333,-0.103576,-25.548078,8.711832,-0.035908,0.185261,0.964091,-0.186865
22.300000,-0.093937,-25.572009,8.722127,-0.035908,0.185255,0.964090,-0.186872
22.316667,-0.084297,-25.595940,8.732422,-0.035909,0.185250,0.964090,-0.186877
22.333333,-0.074657,-25.619871,8.742717,-0.035909,0.185245,0.964090,-0.186883
22.350000,-0.065017,-25.643802,8.753012,-0.035909,0.185238,0.964090,-0.186891
22.366667,-0.055376,-25.667733,8.763306,-0.035909,0.185232,0.964090,-0.186898
22.383333,-0.045735,-25.691664,8.773599,-0.035909,0.185227,0.964089,-0.186903
22.400000,-0.036094,-25.715595,8.783893,-0.035909,0.185222,0.964089,-0.186910
22.416667,-0.026453,-25.739526,8.794187,-0.035909,0.185215,0.964089,-0.186917
22.433333,-0.016810,-25.763457,8.804479,-0.035910,0.185209,0.964089,-0.186924
22.450000,-0.007168,-25.787388,8.814772,-0.035910,0.185204,0.964089,-0.186929
22.466667,0.002475,-25.811319,8.825065,-0.035910,0.185198,0.964089,-0.186936
22.483333,0.012118,-25.835249,8.835357,-0.035910,0.185191,0.964089,-0.186944
22.500000,0.021762,-25.859180,8.845648,-0.035910,0.185184,0.964089,-0.186950
22.516667,0.031405,-25.883111,8.855939,-0.035910,0.185180,0.964088,-0.186956
22.533333,0.041049,-25.907042,8.866231,-0.035910,0.185173,0.964088,-0.186963
22.550000,0.050694,-25.930973,8.876521,-0.035910,0.185166,0.964088,-0.186971
22.566667,0.060339,-25.954904,8.886812,-0.035910,0.185161,0.964088,-0.186977
22.583333,0.069984,-25.978835,8.897102,-0.035910,0.185156,0.964088,-0.186982
22.600000,0.079630,-26.002766,8.907392,-0.035911,0.185149,0.964088,-0.186990
22.616667,0.089276,-26.026696,8.917681,-0.035911,0.185142,0.964088,-0.186997
22.633333,0.098923,-26.050627,8.927971,-0.035911,0.185137,0.964087,-0.187003
22.650000,0.108569,-26.074558,8.938260,-0.035911,0.185132,0.964087,-0.187009
22.666667,0.118216,-26.098489,8.948549,-0.035911,0.185125,0.964087,-0.187016
22.683333,0.127864,-26.122419,8.958836,-0.035911,0.185118,0.964087,-0.187024
22.700000,0.137512,-26.146350,8.969124,-0.035911,0.185113,0.964087,-0.187029
22.716667,0.147160,-26.170281,8.979412,-0.035911,0.185107,0.964087,-0.187036
22.733333,0.156808,-26.194212,8.989700,-0.035911,0.185099,0.964087,-0.187043
22.750000,0.166458,-26.218142,8.999987,-0.035911,0.185092,0.964087,-0.187050
22.766667,0.176107,-26.242073,9.010273,-0.035911,0.185087,0.964087,-0.187055
22.783333,0.185757,-26.266004,9.020560,-0.035911,0.185080,0.964087,-0.187062
22.800000,0.195407,-26.289935,9.030846,-0.035911,0.185073,0.964087,-0.187070
22.816667,0.205057,-26.313865,9.041131,-0.035911,0.185066,0.964087,-0.187077
22.833333,0.214708,-26.337796,9.051417,-0.035911,0.185061,0.964087,-0.187082
22.850000,0.224359,-26.361727,9.061702,-0.035911,0.185053,0.964087,-0.187089
22.866667,0.234011,-26.385657,9.071986,-0.035911,0.185045,0.964087,-0.187097
22.883333,0.243663,-26.409588,9.082270,-0.035911,0.185038,0.964087,-0.187103
22.900000,0.253315,-26.433519,9.092554,-0.035911,0.185032,0.964087,-0.187108
22.916667,0.262967,-26.457450,9.102838,-0.035911,0.185024,0.964087,-0.187116
22.933333,0.272621,-26.481380,9.113121,-0.035910,0.185016,0.964087,-0.187124
22.950000,0.282275,-26.505311,9.123403,-0.035910,0.185009,0.964087,-0.187130
22.966667,0.291928,-26.529242,9.133686,-0.035910,0.185003,0.964088,-0.187135
22.983333,0.301582,-26.553173,9.143968,-0.035910,0.184994,0.964088,-0.187143
23.000000,0.311237,-26.577104,9.154249,-0.035910,0.184986,0.964088,-0.187151
23.016667,0.320892,-26.601034,9.164530,-0.035910,0.184979,0.964088,-0.187156
23.033333,0.330547,-26.624965,9.174811,-0.035909,0.184972,0.964088,-0.187162
23.050000,0.340203,-26.648896,9.185092,-0.035909,0.184963,0.964088,-0.187170
23.066667,0.349859,-26.672827,9.195371,-0.035909,0.184955,0.964089,-0.187178
23.083333,0.359516,-26.696758,9.205651,-0.035909,0.184949,0.964089,-0.187183
23.100000,0.369172,-26.720689,9.215930,-0.035909,0.184941,0.964089,-0.187189
23.116667,0.378829,-26.744620,9.226209,-0.035908,0.184932,0.964089,-0.187197
23.133333,0.388487,-26.768551,9.236487,-0.035908,0.184924,0.964089,-0.187204
23.150000,0.398145,-26.792482,9.246765,-0.035908,0.184918,0.964090,-0.187209
23.166667,0.407803,-26.816413,9.257043,-0.035908,0.184909,0.964090,-0.187216
23.183333,0.417462,-26.840344,9.267320,-0.035907,0.184900,0.964090,-0.187224
23.200000,0.427122,-26.864275,9.277596,-0.035907,0.184893,0.964090,-0.187231
23.216667,0.436781,-26.888206,9.287873,-0.035907,0.184887,0.964090,-0.187236
23.233333,0.446441,-26.912137,9.298149,-0.035906,0.184877,0.964091,-0.187243
23.250000,0.456101,-26.936068,9.308424,-0.035906,0.184868,0.964091,-0.187251
23.266667,0.465762,-26.959999,9.318699,-0.035906,0.184861,0.964091,-0.187257
23.283333,0.475423,-26.983931,9.328974,-0.035906,0.184854,0.964091,-0.187263
23.300000,0.485084,-27.007862,9.339248,-0.035905,0.184845,0.964092,-0.187271
23.316667,0.494746,-27.031793,9.349522,-0.035905,0.184835,0.964092,-0.187278
23.333333,0.504408,-27.055724,9.359795,-0.035905,0.184829,0.964092,-0.187284
23.350000,0.514071,-27.079656,9.370068,-0.035904,0.184821,0.964093,-0.187290
23.366667,0.523733,-27.103587,9.380341,-0.035904,0.184811,0.964093,-0.187298
23.383333,0.533397,-27.127518,9.390612,-0.035904,0.184802,0.964093,-0.187305
23.400000,0.543061,-27.151450,9.400884,-0.035903,0.184795,0.964094,-0.187311
23.416667,0.552725,-27.175381,9.411155,-0.035903,0.184787,0.964094,-0.187317
23.433333,0.562389,-27.199313,9.421426,-0.035902,0.184777,0.964094,-0.187325
23.450000,0.572055,-27.223244,9.431696,-0.035902,0.184767,0.964095,-0.187332
23.466667,0.581720,-27.247176,9.441966,-0.035902,0.184761,0.964095,-0.187338
23.483333,0.591385,-27.271107,9.452235,-0.035901,0.184751,0.964095,-0.187345
23.500000,0.601051,-27.295039,9.462504,-0.035901,0.184741,0.964096,-0.187353
23.516667,0.610718,-27.318970,9.472772,-0.035900,0.184732,0.964096,-0.187360
23.533333,0.620385,-27.342902,9.483040,-0.035900,0.184725,0.964096,-0.187365
23.550000,0.630052,-27.366834,9.493308,-0.035900,0.184715,0.964097,-0.187373
23.566667,0.639720,-27.390766,9.503575,-0.035899,0.184705,0.964097,-0.187381
23.583333,0.649388,-27.414697,9.513841,-0.035899,0.184697,0.964098,-0.187387
23.600000,0.659056,-27.438629,9.524107,-0.035898,0.184689,0.964098,-0.187393
23.616667,0.668725,-27.462561,9.534373,-0.035898,0.184678,0.964099,-0.187401
23.633333,0.678395,-27.486493,9.544638,-0.035897,0.184668,0.964099,-0.187409
23.650000,0.688065,-27.510425,9.554902,-0.035897,0.184660,0.964099,-0.187415
23.666667,0.697734,-27.534357,9.565167,-0.035896,0.184652,0.964100,-0.187422
23.683333,0.707405,-27.558289,9.575431,-0.035896,0.184641,0.964100,-0.187429
23.700000,0.717076,-27.582221,9.585693,-0.035895,0.184630,0.964101,-0.187437
23.716667,0.726747,-27.606154,9.595956,-0.035895,0.184622,0.964101,-0.187443
23.733333,0.736419,-27.630086,9.606218,-0.035894,0.184613,0.964102,-0.187449
23.750000,0.746091,-27.654018,9.616480,-0.035893,0.184602,0.964103,-0.187457
23.766667,0.755764,-27.677950,9.626741,-0.035893,0.184591,0.964103,-0.187465
23.783333,0.765437,-27.701883,9.637001,-0.035892,0.184584,0.964104,-0.187470
23.800000,0.775110,-27.725815,9.647262,-0.035891,0.184573,0.964104,-0.187477
23.816667,0.784783,-27.749748,9.657521,-0.035891,0.184561,0.964105,-0.187484
23.833333,0.794458,-27.773681,9.667780,-0.035890,0.184551,0.964106,-0.187491
23.850000,0.804132,-27.797613,9.678038,-0.035889,0.184543,0.964106,-0.187496
23.866667,0.813807,-27.821546,9.688297,-0.035888,0.184532,0.964107,-0.187504
23.883333,0.823482,-27.845479,9.698554,-0.035888,0.184520,0.964108,-0.187511
23.900000,0.833158,-27.869412,9.708810,-0.035887,0.184510,0.964109,-0.187517
23.916667,0.842834,-27.893345,9.719067,-0.035886,0.184501,0.964109,-0.187523
23.933333,0.852510,-27.917278,9.729323,-0.035885,0.184489,0.964110,-0.187530
23.950000,0.862187,-27.941211,9.739577,-0.035884,0.184477,0.964111,-0.187538
23.966667,0.871865,-27.965144,9.749832,-0.035883,0.184467,0.964112,-0.187544
23.983333,0.881542,-27.989077,9.760086,-0.035883,0.184458,0.964113,-0.187550
24.000000,0.891220,-28.013011,9.770340,-0.035882,0.184445,0.964113,-0.187557
24.016667,0.900898,-28.036944,9.780592,-0.035881,0.184433,0.964114,-0.187565
24.033333,0.910577,-28.060878,9.790844,-0.035880,0.184424,0.964115,-0.187570
24.050000,0.920256,-28.084812,9.801096,-0.035879,0.184414,0.964116,-0.187577
24.066667,0.929936,-28.108745,9.811348,-0.035878,0.184401,0.964117,-0.187585
24.083333,0.939616,-28.132679,9.821598,-0.035877,0.184389,0.964118,-0.187592
24.100000,0.949297,-28.156613,9.831848,-0.035877,0.184381,0.964118,-0.187597
24.116667,0.958977,-28.180547,9.842097,-0.035876,0.184370,0.964119,-0.187605
24.133333,0.968659,-28.204481,9.852346,-0.035875,0.184358,0.964120,-0.187613
24.150000,0.978341,-28.228415,9.862594,-0.035874,0.184347,0.964120,-0.187620
24.166667,0.988023,-28.252350,9.872842,-0.035874,0.184339,0.964121,-0.187625
24.183333,0.997705,-28.276284,9.883090,-0.035873,0.184328,0.964121,-0.187633
24.200000,1.007388,-28.300218,9.893336,-0.035872,0.184316,0.964122,-0.187642
24.216667,1.017072,-28.324153,9.903582,-0.035872,0.184306,0.964123,-0.187649
24.233333,1.026755,-28.348087,9.913827,-0.035871,0.184298,0.964123,-0.187654
24.250000,1.036439,-28.372021,9.924073,-0.035870,0.184285,0.964124,-0.187663
24.266667,1.046124,-28.395956,9.934317,-0.035870,0.184273,0.964125,-0.187671
24.283333,1.055809,-28.419891,9.944561,-0.035869,0.184263,0.964125,-0.187678
24.300000,1.065495,-28.443825,9.954804,-0.035868,0.184254,0.964126,-0.187684
24.316667,1.075180,-28.467760,9.965048,-0.035867,0.184240,0.964127,-0.187693
24.333333,1.084867,-28.491695,9.975289,-0.035866,0.184227,0.964128,-0.187702
24.350000,1.094554,-28.515630,9.985531,-0.035866,0.184217,0.964128,-0.187708
24.366667,1.104241,-28.539565,9.995772,-0.035865,0.184205,0.964129,-0.187715
24.383333,1.113928,-28.563500,10.006013,-0.035863,0.184191,0.964130,-0.187724
24.400000,1.123617,-28.587435,10.016251,-0.035862,0.184177,0.964131,-0.187732
24.416667,1.133306,-28.611371,10.026490,-0.035861,0.184167,0.964132,-0.187738
24.433333,1.142995,-28.635306,10.036729,-0.035860,0.184154,0.964133,-0.187746
24.450000,1.152684,-28.659241,10.046966,-0.035859,0.184139,0.964135,-0.187754
24.466667,1.162375,-28.683177,10.057203,-0.035858,0.184125,0.964136,-0.187762
24.483333,1.172065,-28.707113,10.067439,-0.035857,0.184115,0.964137,-0.187768
24.500000,1.181756,-28.731049,10.077675,-0.035856,0.184101,0.964138,-0.187776
24.516667,1.191447,-28.754985,10.087909,-0.035854,0.184086,0.964139,-0.187784
24.533333,1.201140,-28.778921,10.098143,-0.035853,0.184073,0.964140,-0.187791
24.550000,1.210832,-28.802857,10.108376,-0.035852,0.184064,0.964141,-0.187797
24.566667,1.220524,-28.826794,10.118609,-0.035851,0.184049,0.964142,-0.187805
24.583333,1.230217,-28.850730,10.128841,-0.035850,0.184035,0.964143,-0.187813
24.600000,1.239911,-28.874667,10.139072,-0.035849,0.184024,0.964144,-0.187820
24.616667,1.249605,-28.898603,10.149303,-0.035848,0.184013,0.964145,-0.187826
24.633333,1.259299,-28.922540,10.159534,-0.035846,0.183999,0.964146,-0.187834
24.650000,1.268994,-28.946477,10.169762,-0.035845,0.183984,0.964147,-0.187842
24.666667,1.278690,-28.970414,10.179991,-0.035844,0.183974,0.964148,-0.187848
24.683333,1.288385,-28.994351,10.190219,-0.035843,0.183962,0.964149,-0.187854
24.700000,1.298081,-29.018288,10.200447,-0.035842,0.183947,0.964151,-0.187862
24.716667,1.307778,-29.042226,10.210673,-0.035840,0.183933,0.964152,-0.187870
24.733333,1.317475,-29.066163,10.220899,-0.035839,0.183922,0.964153,-0.187875
24.750000,1.327172,-29.090101,10.231125,-0.035838,0.183909,0.964154,-0.187882
24.766667,1.336870,-29.114038,10.241350,-0.035836,0.183893,0.964156,-0.187891
24.783333,1.346569,-29.137976,10.251573,-0.035835,0.183879,0.964157,-0.187898
24.800000,1.356267,-29.161914,10.261796,-0.035834,0.183868,0.964158,-0.187904
24.816667,1.365966,-29.185852,10.272019,-0.035832,0.183853,0.964160,-0.187911
24.833333,1.375666,-29.209791,10.282241,-0.035831,0.183837,0.964161,-0.187920
24.850000,1.385366,-29.233729,10.292461,-0.035829,0.183823,0.964162,-0.187927
24.866667,1.395067,-29.257668,10.302681,-0.035828,0.183812,0.964163,-0.187932
24.883333,1.404767,-29.281606,10.312901,-0.035827,0.183796,0.964165,-0.187941
24.900000,1.414469,-29.305545,10.323119,-0.035825,0.183780,0.964166,-0.187950
24.916667,1.424171,-29.329484,10.333337,-0.035824,0.183768,0.964167,-0.187956
24.933333,1.433873,-29.353423,10.343554,-0.035823,0.183756,0.964168,-0.187963
24.950000,1.443575,-29.377362,10.353772,-0.035822,0.183741,0.964169,-0.187972
24.966667,1.453279,-29.401302,10.363987,-0.035820,0.183726,0.964171,-0.187981
24.983333,1.462983,-29.425241,10.374201,-0.035819,0.183715,0.964171,-0.187987
25.000000,1.472687,-29.449180,10.384416,-0.035818,0.183703,0.964172,-0.187994
25.016667,1.482391,-29.473120,10.394631,-0.035817,0.183687,0.964174,-0.188003
25.033333,1.492097,-29.497060,10.404843,-0.035816,0.183672,0.964175,-0.188012
25.050000,1.501803,-29.520999,10.415055,-0.035815,0.183662,0.964176,-0.188018
25.066667,1.511508,-29.544939,10.425267,-0.035814,0.183648,0.964177,-0.188026
25.083333,1.521215,-29.568879,10.435478,-0.035812,0.183631,0.964178,-0.188035
25.100000,1.530922,-29.592820,10.445688,-0.035810,0.183616,0.964180,-0.188044
25.116667,1.540630,-29.616760,10.455897,-0.035809,0.183604,0.964181,-0.188050
25.133333,1.550338,-29.640700,10.466107,-0.035808,0.183587,0.964182,-0.188058
25.150000,1.560046,-29.664641,10.476314,-0.035806,0.183569,0.964184,-0.188067
25.166667,1.569756,-29.688582,10.486520,-0.035804,0.183553,0.964186,-0.188075
25.183333,1.579465,-29.712523,10.496726,-0.035802,0.183540,0.964187,-0.188080
25.200000,1.589174,-29.736464,10.506933,-0.035800,0.183521,0.964189,-0.188089
25.216667,1.598885,-29.760405,10.517136,-0.035798,0.183501,0.964191,-0.188098
25.233333,1.608596,-29.784347,10.527339,-0.035796,0.183486,0.964193,-0.188105
25.250000,1.618308,-29.808288,10.537541,-0.035795,0.183471,0.964195,-0.188111
25.266667,1.628019,-29.832230,10.547744,-0.035792,0.183452,0.964197,-0.188120
25.283333,1.637732,-29.856172,10.557943,-0.035790,0.183433,0.964199,-0.188128
25.300000,1.647445,-29.880115,10.568142,-0.035789,0.183418,0.964200,-0.188135
25.316667,1.657158,-29.904057,10.578341,-0.035787,0.183404,0.964202,-0.188142
25.333333,1.666871,-29.928000,10.588540,-0.035785,0.183385,0.964204,-0.188150
25.350000,1.676586,-29.951943,10.598736,-0.035783,0.183366,0.964206,-0.188159
25.366667,1.686301,-29.975886,10.608932,-0.035781,0.183354,0.964207,-0.188164
25.383333,1.696016,-29.999829,10.619128,-0.035780,0.183339,0.964208,-0.188172
25.400000,1.705731,-30.023772,10.629322,-0.035778,0.183321,0.964210,-0.188180
25.416667,1.715448,-30.047716,10.639515,-0.035776,0.183304,0.964212,-0.188189
25.433333,1.725165,-30.071660,10.649708,-0.035775,0.183292,0.964213,-0.188194
25.450000,1.734881,-30.095603,10.659901,-0.035773,0.183276,0.964215,-0.188202
25.466667,1.744599,-30.119547,10.670092,-0.035771,0.183258,0.964216,-0.188211
25.483333,1.754317,-30.143491,10.680282,-0.035770,0.183242,0.964218,-0.188219
25.500000,1.764036,-30.167436,10.690471,-0.035768,0.183230,0.964219,-0.188226
25.516667,1.773754,-30.191380,10.700661,-0.035766,0.183212,0.964221,-0.188235
25.533333,1.783474,-30.215325,10.710848,-0.035765,0.183193,0.964223,-0.188244
25.550000,1.793194,-30.239269,10.721035,-0.035763,0.183177,0.964224,-0.188252
25.566667,1.802915,-30.263214,10.731221,-0.035762,0.183164,0.964225,-0.188259
25.583333,1.812635,-30.287159,10.741408,-0.035760,0.183145,0.964227,-0.188269
25.600000,1.822357,-30.311105,10.751591,-0.035758,0.183125,0.964229,-0.188278
25.616667,1.832080,-30.335050,10.761774,-0.035756,0.183111,0.964230,-0.188286
25.633333,1.841802,-30.358996,10.771957,-0.035755,0.183096,0.964232,-0.188294
25.650000,1.851525,-30.382941,10.782139,-0.035753,0.183076,0.964234,-0.188303
25.666667,1.861249,-30.406887,10.792319,-0.035751,0.183057,0.964236,-0.188313
25.683333,1.870974,-30.430833,10.802498,-0.035749,0.183043,0.964237,-0.188320
25.700000,1.880698,-30.454780,10.812678,-0.035747,0.183027,0.964239,-0.188328
25.716667,1.890423,-30.478726,10.822857,-0.035745,0.183007,0.964240,-0.188337
25.733333,1.900150,-30.502673,10.833033,-0.035743,0.182989,0.964242,-0.188346
25.750000,1.909876,-30.526619,10.843209,-0.035742,0.182976,0.964244,-0.188352
25.766667,1.919603,-30.550566,10.853385,-0.035740,0.182958,0.964245,-0.188361
25.783333,1.929330,-30.574513,10.863559,-0.035738,0.182938,0.964248,-0.188370
25.800000,1.939058,-30.598461,10.873732,-0.035736,0.182920,0.964249,-0.188378
25.816667,1.948786,-30.622408,10.883905,-0.035734,0.182907,0.964251,-0.188384
25.833333,1.958515,-30.646356,10.894077,-0.035732,0.182887,0.964253,-0.188393
25.850000,1.968244,-30.670304,10.904248,-0.035729,0.182866,0.964255,-0.188402
25.866667,1.977975,-30.694252,10.914417,-0.035727,0.182848,0.964257,-0.188410
25.883333,1.987705,-30.718200,10.924586,-0.035726,0.182833,0.964259,-0.188416
25.900000,1.997435,-30.742148,10.934755,-0.035723,0.182811,0.964261,-0.188425
25.916667,2.007167,-30.766097,10.944920,-0.035720,0.182788,0.964264,-0.188435
25.933333,2.016899,-30.790047,10.955085,-0.035718,0.182770,0.964266,-0.188442
25.950000,2.026631,-30.813996,10.965250,-0.035716,0.182753,0.964268,-0.188449
25.966667,2.036364,-30.837945,10.975415,-0.035713,0.182729,0.964271,-0.188459
25.983333,2.046098,-30.861895,10.985576,-0.035710,0.182705,0.964273,-0.188468
26.000000,2.055832,-30.885845,10.995737,-0.035708,0.182688,0.964275,-0.188475
26.016667,2.065567,-30.909795,11.005898,-0.035705,0.182669,0.964278,-0.188483
26.033333,2.075301,-30.933746,11.016057,-0.035703,0.182645,0.964280,-0.188493
26.050000,2.085038,-30.957697,11.026214,-0.035700,0.182622,0.964283,-0.188503
26.066667,2.094774,-30.981648,11.036370,-0.035698,0.182606,0.964284,-0.188510
26.083333,2.104511,-31.005599,11.046527,-0.035696,0.182586,0.964287,-0.188519
26.100000,2.114248,-31.029550,11.056682,-0.035693,0.182564,0.964289,-0.188530
26.116667,2.123987,-31.053502,11.066834,-0.035691,0.182543,0.964291,-0.188539
26.133333,2.133725,-31.077454,11.076987,-0.035689,0.182528,0.964293,-0.188546
26.150000,2.143464,-31.101406,11.087139,-0.035687,0.182507,0.964295,-0.188557
26.166667,2.153204,-31.125358,11.097290,-0.035685,0.182484,0.964297,-0.188567
26.183333,2.162945,-31.149310,11.107438,-0.035683,0.182465,0.964299,-0.188577
26.200000,2.172686,-31.173263,11.117587,-0.035681,0.182450,0.964300,-0.188584
26.216667,2.182426,-31.197215,11.127736,-0.035678,0.182427,0.964303,-0.188594
26.233333,2.192169,-31.221169,11.137881,-0.035676,0.182403,0.964305,-0.188605
26.250000,2.201912,-31.245122,11.148026,-0.035673,0.182384,0.964307,-0.188613
26.266667,2.211655,-31.269075,11.158170,-0.035671,0.182366,0.964309,-0.188620
26.283333,2.221398,-31.293029,11.168315,-0.035668,0.182341,0.964312,-0.188630
26.300000,2.231144,-31.316983,11.178455,-0.035665,0.182316,0.964315,-0.188640
26.316667,2.240889,-31.340937,11.188595,-0.035662,0.182297,0.964318,-0.188647
26.333333,2.250634,-31.364892,11.198736,-0.035660,0.182276,0.964320,-0.188655
26.350000,2.260380,-31.388846,11.208875,-0.035656,0.182250,0.964323,-0.188664
26.366667,2.270127,-31.412802,11.219010,-0.035653,0.182224,0.964326,-0.188674
26.383333,2.279874,-31.436758,11.229146,-0.035650,0.182206,0.964329,-0.188680
26.400000,2.289622,-31.460713,11.239281,-0.035648,0.182184,0.964331,-0.188689
26.416667,2.299370,-31.484669,11.249414,-0.035644,0.182158,0.964334,-0.188699
26.433333,2.309119,-31.508626,11.259545,-0.035641,0.182135,0.964337,-0.188708
26.450000,2.318869,-31.532582,11.269676,-0.035640,0.182118,0.964339,-0.188715
26.466667,2.328618,-31.556539,11.279807,-0.035637,0.182097,0.964341,-0.188726
26.483333,2.338369,-31.580496,11.289935,-0.035635,0.182073,0.964343,-0.188737
26.500000,2.348121,-31.604453,11.300062,-0.035632,0.182053,0.964345,-0.188746
26.516667,2.357873,-31.628411,11.310189,-0.035631,0.182038,0.964347,-0.188754
26.533333,2.367624,-31.652368,11.320315,-0.035629,0.182016,0.964349,-0.188766
26.550000,2.377378,-31.676326,11.330439,-0.035626,0.181993,0.964351,-0.188777
26.566667,2.387132,-31.700284,11.340562,-0.035624,0.181975,0.964352,-0.188787
26.583333,2.396886,-31.724242,11.350685,-0.035623,0.181958,0.964354,-0.188795
26.600000,2.406641,-31.748200,11.360808,-0.035620,0.181934,0.964356,-0.188807
26.616667,2.416397,-31.772159,11.370927,-0.035617,0.181909,0.964359,-0.188818
26.633333,2.426154,-31.796118,11.381046,-0.035615,0.181890,0.964361,-0.188826
26.650000,2.435910,-31.820076,11.391165,-0.035612,0.181869,0.964363,-0.188835
26.666667,2.445667,-31.844035,11.401283,-0.035609,0.181841,0.964367,-0.188845
26.683333,2.455426,-31.867995,11.411397,-0.035605,0.181812,0.964370,-0.188856
26.700000,2.465185,-31.891955,11.421510,-0.035602,0.181792,0.964373,-0.188863
26.716667,2.474944,-31.915915,11.431624,-0.035599,0.181766,0.964376,-0.188871
26.733333,2.484704,-31.939876,11.441736,-0.035594,0.181736,0.964380,-0.188882
26.750000,2.494465,-31.963837,11.451844,-0.035590,0.181706,0.964384,-0.188891
26.766667,2.504226,-31.987799,11.461952,-0.035587,0.181685,0.964387,-0.188898
26.783333,2.513987,-32.011760,11.472060,-0.035584,0.181657,0.964390,-0.188907
26.800000,2.523749,-32.035722,11.482165,-0.035579,0.181627,0.964394,-0.188918
26.816667,2.533513,-32.059685,11.492268,-0.035576,0.181600,0.964397,-0.188927
26.833333,2.543276,-32.083648,11.502370,-0.035573,0.181580,0.964400,-0.188934
26.850000,2.553040,-32.107611,11.512473,-0.035569,0.181551,0.964403,-0.188945
26.866667,2.562805,-32.131575,11.522572,-0.035566,0.181522,0.964407,-0.188957
26.883333,2.572571,-32.155539,11.532669,-0.035563,0.181499,0.964409,-0.188966
26.900000,2.582337,-32.179503,11.542767,-0.035560,0.181479,0.964411,-0.188974
26.916667,2.592103,-32.203467,11.552864,-0.035557,0.181451,0.964415,-0.188986
26.933333,2.601871,-32.227431,11.562957,-0.035554,0.181423,0.964418,-0.188998
26.950000,2.611640,-32.251396,11.573050,-0.035551,0.181401,0.964420,-0.189008
26.966667,2.621408,-32.275361,11.583143,-0.035549,0.181380,0.964422,-0.189017
26.983333,2.631177,-32.299326,11.593235,-0.035545,0.181351,0.964425,-0.189029
27.000000,2.640948,-32.323292,11.603322,-0.035542,0.181322,0.964429,-0.189041
27.016667,2.650719,-32.347258,11.613410,-0.035539,0.181301,0.964431,-0.189050
27.033333,2.660491,-32.371224,11.623498,-0.035536,0.181277,0.964434,-0.189060
27.050000,2.670262,-32.395191,11.633584,-0.035532,0.181246,0.964437,-0.189072
27.066667,2.680036,-32.419158,11.643666,-0.035528,0.181217,0.964441,-0.189083
27.083333,2.689810,-32.443125,11.653748,-0.035526,0.181196,0.964443,-0.189091
27.100000,2.699584,-32.467092,11.663830,-0.035522,0.181168,0.964446,-0.189102
27.116667,2.709359,-32.491060,11.673910,-0.035518,0.181136,0.964450,-0.189114
27.133333,2.719135,-32.515029,11.683986,-0.035514,0.181108,0.964454,-0.189124
27.150000,2.728911,-32.538997,11.694063,-0.035511,0.181086,0.964456,-0.189132
27.166667,2.738688,-32.562966,11.704140,-0.035507,0.181056,0.964460,-0.189143
27.183333,2.748466,-32.586935,11.714212,-0.035503,0.181024,0.964464,-0.189155
27.200000,2.758245,-32.610905,11.724283,-0.035499,0.180997,0.964467,-0.189164
27.216667,2.768023,-32.634875,11.734354,-0.035496,0.180974,0.964470,-0.189172
27.233333,2.777802,-32.658845,11.744425,-0.035492,0.180942,0.964474,-0.189184
27.250000,2.787583,-32.682816,11.754491,-0.035488,0.180910,0.964478,-0.189195
27.266667,2.797365,-32.706787,11.764556,-0.035484,0.180884,0.964481,-0.189204
27.283333,2.807146,-32.730759,11.774621,-0.035481,0.180860,0.964484,-0.189213
27.300000,2.816928,-32.754730,11.784686,-0.035477,0.180827,0.964488,-0.189224
27.316667,2.826712,-32.778703,11.794745,-0.035472,0.180795,0.964492,-0.189236
27.333333,2.836496,-32.802675,11.804805,-0.035469,0.180771,0.964495,-0.189245
27.350000,2.846280,-32.826648,11.814864,-0.035466,0.180744,0.964498,-0.189255
27.366667,2.856064,-32.850621,11.824922,-0.035462,0.180711,0.964502,-0.189268
27.383333,2.865851,-32.874595,11.834976,-0.035457,0.180679,0.964506,-0.189280
27.400000,2.875638,-32.898569,11.845029,-0.035455,0.180657,0.964508,-0.189289
27.416667,2.885424,-32.922543,11.855083,-0.035451,0.180627,0.964511,-0.189301
27.433333,2.895212,-32.946517,11.865134,-0.035447,0.180594,0.964515,-0.189314
27.450000,2.905002,-32.970493,11.875181,-0.035443,0.180562,0.964519,-0.189327
27.466667,2.914792,-32.994468,11.885229,-0.035440,0.180540,0.964521,-0.189336
27.483333,2.924581,-33.018443,11.895277,-0.035436,0.180507,0.964525,-0.189349
27.500000,2.934373,-33.042419,11.905320,-0.035431,0.180472,0.964529,-0.189363
27.516667,2.944166,-33.066396,11.915362,-0.035428,0.180442,0.964533,-0.189374
27.533333,2.953958,-33.090372,11.925403,-0.035424,0.180418,0.964535,-0.189383
27.550000,2.963751,-33.114349,11.935445,-0.035420,0.180381,0.964540,-0.189397
27.566667,2.973546,-33.138327,11.945481,-0.035415,0.180345,0.964544,-0.189410
27.583333,2.983342,-33.162305,11.955516,-0.035411,0.180315,0.964548,-0.189420
27.600000,2.993137,-33.186283,11.965551,-0.035407,0.180288,0.964551,-0.189430
27.616667,3.002933,-33.210261,11.975586,-0.035402,0.180250,0.964556,-0.189443
27.633333,3.012731,-33.234241,11.985614,-0.035396,0.180211,0.964561,-0.189455
27.650000,3.022530,-33.258221,11.995642,-0.035393,0.180183,0.964564,-0.189465
27.666667,3.032328,-33.282201,12.005670,-0.035388,0.180152,0.964568,-0.189475
27.683333,3.042127,-33.306181,12.015697,-0.035383,0.180113,0.964573,-0.189488
27.700000,3.051929,-33.330162,12.025718,-0.035377,0.180075,0.964578,-0.189501
27.716667,3.061730,-33.354144,12.035740,-0.035374,0.180048,0.964581,-0.189510
27.733333,3.071532,-33.378125,12.045761,-0.035369,0.180015,0.964586,-0.189521
27.750000,3.081334,-33.402107,12.055780,-0.035364,0.179976,0.964590,-0.189535
27.766667,3.091138,-33.426091,12.065794,-0.035359,0.179939,0.964595,-0.189547
27.783333,3.100943,-33.450074,12.075808,-0.035355,0.179913,0.964598,-0.189557
27.800000,3.110747,-33.474057,12.085822,-0.035351,0.179877,0.964603,-0.189570
27.816667,3.120553,-33.498041,12.095833,-0.035345,0.179838,0.964607,-0.189583
27.833333,3.130361,-33.522026,12.105840,-0.035341,0.179804,0.964611,-0.189596
27.850000,3.140169,-33.546011,12.115848,-0.035337,0.179777,0.964615,-0.189605
27.866667,3.149976,-33.569995,12.125855,-0.035332,0.179738,0.964619,-0.189619
27.883333,3.159786,-33.593981,12.135857,-0.035326,0.179699,0.964624,-0.189633
27.900000,3.169597,-33.617968,12.145857,-0.035322,0.179666,0.964628,-0.189644
27.916667,3.179407,-33.641954,12.155858,-0.035318,0.179638,0.964632,-0.189654
27.933333,3.189218,-33.665941,12.165858,-0.035313,0.179597,0.964637,-0.189668
27.950000,3.199031,-33.689929,12.175852,-0.035307,0.179557,0.964642,-0.189681
27.966667,3.208845,-33.713917,12.185845,-0.035303,0.179526,0.964646,-0.189691
27.983333,3.218659,-33.737905,12.195838,-0.035298,0.179494,0.964650,-0.189702
28.000000,3.228473,-33.761893,12.205830,-0.035293,0.179453,0.964655,-0.189716
28.016667,3.238290,-33.785883,12.215816,-0.035287,0.179411,0.964660,-0.189731
28.033333,3.248107,-33.809873,12.225802,-0.035283,0.179383,0.964663,-0.189740
28.050000,3.257923,-33.833863,12.235788,-0.035278,0.179347,0.964668,-0.189753
28.066667,3.267741,-33.857854,12.245772,-0.035272,0.179304,0.964673,-0.189768
28.083333,3.277561,-33.881845,12.255750,-0.035267,0.179263,0.964678,-0.189783
28.100000,3.287382,-33.905837,12.265728,-0.035263,0.179235,0.964681,-0.189794
28.116667,3.297202,-33.929829,12.275707,-0.035258,0.179195,0.964686,-0.189809
28.133333,3.307024,-33.953822,12.285681,-0.035252,0.179150,0.964691,-0.189825
28.150000,3.316848,-33.977815,12.295651,-0.035247,0.179111,0.964696,-0.189840
28.166667,3.326672,-34.001808,12.305622,-0.035243,0.179081,0.964699,-0.189852
28.183333,3.336495,-34.025802,12.315592,-0.035237,0.179037,0.964704,-0.189868
28.200000,3.346322,-34.049797,12.325557,-0.035231,0.178991,0.964710,-0.189884
28.216667,3.356150,-34.073792,12.335520,-0.035226,0.178954,0.964714,-0.189898
28.233333,3.365977,-34.097787,12.345482,-0.035221,0.178921,0.964718,-0.189909
28.250000,3.375805,-34.121782,12.355444,-0.035215,0.178874,0.964724,-0.189924
28.266667,3.385636,-34.145779,12.365399,-0.035208,0.178828,0.964730,-0.189940
28.283333,3.395467,-34.169777,12.375354,-0.035203,0.178792,0.964735,-0.189951
28.300000,3.405298,-34.193774,12.385308,-0.035198,0.178755,0.964739,-0.189962
28.316667,3.415129,-34.217771,12.395261,-0.035191,0.178707,0.964746,-0.189976
28.333333,3.424964,-34.241771,12.405207,-0.035184,0.178659,0.964752,-0.189991
28.350000,3.434798,-34.265770,12.415152,-0.035179,0.178626,0.964756,-0.190001
28.366667,3.444632,-34.289770,12.425098,-0.035173,0.178585,0.964762,-0.190013
28.383333,3.454467,-34.313770,12.435041,-0.035166,0.178536,0.964768,-0.190028
28.400000,3.464305,-34.337772,12.444978,-0.035159,0.178489,0.964774,-0.190043
28.416667,3.474143,-34.361774,12.454915,-0.035154,0.178456,0.964778,-0.190053
28.433333,3.483980,-34.385775,12.464852,-0.035148,0.178412,0.964784,-0.190068
28.450000,3.493820,-34.409778,12.474784,-0.035141,0.178362,0.964790,-0.190085
28.466667,3.503662,-34.433782,12.484713,-0.035135,0.178317,0.964796,-0.190100
28.483333,3.513503,-34.457786,12.494641,-0.035130,0.178283,0.964800,-0.190112
28.500000,3.523345,-34.481789,12.504569,-0.035124,0.178235,0.964805,-0.190129
28.516667,3.533189,-34.505795,12.514491,-0.035117,0.178184,0.964812,-0.190147
28.533333,3.543034,-34.529800,12.524410,-0.035111,0.178141,0.964817,-0.190162
28.550000,3.552880,-34.553806,12.534329,-0.035106,0.178106,0.964821,-0.190174
28.566667,3.562726,-34.577812,12.544248,-0.035099,0.178053,0.964827,-0.190192
28.583333,3.572575,-34.601820,12.554159,-0.035092,0.178001,0.964834,-0.190210
28.600000,3.582424,-34.625828,12.564069,-0.035086,0.177960,0.964839,-0.190224
28.616667,3.592274,-34.649836,12.573979,-0.035080,0.177920,0.964844,-0.190237
28.633333,3.602124,-34.673844,12.583888,-0.035073,0.177866,0.964851,-0.190254
28.650000,3.611977,-34.697854,12.593788,-0.035065,0.177813,0.964858,-0.190271
28.666667,3.621830,-34.721865,12.603689,-0.035059,0.177774,0.964862,-0.190283
28.683333,3.631684,-34.745875,12.613589,-0.035053,0.177730,0.964868,-0.190297
28.700000,3.641538,-34.769886,12.623487,-0.035045,0.177675,0.964875,-0.190315
28.716667,3.651396,-34.793899,12.633377,-0.035037,0.177622,0.964882,-0.190331
28.733333,3.661253,-34.817912,12.643268,-0.035032,0.177585,0.964886,-0.190343
28.750000,3.671110,-34.841925,12.653159,-0.035025,0.177537,0.964892,-0.190359
28.766667,3.680970,-34.865938,12.663045,-0.035018,0.177482,0.964899,-0.190377
28.783333,3.690831,-34.889954,12.672926,-0.035011,0.177432,0.964905,-0.190394
28.800000,3.700692,-34.913969,12.682806,-0.035005,0.177395,0.964910,-0.190406
28.816667,3.710554,-34.937984,12.692687,-0.034998,0.177342,0.964916,-0.190424
28.833333,3.720418,-34.962000,12.702562,-0.034990,0.177286,0.964923,-0.190442
28.850000,3.730284,-34.986018,12.712433,-0.034983,0.177237,0.964929,-0.190459
28.866667,3.740149,-35.010035,12.722304,-0.034978,0.177199,0.964934,-0.190471
28.883333,3.750015,-35.034053,12.732175,-0.034969,0.177140,0.964942,-0.190490
28.900000,3.759884,-35.058072,12.742037,-0.034961,0.177081,0.964949,-0.190509
28.916667,3.769754,-35.082092,12.751898,-0.034954,0.177033,0.964955,-0.190524
28.933333,3.779624,-35.106112,12.761758,-0.034947,0.176988,0.964961,-0.190538
28.950000,3.789494,-35.130132,12.771619,-0.034938,0.176926,0.964969,-0.190557
28.966667,3.799369,-35.154155,12.781468,-0.034929,0.176863,0.964977,-0.190576
28.983333,3.809243,-35.178178,12.791317,-0.034922,0.176817,0.964983,-0.190590
29.000000,3.819118,-35.202200,12.801167,-0.034915,0.176765,0.964990,-0.190605
29.016667,3.828993,-35.226224,12.811014,-0.034905,0.176701,0.964998,-0.190624
29.033333,3.838872,-35.250249,12.820851,-0.034896,0.176636,0.965006,-0.190644
29.050000,3.848750,-35.274275,12.830689,-0.034889,0.176592,0.965012,-0.190657
29.066667,3.858629,-35.298301,12.840527,-0.034881,0.176536,0.965019,-0.190675
29.083333,3.868510,-35.322328,12.850360,-0.034872,0.176470,0.965027,-0.190696
29.100000,3.878394,-35.346356,12.860186,-0.034863,0.176409,0.965035,-0.190715
29.116667,3.888277,-35.370385,12.870012,-0.034857,0.176365,0.965040,-0.190730
29.133333,3.898161,-35.394413,12.879838,-0.034848,0.176304,0.965048,-0.190750
29.150000,3.908047,-35.418443,12.889657,-0.034839,0.176238,0.965056,-0.190772
29.166667,3.917936,-35.442474,12.899471,-0.034830,0.176180,0.965063,-0.190791
29.183333,3.927824,-35.466506,12.909286,-0.034824,0.176136,0.965068,-0.190806
29.200000,3.937713,-35.490537,12.919100,-0.034815,0.176069,0.965076,-0.190828
29.216667,3.947605,-35.514570,12.928905,-0.034805,0.176001,0.965085,-0.190850
29.233333,3.957499,-35.538604,12.938707,-0.034797,0.175946,0.965092,-0.190867
29.250000,3.967393,-35.562638,12.948510,-0.034790,0.175896,0.965098,-0.190883
29.266667,3.977286,-35.586672,12.958312,-0.034780,0.175826,0.965107,-0.190904
29.283333,3.987185,-35.610709,12.968102,-0.034769,0.175756,0.965116,-0.190926
29.300000,3.997083,-35.634746,12.977892,-0.034762,0.175704,0.965122,-0.190942
29.316667,4.006982,-35.658784,12.987682,-0.034753,0.175648,0.965129,-0.190959
29.333333,4.016881,-35.682821,12.997470,-0.034743,0.175576,0.965139,-0.190981
29.350000,4.026784,-35.706861,13.007247,-0.034732,0.175503,0.965148,-0.191003
29.366667,4.036688,-35.730902,13.017024,-0.034725,0.175454,0.965154,-0.191018
29.383333,4.046591,-35.754942,13.026801,-0.034716,0.175391,0.965162,-0.191037
29.400000,4.056497,-35.778983,13.036574,-0.034705,0.175316,0.965171,-0.191060
29.416667,4.066405,-35.803027,13.046338,-0.034694,0.175245,0.965180,-0.191082
29.433333,4.076314,-35.827070,13.056101,-0.034687,0.175195,0.965187,-0.191098
29.450000,4.086223,-35.851114,13.065865,-0.034677,0.175124,0.965196,-0.191119
29.466667,4.096135,-35.875159,13.075622,-0.034665,0.175047,0.965205,-0.191143
29.483333,4.106049,-35.899206,13.085372,-0.034655,0.174978,0.965214,-0.191164
29.500000,4.115963,-35.923253,13.095122,-0.034647,0.174925,0.965221,-0.191180
29.516667,4.125878,-35.947299,13.104872,-0.034636,0.174846,0.965231,-0.191204
29.533333,4.135796,-35.971349,13.114611,-0.034623,0.174765,0.965241,-0.191228
29.550000,4.145716,-35.995399,13.124347,-0.034613,0.174698,0.965250,-0.191248
29.566667,4.155636,-36.019449,13.134083,-0.034605,0.174639,0.965257,-0.191265
29.583333,4.165556,-36.043500,13.143818,-0.034592,0.174555,0.965268,-0.191290
29.600000,4.175481,-36.067554,13.153540,-0.034579,0.174471,0.965279,-0.191314
29.616667,4.185406,-36.091608,13.163260,-0.034570,0.174406,0.965287,-0.191333
29.633333,4.195332,-36.115662,13.172981,-0.034560,0.174341,0.965296,-0.191352
29.650000,4.205258,-36.139716,13.182700,-0.034547,0.174255,0.965306,-0.191377
29.666667,4.215190,-36.163774,13.192405,-0.034534,0.174169,0.965317,-0.191402
29.683333,4.225121,-36.187832,13.202110,-0.034525,0.174110,0.965325,-0.191420
29.700000,4.235053,-36.211890,13.211815,-0.034515,0.174038,0.965334,-0.191442
29.716667,4.244986,-36.235949,13.221515,-0.034502,0.173951,0.965345,-0.191468
29.733333,4.254923,-36.260011,13.231205,-0.034490,0.173868,0.965355,-0.191494
29.750000,4.264861,-36.284072,13.240895,-0.034481,0.173810,0.965362,-0.191512
29.766667,4.274798,-36.308134,13.250585,-0.034469,0.173731,0.965372,-0.191537
29.783333,4.284739,-36.332197,13.260267,-0.034456,0.173642,0.965383,-0.191564
29.800000,4.294683,-36.356262,13.269941,-0.034445,0.173562,0.965393,-0.191589
29.816667,4.304627,-36.380327,13.279616,-0.034436,0.173502,0.965400,-0.191607
29.833333,4.314571,-36.404393,13.289290,-0.034422,0.173412,0.965412,-0.191634
29.850000,4.324519,-36.428461,13.298953,-0.034408,0.173319,0.965423,-0.191662
29.866667,4.334469,-36.452530,13.308610,-0.034397,0.173240,0.965433,-0.191686
29.883333,4.344419,-36.476599,13.318268,-0.034387,0.173173,0.965442,-0.191706
29.900000,4.354370,-36.500668,13.327926,-0.034372,0.173075,0.965454,-0.191735
29.916667,4.364326,-36.524741,13.337568,-0.034357,0.172977,0.965466,-0.191764
29.933333,4.374283,-36.548815,13.347208,-0.034346,0.172900,0.965476,-0.191786
29.950000,4.384240,-36.572888,13.356848,-0.034334,0.172824,0.965486,-0.191809
29.966667,4.394197,-36.596962,13.366486,-0.034319,0.172722,0.965498,-0.191840
29.983333,4.404161,-36.621040,13.376108,-0.034304,0.172620,0.965511,-0.191870
30.000000,4.414125,-36.645118,13.385730,-0.034293,0.172547,0.965520,-0.191893
30.016667,4.424089,-36.669196,13.395352,-0.034280,0.172462,0.965530,-0.191919
30.033333,4.434055,-36.693275,13.404968,-0.034264,0.172356,0.965544,-0.191950
30.050000,4.444027,-36.717357,13.414572,-0.034249,0.172253,0.965556,-0.191982
30.066667,4.453998,-36.741439,13.424175,-0.034238,0.172182,0.965565,-0.192003
30.083333,4.463970,-36.765522,13.433778,-0.034224,0.172086,0.965577,-0.192032
30.100000,4.473944,-36.789606,13.443372,-0.034208,0.171976,0.965591,-0.192064
30.116667,4.483923,-36.813693,13.452956,-0.034192,0.171876,0.965603,-0.192093
30.133333,4.493902,-36.837780,13.462539,-0.034181,0.171801,0.965613,-0.192115
30.150000,4.503881,-36.861867,13.472123,-0.034164,0.171694,0.965626,-0.192145
30.166667,4.513865,-36.885957,13.481693,-0.034147,0.171579,0.965641,-0.192177
30.183333,4.523852,-36.910049,13.491256,-0.034132,0.171481,0.965654,-0.192204
30.200000,4.533838,-36.934141,13.500820,-0.034119,0.171402,0.965664,-0.192225
30.216667,4.543824,-36.958233,13.510383,-0.034101,0.171282,0.965679,-0.192258
30.233333,4.553817,-36.982329,13.519928,-0.034082,0.171163,0.965694,-0.192291
30.250000,4.563811,-37.006426,13.529470,-0.034068,0.171068,0.965707,-0.192317
30.266667,4.573805,-37.030524,13.539012,-0.034054,0.170978,0.965718,-0.192342
30.283333,4.583800,-37.054621,13.548553,-0.034035,0.170853,0.965734,-0.192377
30.300000,4.593802,-37.078724,13.558073,-0.034015,0.170729,0.965749,-0.192412
30.316667,4.603804,-37.102826,13.567592,-0.034001,0.170638,0.965761,-0.192438
30.333333,4.613806,-37.126929,13.577112,-0.033986,0.170536,0.965774,-0.192468
30.350000,4.623811,-37.151033,13.586627,-0.033966,0.170407,0.965790,-0.192505
30.366667,4.633821,-37.175141,13.596123,-0.033947,0.170279,0.965806,-0.192542
30.383333,4.643832,-37.199249,13.605620,-0.033933,0.170191,0.965816,-0.192567
30.400000,4.653843,-37.223357,13.615116,-0.033916,0.170076,0.965831,-0.192601
30.416667,4.663858,-37.247467,13.624603,-0.033895,0.169942,0.965847,-0.192640
30.433333,4.673878,-37.271581,13.634076,-0.033876,0.169817,0.965862,-0.192677
30.450000,4.683898,-37.295695,13.643549,-0.033862,0.169726,0.965874,-0.192703
30.466667,4.693918,-37.319809,13.653021,-0.033843,0.169598,0.965889,-0.192741
30.483333,4.703944,-37.343926,13.662479,-0.033822,0.169459,0.965906,-0.192781
30.500000,4.713973,-37.368045,13.671927,-0.033803,0.169339,0.965921,-0.192817
30.516667,4.724003,-37.392165,13.681375,-0.033789,0.169245,0.965932,-0.192844
30.533333,4.734032,-37.416284,13.690823,-0.033767,0.169102,0.965950,-0.192886
30.550000,4.744069,-37.440409,13.700251,-0.033745,0.168958,0.965968,-0.192928
30.566667,4.754109,-37.464534,13.709673,-0.033727,0.168842,0.965982,-0.192962
30.583333,4.764148,-37.488660,13.719095,-0.033711,0.168735,0.965995,-0.192993
30.600000,4.774187,-37.512785,13.728518,-0.033687,0.168583,0.966013,-0.193036
30.616667,4.784236,-37.536917,13.737914,-0.033664,0.168431,0.966032,-0.193080
30.633333,4.794285,-37.561048,13.747309,-0.033646,0.168316,0.966046,-0.193112
30.650000,4.804334,-37.585180,13.756705,-0.033627,0.168191,0.966062,-0.193147
30.666667,4.814385,-37.609313,13.766095,-0.033602,0.168029,0.966082,-0.193192
30.683333,4.824445,-37.633452,13.775462,-0.033576,0.167867,0.966102,-0.193237
30.700000,4.834505,-37.657591,13.784828,-0.033558,0.167753,0.966116,-0.193268
30.716667,4.844565,-37.681729,13.794194,-0.033536,0.167608,0.966134,-0.193308
30.733333,4.854629,-37.705871,13.803550,-0.033509,0.167436,0.966155,-0.193355
30.750000,4.864700,-37.730017,13.812885,-0.033483,0.167273,0.966175,-0.193400
30.766667,4.874770,-37.754163,13.822220,-0.033465,0.167155,0.966190,-0.193433
30.783333,4.884841,-37.778309,13.831555,-0.033439,0.166992,0.966210,-0.193478
30.800000,4.894919,-37.802459,13.840873,-0.033411,0.166811,0.966232,-0.193528
30.816667,4.905001,-37.826613,13.850176,-0.033386,0.166652,0.966252,-0.193572
30.833333,4.915084,-37.850766,13.859479,-0.033367,0.166530,0.966267,-0.193606
30.850000,4.925167,-37.874920,13.868782,-0.033338,0.166346,0.966289,-0.193657
30.866667,4.935258,-37.899079,13.878061,-0.033308,0.166158,0.966312,-0.193708
30.883333,4.945353,-37.923241,13.887330,-0.033284,0.166003,0.966331,-0.193751
30.900000,4.955448,-37.947402,13.896600,-0.033262,0.165867,0.966348,-0.193788
30.916667,4.965543,-37.971564,13.905869,-0.033231,0.165669,0.966372,-0.193842
30.933333,4.975650,-37.995733,13.915106,-0.033200,0.165472,0.966396,-0.193896
30.950000,4.985757,-38.019902,13.924340,-0.033176,0.165321,0.966415,-0.193937
30.966667,4.995864,-38.044072,13.933574,-0.033151,0.165163,0.966434,-0.193980
30.983333,5.005973,-38.068243,13.942804,-0.033118,0.164955,0.966459,-0.194038
31.000000,5.016094,-38.092421,13.952001,-0.033086,0.164747,0.966483,-0.194097
31.016667,5.026215,-38.116600,13.961198,-0.033063,0.164600,0.966501,-0.194139
31.033333,5.036335,-38.140778,13.970395,-0.033035,0.164420,0.966522,-0.194192
31.050000,5.046461,-38.164959,13.979580,-0.033001,0.164202,0.966547,-0.194257
31.066667,5.056596,-38.189146,13.988738,-0.032969,0.163992,0.966571,-0.194320
31.083333,5.066732,-38.213333,13.997896,-0.032946,0.163843,0.966588,-0.194366
31.100000,5.076868,-38.237520,14.007053,-0.032915,0.163640,0.966611,-0.194429
31.116667,5.087012,-38.261711,14.016191,-0.032881,0.163412,0.966636,-0.194500
31.133333,5.097164,-38.285906,14.025308,-0.032849,0.163207,0.966659,-0.194564
31.150000,5.107316,-38.310102,14.034425,-0.032826,0.163052,0.966676,-0.194613
31.166667,5.117468,-38.334297,14.043541,-0.032791,0.162823,0.966701,-0.194686
31.183333,5.127632,-38.358499,14.052629,-0.032755,0.162585,0.966727,-0.194762
31.200000,5.137800,-38.382703,14.061703,-0.032725,0.162385,0.966748,-0.194827
31.216667,5.147969,-38.406908,14.070778,-0.032700,0.162216,0.966767,-0.194882
31.233333,5.158138,-38.431112,14.079852,-0.032663,0.161967,0.966793,-0.194966
31.250000,5.168323,-38.455325,14.088887,-0.032625,0.161717,0.966819,-0.195049
31.266667,5.178511,-38.479538,14.097917,-0.032597,0.161522,0.966839,-0.195116
31.283333,5.188698,-38.503751,14.106947,-0.032568,0.161328,0.966859,-0.195183
31.300000,5.198887,-38.527965,14.115973,-0.032530,0.161067,0.966885,-0.195276
31.316667,5.209094,-38.552188,14.124956,-0.032491,0.160806,0.966911,-0.195367
31.333333,5.219302,-38.576410,14.133939,-0.032464,0.160618,0.966930,-0.195435
31.350000,5.229510,-38.600632,14.142921,-0.032432,0.160397,0.966951,-0.195516
31.366667,5.239723,-38.624857,14.151891,-0.032392,0.160124,0.966978,-0.195616
31.383333,5.249952,-38.649088,14.160825,-0.032354,0.159857,0.967003,-0.195714
31.400000,5.260181,-38.673319,14.169759,-0.032327,0.159671,0.967021,-0.195783
31.416667,5.270411,-38.697551,14.178693,-0.032291,0.159420,0.967044,-0.195878
31.433333,5.280650,-38.721786,14.187604,-0.032250,0.159134,0.967070,-0.195988
31.450000,5.290903,-38.746026,14.196487,-0.032213,0.158871,0.967094,-0.196089
31.466667,5.301155,-38.770266,14.205370,-0.032185,0.158675,0.967112,-0.196165
31.483333,5.311408,-38.794506,14.214253,-0.032145,0.158392,0.967137,-0.196279
31.500000,5.321677,-38.818752,14.223100,-0.032103,0.158092,0.967163,-0.196400
31.516667,5.331955,-38.843001,14.231929,-0.032068,0.157835,0.967184,-0.196505
31.533333,5.342233,-38.867251,14.240758,-0.032039,0.157627,0.967202,-0.196591
31.550000,5.352512,-38.891500,14.249586,-0.031996,0.157315,0.967227,-0.196724
31.566667,5.362813,-38.915756,14.258368,-0.031953,0.157002,0.967252,-0.196857
31.583333,5.373119,-38.940013,14.267141,-0.031920,0.156755,0.967272,-0.196963
31.600000,5.383425,-38.964271,14.275913,-0.031887,0.156518,0.967290,-0.197067
31.616667,5.393732,-38.988529,14.284684,-0.031843,0.156187,0.967316,-0.197211
31.633333,5.404068,-39.012795,14.293399,-0.031798,0.155857,0.967341,-0.197355
31.650000,5.414404,-39.037060,14.302114,-0.031765,0.155614,0.967359,-0.197462
31.666667,5.424740,-39.061326,14.310829,-0.031727,0.155336,0.967380,-0.197585
31.683333,5.435083,-39.085594,14.319530,-0.031680,0.154985,0.967406,-0.197742
31.700000,5.445451,-39.109869,14.328181,-0.031633,0.154637,0.967431,-0.197898
31.716667,5.455819,-39.134143,14.336832,-0.031600,0.154394,0.967449,-0.198007
31.733333,5.466187,-39.158418,14.345482,-0.031557,0.154075,0.967471,-0.198155
31.750000,5.476570,-39.182697,14.354106,-0.031508,0.153706,0.967496,-0.198327
31.766667,5.486973,-39.206980,14.362690,-0.031463,0.153362,0.967519,-0.198489
31.783333,5.497377,-39.231264,14.371274,-0.031430,0.153112,0.967535,-0.198609
31.800000,5.507781,-39.255547,14.379857,-0.031384,0.152756,0.967557,-0.198784
31.816667,5.518207,-39.279835,14.388401,-0.031334,0.152371,0.967580,-0.198973
31.833333,5.528649,-39.304126,14.396917,-0.031290,0.152037,0.967600,-0.199139
31.850000,5.539091,-39.328417,14.405433,-0.031257,0.151776,0.967615,-0.199271
31.866667,5.549533,-39.352707,14.413949,-0.031206,0.151375,0.967637,-0.199477
31.883333,5.560008,-39.377004,14.422408,-0.031154,0.150972,0.967659,-0.199684
31.900000,5.570491,-39.401302,14.430852,-0.031112,0.150643,0.967676,-0.199853
31.916667,5.580975,-39.425601,14.439296,-0.031073,0.150339,0.967692,-0.200011
31.933333,5.591458,-39.449899,14.447739,-0.031019,0.149909,0.967714,-0.200238
31.950000,5.601986,-39.474204,14.456107,-0.030964,0.149479,0.967735,-0.200464
31.966667,5.612515,-39.498510,14.464474,-0.030923,0.149155,0.967751,-0.200637
31.983333,5.623044,-39.522815,14.472840,-0.030878,0.148800,0.967767,-0.200828
32.000000,5.633581,-39.547122,14.481193,-0.030820,0.148340,0.967788,-0.201076
32.016667,5.644159,-39.571434,14.489477,-0.030762,0.147881,0.967809,-0.201323
32.033333,5.654737,-39.595746,14.497762,-0.030722,0.147562,0.967823,-0.201497
32.050000,5.665316,-39.620058,14.506046,-0.030670,0.147151,0.967839,-0.201724
32.066667,5.675913,-39.644372,14.514299,-0.030609,0.146665,0.967859,-0.201995
32.083333,5.686545,-39.668691,14.522495,-0.030551,0.146204,0.967877,-0.202252
32.100000,5.697176,-39.693009,14.530691,-0.030509,0.145870,0.967889,-0.202440
32.116667,5.707808,-39.717328,14.538887,-0.030452,0.145402,0.967905,-0.202710
32.133333,5.718472,-39.741650,14.547032,-0.030388,0.144888,0.967922,-0.203007
32.150000,5.729162,-39.765974,14.555136,-0.030332,0.144433,0.967936,-0.203273
32.166667,5.739852,-39.790298,14.563240,-0.030289,0.144083,0.967945,-0.203481
32.183333,5.750541,-39.814622,14.571345,-0.030225,0.143554,0.967958,-0.203803
32.200000,5.761279,-39.838948,14.579377,-0.030160,0.143013,0.967971,-0.204132
32.216667,5.772033,-39.863276,14.587384,-0.030105,0.142566,0.967980,-0.204408
32.233333,5.782787,-39.887604,14.595391,-0.030058,0.142169,0.967988,-0.204655
32.250000,5.793541,-39.911931,14.603399,-0.029989,0.141595,0.967997,-0.205018
32.266667,5.804361,-39.936262,14.611309,-0.029920,0.141021,0.968006,-0.205381
32.283333,5.815181,-39.960581,14.619210,-0.029867,0.140580,0.968012,-0.205663
32.300000,5.826001,-39.984901,14.627111,-0.029812,0.140116,0.968018,-0.205961
32.316667,5.836831,-40.009221,14.634998,-0.029738,0.139498,0.968025,-0.206359
32.333333,5.847714,-40.033512,14.642779,-0.029663,0.138880,0.968031,-0.206757
32.350000,5.858597,-40.057802,14.650559,-0.029610,0.138442,0.968035,-0.207042
32.366667,5.869479,-40.082093,14.658340,-0.029544,0.137901,0.968038,-0.207396
32.383333,5.880388,-40.106383,14.666084,-0.029465,0.137241,0.968041,-0.207831
32.400000,5.891332,-40.130624,14.673729,-0.029387,0.136605,0.968043,-0.208250
32.416667,5.902276,-40.154865,14.681373,-0.029331,0.136148,0.968044,-0.208554
32.433333,5.913219,-40.179106,14.689018,-0.029257,0.135528,0.968042,-0.208974
32.450000,5.924207,-40.203347,14.696601,-0.029172,0.134822,0.968040,-0.209455
32.466667,5.935211,-40.227517,14.704098,-0.029094,0.134185,0.968036,-0.209892
32.483333,5.946214,-40.251687,14.711595,-0.029036,0.133702,0.968031,-0.210229
32.500000,5.957217,-40.275857,14.719092,-0.028952,0.133000,0.968022,-0.210726
32.516667,5.968287,-40.300025,14.726501,-0.028862,0.132246,0.968012,-0.211260
32.533333,5.979351,-40.324103,14.733838,-0.028784,0.131606,0.968002,-0.211717
32.550000,5.990415,-40.348181,14.741174,-0.028722,0.131087,0.967992,-0.212092
32.566667,6.001479,-40.372259,14.748511,-0.028628,0.130298,0.967974,-0.212673
32.583333,6.012633,-40.396331,14.755730,-0.028531,0.129494,0.967954,-0.213264
32.600000,6.023760,-40.420297,14.762890,-0.028453,0.128851,0.967937,-0.213740
32.616667,6.034886,-40.444264,14.770050,-0.028383,0.128276,0.967921,-0.214169
32.633333,6.046013,-40.468230,14.777210,-0.028280,0.127417,0.967893,-0.214820
32.650000,6.057254,-40.492186,14.784226,-0.028175,0.126556,0.967865,-0.215472
32.666667,6.068444,-40.516020,14.791198,-0.028096,0.125912,0.967841,-0.215965
32.683333,6.079634,-40.539854,14.798169,-0.028018,0.125268,0.967816,-0.216462
32.700000,6.090833,-40.563687,14.805131,-0.027905,0.124345,0.967776,-0.217183
32.716667,6.102089,-40.587369,14.811901,-0.027790,0.123418,0.967736,-0.217906
32.733333,6.113346,-40.611051,14.818671,-0.027709,0.122761,0.967705,-0.218425
32.750000,6.124602,-40.634733,14.825441,-0.027619,0.122038,0.967669,-0.219000
32.766667,6.135882,-40.658412,14.832183,-0.027496,0.121044,0.967615,-0.219803
32.783333,6.147211,-40.681922,14.838732,-0.027374,0.120065,0.967561,-0.220594
32.800000,6.158541,-40.705432,14.845282,-0.027287,0.119374,0.967519,-0.221160
32.816667,6.169870,-40.728942,14.851831,-0.027187,0.118579,0.967470,-0.221815
32.833333,6.181236,-40.752446,14.858338,-0.027051,0.117507,0.967400,-0.222707
32.850000,6.192644,-40.775763,14.864655,-0.026920,0.116484,0.967331,-0.223558
32.866667,6.204053,-40.799081,14.870971,-0.026826,0.115745,0.967277,-0.224183
32.883333,6.215461,-40.822398,14.877288,-0.026716,0.114891,0.967213,-0.224912
32.900000,6.226916,-40.845707,14.883550,-0.026568,0.113743,0.967122,-0.225901
32.916667,6.238409,-40.868812,14.889618,-0.026428,0.112672,0.967035,-0.226826
32.933333,6.249902,-40.891917,14.895686,-0.026324,0.111879,0.966967,-0.227518
32.950000,6.261395,-40.915022,14.901754,-0.026204,0.110970,0.966887,-0.228317
32.966667,6.272941,-40.938116,14.907762,-0.026039,0.109732,0.966773,-0.229416
32.983333,6.284528,-40.960987,14.913567,-0.025886,0.108592,0.966664,-0.230431
33.000000,6.296115,-40.983858,14.919371,-0.025770,0.107735,0.966578,-0.231205
33.016667,6.307702,-41.006730,14.925176,-0.025641,0.106783,0.966480,-0.232070
33.033333,6.319344,-41.029588,14.930921,-0.025459,0.105455,0.966335,-0.233296
33.050000,6.331036,-41.052204,14.936443,-0.025291,0.104238,0.966199,-0.234423
33.066667,6.342729,-41.074821,14.941966,-0.025163,0.103319,0.966092,-0.235285
33.083333,6.354421,-41.097437,14.947488,-0.025026,0.102347,0.965976,-0.236198
33.100000,6.366159,-41.120041,14.952963,-0.024824,0.100922,0.965797,-0.237560
33.116667,6.377968,-41.142379,14.958191,-0.024634,0.099604,0.965627,-0.238822
33.133333,6.389777,-41.164717,14.963420,-0.024493,0.098623,0.965495,-0.239778
33.150000,6.401586,-41.187055,14.968648,-0.024348,0.097638,0.965360,-0.240736
33.166667,6.413420,-41.209386,14.973851,-0.024125,0.096124,0.965144,-0.242230
33.183333,6.425358,-41.231424,14.978768,-0.023908,0.094682,0.964933,-0.243655
33.200000,6.437296,-41.253461,14.983685,-0.023748,0.093624,0.964773,-0.244712
33.216667,6.449235,-41.275498,14.988602,-0.023584,0.092561,0.964610,-0.245773
33.233333,6.461173,-41.297536,14.993519,-0.023349,0.091045,0.964364,-0.247320
33.250000,6.473373,-41.319487,14.998168,-0.023098,0.089453,0.964100,-0.248950
33.266667,6.485455,-41.341200,15.002756,-0.022919,0.088325,0.963904,-0.250123
33.283333,6.497536,-41.362913,15.007343,-0.022737,0.087193,0.963706,-0.251301
33.300000,6.509618,-41.384626,15.011930,-0.022498,0.085722,0.963436,-0.252855
33.316667,6.521932,-41.406254,15.016289,-0.022210,0.083982,0.963108,-0.254708
33.333333,6.534173,-41.427614,15.020535,-0.022008,0.082768,0.962867,-0.256032
33.350000,6.546414,-41.448975,15.024781,-0.021807,0.081578,0.962627,-0.257330
33.366667,6.558655,-41.470335,15.029027,-0.021573,0.080207,0.962344,-0.258837
33.383333,6.571073,-41.491626,15.033104,-0.021254,0.078370,0.961950,-0.260881
33.400000,6.583486,-41.512608,15.036999,-0.021010,0.076983,0.961641,-0.262446
33.416667,6.595899,-41.533591,15.040894,-0.020785,0.075726,0.961356,-0.263873
33.433333,6.608312,-41.554573,15.044788,-0.020556,0.074462,0.961065,-0.265304
33.450000,6.620819,-41.575514,15.048595,-0.020208,0.072568,0.960608,-0.267502
33.466667,6.633421,-41.596089,15.052124,-0.019911,0.070976,0.960213,-0.269366
33.483333,6.646023,-41.616665,15.055652,-0.019661,0.069660,0.959876,-0.270923
33.500000,6.658625,-41.637240,15.059181,-0.019406,0.068338,0.959533,-0.272486
33.516667,6.671227,-41.657815,15.062709,-0.019073,0.066630,0.959074,-0.274541
33.533333,6.684172,-41.678227,15.065928,-0.018710,0.064800,0.958565,-0.276774
33.550000,6.696974,-41.698367,15.069086,-0.018439,0.063448,0.958173,-0.278457
33.566667,6.709775,-41.718506,15.072243,-0.018161,0.062089,0.957775,-0.280146
33.583333,6.722577,-41.738646,15.075401,-0.017862,0.060650,0.957346,-0.281942
33.600000,6.735593,-41.758674,15.078372,-0.017432,0.058606,0.956706,-0.284562
33.616667,6.748605,-41.778349,15.081156,-0.017130,0.057189,0.956241,-0.286426
33.633333,6.761617,-41.798023,15.083940,-0.016832,0.055814,0.955783,-0.288238
33.650000,6.774629,-41.817697,15.086724,-0.016527,0.054431,0.955317,-0.290058
33.666667,6.787684,-41.837347,15.089473,-0.016126,0.052640,0.954690,-0.292464
33.683333,6.800911,-41.856528,15.091890,-0.015745,0.050961,0.954078,-0.294772
33.700000,6.814138,-41.875709,15.094308,-0.015430,0.049593,0.953563,-0.296683
33.716667,6.827365,-41.894890,15.096725,-0.015108,0.048219,0.953039,-0.298602
33.733333,6.840592,-41.914071,15.099142,-0.014775,0.046826,0.952502,-0.300548
33.750000,6.854060,-41.933106,15.101366,-0.014306,0.044878,0.951705,-0.303380
33.766667,6.867501,-41.951769,15.103425,-0.013983,0.043553,0.951135,-0.305368
33.783333,6.880941,-41.970432,15.105485,-0.013652,0.042220,0.950556,-0.307366
33.800000,6.894382,-41.989095,15.107544,-0.013314,0.040881,0.949969,-0.309372
33.816667,6.907830,-42.007754,15.109599,-0.012911,0.039311,0.949257,-0.311768
33.833333,6.921477,-42.025878,15.111324,-0.012512,0.037769,0.948515,-0.314223
33.850000,6.935124,-42.044002,15.113050,-0.012182,0.036511,0.947888,-0.316272
33.866667,6.948771,-42.062125,15.114775,-0.011844,0.035245,0.947250,-0.318330
33.883333,6.962419,-42.080249,15.116501,-0.011499,0.033974,0.946604,-0.320399
33.900000,6.976214,-42.098268,15.118120,-0.011054,0.032352,0.945738,-0.323127
33.916667,6.990054,-42.115837,15.119535,-0.010735,0.031201,0.945078,-0.325175
33.933333,7.003895,-42.133405,15.120950,-0.010410,0.030044,0.944408,-0.327234
33.950000,7.017735,-42.150974,15.122364,-0.010078,0.028881,0.943729,-0.329303
33.966667,7.031575,-42.168542,15.123779,-0.009738,0.027711,0.943039,-0.331382
33.983333,7.045667,-42.185920,15.125028,-0.009345,0.026365,0.942177,-0.333945
34.000000,7.059674,-42.202929,15.126170,-0.009050,0.025362,0.941494,-0.335953
34.016667,7.073681,-42.219937,15.127313,-0.008749,0.024354,0.940800,-0.337972
34.033333,7.087689,-42.236946,15.128455,-0.008442,0.023341,0.940098,-0.340001
34.050000,7.101696,-42.253954,15.129597,-0.008127,0.022320,0.939383,-0.342047
34.066667,7.116018,-42.270709,15.130554,-0.007811,0.021290,0.938568,-0.344349
34.083333,7.130161,-42.287160,15.131467,-0.007552,0.020452,0.937874,-0.346291
34.100000,7.144304,-42.303611,15.132381,-0.007287,0.019610,0.937171,-0.348243
34.116667,7.158447,-42.320062,15.133295,-0.007017,0.018763,0.936458,-0.350206
34.133333,7.172592,-42.336511,15.134207,-0.006737,0.017897,0.935719,-0.352227
34.150000,7.186838,-42.352414,15.134936,-0.006508,0.017179,0.934993,-0.354191
34.166667,7.201084,-42.368316,15.135665,-0.006297,0.016524,0.934310,-0.356022
34.183333,7.215330,-42.384218,15.136394,-0.006081,0.015865,0.933620,-0.357863
34.200000,7.229576,-42.400120,15.137123,-0.005862,0.015203,0.932920,-0.359715
34.216667,7.243838,-42.416008,15.137846,-0.005638,0.014536,0.932209,-0.361585
34.233333,7.258145,-42.431383,15.138439,-0.005488,0.014076,0.931571,-0.363246
34.250000,7.272452,-42.446757,15.139033,-0.005336,0.013613,0.930925,-0.364918
34.266667,7.286758,-42.462132,15.139626,-0.005181,0.013147,0.930272,-0.366599
34.283333,7.301065,-42.477507,15.140220,-0.005023,0.012679,0.929611,-0.368291
34.300000,7.315376,-42.492877,15.140812,-0.004868,0.012223,0.928961,-0.369944
34.316667,7.329701,-42.507751,15.141315,-0.004779,0.011948,0.928388,-0.371389
34.333333,7.344026,-42.522626,15.141818,-0.004688,0.011663,0.927787,-0.372899
34.350000,7.358351,-42.537500,15.142321,-0.004594,0.011377,0.927179,-0.374419
34.366667,7.372676,-42.552375,15.142824,-0.004499,0.011089,0.926564,-0.375947
34.383333,7.387001,-42.567249,15.143327,-0.004404,0.010803,0.925948,-0.377470
34.400000,7.401533,-42.581922,15.143791,-0.004357,0.010649,0.925461,-0.378669
34.416667,7.415841,-42.596321,15.144243,-0.004304,0.010473,0.924892,-0.380061
34.433333,7.430149,-42.610720,15.144695,-0.004249,0.010297,0.924318,-0.381462
34.450000,7.444457,-42.625119,15.145147,-0.004194,0.010119,0.923737,-0.382871
34.466667,7.458765,-42.639519,15.145598,-0.004138,0.009940,0.923150,-0.384290
34.483333,7.473221,-42.653769,15.146027,-0.004101,0.009821,0.922720,-0.385324
34.500000,7.487489,-42.667710,15.146440,-0.004054,0.009668,0.922165,-0.386654
34.516667,7.501757,-42.681652,15.146852,-0.004006,0.009515,0.921604,-0.387993
34.533333,7.516025,-42.695593,15.147264,-0.003957,0.009360,0.921038,-0.389341
34.550000,7.530294,-42.709534,15.147676,-0.003907,0.009205,0.920465,-0.390697
34.566667,7.544644,-42.723391,15.148075,-0.003874,0.009102,0.920089,-0.391586
34.583333,7.558858,-42.736885,15.148448,-0.003830,0.008964,0.919540,-0.392876
34.600000,7.573073,-42.750379,15.148821,-0.003785,0.008824,0.918986,-0.394174
34.616667,7.587288,-42.763873,15.149194,-0.003739,0.008684,0.918425,-0.395481
34.633333,7.601502,-42.777368,15.149568,-0.003693,0.008543,0.917859,-0.396797
34.650000,7.615721,-42.790858,15.149940,-0.003657,0.008433,0.917408,-0.397843
34.666667,7.629869,-42.803917,15.150282,-0.003626,0.008336,0.916986,-0.398816
34.683333,7.644017,-42.816976,15.150623,-0.003584,0.008209,0.916438,-0.400077
34.700000,7.658165,-42.830035,15.150964,-0.003541,0.008080,0.915884,-0.401347
34.716667,7.672313,-42.843094,15.151306,-0.003497,0.007951,0.915324,-0.402625
34.733333,7.686461,-42.856153,15.151647,-0.003454,0.007822,0.914764,-0.403899
34.750000,7.700703,-42.869109,15.151974,-0.003431,0.007756,0.914486,-0.404528
34.766667,7.714774,-42.881743,15.152283,-0.003390,0.007636,0.913953,-0.405733
34.783333,7.728846,-42.894377,15.152592,-0.003347,0.007513,0.913406,-0.406967
34.800000,7.742918,-42.907011,15.152901,-0.003304,0.007389,0.912853,-0.408209
34.816667,7.756989,-42.919646,15.153210,-0.003260,0.007264,0.912294,-0.409459
34.833333,7.771061,-42.932280,15.153519,-0.003229,0.007174,0.911881,-0.410379
34.850000,7.785292,-42.944735,15.153806,-0.003204,0.007104,0.911535,-0.411149
34.866667,7.799277,-42.956957,15.154087,-0.003168,0.006999,0.910992,-0.412353
34.883333,7.813263,-42.969178,15.154367,-0.003131,0.006893,0.910443,-0.413564
34.900000,7.827249,-42.981399,15.154648,-0.003093,0.006786,0.909889,-0.414784
34.916667,7.841234,-42.993621,15.154929,-0.003055,0.006678,0.909330,-0.416012
34.933333,7.855262,-43.005793,15.155205,-0.003037,0.006625,0.909034,-0.416657
34.950000,7.869156,-43.017612,15.155462,-0.003011,0.006551,0.908630,-0.417539
34.966667,7.883049,-43.029431,15.155718,-0.002974,0.006449,0.908083,-0.418730
34.983333,7.896942,-43.041250,15.155975,-0.002937,0.006347,0.907530,-0.419929
35.000000,7.910836,-43.053068,15.156232,-0.002899,0.006244,0.906972,-0.421135
35.016667,7.924729,-43.064887,15.156489,-0.002866,0.006153,0.906483,-0.422188
35.033333,7.938694,-43.076620,15.156736,-0.002846,0.006099,0.906205,-0.422785
35.050000,7.952491,-43.088047,15.156968,-0.002816,0.006020,0.905772,-0.423713
35.066667,7.966287,-43.099473,15.157200,-0.002780,0.005922,0.905224,-0.424884
35.083333,7.980083,-43.110899,15.157431,-0.002742,0.005823,0.904671,-0.426063
35.100000,7.993879,-43.122326,15.157663,-0.002705,0.005724,0.904112,-0.427249
35.116667,8.007675,-43.133752,15.157895,-0.002677,0.005649,0.903681,-0.428160
35.133333,8.021554,-43.145077,15.158117,-0.002660,0.005604,0.903405,-0.428743
35.150000,8.035248,-43.156123,15.158328,-0.002634,0.005536,0.902972,-0.429656
35.166667,8.048941,-43.167169,15.158538,-0.002601,0.005449,0.902421,-0.430814
35.183333,8.062635,-43.178215,15.158749,-0.002568,0.005362,0.901864,-0.431979
35.200000,8.076328,-43.189261,15.158960,-0.002535,0.005274,0.901302,-0.433152
35.216667,8.090022,-43.200308,15.159171,-0.002511,0.005212,0.900897,-0.433994
35.233333,8.103796,-43.211253,15.159372,-0.002495,0.005170,0.900616,-0.434577
35.250000,8.117386,-43.221928,15.159564,-0.002471,0.005109,0.900210,-0.435418
35.266667,8.130975,-43.232603,15.159755,-0.002439,0.005027,0.899656,-0.436564
35.283333,8.144565,-43.243279,15.159947,-0.002407,0.004944,0.899096,-0.437716
35.300000,8.158155,-43.253954,15.160138,-0.002374,0.004861,0.898531,-0.438877
35.316667,8.171745,-43.264629,15.160330,-0.002351,0.004802,0.898125,-0.439708
35.333333,8.185396,-43.275225,15.160514,-0.002335,0.004761,0.897845,-0.440279
35.350000,8.198879,-43.285542,15.160688,-0.002315,0.004712,0.897500,-0.440982
35.366667,8.212362,-43.295859,15.160861,-0.002284,0.004634,0.896941,-0.442120
35.383333,8.225845,-43.306175,15.161034,-0.002253,0.004556,0.896377,-0.443264
35.400000,8.239329,-43.316492,15.161207,-0.002221,0.004478,0.895806,-0.444416
35.416667,8.252812,-43.326809,15.161381,-0.002197,0.004417,0.895362,-0.445312
35.433333,8.266325,-43.337086,15.161551,-0.002182,0.004380,0.895076,-0.445887
35.450000,8.279704,-43.347052,15.161708,-0.002166,0.004342,0.894789,-0.446464
35.466667,8.293083,-43.357019,15.161864,-0.002138,0.004272,0.894249,-0.447544
35.483333,8.306461,-43.366985,15.162021,-0.002107,0.004198,0.893676,-0.448689
35.500000,8.319840,-43.376952,15.162178,-0.002077,0.004123,0.893098,-0.449838
35.516667,8.333219,-43.386918,15.162335,-0.002049,0.004057,0.892585,-0.450857
35.533333,8.346597,-43.396885,15.162491,-0.002034,0.004021,0.892299,-0.451422
35.550000,8.360087,-43.406700,15.162636,-0.002019,0.003985,0.892013,-0.451988
35.566667,8.373578,-43.416486,15.162780,-0.001998,0.003933,0.891570,-0.452862
35.583333,8.387068,-43.426272,15.162923,-0.001970,0.003867,0.890992,-0.453997
35.600000,8.400558,-43.436058,15.163067,-0.001943,0.003802,0.890414,-0.455132
35.616667,8.414049,-43.445845,15.163210,-0.001916,0.003736,0.889833,-0.456266
35.633333,8.427539,-43.455631,15.163354,-0.001902,0.003703,0.889510,-0.456898
35.650000,8.441096,-43.465323,15.163492,-0.001890,0.003674,0.889217,-0.457467
35.666667,8.454711,-43.474936,15.163625,-0.001876,0.003639,0.888869,-0.458144
35.683333,8.468325,-43.484549,15.163758,-0.001850,0.003577,0.888285,-0.459274
35.700000,8.481940,-43.494162,15.163891,-0.001823,0.003516,0.887701,-0.460404
35.716667,8.495554,-43.503775,15.164024,-0.001797,0.003454,0.887114,-0.461533
35.733333,8.509168,-43.513388,15.164157,-0.001777,0.003409,0.886687,-0.462354
35.750000,8.522806,-43.522967,15.164288,-0.001763,0.003376,0.886394,-0.462915
35.766667,8.536541,-43.532407,15.164409,-0.001749,0.003344,0.886101,-0.463476
35.783333,8.550276,-43.541847,15.164531,-0.001725,0.003288,0.885556,-0.464518
35.800000,8.564011,-43.551287,15.164652,-0.001698,0.003228,0.884963,-0.465647
35.816667,8.577746,-43.560727,15.164773,-0.001672,0.003168,0.884369,-0.466776
35.833333,8.591481,-43.570167,15.164894,-0.001648,0.003114,0.883830,-0.467796
35.850000,8.605216,-43.579607,15.165016,-0.001636,0.003086,0.883529,-0.468364
35.866667,8.619053,-43.588897,15.165129,-0.001624,0.003059,0.883228,-0.468932
35.883333,8.632908,-43.598159,15.165240,-0.001606,0.003017,0.882777,-0.469780
35.900000,8.646764,-43.607422,15.165351,-0.001581,0.002962,0.882173,-0.470914
35.916667,8.660619,-43.616684,15.165462,-0.001556,0.002906,0.881568,-0.472046
35.933333,8.674474,-43.625947,15.165574,-0.001531,0.002851,0.880961,-0.473178
35.950000,8.688330,-43.635210,15.165685,-0.001517,0.002819,0.880610,-0.473830
35.966667,8.702243,-43.644384,15.165791,-0.001504,0.002791,0.880307,-0.474395
35.983333,8.716216,-43.653468,15.165892,-0.001489,0.002759,0.879957,-0.475042
36.000000,8.730189,-43.662552,15.165993,-0.001465,0.002705,0.879346,-0.476173
36.016667,8.744162,-43.671636,15.166094,-0.001440,0.002652,0.878733,-0.477304
36.033333,8.758135,-43.680721,15.166195,-0.001416,0.002598,0.878119,-0.478433
36.050000,8.772108,-43.689805,15.166297,-0.001397,0.002559,0.877656,-0.479283
36.066667,8.786098,-43.698862,15.166396,-0.001385,0.002533,0.877346,-0.479849
36.083333,8.800187,-43.707766,15.166488,-0.001373,0.002507,0.877037,-0.480414
36.100000,8.814276,-43.716669,15.166580,-0.001355,0.002467,0.876476,-0.481437
36.116667,8.828365,-43.725572,15.166671,-0.001335,0.002422,0.875850,-0.482575
36.133333,8.842454,-43.734476,15.166763,-0.001314,0.002378,0.875223,-0.483712
36.150000,8.856543,-43.743379,15.166854,-0.001296,0.002338,0.874640,-0.484766
36.166667,8.870632,-43.752282,15.166946,-0.001288,0.002319,0.874323,-0.485337
36.183333,8.884813,-43.761038,15.167032,-0.001279,0.002301,0.874005,-0.485909
36.200000,8.899018,-43.769756,15.167117,-0.001265,0.002271,0.873545,-0.486737
36.216667,8.913222,-43.778475,15.167202,-0.001244,0.002227,0.872908,-0.487878
36.233333,8.927426,-43.787193,15.167287,-0.001223,0.002182,0.872270,-0.489018
36.250000,8.941630,-43.795911,15.167372,-0.001202,0.002138,0.871631,-0.490157
36.266667,8.955835,-43.804630,15.167457,-0.001188,0.002109,0.871246,-0.490840
36.283333,8.970090,-43.813264,15.167538,-0.001175,0.002083,0.870926,-0.491409
36.300000,8.984407,-43.821796,15.167613,-0.001162,0.002055,0.870572,-0.492035
36.316667,8.998723,-43.830329,15.167688,-0.001141,0.002013,0.869925,-0.493179
36.333333,9.013040,-43.838861,15.167764,-0.001121,0.001971,0.869276,-0.494322
36.350000,9.027357,-43.847393,15.167839,-0.001100,0.001929,0.868626,-0.495464
36.366667,9.041674,-43.855925,15.167914,-0.001086,0.001899,0.868120,-0.496350
36.383333,9.056002,-43.864439,15.167989,-0.001078,0.001883,0.867791,-0.496924
36.400000,9.070431,-43.872781,15.168059,-0.001070,0.001866,0.867462,-0.497498
36.416667,9.084859,-43.881123,15.168128,-0.001055,0.001835,0.866881,-0.498511
36.433333,9.099288,-43.889465,15.168197,-0.001038,0.001799,0.866215,-0.499666
36.450000,9.113716,-43.897807,15.168267,-0.001020,0.001763,0.865548,-0.500821
36.466667,9.128145,-43.906149,15.168336,-0.001003,0.001729,0.864913,-0.501917
36.483333,9.142573,-43.914491,15.168406,-0.000993,0.001709,0.864576,-0.502498
36.500000,9.157085,-43.922687,15.168469,-0.000983,0.001689,0.864238,-0.503079
36.516667,9.171625,-43.930834,15.168531,-0.000969,0.001662,0.863764,-0.503893
36.533333,9.186164,-43.938981,15.168593,-0.000949,0.001623,0.863087,-0.505052
36.550000,9.200703,-43.947129,15.168655,-0.000930,0.001584,0.862409,-0.506209
36.566667,9.215243,-43.955276,15.168717,-0.000910,0.001545,0.861729,-0.507366
36.583333,9.229782,-43.963424,15.168780,-0.000897,0.001521,0.861304,-0.508086
36.600000,9.244365,-43.971492,15.168839,-0.000887,0.001502,0.860964,-0.508663
36.616667,9.259012,-43.979444,15.168893,-0.000877,0.001482,0.860604,-0.509272
36.633333,9.273660,-43.987396,15.168948,-0.000861,0.001451,0.859911,-0.510442
36.650000,9.288307,-43.995348,15.169003,-0.000845,0.001420,0.859216,-0.511611
36.666667,9.302954,-44.003300,15.169058,-0.000829,0.001389,0.858519,-0.512779
36.683333,9.317601,-44.011252,15.169113,-0.000817,0.001365,0.857960,-0.513714
36.700000,9.332254,-44.019193,15.169167,-0.000811,0.001353,0.857606,-0.514306
36.716667,9.347010,-44.026942,15.169218,-0.000805,0.001341,0.857250,-0.514897
36.733333,9.361766,-44.034691,15.169268,-0.000794,0.001318,0.856645,-0.515904
36.750000,9.376521,-44.042440,15.169319,-0.000780,0.001291,0.855934,-0.517083
36.766667,9.391277,-44.050189,15.169369,-0.000766,0.001264,0.855221,-0.518261
36.783333,9.406032,-44.057938,15.169419,-0.000752,0.001237,0.854526,-0.519406
36.800000,9.420788,-44.065687,15.169470,-0.000744,0.001222,0.854169,-0.519993
36.816667,9.435618,-44.073293,15.169516,-0.000736,0.001207,0.853812,-0.520579
36.833333,9.450478,-44.080838,15.169561,-0.000726,0.001188,0.853322,-0.521382
36.850000,9.465339,-44.088384,15.169605,-0.000712,0.001162,0.852594,-0.522572
36.866667,9.480200,-44.095930,15.169650,-0.000699,0.001136,0.851864,-0.523761
36.883333,9.495060,-44.103475,15.169695,-0.000685,0.001111,0.851133,-0.524949
36.900000,9.509921,-44.111021,15.169739,-0.000677,0.001095,0.850655,-0.525723
36.916667,9.524819,-44.118491,15.169783,-0.000672,0.001085,0.850282,-0.526326
36.933333,9.539785,-44.125826,15.169823,-0.000666,0.001074,0.849906,-0.526933
36.950000,9.554751,-44.133160,15.169864,-0.000652,0.001048,0.849156,-0.528141
36.966667,9.569717,-44.140494,15.169905,-0.000637,0.001021,0.848404,-0.529348
36.983333,9.584683,-44.147829,15.169945,-0.000623,0.000995,0.847651,-0.530553
37.000000,9.599649,-44.155163,15.169986,-0.000610,0.000972,0.847031,-0.531543
37.016667,9.614616,-44.162496,15.170027,-0.000601,0.000956,0.846651,-0.532147
37.033333,9.629686,-44.169616,15.170061,-0.000592,0.000941,0.846272,-0.532751
37.050000,9.644755,-44.176736,15.170096,-0.000580,0.000919,0.845639,-0.533755
37.066667,9.659824,-44.183856,15.170131,-0.000567,0.000895,0.844874,-0.534964
37.083333,9.674893,-44.190977,15.170165,-0.000553,0.000870,0.844108,-0.536172
37.100000,9.689962,-44.198097,15.170200,-0.000539,0.000846,0.843344,-0.537373
37.116667,9.705031,-44.205217,15.170234,-0.000535,0.000838,0.842958,-0.537978
37.133333,9.720167,-44.212194,15.170267,-0.000530,0.000829,0.842572,-0.538583
37.150000,9.735337,-44.219097,15.170298,-0.000524,0.000818,0.842062,-0.539381
37.166667,9.750506,-44.226000,15.170330,-0.000516,0.000803,0.841276,-0.540606
37.183333,9.765676,-44.232904,15.170361,-0.000507,0.000787,0.840488,-0.541829
37.200000,9.780846,-44.239807,15.170393,-0.000499,0.000771,0.839699,-0.543052
37.216667,9.796016,-44.246710,15.170424,-0.000493,0.000761,0.839165,-0.543876
37.233333,9.811217,-44.253544,15.170455,-0.000489,0.000754,0.838764,-0.544495
37.250000,9.826487,-44.260222,15.170483,-0.000486,0.000747,0.838361,-0.545114
37.266667,9.841757,-44.266901,15.170512,-0.000474,0.000727,0.837564,-0.546338
37.283333,9.857027,-44.273580,15.170541,-0.000463,0.000708,0.836750,-0.547585
37.300000,9.872297,-44.280258,15.170569,-0.000452,0.000688,0.835934,-0.548830
37.316667,9.887567,-44.286937,15.170598,-0.000441,0.000670,0.835242,-0.549882
37.333333,9.902837,-44.293615,15.170627,-0.000434,0.000658,0.834829,-0.550509
37.350000,9.918202,-44.300073,15.170651,-0.000426,0.000645,0.834415,-0.551136
37.366667,9.933570,-44.306521,15.170674,-0.000418,0.000631,0.833745,-0.552149
37.383333,9.948939,-44.312970,15.170698,-0.000409,0.000616,0.832913,-0.553404
37.400000,9.964307,-44.319418,15.170722,-0.000401,0.000601,0.832078,-0.554658
37.416667,9.979676,-44.325867,15.170746,-0.000392,0.000586,0.831242,-0.555910
37.433333,9.995044,-44.332316,15.170770,-0.000390,0.000583,0.830807,-0.556561
37.450000,10.010472,-44.338621,15.170793,-0.000389,0.000580,0.830386,-0.557188
37.466667,10.025936,-44.344837,15.170816,-0.000387,0.000575,0.829850,-0.557986
37.483333,10.041400,-44.351053,15.170839,-0.000381,0.000564,0.828993,-0.559258
37.500000,10.056864,-44.357268,15.170862,-0.000375,0.000554,0.828135,-0.560528
37.516667,10.072328,-44.363484,15.170884,-0.000369,0.000543,0.827275,-0.561797
37.533333,10.087793,-44.369700,15.170907,-0.000363,0.000534,0.826673,-0.562682
37.550000,10.103282,-44.375851,15.170929,-0.000358,0.000525,0.826235,-0.563325
37.566667,10.118841,-44.381826,15.170949,-0.000353,0.000517,0.825797,-0.563968
37.583333,10.134400,-44.387800,15.170969,-0.000347,0.000507,0.824953,-0.565201
37.600000,10.149959,-44.393775,15.170988,-0.000341,0.000497,0.824071,-0.566486
37.616667,10.165518,-44.399749,15.171008,-0.000335,0.000486,0.823187,-0.567770
37.633333,10.181077,-44.405723,15.171028,-0.000331,0.000478,0.822418,-0.568883
37.650000,10.196636,-44.411698,15.171047,-0.000330,0.000476,0.821974,-0.569525
37.666667,10.212279,-44.417448,15.171066,-0.000329,0.000474,0.821529,-0.570167
37.683333,10.227930,-44.423179,15.171085,-0.000325,0.000468,0.820821,-0.571185
37.700000,10.243580,-44.428910,15.171104,-0.000320,0.000458,0.819914,-0.572487
37.716667,10.259231,-44.434640,15.171123,-0.000315,0.000449,0.819004,-0.573788
37.733333,10.274881,-44.440371,15.171142,-0.000309,0.000440,0.818092,-0.575087
37.750000,10.290532,-44.446102,15.171161,-0.000305,0.000433,0.817590,-0.575800
37.766667,10.306234,-44.451688,15.171178,-0.000301,0.000426,0.817126,-0.576460
37.783333,10.321974,-44.457166,15.171194,-0.000296,0.000418,0.816557,-0.577265
37.800000,10.337715,-44.462643,15.171211,-0.000289,0.000407,0.815619,-0.578589
37.816667,10.353456,-44.468121,15.171227,-0.000282,0.000396,0.814679,-0.579912
37.833333,10.369197,-44.473598,15.171243,-0.000275,0.000386,0.813737,-0.581233
37.850000,10.384938,-44.479075,15.171259,-0.000271,0.000379,0.813060,-0.582180
37.866667,10.400698,-44.484496,15.171275,-0.000269,0.000375,0.812584,-0.582844
37.883333,10.416526,-44.489716,15.171290,-0.000266,0.000371,0.812108,-0.583506
37.900000,10.432354,-44.494936,15.171304,-0.000264,0.000367,0.811208,-0.584758
37.916667,10.448183,-44.500156,15.171319,-0.000263,0.000363,0.810243,-0.586094
37.933333,10.464011,-44.505375,15.171333,-0.000261,0.000359,0.809275,-0.587430
37.950000,10.479839,-44.510595,15.171348,-0.000259,0.000356,0.808411,-0.588618
37.966667,10.495667,-44.515815,15.171363,-0.000260,0.000356,0.807920,-0.589292
37.983333,10.511569,-44.520804,15.171378,-0.000260,0.000356,0.807429,-0.589964
38.000000,10.527482,-44.525760,15.171392,-0.000261,0.000356,0.806677,-0.590993
38.016667,10.543395,-44.530715,15.171407,-0.000262,0.000356,0.805684,-0.592345
38.033333,10.559308,-44.535671,15.171422,-0.000262,0.000355,0.804689,-0.593696
38.050000,10.575221,-44.540626,15.171437,-0.000263,0.000355,0.803692,-0.595045
38.066667,10.591134,-44.545581,15.171451,-0.000263,0.000355,0.803125,-0.595810
38.083333,10.607089,-44.550396,15.171466,-0.000263,0.000354,0.802622,-0.596488
38.100000,10.623084,-44.555082,15.171481,-0.000264,0.000354,0.802029,-0.597285
38.116667,10.639078,-44.559768,15.171495,-0.000265,0.000354,0.801014,-0.598646
38.133333,10.655073,-44.564454,15.171510,-0.000265,0.000354,0.799997,-0.600004
38.150000,10.671067,-44.569139,15.171525,-0.000266,0.000354,0.798977,-0.601362
38.166667,10.687061,-44.573825,15.171539,-0.000267,0.000354,0.798221,-0.602365
38.183333,10.703069,-44.578464,15.171554,-0.000267,0.000354,0.797707,-0.603045
38.200000,10.719141,-44.582876,15.171569,-0.000268,0.000354,0.797192,-0.603725
38.216667,10.735213,-44.587288,15.171584,-0.000266,0.000350,0.796254,-0.604963
38.233333,10.751285,-44.591701,15.171599,-0.000263,0.000345,0.795223,-0.606317
38.250000,10.767357,-44.596113,15.171614,-0.000260,0.000340,0.794190,-0.607669
38.266667,10.783429,-44.600526,15.171629,-0.000257,0.000335,0.793245,-0.608902
38.283333,10.799501,-44.604938,15.171643,-0.000254,0.000330,0.792728,-0.609576
38.300000,10.815633,-44.609125,15.171657,-0.000250,0.000325,0.792210,-0.610248
38.316667,10.831777,-44.613264,15.171669,-0.000247,0.000319,0.791447,-0.611237
38.333333,10.847922,-44.617403,15.171682,-0.000243,0.000314,0.790415,-0.612572
38.350000,10.864067,-44.621541,15.171695,-0.000240,0.000309,0.789380,-0.613905
38.366667,10.880211,-44.625680,15.171708,-0.000237,0.000303,0.788342,-0.615237
38.383333,10.896356,-44.629819,15.171721,-0.000236,0.000302,0.787735,-0.616015
38.400000,10.912532,-44.633829,15.171733,-0.000236,0.000301,0.787218,-0.616675
38.416667,10.928744,-44.637696,15.171746,-0.000236,0.000301,0.786634,-0.617419
38.433333,10.944956,-44.641564,15.171759,-0.000234,0.000297,0.785600,-0.618735
38.450000,10.961167,-44.645431,15.171772,-0.000232,0.000293,0.784563,-0.620050
38.466667,10.977379,-44.649299,15.171784,-0.000230,0.000290,0.783523,-0.621362
38.483333,10.993591,-44.653166,15.171797,-0.000228,0.000286,0.782731,-0.622360
38.500000,11.009811,-44.656999,15.171810,-0.000225,0.000283,0.782211,-0.623014
38.516667,11.026085,-44.660595,15.171821,-0.000223,0.000280,0.781690,-0.623667
38.533333,11.042359,-44.664191,15.171832,-0.000217,0.000271,0.780761,-0.624830
38.550000,11.058633,-44.667787,15.171844,-0.000210,0.000261,0.779714,-0.626136
38.566667,11.074907,-44.671383,15.171855,-0.000202,0.000251,0.778664,-0.627441
38.583333,11.091181,-44.674979,15.171867,-0.000195,0.000241,0.777680,-0.628660
38.600000,11.107455,-44.678575,15.171878,-0.000190,0.000235,0.777153,-0.629312
38.616667,11.123774,-44.681959,15.171887,-0.000185,0.000228,0.776625,-0.629963
38.633333,11.140107,-44.685281,15.171896,-0.000179,0.000220,0.775872,-0.630890
38.650000,11.156439,-44.688604,15.171904,-0.000173,0.000212,0.774822,-0.632179
38.666667,11.172771,-44.691927,15.171913,-0.000166,0.000203,0.773770,-0.633466
38.683333,11.189103,-44.695249,15.171922,-0.000160,0.000195,0.772716,-0.634752
38.700000,11.205435,-44.698572,15.171930,-0.000158,0.000191,0.772074,-0.635532
38.716667,11.221790,-44.701779,15.171938,-0.000157,0.000190,0.771550,-0.636168
38.733333,11.238174,-44.704832,15.171946,-0.000155,0.000188,0.770983,-0.636856
38.750000,11.254559,-44.707885,15.171954,-0.000148,0.000179,0.769932,-0.638126
38.766667,11.270944,-44.710938,15.171962,-0.000142,0.000170,0.768878,-0.639395
38.783333,11.287328,-44.713991,15.171970,-0.000135,0.000162,0.767823,-0.640662
38.800000,11.303713,-44.717043,15.171978,-0.000129,0.000154,0.766993,-0.641655
38.816667,11.320102,-44.720074,15.171986,-0.000123,0.000147,0.766464,-0.642288
38.833333,11.336534,-44.722857,15.171990,-0.000118,0.000140,0.765934,-0.642920
38.850000,11.352967,-44.725639,15.171995,-0.000108,0.000129,0.765013,-0.644014
38.866667,11.369400,-44.728421,15.172000,-0.000097,0.000115,0.763949,-0.645276
38.883333,11.385833,-44.731204,15.172005,-0.000087,0.000102,0.762883,-0.646536
38.900000,11.402265,-44.733986,15.172010,-0.000076,0.000090,0.761859,-0.647743
38.916667,11.418698,-44.736768,15.172015,-0.000071,0.000083,0.761323,-0.648372
38.933333,11.435163,-44.739351,15.172018,-0.000066,0.000077,0.760788,-0.649001
38.950000,11.451640,-44.741862,15.172020,-0.000058,0.000068,0.760047,-0.649869
38.966667,11.468116,-44.744373,15.172023,-0.000048,0.000056,0.758976,-0.651119
38.983333,11.484593,-44.746883,15.172025,-0.000037,0.000043,0.757903,-0.652368
39.000000,11.501069,-44.749394,15.172027,-0.000027,0.000031,0.756828,-0.653615
39.016667,11.517546,-44.751904,15.172029,-0.000020,0.000023,0.756147,-0.654402
39.033333,11.534037,-44.754311,15.172030,-0.000015,0.000017,0.755610,-0.655022
39.050000,11.550553,-44.756550,15.172030,-0.000009,0.000011,0.755053,-0.655664
39.066667,11.567068,-44.758790,15.172029,0.000004,-0.000005,0.753980,-0.656897
39.083333,11.583583,-44.761030,15.172029,0.000018,-0.000020,0.752905,-0.658129
39.100000,11.600099,-44.763270,15.172028,0.000031,-0.000036,0.751828,-0.659359
39.116667,11.616614,-44.765510,15.172028,0.000043,-0.000049,0.750957,-0.660351
39.133333,11.633131,-44.767740,15.172027,0.000051,-0.000058,0.750419,-0.660962
39.150000,11.649681,-44.769711,15.172023,0.000059,-0.000067,0.749881,-0.661573
39.166667,11.666231,-44.771681,15.172018,0.000073,-0.000082,0.748970,-0.662604
39.183333,11.682780,-44.773652,15.172013,0.000088,-0.000100,0.747888,-0.663825
39.200000,11.699330,-44.775622,15.172009,0.000104,-0.000117,0.746805,-0.665044
39.216667,11.715880,-44.777593,15.172004,0.000120,-0.000134,0.745738,-0.666239
39.233333,11.732430,-44.779563,15.171999,0.000127,-0.000142,0.745194,-0.666848
39.250000,11.749000,-44.781348,15.171992,0.000135,-0.000150,0.744649,-0.667456
39.266667,11.765580,-44.783048,15.171984,0.000144,-0.000161,0.743920,-0.668268
39.283333,11.782160,-44.784748,15.171976,0.000159,-0.000176,0.742832,-0.669478
39.300000,11.798739,-44.786448,15.171967,0.000173,-0.000192,0.741741,-0.670686
39.316667,11.815319,-44.788148,15.171959,0.000188,-0.000207,0.740648,-0.671893
39.333333,11.831899,-44.789848,15.171951,0.000197,-0.000217,0.739931,-0.672682
39.350000,11.848487,-44.791457,15.171941,0.000204,-0.000224,0.739385,-0.673282
39.366667,11.865092,-44.792888,15.171930,0.000211,-0.000232,0.738839,-0.673882
39.383333,11.881697,-44.794319,15.171918,0.000227,-0.000248,0.737749,-0.675075
39.400000,11.898302,-44.795749,15.171906,0.000242,-0.000264,0.736651,-0.676273
39.416667,11.914908,-44.797180,15.171895,0.000258,-0.000280,0.735552,-0.677468
39.433333,11.931513,-44.798611,15.171883,0.000271,-0.000293,0.734636,-0.678461
39.450000,11.948118,-44.800042,15.171871,0.000280,-0.000302,0.734084,-0.679058
39.466667,11.964744,-44.801205,15.171855,0.000288,-0.000311,0.733532,-0.679655
39.483333,11.981370,-44.802366,15.171840,0.000305,-0.000329,0.732623,-0.680634
39.500000,11.997996,-44.803526,15.171824,0.000328,-0.000352,0.731515,-0.681826
39.516667,12.014622,-44.804687,15.171808,0.000350,-0.000375,0.730404,-0.683015
39.533333,12.031249,-44.805847,15.171792,0.000373,-0.000397,0.729291,-0.684203
39.550000,12.047875,-44.807008,15.171777,0.000387,-0.000412,0.728728,-0.684803
39.566667,12.064512,-44.807995,15.171757,0.000401,-0.000426,0.728170,-0.685396
39.583333,12.081155,-44.808884,15.171734,0.000417,-0.000442,0.727451,-0.686160
39.600000,12.097798,-44.809774,15.171712,0.000440,-0.000465,0.726341,-0.687335
39.616667,12.114440,-44.810663,15.171690,0.000462,-0.000487,0.725228,-0.688508
39.633333,12.131083,-44.811553,15.171667,0.000485,-0.000509,0.724114,-0.689680
39.650000,12.147726,-44.812443,15.171645,0.000498,-0.000522,0.723359,-0.690472
39.666667,12.164373,-44.813254,15.171621,0.000507,-0.000530,0.722805,-0.691052
39.683333,12.181028,-44.813877,15.171595,0.000515,-0.000538,0.722250,-0.691632
39.700000,12.197683,-44.814499,15.171569,0.000532,-0.000554,0.721161,-0.692768
39.716667,12.214338,-44.815121,15.171542,0.000549,-0.000570,0.720038,-0.693935
39.733333,12.230993,-44.815744,15.171516,0.000567,-0.000586,0.718913,-0.695100
39.750000,12.247648,-44.816366,15.171490,0.000581,-0.000600,0.717949,-0.696095
39.766667,12.264303,-44.816989,15.171464,0.000590,-0.000608,0.717380,-0.696682
39.783333,12.280965,-44.817354,15.171434,0.000599,-0.000616,0.716810,-0.697268
39.800000,12.297628,-44.817704,15.171403,0.000619,-0.000635,0.715906,-0.698196
39.816667,12.314291,-44.818054,15.171373,0.000646,-0.000661,0.714772,-0.699357
39.833333,12.330954,-44.818404,15.171343,0.000674,-0.000686,0.713636,-0.700516
39.850000,12.347617,-44.818755,15.171313,0.000701,-0.000712,0.712498,-0.701673
39.866667,12.364280,-44.819105,15.171282,0.000720,-0.000730,0.711900,-0.702280
39.883333,12.380945,-44.819295,15.171247,0.000739,-0.000748,0.711334,-0.702853
39.900000,12.397612,-44.819377,15.171208,0.000760,-0.000767,0.710626,-0.703569
39.916667,12.414278,-44.819458,15.171169,0.000787,-0.000793,0.709486,-0.704719
39.933333,12.430944,-44.819540,15.171131,0.000815,-0.000818,0.708343,-0.705867
39.950000,12.447611,-44.819621,15.171092,0.000842,-0.000843,0.707199,-0.707014
39.966667,12.464277,-44.819703,15.171053,0.000859,-0.000857,0.706392,-0.707820
39.983333,12.480943,-44.819718,15.171013,0.000868,-0.000864,0.705815,-0.708395
40.000000,12.497609,-44.819528,15.170971,0.000876,-0.000872,0.705238,-0.708970
40.016667,12.514275,-44.819338,15.170928,0.000900,-0.000892,0.704145,-0.710055
40.033333,12.530940,-44.819148,15.170885,0.000924,-0.000914,0.702991,-0.711198
40.050000,12.547606,-44.818958,15.170843,0.000949,-0.000935,0.701836,-0.712338
40.066667,12.564271,-44.818768,15.170800,0.000972,-0.000955,0.700821,-0.713336
40.083333,12.580937,-44.818579,15.170757,0.000988,-0.000969,0.700244,-0.713902
40.100000,12.597597,-44.818147,15.170708,0.001004,-0.000984,0.699666,-0.714468
40.116667,12.614258,-44.817687,15.170658,0.001029,-0.001005,0.698768,-0.715347
40.133333,12.630918,-44.817228,15.170609,0.001060,-0.001032,0.697606,-0.716480
40.150000,12.647578,-44.816768,15.170559,0.001091,-0.001058,0.696442,-0.717611
40.166667,12.664238,-44.816309,15.170509,0.001122,-0.001085,0.695276,-0.718741
40.183333,12.680899,-44.815850,15.170459,0.001138,-0.001099,0.694631,-0.719364
40.200000,12.697554,-44.815241,15.170406,0.001153,-0.001111,0.694045,-0.719930
40.216667,12.714204,-44.814510,15.170350,0.001171,-0.001127,0.693340,-0.720608
40.233333,12.730855,-44.813780,15.170293,0.001203,-0.001154,0.692164,-0.721738
40.250000,12.747505,-44.813049,15.170237,0.001235,-0.001181,0.690986,-0.722866
40.266667,12.764156,-44.812318,15.170181,0.001267,-0.001207,0.689806,-0.723992
40.283333,12.780806,-44.811587,15.170125,0.001291,-0.001227,0.688948,-0.724808
40.300000,12.797454,-44.810802,15.170067,0.001308,-0.001242,0.688356,-0.725371
40.316667,12.814090,-44.809800,15.170003,0.001326,-0.001256,0.687763,-0.725933
40.333333,12.830727,-44.808797,15.169940,0.001359,-0.001283,0.686667,-0.726969
40.350000,12.847363,-44.807794,15.169876,0.001395,-0.001313,0.685482,-0.728087
40.366667,12.864000,-44.806792,15.169812,0.001431,-0.001343,0.684295,-0.729202
40.383333,12.880636,-44.805789,15.169749,0.001464,-0.001369,0.683226,-0.730204
40.400000,12.897272,-44.804787,15.169685,0.001482,-0.001385,0.682633,-0.730759
40.416667,12.913893,-44.803554,15.169614,0.001501,-0.001400,0.682039,-0.731313
40.433333,12.930511,-44.802281,15.169542,0.001529,-0.001423,0.681143,-0.732148
40.450000,12.947129,-44.801009,15.169471,0.001566,-0.001452,0.679948,-0.733257
40.466667,12.963746,-44.799736,15.169399,0.001603,-0.001482,0.678751,-0.734365
40.483333,12.980364,-44.798463,15.169327,0.001640,-0.001511,0.677552,-0.735471
40.500000,12.996982,-44.797190,15.169255,0.001661,-0.001527,0.676861,-0.736107
40.516667,13.013588,-44.795781,15.169180,0.001679,-0.001541,0.676258,-0.736661
40.533333,13.030183,-44.794236,15.169100,0.001700,-0.001557,0.675561,-0.737300
40.550000,13.046778,-44.792692,15.169021,0.001737,-0.001586,0.674349,-0.738409
40.566667,13.063373,-44.791147,15.168942,0.001774,-0.001615,0.673135,-0.739516
40.583333,13.079967,-44.789602,15.168862,0.001812,-0.001644,0.671919,-0.740621
40.600000,13.096562,-44.788058,15.168783,0.001840,-0.001665,0.671007,-0.741447
40.616667,13.113152,-44.786471,15.168702,0.001859,-0.001680,0.670395,-0.742000
40.633333,13.129719,-44.784653,15.168615,0.001878,-0.001694,0.669783,-0.742552
40.650000,13.146286,-44.782835,15.168527,0.001914,-0.001721,0.668677,-0.743548
40.666667,13.162853,-44.781017,15.168440,0.001954,-0.001751,0.667451,-0.744649
40.683333,13.179420,-44.779199,15.168353,0.001993,-0.001781,0.666223,-0.745748
40.700000,13.195987,-44.777381,15.168265,0.002030,-0.001808,0.665087,-0.746761
40.716667,13.212554,-44.775563,15.168178,0.002051,-0.001823,0.664472,-0.747308
40.733333,13.229095,-44.773525,15.168084,0.002071,-0.001838,0.663856,-0.747856
40.750000,13.245630,-44.771435,15.167988,0.002101,-0.001860,0.662956,-0.748653
40.766667,13.262165,-44.769344,15.167892,0.002142,-0.001890,0.661720,-0.749746
40.783333,13.278700,-44.767253,15.167796,0.002183,-0.001920,0.660481,-0.750837
40.800000,13.295234,-44.765163,15.167700,0.002224,-0.001950,0.659241,-0.751926
40.816667,13.311769,-44.763072,15.167604,0.002248,-0.001967,0.658498,-0.752576
40.833333,13.328287,-44.760856,15.167505,0.002269,-0.001982,0.657876,-0.753120
40.850000,13.344785,-44.758493,15.167400,0.002293,-0.001999,0.657185,-0.753723
40.866667,13.361283,-44.756129,15.167296,0.002339,-0.002033,0.655933,-0.754813
40.883333,13.377781,-44.753765,15.167192,0.002386,-0.002066,0.654680,-0.755900
40.900000,13.394278,-44.751401,15.167088,0.002432,-0.002100,0.653424,-0.756985
40.916667,13.410776,-44.749037,15.166983,0.002470,-0.002126,0.652454,-0.757822
40.933333,13.427270,-44.746644,15.166878,0.002495,-0.002145,0.651822,-0.758364
40.950000,13.443726,-44.744006,15.166763,0.002521,-0.002164,0.651191,-0.758907
40.966667,13.460182,-44.741368,15.166648,0.002563,-0.002193,0.650077,-0.759860
40.983333,13.476638,-44.738729,15.166533,0.002609,-0.002225,0.648810,-0.760942
41.000000,13.493094,-44.736091,15.166419,0.002656,-0.002257,0.647542,-0.762022
41.016667,13.509550,-44.733453,15.166304,0.002700,-0.002287,0.646340,-0.763042
41.033333,13.526006,-44.730815,15.166189,0.002720,-0.002300,0.645704,-0.763580
41.050000,13.542427,-44.727969,15.166068,0.002741,-0.002314,0.645067,-0.764118
41.066667,13.558837,-44.725056,15.165945,0.002772,-0.002335,0.644165,-0.764878
41.083333,13.575247,-44.722144,15.165822,0.002819,-0.002366,0.642881,-0.765957
41.100000,13.591657,-44.719232,15.165699,0.002866,-0.002397,0.641596,-0.767033
41.116667,13.608067,-44.716320,15.165576,0.002913,-0.002428,0.640309,-0.768108
41.133333,13.624477,-44.713408,15.165453,0.002944,-0.002449,0.639508,-0.768775
41.150000,13.640865,-44.710382,15.165325,0.002970,-0.002466,0.638859,-0.769314
41.166667,13.657224,-44.707194,15.165192,0.002998,-0.002485,0.638170,-0.769885
41.183333,13.673582,-44.704006,15.165058,0.003049,-0.002519,0.636872,-0.770959
41.200000,13.689940,-44.700818,15.164925,0.003100,-0.002552,0.635572,-0.772031
41.216667,13.706299,-44.697629,15.164791,0.003152,-0.002586,0.634271,-0.773100
41.233333,13.722657,-44.694441,15.164658,0.003192,-0.002612,0.633236,-0.773948
41.250000,13.739012,-44.691236,15.164524,0.003217,-0.002628,0.632584,-0.774481
41.266667,13.755314,-44.687772,15.164380,0.003242,-0.002644,0.631932,-0.775013
41.283333,13.771616,-44.684309,15.164237,0.003289,-0.002674,0.630807,-0.775928
41.300000,13.787918,-44.680846,15.164094,0.003344,-0.002709,0.629491,-0.776996
41.316667,13.804221,-44.677383,15.163951,0.003399,-0.002744,0.628174,-0.778061
41.333333,13.820523,-44.673920,15.163807,0.003453,-0.002778,0.626896,-0.779091
41.350000,13.836825,-44.670456,15.163664,0.003483,-0.002798,0.626231,-0.779625
41.366667,13.853084,-44.666795,15.163512,0.003513,-0.002817,0.625566,-0.780158
41.383333,13.869324,-44.663055,15.163357,0.003553,-0.002842,0.624658,-0.780885
41.400000,13.885565,-44.659314,15.163202,0.003610,-0.002878,0.623328,-0.781947
41.416667,13.901806,-44.655573,15.163047,0.003666,-0.002912,0.621995,-0.783007
41.433333,13.918047,-44.651833,15.162891,0.003723,-0.002947,0.620660,-0.784065
41.450000,13.934287,-44.648092,15.162736,0.003758,-0.002968,0.619801,-0.784744
41.466667,13.950504,-44.644251,15.162577,0.003785,-0.002984,0.619134,-0.785271
41.483333,13.966679,-44.640235,15.162412,0.003811,-0.003000,0.618454,-0.785806
41.500000,13.982853,-44.636218,15.162247,0.003867,-0.003033,0.617105,-0.786866
41.516667,13.999028,-44.632202,15.162081,0.003923,-0.003066,0.615754,-0.787923
41.533333,14.015203,-44.628186,15.161916,0.003979,-0.003098,0.614401,-0.788978
41.550000,14.031377,-44.624170,15.161751,0.004025,-0.003125,0.613291,-0.789840
41.566667,14.047551,-44.620149,15.161585,0.004055,-0.003143,0.612608,-0.790370
41.583333,14.063653,-44.615853,15.161408,0.004084,-0.003160,0.611924,-0.790900
41.600000,14.079756,-44.611558,15.161232,0.004136,-0.003190,0.610782,-0.791781
41.616667,14.095859,-44.607262,15.161055,0.004199,-0.003228,0.609412,-0.792836
41.633333,14.111961,-44.602967,15.160879,0.004262,-0.003265,0.608040,-0.793888
41.650000,14.128064,-44.598671,15.160702,0.004325,-0.003301,0.606677,-0.794930
41.666667,14.144167,-44.594376,15.160525,0.004359,-0.003321,0.605989,-0.795454
41.683333,14.160218,-44.589895,15.160340,0.004393,-0.003341,0.605302,-0.795977
41.700000,14.176244,-44.585322,15.160151,0.004436,-0.003365,0.604391,-0.796668
41.716667,14.192270,-44.580749,15.159961,0.004497,-0.003399,0.603006,-0.797717
41.733333,14.208296,-44.576175,15.159771,0.004559,-0.003434,0.601619,-0.798763
41.750000,14.224321,-44.571602,15.159582,0.004621,-0.003468,0.600230,-0.799806
41.766667,14.240347,-44.567029,15.159392,0.004660,-0.003489,0.599302,-0.800502
41.783333,14.256347,-44.562367,15.159199,0.004688,-0.003503,0.598603,-0.801025
41.800000,14.272290,-44.557515,15.159000,0.004716,-0.003518,0.597903,-0.801547
41.816667,14.288234,-44.552663,15.158800,0.004779,-0.003552,0.596514,-0.802580
41.833333,14.304177,-44.547810,15.158600,0.004844,-0.003587,0.595103,-0.803627
41.850000,14.320121,-44.542958,15.158400,0.004909,-0.003622,0.593689,-0.804671
41.866667,14.336064,-44.538106,15.158200,0.004965,-0.003652,0.592498,-0.805548
41.883333,14.352008,-44.533254,15.158000,0.005001,-0.003672,0.591786,-0.806071
41.900000,14.367865,-44.528129,15.157787,0.005038,-0.003692,0.591072,-0.806594
41.916667,14.383720,-44.522995,15.157573,0.005096,-0.003723,0.589917,-0.807440
41.933333,14.399575,-44.517862,15.157359,0.005168,-0.003761,0.588490,-0.808479
41.950000,14.415430,-44.512728,15.157145,0.005239,-0.003799,0.587062,-0.809516
41.966667,14.431285,-44.507595,15.156932,0.005310,-0.003837,0.585632,-0.810551
41.983333,14.447140,-44.502462,15.156718,0.005346,-0.003855,0.584896,-0.811081
42.000000,14.462937,-44.497155,15.156496,0.005381,-0.003873,0.584181,-0.811596
42.016667,14.478699,-44.491743,15.156269,0.005425,-0.003896,0.583267,-0.812253
42.033333,14.494461,-44.486332,15.156043,0.005496,-0.003932,0.581820,-0.813290
42.050000,14.510223,-44.480920,15.155816,0.005567,-0.003967,0.580371,-0.814323
42.066667,14.525985,-44.475508,15.155590,0.005638,-0.004003,0.578921,-0.815354
42.083333,14.541747,-44.470096,15.155363,0.005687,-0.004027,0.577916,-0.816067
42.100000,14.557482,-44.464607,15.155133,0.005723,-0.004045,0.577182,-0.816586
42.116667,14.573144,-44.458913,15.154893,0.005760,-0.004063,0.576447,-0.817104
42.133333,14.588805,-44.453219,15.154653,0.005828,-0.004096,0.575035,-0.818098
42.150000,14.604467,-44.447525,15.154413,0.005898,-0.004130,0.573565,-0.819129
42.166667,14.620129,-44.441830,15.154173,0.005969,-0.004163,0.572093,-0.820156
42.183333,14.635791,-44.436136,15.153933,0.006029,-0.004192,0.570821,-0.821042
42.200000,14.651453,-44.430442,15.153693,0.006064,-0.004208,0.570085,-0.821553
42.216667,14.667018,-44.424489,15.153442,0.006098,-0.004223,0.569348,-0.822063
42.233333,14.682575,-44.418515,15.153190,0.006153,-0.004248,0.568184,-0.822868
42.250000,14.698133,-44.412541,15.152938,0.006223,-0.004280,0.566704,-0.823887
42.266667,14.713690,-44.406567,15.152685,0.006293,-0.004312,0.565222,-0.824904
42.283333,14.729247,-44.400593,15.152433,0.006363,-0.004343,0.563738,-0.825917
42.300000,14.744804,-44.394619,15.152181,0.006401,-0.004360,0.562938,-0.826463
42.316667,14.760298,-44.388484,15.151921,0.006437,-0.004376,0.562193,-0.826969
42.333333,14.775745,-44.382231,15.151656,0.006482,-0.004396,0.561279,-0.827590
42.350000,14.791191,-44.375978,15.151391,0.006554,-0.004428,0.559787,-0.828599
42.366667,14.806638,-44.369725,15.151126,0.006627,-0.004460,0.558294,-0.829605
42.383333,14.822085,-44.363472,15.150861,0.006700,-0.004491,0.556798,-0.830609
42.400000,14.837532,-44.357218,15.150595,0.006752,-0.004514,0.555733,-0.831321
42.416667,14.852953,-44.350902,15.150327,0.006789,-0.004530,0.554984,-0.831821
42.433333,14.868284,-44.344372,15.150049,0.006826,-0.004545,0.554235,-0.832320
42.450000,14.883616,-44.337842,15.149771,0.006883,-0.004567,0.552830,-0.833253
42.466667,14.898947,-44.331312,15.149492,0.006943,-0.004588,0.551332,-0.834245
42.483333,14.914279,-44.324782,15.149214,0.007003,-0.004610,0.549832,-0.835233
42.500000,14.929611,-44.318252,15.148936,0.007054,-0.004628,0.548502,-0.836107
42.516667,14.944942,-44.311721,15.148657,0.007077,-0.004634,0.547752,-0.836598
42.533333,14.960169,-44.304951,15.148372,0.007100,-0.004640,0.547002,-0.837088
42.550000,14.975381,-44.298147,15.148087,0.007139,-0.004651,0.545856,-0.837836
42.566667,14.990593,-44.291343,15.147801,0.007192,-0.004667,0.544356,-0.838811
42.583333,15.005805,-44.284539,15.147515,0.007245,-0.004683,0.542855,-0.839782
42.600000,15.021017,-44.277736,15.147229,0.007298,-0.004699,0.541352,-0.840752
42.616667,15.036229,-44.270932,15.146944,0.007331,-0.004710,0.540509,-0.841293
42.633333,15.051375,-44.263985,15.146652,0.007361,-0.004720,0.539758,-0.841775
42.650000,15.066463,-44.256911,15.146356,0.007396,-0.004731,0.538870,-0.842343
42.666667,15.081551,-44.249837,15.146060,0.007451,-0.004748,0.537363,-0.843305
42.683333,15.096639,-44.242762,15.145764,0.007506,-0.004764,0.535853,-0.844264
42.700000,15.111727,-44.235688,15.145468,0.007562,-0.004780,0.534343,-0.845221
42.716667,15.126815,-44.228614,15.145172,0.007601,-0.004791,0.533230,-0.845922
42.733333,15.141879,-44.221491,15.144875,0.007626,-0.004797,0.532472,-0.846400
42.750000,15.156838,-44.214148,15.144570,0.007651,-0.004804,0.531714,-0.846876
42.766667,15.171797,-44.206805,15.144266,0.007692,-0.004812,0.530333,-0.847741
42.783333,15.186755,-44.199462,15.143962,0.007736,-0.004821,0.528826,-0.848681
42.800000,15.201714,-44.192118,15.143658,0.007781,-0.004829,0.527318,-0.849619
42.816667,15.216673,-44.184775,15.143353,0.007820,-0.004836,0.525945,-0.850469
42.833333,15.231631,-44.177432,15.143049,0.007840,-0.004839,0.525196,-0.850931
42.850000,15.246480,-44.169870,15.142740,0.007859,-0.004841,0.524446,-0.851393
42.866667,15.261307,-44.162265,15.142430,0.007885,-0.004843,0.523329,-0.852081
42.883333,15.276134,-44.154659,15.142120,0.007919,-0.004845,0.521818,-0.853007
42.900000,15.290961,-44.147054,15.141810,0.007953,-0.004846,0.520305,-0.853930
42.916667,15.305788,-44.139448,15.141500,0.007987,-0.004847,0.518790,-0.854850
42.933333,15.320615,-44.131843,15.141190,0.008005,-0.004847,0.517902,-0.855389
42.950000,15.335375,-44.124110,15.140877,0.008019,-0.004846,0.517139,-0.855850
42.966667,15.350064,-44.116241,15.140563,0.008036,-0.004845,0.516274,-0.856372
42.983333,15.364753,-44.108373,15.140249,0.008067,-0.004844,0.514758,-0.857284
43.000000,15.379442,-44.100504,15.139935,0.008098,-0.004843,0.513241,-0.858193
43.016667,15.394131,-44.092635,15.139621,0.008129,-0.004842,0.511723,-0.859099
43.033333,15.408820,-44.084767,15.139307,0.008153,-0.004841,0.510573,-0.859782
43.050000,15.423490,-44.076864,15.138992,0.008169,-0.004841,0.509819,-0.860229
43.066667,15.438038,-44.068739,15.138674,0.008185,-0.004841,0.509065,-0.860676
43.083333,15.452587,-44.060614,15.138355,0.008209,-0.004838,0.507712,-0.861474
43.100000,15.467135,-44.052489,15.138036,0.008234,-0.004833,0.506196,-0.862366
43.116667,15.481684,-44.044364,15.137717,0.008260,-0.004829,0.504678,-0.863255
43.133333,15.496232,-44.036239,15.137398,0.008283,-0.004824,0.503261,-0.864081
43.150000,15.510781,-44.028114,15.137080,0.008292,-0.004820,0.502498,-0.864525
43.166667,15.525215,-44.019788,15.136759,0.008301,-0.004815,0.501735,-0.864968
43.183333,15.539618,-44.011407,15.136439,0.008313,-0.004808,0.500640,-0.865602
43.200000,15.554021,-44.003027,15.136118,0.008330,-0.004799,0.499119,-0.866480
43.216667,15.568424,-43.994647,15.135798,0.008347,-0.004789,0.497597,-0.867355
43.233333,15.582827,-43.986266,15.135477,0.008364,-0.004779,0.496072,-0.868228
43.250000,15.597229,-43.977886,15.135156,0.008374,-0.004773,0.495150,-0.868754
43.266667,15.611567,-43.969396,15.134835,0.008382,-0.004767,0.494390,-0.869187
43.283333,15.625821,-43.960765,15.134513,0.008390,-0.004761,0.493563,-0.869657
43.300000,15.640076,-43.952134,15.134191,0.008398,-0.004747,0.492047,-0.870515
43.316667,15.654330,-43.943503,15.133869,0.008406,-0.004732,0.490530,-0.871371
43.333333,15.668584,-43.934872,15.133547,0.008414,-0.004717,0.489012,-0.872224
43.350000,15.682838,-43.926241,15.133225,0.008419,-0.004705,0.487826,-0.872888
43.366667,15.697079,-43.917588,15.132903,0.008419,-0.004696,0.487068,-0.873311
43.383333,15.711181,-43.908711,15.132582,0.008419,-0.004686,0.486310,-0.873733
43.400000,15.725283,-43.899834,15.132262,0.008423,-0.004671,0.484991,-0.874466
43.416667,15.739386,-43.890957,15.131941,0.008427,-0.004655,0.483473,-0.875306
43.433333,15.753488,-43.882081,15.131621,0.008431,-0.004638,0.481953,-0.876144
43.450000,15.767590,-43.873204,15.131300,0.008435,-0.004622,0.480501,-0.876942
43.466667,15.781693,-43.864327,15.130979,0.008440,-0.004615,0.479740,-0.877358
43.483333,15.795679,-43.855270,15.130659,0.008444,-0.004607,0.478979,-0.877774
43.500000,15.809626,-43.846149,15.130338,0.008446,-0.004595,0.477920,-0.878351
43.516667,15.823572,-43.837029,15.130018,0.008444,-0.004576,0.476399,-0.879177
43.533333,15.837518,-43.827909,15.129697,0.008443,-0.004556,0.474877,-0.880000
43.550000,15.851464,-43.818789,15.129376,0.008441,-0.004536,0.473353,-0.880821
43.566667,15.865410,-43.809668,15.129056,0.008437,-0.004522,0.472394,-0.881335
43.583333,15.879294,-43.800454,15.128736,0.008431,-0.004510,0.471633,-0.881743
43.600000,15.893081,-43.791095,15.128419,0.008426,-0.004497,0.470839,-0.882168
43.616667,15.906867,-43.781735,15.128102,0.008417,-0.004474,0.469317,-0.882978
43.633333,15.920654,-43.772375,15.127785,0.008409,-0.004451,0.467795,-0.883786
43.650000,15.934441,-43.763015,15.127468,0.008400,-0.004428,0.466271,-0.884591
43.666667,15.948227,-43.753656,15.127151,0.008394,-0.004409,0.465045,-0.885236
43.683333,15.962007,-43.744286,15.126834,0.008390,-0.004399,0.464284,-0.885636
43.700000,15.975631,-43.734690,15.126520,0.008387,-0.004388,0.463522,-0.886035
43.716667,15.989254,-43.725095,15.126205,0.008373,-0.004365,0.462236,-0.886707
43.733333,16.002878,-43.715499,15.125891,0.008354,-0.004337,0.460718,-0.887497
43.750000,16.016502,-43.705904,15.125576,0.008335,-0.004309,0.459198,-0.888284
43.766667,16.030125,-43.696308,15.125262,0.008316,-0.004281,0.457711,-0.889052
43.783333,16.043749,-43.686712,15.124947,0.008300,-0.004264,0.456954,-0.889441
43.800000,16.057258,-43.676957,15.124638,0.008284,-0.004247,0.456197,-0.889830
43.816667,16.070717,-43.667131,15.124331,0.008266,-0.004226,0.455177,-0.890353
43.833333,16.084175,-43.657305,15.124024,0.008243,-0.004196,0.453658,-0.891128
43.850000,16.097634,-43.647478,15.123717,0.008220,-0.004167,0.452137,-0.891901
43.866667,16.111092,-43.637652,15.123409,0.008196,-0.004137,0.450616,-0.892671
43.883333,16.124550,-43.627826,15.123102,0.008184,-0.004120,0.449621,-0.893172
43.900000,16.137950,-43.617921,15.122796,0.008177,-0.004107,0.448858,-0.893556
43.916667,16.151239,-43.607866,15.122493,0.008169,-0.004095,0.448094,-0.893940
43.933333,16.164528,-43.597812,15.122190,0.008137,-0.004062,0.446580,-0.894698
43.950000,16.177816,-43.587757,15.121887,0.008106,-0.004029,0.445062,-0.895454
43.966667,16.191105,-43.577702,15.121584,0.008073,-0.003996,0.443543,-0.896208
43.983333,16.204394,-43.567648,15.121281,0.008044,-0.003967,0.442287,-0.896829
44.000000,16.217682,-43.557593,15.120978,0.008019,-0.003946,0.441532,-0.897201
44.016667,16.230801,-43.547317,15.120685,0.007994,-0.003926,0.440777,-0.897573
44.033333,16.243918,-43.537039,15.120392,0.007960,-0.003895,0.439530,-0.898184
44.050000,16.257036,-43.526762,15.120100,0.007921,-0.003860,0.438017,-0.898924
44.066667,16.270154,-43.516485,15.119807,0.007881,-0.003824,0.436502,-0.899660
44.083333,16.283271,-43.506208,15.119514,0.007841,-0.003788,0.434987,-0.900395
44.100000,16.296389,-43.495931,15.119222,0.007827,-0.003773,0.434226,-0.900762
44.116667,16.309393,-43.485512,15.118933,0.007812,-0.003758,0.433467,-0.901128
44.133333,16.322336,-43.475015,15.118647,0.007789,-0.003736,0.432482,-0.901601
44.150000,16.335279,-43.464518,15.118361,0.007749,-0.003701,0.430970,-0.902325
44.166667,16.348221,-43.454021,15.118075,0.007709,-0.003666,0.429457,-0.903047
44.183333,16.361164,-43.443525,15.117789,0.007669,-0.003631,0.427943,-0.903766
44.200000,16.374107,-43.433028,15.117503,0.007639,-0.003606,0.426921,-0.904249
44.216667,16.386997,-43.422467,15.117220,0.007613,-0.003587,0.426167,-0.904605
44.233333,16.399763,-43.411756,15.116945,0.007588,-0.003567,0.425412,-0.904961
44.250000,16.412529,-43.401044,15.116669,0.007536,-0.003528,0.423939,-0.905653
44.266667,16.425295,-43.390333,15.116393,0.007482,-0.003487,0.422427,-0.906359
44.283333,16.438061,-43.379622,15.116118,0.007428,-0.003447,0.420914,-0.907064
44.300000,16.450827,-43.368911,15.115842,0.007382,-0.003413,0.419627,-0.907660
44.316667,16.463593,-43.358199,15.115567,0.007353,-0.003392,0.418869,-0.908011
44.333333,16.476187,-43.347287,15.115302,0.007324,-0.003371,0.418111,-0.908360
44.350000,16.488773,-43.336364,15.115038,0.007277,-0.003338,0.416903,-0.908916
44.366667,16.501358,-43.325441,15.114774,0.007218,-0.003296,0.415397,-0.909606
44.383333,16.513944,-43.314518,15.114510,0.007159,-0.003255,0.413889,-0.910293
44.400000,16.526529,-43.303595,15.114246,0.007099,-0.003214,0.412381,-0.910978
44.416667,16.539115,-43.292672,15.113982,0.007067,-0.003192,0.411595,-0.911334
44.433333,16.551591,-43.281625,15.113725,0.007037,-0.003171,0.410846,-0.911672
44.450000,16.563996,-43.270496,15.113473,0.006998,-0.003145,0.409906,-0.912096
44.466667,16.576400,-43.259368,15.113221,0.006935,-0.003103,0.408404,-0.912770
44.483333,16.588804,-43.248239,15.112969,0.006872,-0.003061,0.406901,-0.913442
44.500000,16.601209,-43.237110,15.112717,0.006809,-0.003020,0.405396,-0.914111
44.516667,16.613613,-43.225982,15.112465,0.006764,-0.002990,0.404344,-0.914577
44.533333,16.625971,-43.214802,15.112216,0.006732,-0.002969,0.403590,-0.914911
44.550000,16.638190,-43.203470,15.111977,0.006699,-0.002949,0.402835,-0.915243
44.566667,16.650409,-43.192138,15.111738,0.006631,-0.002906,0.401403,-0.915873
44.583333,16.662629,-43.180807,15.111499,0.006559,-0.002862,0.399899,-0.916531
44.600000,16.674848,-43.169475,15.111260,0.006487,-0.002818,0.398394,-0.917187
44.616667,16.687067,-43.158143,15.111020,0.006423,-0.002779,0.397080,-0.917757
44.633333,16.699287,-43.146812,15.110781,0.006383,-0.002755,0.396330,-0.918082
44.650000,16.711337,-43.135300,15.110556,0.006343,-0.002732,0.395579,-0.918406
44.666667,16.723370,-43.123770,15.110332,0.006280,-0.002695,0.394415,-0.918907
44.683333,16.735403,-43.112240,15.110108,0.006197,-0.002648,0.392919,-0.919548
44.700000,16.747435,-43.100710,15.109884,0.006115,-0.002601,0.391423,-0.920187
44.716667,16.759468,-43.089180,15.109660,0.006032,-0.002554,0.389926,-0.920823
44.733333,16.771500,-43.077650,15.109436,0.005985,-0.002528,0.389109,-0.921169
44.750000,16.783428,-43.066012,15.109221,0.005942,-0.002504,0.388363,-0.921484
44.766667,16.795273,-43.054289,15.109013,0.005891,-0.002476,0.387462,-0.921863
44.783333,16.807118,-43.042565,15.108806,0.005810,-0.002431,0.385972,-0.922489
44.800000,16.818962,-43.030841,15.108598,0.005728,-0.002386,0.384481,-0.923112
44.816667,16.830807,-43.019118,15.108390,0.005645,-0.002341,0.382989,-0.923733
44.833333,16.842651,-43.007394,15.108182,0.005587,-0.002309,0.381913,-0.924179
44.850000,16.854456,-42.995631,15.107978,0.005548,-0.002287,0.381167,-0.924487
44.866667,16.866110,-42.983718,15.107785,0.005509,-0.002266,0.380422,-0.924794
44.883333,16.877764,-42.971805,15.107592,0.005427,-0.002223,0.379033,-0.925364
44.900000,16.889418,-42.959892,15.107399,0.005338,-0.002176,0.377538,-0.925976
44.916667,16.901072,-42.947979,15.107206,0.005249,-0.002130,0.376043,-0.926585
44.933333,16.912726,-42.936065,15.107013,0.005168,-0.002089,0.374701,-0.927129
44.950000,16.924380,-42.924152,15.106820,0.005118,-0.002064,0.373951,-0.927432
44.966667,16.935868,-42.912078,15.106643,0.005068,-0.002039,0.373201,-0.927734
44.983333,16.947328,-42.899978,15.106469,0.004991,-0.002001,0.372075,-0.928187
45.000000,16.958788,-42.887878,15.106294,0.004889,-0.001951,0.370588,-0.928783
45.016667,16.970248,-42.875778,15.106120,0.004785,-0.001901,0.369099,-0.929376
45.033333,16.981708,-42.863677,15.105945,0.004682,-0.001851,0.367610,-0.929966
45.050000,16.993168,-42.851577,15.105771,0.004622,-0.001822,0.366766,-0.930300
45.066667,17.004529,-42.839385,15.105607,0.004569,-0.001797,0.366028,-0.930591
45.083333,17.015795,-42.827104,15.105452,0.004507,-0.001768,0.365171,-0.930928
45.100000,17.027062,-42.814823,15.105297,0.004401,-0.001718,0.363699,-0.931505
45.116667,17.038329,-42.802543,15.105142,0.004295,-0.001669,0.362226,-0.932079
45.133333,17.049595,-42.790262,15.104987,0.004188,-0.001620,0.360753,-0.932651
45.150000,17.060862,-42.777981,15.104832,0.004109,-0.001584,0.359656,-0.933075
45.166667,17.072097,-42.765672,15.104681,0.004055,-0.001559,0.358921,-0.933358
45.183333,17.083169,-42.753215,15.104545,0.004002,-0.001535,0.358186,-0.933640
45.200000,17.094241,-42.740758,15.104410,0.003903,-0.001491,0.356848,-0.934153
45.216667,17.105313,-42.728302,15.104274,0.003793,-0.001442,0.355370,-0.934717
45.233333,17.116385,-42.715845,15.104139,0.003683,-0.001393,0.353891,-0.935278
45.250000,17.127457,-42.703388,15.104004,0.003581,-0.001349,0.352531,-0.935792
45.266667,17.138529,-42.690931,15.103868,0.003524,-0.001324,0.351787,-0.936072
45.283333,17.149439,-42.678333,15.103749,0.003467,-0.001300,0.351044,-0.936352
45.300000,17.160312,-42.665702,15.103635,0.003382,-0.001264,0.349961,-0.936757
45.316667,17.171185,-42.653070,15.103520,0.003265,-0.001214,0.348486,-0.937307
45.333333,17.182058,-42.640439,15.103405,0.003147,-0.001164,0.347011,-0.937855
45.350000,17.192930,-42.627808,15.103290,0.003028,-0.001115,0.345535,-0.938400
45.366667,17.203803,-42.615177,15.103175,0.002957,-0.001086,0.344664,-0.938721
45.383333,17.214584,-42.602468,15.103071,0.002895,-0.001061,0.343932,-0.938989
45.400000,17.225259,-42.589668,15.102978,0.002827,-0.001033,0.343116,-0.939288
45.416667,17.235933,-42.576869,15.102885,0.002706,-0.000984,0.341653,-0.939822
45.433333,17.246608,-42.564070,15.102792,0.002584,-0.000935,0.340189,-0.940353
45.450000,17.257283,-42.551271,15.102700,0.002462,-0.000886,0.338724,-0.940882
45.466667,17.267957,-42.538471,15.102607,0.002368,-0.000849,0.337599,-0.941287
45.483333,17.278609,-42.525653,15.102517,0.002307,-0.000826,0.336867,-0.941549
45.500000,17.289083,-42.512689,15.102445,0.002247,-0.000802,0.336134,-0.941811
45.516667,17.299557,-42.499725,15.102374,0.002136,-0.000759,0.334844,-0.942271
45.533333,17.310032,-42.486761,15.102303,0.002009,-0.000710,0.333385,-0.942788
45.550000,17.320506,-42.473798,15.102232,0.001882,-0.000662,0.331924,-0.943304
45.566667,17.330980,-42.460834,15.102161,0.001763,-0.000617,0.330548,-0.943787
45.583333,17.341454,-42.447870,15.102090,0.001697,-0.000593,0.329821,-0.944042
45.600000,17.351775,-42.434783,15.102037,0.001631,-0.000568,0.329094,-0.944296
45.616667,17.362048,-42.421659,15.101989,0.001535,-0.000533,0.328063,-0.944654
45.633333,17.372321,-42.408536,15.101942,0.001398,-0.000483,0.326611,-0.945158
45.650000,17.382595,-42.395412,15.101894,0.001261,-0.000434,0.325159,-0.945658
45.666667,17.392868,-42.382288,15.101846,0.001123,-0.000384,0.323705,-0.946157
45.683333,17.403141,-42.369164,15.101799,0.001037,-0.000354,0.322811,-0.946463
45.700000,17.413330,-42.355975,15.101762,0.000965,-0.000328,0.322085,-0.946710
45.716667,17.423401,-42.342696,15.101739,0.000889,-0.000302,0.321310,-0.946974
45.733333,17.433472,-42.329416,15.101717,0.000750,-0.000253,0.319862,-0.947464
45.750000,17.443543,-42.316136,15.101694,0.000610,-0.000205,0.318413,-0.947952
45.766667,17.453614,-42.302856,15.101672,0.000470,-0.000157,0.316964,-0.948437
45.783333,17.463685,-42.289577,15.101649,0.000360,-0.000120,0.315818,-0.948820
45.800000,17.473742,-42.276286,15.101629,0.000292,-0.000097,0.315095,-0.949060
45.816667,17.483610,-42.262855,15.101630,0.000224,-0.000074,0.314371,-0.949300
45.833333,17.493477,-42.249423,15.101632,0.000099,-0.000033,0.313127,-0.949711
45.850000,17.503345,-42.235991,15.101633,-0.000047,0.000015,0.311681,-0.950187
45.866667,17.513212,-42.222559,15.101635,-0.000193,0.000063,0.310234,-0.950660
45.883333,17.523079,-42.209128,15.101637,-0.000335,0.000109,0.308836,-0.951115
45.900000,17.532947,-42.195696,15.101638,-0.000412,0.000134,0.308113,-0.951350
45.916667,17.542666,-42.182157,15.101659,-0.000490,0.000158,0.307390,-0.951584
45.933333,17.552328,-42.168577,15.101688,-0.000596,0.000192,0.306400,-0.951903
45.950000,17.561990,-42.154997,15.101717,-0.000750,0.000240,0.304961,-0.952365
45.966667,17.571653,-42.141417,15.101746,-0.000903,0.000288,0.303521,-0.952824
45.983333,17.581315,-42.127837,15.101775,-0.001057,0.000335,0.302080,-0.953282
46.000000,17.590977,-42.114256,15.101804,-0.001155,0.000365,0.301161,-0.953572
46.016667,17.600562,-42.100623,15.101842,-0.001230,0.000388,0.300445,-0.953798
46.033333,17.610019,-42.086899,15.101897,-0.001308,0.000411,0.299711,-0.954029
46.050000,17.619476,-42.073175,15.101953,-0.001463,0.000457,0.298281,-0.954477
46.066667,17.628933,-42.059451,15.102008,-0.001619,0.000503,0.296851,-0.954922
46.083333,17.638390,-42.045728,15.102063,-0.001774,0.000549,0.295420,-0.955366
46.100000,17.647847,-42.032004,15.102118,-0.001902,0.000585,0.294255,-0.955725
46.116667,17.657299,-42.018277,15.102174,-0.001981,0.000608,0.293541,-0.955944
46.133333,17.666549,-42.004413,15.102257,-0.002061,0.000631,0.292827,-0.956163
46.150000,17.675800,-41.990550,15.102340,-0.002196,0.000669,0.291636,-0.956527
46.166667,17.685051,-41.976686,15.102423,-0.002357,0.000715,0.290213,-0.956959
46.183333,17.694302,-41.962823,15.102505,-0.002518,0.000760,0.288790,-0.957389
46.200000,17.703553,-41.948960,15.102588,-0.002678,0.000803,0.287383,-0.957812
46.216667,17.712803,-41.935096,15.102671,-0.002760,0.000826,0.286674,-0.958024
46.233333,17.721915,-41.921142,15.102773,-0.002841,0.000848,0.285965,-0.958235
46.250000,17.730959,-41.907143,15.102884,-0.002951,0.000878,0.285024,-0.958515
46.266667,17.740004,-41.893144,15.102995,-0.003121,0.000923,0.283603,-0.958936
46.283333,17.749049,-41.879146,15.103106,-0.003290,0.000968,0.282182,-0.959355
46.300000,17.758093,-41.865147,15.103217,-0.003459,0.001012,0.280759,-0.959771
46.316667,17.767138,-41.851148,15.103328,-0.003573,0.001042,0.279816,-0.960046
46.333333,17.776114,-41.837107,15.103449,-0.003661,0.001064,0.279104,-0.960253
46.350000,17.784950,-41.822975,15.103590,-0.003749,0.001087,0.278391,-0.960460
46.366667,17.793785,-41.808844,15.103731,-0.003916,0.001129,0.277000,-0.960861
46.383333,17.802621,-41.794713,15.103872,-0.004085,0.001171,0.275593,-0.961265
46.400000,17.811457,-41.780582,15.104014,-0.004254,0.001213,0.274185,-0.961667
46.416667,17.820292,-41.766451,15.104155,-0.004395,0.001247,0.273010,-0.962000
46.433333,17.829128,-41.752320,15.104296,-0.004476,0.001267,0.272316,-0.962197
46.450000,17.837763,-41.738066,15.104464,-0.004558,0.001286,0.271621,-0.962393
46.466667,17.846394,-41.723809,15.104633,-0.004689,0.001318,0.270500,-0.962708
46.483333,17.855025,-41.709552,15.104802,-0.004850,0.001355,0.269128,-0.963091
46.500000,17.863655,-41.695295,15.104972,-0.005011,0.001393,0.267756,-0.963473
46.516667,17.872286,-41.681038,15.105141,-0.005172,0.001429,0.266383,-0.963852
46.533333,17.880917,-41.666781,15.105310,-0.005253,0.001448,0.265690,-0.964043
46.550000,17.889420,-41.652449,15.105496,-0.005332,0.001466,0.265012,-0.964229
46.566667,17.897850,-41.638072,15.105692,-0.005433,0.001488,0.264149,-0.964465
46.583333,17.906279,-41.623695,15.105888,-0.005590,0.001523,0.262809,-0.964830
46.600000,17.914708,-41.609319,15.106084,-0.005748,0.001557,0.261469,-0.965193
46.616667,17.923137,-41.594942,15.106280,-0.005905,0.001591,0.260129,-0.965555
46.633333,17.931567,-41.580566,15.106477,-0.006012,0.001614,0.259215,-0.965800
46.650000,17.939940,-41.566157,15.106680,-0.006090,0.001630,0.258553,-0.965977
46.666667,17.948172,-41.551666,15.106903,-0.006168,0.001646,0.257890,-0.966153
46.683333,17.956403,-41.537176,15.107125,-0.006312,0.001676,0.256632,-0.966487
46.700000,17.964634,-41.522685,15.107348,-0.006461,0.001706,0.255328,-0.966831
46.716667,17.972865,-41.508195,15.107571,-0.006610,0.001736,0.254025,-0.967174
46.733333,17.981096,-41.493704,15.107793,-0.006738,0.001761,0.252907,-0.967466
46.750000,17.989328,-41.479214,15.108016,-0.006809,0.001775,0.252266,-0.967632
46.766667,17.997379,-41.464623,15.108261,-0.006880,0.001789,0.251625,-0.967799
46.783333,18.005418,-41.450025,15.108508,-0.006991,0.001810,0.250618,-0.968059
46.800000,18.013456,-41.435427,15.108755,-0.007129,0.001836,0.249347,-0.968386
46.816667,18.021494,-41.420829,15.109001,-0.007267,0.001861,0.248076,-0.968711
46.833333,18.029533,-41.406231,15.109248,-0.007405,0.001886,0.246805,-0.969035
46.850000,18.037571,-41.391633,15.109495,-0.007476,0.001899,0.246132,-0.969206
46.866667,18.045499,-41.376975,15.109755,-0.007543,0.001910,0.245502,-0.969365
46.883333,18.053346,-41.362274,15.110024,-0.007625,0.001925,0.244729,-0.969560
46.900000,18.061194,-41.347574,15.110294,-0.007756,0.001947,0.243489,-0.969871
46.916667,18.069042,-41.332873,15.110563,-0.007887,0.001969,0.242249,-0.970180
46.933333,18.076890,-41.318172,15.110832,-0.008018,0.001991,0.241008,-0.970488
46.950000,18.084738,-41.303471,15.111101,-0.008111,0.002006,0.240135,-0.970704
46.966667,18.092543,-41.288747,15.111376,-0.008175,0.002017,0.239524,-0.970854
46.983333,18.100205,-41.273949,15.111667,-0.008240,0.002027,0.238914,-0.971004
47.000000,18.107867,-41.259151,15.111958,-0.008358,0.002046,0.237779,-0.971281
47.016667,18.115529,-41.244353,15.112249,-0.008483,0.002066,0.236576,-0.971574
47.033333,18.123192,-41.229555,15.112540,-0.008608,0.002085,0.235373,-0.971865
47.050000,18.130854,-41.214757,15.112831,-0.008718,0.002101,0.234313,-0.972120
47.066667,18.138516,-41.199959,15.113122,-0.008778,0.002110,0.233720,-0.972262
47.083333,18.146018,-41.185079,15.113431,-0.008838,0.002119,0.233128,-0.972404
47.100000,18.153499,-41.170189,15.113742,-0.008928,0.002132,0.232221,-0.972620
47.116667,18.160980,-41.155299,15.114053,-0.009041,0.002147,0.231042,-0.972899
47.133333,18.168462,-41.140409,15.114365,-0.009155,0.002162,0.229863,-0.973177
47.150000,18.175943,-41.125519,15.114676,-0.009269,0.002177,0.228684,-0.973454
47.166667,18.183424,-41.110629,15.114987,-0.009329,0.002185,0.228030,-0.973607
47.183333,18.190809,-41.095692,15.115308,-0.009383,0.002192,0.227444,-0.973744
47.200000,18.198110,-41.080713,15.115637,-0.009447,0.002199,0.226750,-0.973905
47.216667,18.205411,-41.065734,15.115966,-0.009557,0.002213,0.225596,-0.974171
47.233333,18.212713,-41.050756,15.116295,-0.009667,0.002227,0.224442,-0.974437
47.250000,18.220014,-41.035777,15.116625,-0.009777,0.002240,0.223287,-0.974701
47.266667,18.227315,-41.020798,15.116954,-0.009859,0.002249,0.222448,-0.974892
47.283333,18.234583,-41.005804,15.117286,-0.009915,0.002256,0.221880,-0.975021
47.300000,18.241709,-40.990741,15.117634,-0.009972,0.002263,0.221312,-0.975149
47.316667,18.248835,-40.975679,15.117982,-0.010069,0.002274,0.220279,-0.975382
47.333333,18.255962,-40.960617,15.118330,-0.010174,0.002285,0.219157,-0.975634
47.350000,18.263088,-40.945554,15.118679,-0.010279,0.002297,0.218035,-0.975884
47.366667,18.270214,-40.930492,15.119027,-0.010373,0.002306,0.217020,-0.976109
47.383333,18.277340,-40.915430,15.119375,-0.010422,0.002311,0.216466,-0.976232
47.400000,18.284322,-40.900300,15.119736,-0.010470,0.002315,0.215912,-0.976354
47.416667,18.291277,-40.885158,15.120100,-0.010540,0.002321,0.215090,-0.976535
47.433333,18.298231,-40.870016,15.120464,-0.010631,0.002329,0.213991,-0.976775
47.450000,18.305186,-40.854875,15.120828,-0.010723,0.002337,0.212891,-0.977014
47.466667,18.312140,-40.839733,15.121192,-0.010815,0.002344,0.211791,-0.977252
47.483333,18.319095,-40.824591,15.121557,-0.010866,0.002347,0.211157,-0.977389
47.500000,18.325966,-40.809411,15.121928,-0.010909,0.002350,0.210612,-0.977506
47.516667,18.332751,-40.794193,15.122306,-0.010958,0.002354,0.209990,-0.977639
47.533333,18.339537,-40.778975,15.122684,-0.011044,0.002360,0.208912,-0.977869
47.550000,18.346322,-40.763756,15.123063,-0.011131,0.002365,0.207833,-0.978098
47.566667,18.353107,-40.748538,15.123441,-0.011217,0.002370,0.206754,-0.978326
47.583333,18.359892,-40.733320,15.123820,-0.011282,0.002374,0.205942,-0.978496
47.600000,18.366653,-40.718091,15.124200,-0.011325,0.002377,0.205409,-0.978608
47.616667,18.373272,-40.702800,15.124593,-0.011368,0.002380,0.204875,-0.978719
47.633333,18.379890,-40.687509,15.124985,-0.011443,0.002384,0.203929,-0.978916
47.650000,18.386509,-40.672218,15.125378,-0.011527,0.002388,0.202874,-0.979134
47.666667,18.393128,-40.656927,15.125770,-0.011610,0.002393,0.201819,-0.979351
47.683333,18.399746,-40.641635,15.126163,-0.011688,0.002396,0.200840,-0.979551
47.700000,18.406365,-40.626344,15.126555,-0.011729,0.002398,0.200319,-0.979658
47.716667,18.412854,-40.610998,15.126959,-0.011769,0.002400,0.199798,-0.979764
47.733333,18.419310,-40.595638,15.127365,-0.011824,0.002402,0.199049,-0.979915
47.750000,18.425765,-40.580278,15.127771,-0.011896,0.002403,0.198016,-0.980124
47.766667,18.432221,-40.564917,15.128177,-0.011967,0.002405,0.196982,-0.980331
47.783333,18.438676,-40.549557,15.128583,-0.012039,0.002406,0.195949,-0.980537
47.800000,18.445132,-40.534197,15.128989,-0.012078,0.002406,0.195329,-0.980660
47.816667,18.451516,-40.518807,15.129399,-0.012110,0.002405,0.194817,-0.980762
47.833333,18.457810,-40.503380,15.129815,-0.012144,0.002405,0.194257,-0.980873
47.850000,18.464105,-40.487954,15.130231,-0.012211,0.002405,0.193245,-0.981072
47.866667,18.470400,-40.472527,15.130647,-0.012277,0.002405,0.192232,-0.981270
47.883333,18.476694,-40.457100,15.131064,-0.012344,0.002405,0.191219,-0.981467
47.900000,18.482989,-40.441674,15.131480,-0.012397,0.002405,0.190434,-0.981619
47.916667,18.489268,-40.426241,15.131897,-0.012433,0.002405,0.189933,-0.981715
47.933333,18.495405,-40.410751,15.132325,-0.012468,0.002406,0.189432,-0.981812
47.950000,18.501542,-40.395261,15.132752,-0.012526,0.002405,0.188559,-0.981979
47.966667,18.507679,-40.379771,15.133180,-0.012592,0.002405,0.187560,-0.982170
47.983333,18.513816,-40.364282,15.133608,-0.012657,0.002404,0.186560,-0.982359
48.000000,18.519953,-40.348792,15.134036,-0.012719,0.002403,0.185608,-0.982539
48.016667,18.526090,-40.333302,15.134464,-0.012749,0.002402,0.185109,-0.982632
48.033333,18.532109,-40.317767,15.134899,-0.012779,0.002401,0.184611,-0.982726
48.050000,18.538088,-40.302216,15.135336,-0.012817,0.002398,0.183920,-0.982855
48.066667,18.544067,-40.286664,15.135774,-0.012867,0.002394,0.182940,-0.983037
48.083333,18.550047,-40.271113,15.136211,-0.012917,0.002390,0.181959,-0.983218
48.100000,18.556026,-40.255562,15.136649,-0.012966,0.002386,0.180978,-0.983399
48.116667,18.562005,-40.240011,15.137086,-0.012994,0.002383,0.180371,-0.983510
48.133333,18.567923,-40.224437,15.137526,-0.013014,0.002380,0.179889,-0.983598
48.150000,18.573750,-40.208829,15.137970,-0.013035,0.002377,0.179383,-0.983690
48.166667,18.579577,-40.193220,15.138414,-0.013082,0.002372,0.178422,-0.983864
48.183333,18.585403,-40.177611,15.138858,-0.013128,0.002368,0.177461,-0.984037
48.200000,18.591230,-40.162003,15.139302,-0.013175,0.002363,0.176500,-0.984210
48.216667,18.597057,-40.146394,15.139746,-0.013214,0.002359,0.175731,-0.984347
48.233333,18.602876,-40.130782,15.140190,-0.013240,0.002357,0.175252,-0.984432
48.250000,18.608550,-40.115118,15.140643,-0.013267,0.002355,0.174772,-0.984517
48.266667,18.614224,-40.099453,15.141095,-0.013305,0.002351,0.173960,-0.984660
48.283333,18.619898,-40.083789,15.141548,-0.013348,0.002345,0.173006,-0.984827
48.300000,18.625573,-40.068124,15.142000,-0.013390,0.002339,0.172052,-0.984994
48.316667,18.631247,-40.052460,15.142453,-0.013432,0.002333,0.171122,-0.985156
48.333333,18.636921,-40.036796,15.142905,-0.013448,0.002329,0.170647,-0.985238
48.350000,18.642489,-40.021093,15.143361,-0.013464,0.002325,0.170173,-0.985320
48.366667,18.648012,-40.005375,15.143819,-0.013486,0.002320,0.169534,-0.985429
48.383333,18.653535,-39.989657,15.144276,-0.013519,0.002313,0.168594,-0.985590
48.400000,18.659058,-39.973938,15.144734,-0.013552,0.002305,0.167654,-0.985750
48.416667,18.664581,-39.958220,15.145191,-0.013585,0.002297,0.166715,-0.985909
48.433333,18.670104,-39.942502,15.145649,-0.013606,0.002292,0.166108,-0.986011
48.450000,18.675575,-39.926766,15.146108,-0.013623,0.002288,0.165643,-0.986089
48.466667,18.680950,-39.910996,15.146571,-0.013640,0.002285,0.165176,-0.986167
48.483333,18.686324,-39.895226,15.147034,-0.013670,0.002276,0.164237,-0.986324
48.500000,18.691698,-39.879457,15.147497,-0.013699,0.002268,0.163303,-0.986478
48.516667,18.697073,-39.863687,15.147960,-0.013728,0.002259,0.162375,-0.986631
48.533333,18.702447,-39.847918,15.148423,-0.013751,0.002252,0.161615,-0.986756
48.550000,18.707821,-39.832148,15.148886,-0.013763,0.002248,0.161156,-0.986830
48.566667,18.713207,-39.815852,15.149367,-0.013775,0.002243,0.160699,-0.986905
48.583333,18.718592,-39.799557,15.149847,-0.013794,0.002234,0.159860,-0.987041
48.600000,18.723978,-39.783261,15.150328,-0.013815,0.002224,0.158927,-0.987191
48.616667,18.729363,-39.766965,15.150809,-0.013836,0.002214,0.158009,-0.987338
48.633333,18.734749,-39.750670,15.151289,-0.013857,0.002205,0.157109,-0.987482
48.650000,18.740134,-39.734374,15.151770,-0.013866,0.002199,0.156649,-0.987555
48.666667,18.745394,-39.718037,15.152253,-0.013875,0.002194,0.156194,-0.987626
48.683333,18.750930,-39.700754,15.152764,-0.013889,0.002184,0.155300,-0.987767
48.700000,18.756465,-39.683471,15.153275,-0.013904,0.002173,0.154374,-0.987912
48.716667,18.762001,-39.666188,15.153786,-0.013918,0.002162,0.153469,-0.988053
48.733333,18.767537,-39.648905,15.154298,-0.013932,0.002151,0.152583,-0.988190
48.750000,18.773073,-39.631621,15.154809,-0.013938,0.002145,0.152070,-0.988269
48.766667,18.778457,-39.614290,15.155322,-0.013945,0.002137,0.151435,-0.988367
48.783333,18.784145,-39.595958,15.155864,-0.013956,0.002125,0.150505,-0.988508
48.800000,18.789834,-39.577625,15.156406,-0.013966,0.002113,0.149596,-0.988646
48.816667,18.795522,-39.559293,15.156949,-0.013976,0.002102,0.148707,-0.988780
48.833333,18.801211,-39.540961,15.157491,-0.013985,0.002091,0.147837,-0.988911
48.850000,18.806832,-39.522608,15.158034,-0.013989,0.002084,0.147310,-0.988989
48.866667,18.812666,-39.503188,15.158608,-0.013988,0.002070,0.146386,-0.989127
48.883333,18.818500,-39.483768,15.159183,-0.013987,0.002057,0.145481,-0.989260
48.900000,18.824335,-39.464348,15.159757,-0.013986,0.002044,0.144596,-0.989390
48.916667,18.830169,-39.444928,15.160332,-0.013985,0.002031,0.143729,-0.989516
48.933333,18.835974,-39.425499,15.160906,-0.013981,0.002020,0.142953,-0.989629
48.950000,18.841940,-39.404976,15.161509,-0.013972,0.002005,0.142038,-0.989761
48.966667,18.847906,-39.384453,15.162111,-0.013962,0.001991,0.141142,-0.989889
48.983333,18.853872,-39.363930,15.162714,-0.013953,0.001977,0.140263,-0.990014
49.000000,18.859838,-39.343407,15.163317,-0.013944,0.001963,0.139403,-0.990136
49.016667,18.865765,-39.322873,15.163919,-0.013933,0.001947,0.138408,-0.990275
49.033333,18.871842,-39.301256,15.164550,-0.013921,0.001933,0.137503,-0.990402
49.050000,18.877919,-39.279638,15.165182,-0.013909,0.001918,0.136614,-0.990525
49.066667,18.883996,-39.258020,15.165813,-0.013898,0.001904,0.135742,-0.990645
49.083333,18.890073,-39.236403,15.166444,-0.013887,0.001891,0.134886,-0.990762
49.100000,18.896057,-39.214759,15.167073,-0.013858,0.001870,0.133696,-0.990924
49.116667,18.902217,-39.192079,15.167730,-0.013832,0.001853,0.132793,-0.991046
49.133333,18.908377,-39.169398,15.168387,-0.013806,0.001837,0.131906,-0.991164
49.150000,18.914537,-39.146718,15.169043,-0.013780,0.001821,0.131034,-0.991280
49.166667,18.920697,-39.124037,15.169700,-0.013747,0.001801,0.129907,-0.991429
49.183333,18.926662,-39.101305,15.170348,-0.013714,0.001782,0.128808,-0.991573
49.200000,18.932870,-39.077616,15.171022,-0.013685,0.001765,0.127922,-0.991688
49.216667,18.939078,-39.053928,15.171697,-0.013656,0.001749,0.127050,-0.991801
49.233333,18.945286,-39.030240,15.172372,-0.013615,0.001729,0.126002,-0.991935
49.250000,18.951369,-39.006520,15.173043,-0.013557,0.001704,0.124693,-0.992101
49.266667,18.957592,-38.981905,15.173737,-0.013517,0.001687,0.123809,-0.992213
49.283333,18.963815,-38.957290,15.174431,-0.013477,0.001670,0.122938,-0.992321
49.300000,18.970037,-38.932676,15.175124,-0.013432,0.001650,0.121914,-0.992448
49.316667,18.976169,-38.908038,15.175812,-0.013375,0.001625,0.120608,-0.992609
49.333333,18.982361,-38.882600,15.176511,-0.013325,0.001605,0.119572,-0.992735
49.350000,18.988554,-38.857162,15.177211,-0.013279,0.001588,0.118696,-0.992841
49.366667,18.994747,-38.831724,15.177911,-0.013217,0.001566,0.117644,-0.992967
49.383333,19.000857,-38.806267,15.178607,-0.013132,0.001538,0.116335,-0.993122
49.400000,19.006976,-38.780134,15.179315,-0.013060,0.001515,0.115221,-0.993253
49.416667,19.013095,-38.754002,15.180023,-0.013004,0.001497,0.114349,-0.993354
49.433333,19.019213,-38.727870,15.180730,-0.012930,0.001474,0.113240,-0.993482
49.450000,19.025237,-38.701716,15.181429,-0.012842,0.001447,0.111928,-0.993632
49.466667,19.031236,-38.675042,15.182128,-0.012760,0.001422,0.110784,-0.993762
49.483333,19.037236,-38.648369,15.182828,-0.012689,0.001403,0.109906,-0.993860
49.500000,19.043235,-38.621696,15.183527,-0.012591,0.001377,0.108716,-0.993992
49.516667,19.049106,-38.594994,15.184216,-0.012483,0.001349,0.107402,-0.994136
49.533333,19.054935,-38.567958,15.184905,-0.012392,0.001325,0.106274,-0.994259
49.550000,19.060763,-38.540921,15.185594,-0.012322,0.001306,0.105390,-0.994354
49.566667,19.066591,-38.513884,15.186283,-0.012206,0.001278,0.104106,-0.994490
49.583333,19.072249,-38.486811,15.186957,-0.012086,0.001249,0.102781,-0.994630
49.600000,19.077860,-38.459614,15.187628,-0.011984,0.001225,0.101696,-0.994743
49.616667,19.083471,-38.432417,15.188298,-0.011891,0.001204,0.100769,-0.994838
49.633333,19.089082,-38.405220,15.188969,-0.011751,0.001174,0.099428,-0.994975
49.650000,19.094474,-38.377979,15.189613,-0.011610,0.001144,0.098087,-0.995109
49.666667,19.099840,-38.350732,15.190255,-0.011497,0.001121,0.097060,-0.995211
49.683333,19.105207,-38.323485,15.190897,-0.011377,0.001098,0.096030,-0.995313
49.700000,19.110552,-38.296234,15.191537,-0.011215,0.001067,0.094668,-0.995445
49.716667,19.115670,-38.268936,15.192149,-0.011053,0.001036,0.093305,-0.995576
49.733333,19.120788,-38.241638,15.192762,-0.010937,0.001014,0.092344,-0.995667
49.750000,19.125906,-38.214339,15.193374,-0.010795,0.000989,0.091209,-0.995773
49.766667,19.130954,-38.187028,15.193977,-0.010620,0.000958,0.089829,-0.995900
49.783333,19.135821,-38.159675,15.194557,-0.010449,0.000928,0.088489,-0.996022
49.800000,19.140687,-38.132322,15.195136,-0.010326,0.000908,0.087564,-0.996105
49.816667,19.145554,-38.104969,15.195716,-0.010149,0.000879,0.086319,-0.996215
49.833333,19.150301,-38.077594,15.196279,-0.009945,0.000848,0.084914,-0.996338
49.850000,19.154915,-38.050183,15.196822,-0.009757,0.000819,0.083639,-0.996448
49.866667,19.159529,-38.022771,15.197366,-0.009612,0.000798,0.082694,-0.996528
49.883333,19.164143,-37.995359,15.197910,-0.009400,0.000767,0.081331,-0.996643
49.900000,19.168581,-37.967918,15.198424,-0.009177,0.000736,0.079900,-0.996760
49.916667,19.172934,-37.940444,15.198922,-0.008985,0.000709,0.078688,-0.996859
49.933333,19.177287,-37.912969,15.199421,-0.008820,0.000687,0.077690,-0.996938
49.950000,19.181640,-37.885494,15.199920,-0.008564,0.000655,0.076224,-0.997054
49.966667,19.185762,-37.857984,15.200381,-0.008309,0.000623,0.074757,-0.997167
49.983333,19.189850,-37.830443,15.200837,-0.008107,0.000598,0.073611,-0.997254
50.000000,19.193939,-37.802902,15.201293,-0.007904,0.000575,0.072502,-0.997337
50.016667,19.198010,-37.775358,15.201745,-0.007623,0.000543,0.071055,-0.997443
50.033333,19.201827,-37.747747,15.202147,-0.007343,0.000512,0.069609,-0.997547
50.050000,19.205643,-37.720136,15.202549,-0.007129,0.000490,0.068583,-0.997620
50.066667,19.209460,-37.692525,15.202950,-0.006864,0.000464,0.067425,-0.997701
50.083333,19.213208,-37.664904,15.203336,-0.006531,0.000432,0.066048,-0.997795
50.100000,19.216774,-37.637223,15.203679,-0.006203,0.000402,0.064703,-0.997885
50.116667,19.220341,-37.609542,15.204022,-0.005967,0.000382,0.063826,-0.997943
50.133333,19.223907,-37.581861,15.204365,-0.005632,0.000354,0.062707,-0.998016
50.150000,19.227364,-37.554165,15.204674,-0.005252,0.000323,0.061477,-0.998095
50.166667,19.230704,-37.526414,15.204944,-0.004900,0.000296,0.060371,-0.998164
50.183333,19.234044,-37.498663,15.205214,-0.004625,0.000276,0.059601,-0.998211
50.200000,19.237384,-37.470911,15.205485,-0.004202,0.000246,0.058560,-0.998275
50.216667,19.240588,-37.443144,15.205700,-0.003763,0.000217,0.057491,-0.998339
50.233333,19.243738,-37.415323,15.205890,-0.003387,0.000192,0.056621,-0.998390
50.250000,19.246887,-37.387502,15.206080,-0.003054,0.000171,0.055939,-0.998429
50.266667,19.250036,-37.359681,15.206270,-0.002564,0.000141,0.055065,-0.998479
50.283333,19.253034,-37.331844,15.206376,-0.002075,0.000113,0.054191,-0.998528
50.300000,19.256021,-37.303953,15.206474,-0.001685,0.000090,0.053561,-0.998563
50.316667,19.259009,-37.276062,15.206573,-0.001268,0.000067,0.052984,-0.998595
50.333333,19.261980,-37.248169,15.206657,-0.000729,0.000038,0.052315,-0.998630
50.350000,19.264850,-37.220208,15.206653,-0.000191,0.000010,0.051646,-0.998665
50.366667,19.267720,-37.192248,15.206650,0.000198,-0.000010,0.051249,-0.998686
50.383333,19.270589,-37.164287,15.206646,0.000707,-0.000036,0.050835,-0.998707
50.400000,19.273428,-37.136324,15.206602,0.001302,-0.000066,0.050391,-0.998729
50.416667,19.276221,-37.108293,15.206490,0.001870,-0.000094,0.049979,-0.998749
50.433333,19.279014,-37.080263,15.206377,0.002283,-0.000114,0.049757,-0.998759
50.450000,19.281807,-37.052232,15.206264,0.002888,-0.000143,0.049548,-0.998768
50.466667,19.284575,-37.024200,15.206076,0.003523,-0.000174,0.049341,-0.998776
50.483333,19.287333,-36.996099,15.205839,0.004085,-0.000201,0.049188,-0.998781
50.500000,19.290091,-36.967998,15.205602,0.004557,-0.000224,0.049140,-0.998781
50.516667,19.292849,-36.939897,15.205365,0.005241,-0.000258,0.049172,-0.998777
50.533333,19.295614,-36.911798,15.205020,0.005924,-0.000292,0.049204,-0.998771
50.550000,19.298387,-36.883627,15.204657,0.006472,-0.000319,0.049281,-0.998764
50.566667,19.301160,-36.855456,15.204294,0.007032,-0.000348,0.049453,-0.998752
50.583333,19.303939,-36.827286,15.203913,0.007737,-0.000385,0.049729,-0.998733
50.600000,19.306771,-36.799045,15.203411,0.008441,-0.000423,0.050005,-0.998713
50.616667,19.309603,-36.770804,15.202910,0.008953,-0.000451,0.050268,-0.998696
50.633333,19.312435,-36.742563,15.202408,0.009614,-0.000488,0.050694,-0.998668
50.650000,19.315305,-36.714327,15.201852,0.010358,-0.000531,0.051198,-0.998635
50.666667,19.318242,-36.686016,15.201211,0.011072,-0.000573,0.051691,-0.998602
50.683333,19.321178,-36.657705,15.200571,0.011574,-0.000604,0.052103,-0.998574
50.700000,19.324115,-36.629394,15.199930,0.012326,-0.000652,0.052828,-0.998527
50.716667,19.327145,-36.601095,15.199189,0.013085,-0.000702,0.053561,-0.998479
50.733333,19.330228,-36.572715,15.198396,0.013747,-0.000747,0.054227,-0.998434
50.750000,19.333311,-36.544335,15.197604,0.014338,-0.000788,0.054894,-0.998389
50.766667,19.336394,-36.515954,15.196812,0.015123,-0.000846,0.055838,-0.998325
50.783333,19.339654,-36.487598,15.195878,0.015906,-0.000905,0.056781,-0.998260
50.800000,19.342929,-36.459150,15.194936,0.016510,-0.000952,0.057557,-0.998205
50.816667,19.346205,-36.430702,15.193994,0.017185,-0.001008,0.058520,-0.998138
50.833333,19.349540,-36.402263,15.193010,0.017965,-0.001074,0.059662,-0.998056
50.850000,19.353043,-36.373749,15.191912,0.018743,-0.001142,0.060803,-0.997973
50.866667,19.356546,-36.345234,15.190814,0.019273,-0.001190,0.061631,-0.997912
50.883333,19.360049,-36.316720,15.189716,0.020035,-0.001263,0.062904,-0.997818
50.900000,19.363701,-36.288228,15.188530,0.020816,-0.001340,0.064215,-0.997718
50.916667,19.367469,-36.259649,15.187279,0.021524,-0.001411,0.065419,-0.997625
50.933333,19.371237,-36.231071,15.186028,0.022109,-0.001474,0.066493,-0.997541
50.950000,19.375005,-36.202492,15.184777,0.022884,-0.001559,0.067960,-0.997424
50.966667,19.379031,-36.173955,15.183387,0.023657,-0.001647,0.069424,-0.997305
50.983333,19.383094,-36.145314,15.181981,0.024275,-0.001719,0.070624,-0.997206
51.000000,19.387156,-36.116674,15.180575,0.024948,-0.001802,0.072003,-0.997091
51.016667,19.391301,-36.088047,15.179128,0.025713,-0.001898,0.073595,-0.996955
51.033333,19.395685,-36.059347,15.177567,0.026476,-0.001997,0.075183,-0.996816
51.050000,19.400070,-36.030647,15.176005,0.027001,-0.002067,0.076319,-0.996716
51.066667,19.404455,-36.001947,15.174443,0.027747,-0.002172,0.078017,-0.996563
51.083333,19.409044,-35.973285,15.172789,0.028490,-0.002279,0.079711,-0.996408
51.100000,19.413774,-35.944528,15.171075,0.029163,-0.002379,0.081259,-0.996263
51.116667,19.418503,-35.915771,15.169360,0.029739,-0.002468,0.082660,-0.996131
51.133333,19.423233,-35.887014,15.167646,0.030455,-0.002582,0.084437,-0.995960
51.150000,19.428325,-35.858203,15.165783,0.031168,-0.002698,0.086210,-0.995786
51.166667,19.433416,-35.829391,15.163921,0.031724,-0.002792,0.087625,-0.995644
51.183333,19.438508,-35.800580,15.162059,0.032371,-0.002905,0.089332,-0.995472
51.200000,19.443738,-35.771798,15.160143,0.033064,-0.003029,0.091167,-0.995282
51.216667,19.449208,-35.742934,15.158138,0.033754,-0.003155,0.092998,-0.995089
51.233333,19.454677,-35.714071,15.156132,0.034252,-0.003249,0.094376,-0.994942
51.250000,19.460147,-35.685208,15.154126,0.034911,-0.003378,0.096255,-0.994739
51.266667,19.465904,-35.656408,15.152012,0.035566,-0.003509,0.098129,-0.994532
51.283333,19.471762,-35.627495,15.149861,0.036132,-0.003625,0.099760,-0.994349
51.300000,19.477619,-35.598582,15.147711,0.036693,-0.003744,0.101436,-0.994158
51.316667,19.483556,-35.569688,15.145534,0.037325,-0.003880,0.103332,-0.993939
51.333333,19.489809,-35.540726,15.143251,0.037954,-0.004019,0.105224,-0.993716
51.350000,19.496063,-35.511764,15.140968,0.038422,-0.004126,0.106683,-0.993542
51.366667,19.502316,-35.482802,15.138685,0.039014,-0.004265,0.108582,-0.993313
51.383333,19.508810,-35.453900,15.136323,0.039603,-0.004406,0.110475,-0.993080
51.400000,19.515462,-35.424891,15.133907,0.040146,-0.004538,0.112227,-0.992861
51.416667,19.522114,-35.395881,15.131491,0.040637,-0.004661,0.113852,-0.992655
51.433333,19.528806,-35.366882,15.129062,0.041204,-0.004806,0.115743,-0.992413
51.450000,19.535857,-35.337825,15.126521,0.041767,-0.004952,0.117628,-0.992167
51.466667,19.542908,-35.308768,15.123979,0.042210,-0.005070,0.119140,-0.991967
51.483333,19.549959,-35.279711,15.121437,0.042737,-0.005215,0.121008,-0.991717
51.500000,19.557222,-35.250712,15.118832,0.043262,-0.005361,0.122870,-0.991465
51.516667,19.564677,-35.221609,15.116167,0.043764,-0.005504,0.124659,-0.991219
51.533333,19.572131,-35.192505,15.113503,0.044192,-0.005630,0.126243,-0.990998
51.550000,19.579610,-35.163408,15.110831,0.044684,-0.005777,0.128082,-0.990740
51.566667,19.587460,-35.134256,15.108052,0.045173,-0.005925,0.129915,-0.990478
51.583333,19.595310,-35.105103,15.105273,0.045575,-0.006049,0.131443,-0.990257
51.600000,19.603159,-35.075950,15.102494,0.046034,-0.006196,0.133241,-0.989995
51.616667,19.611212,-35.046859,15.099661,0.046491,-0.006343,0.135033,-0.989730
51.633333,19.619457,-35.017656,15.096771,0.046934,-0.006488,0.136777,-0.989468
51.650000,19.627702,-34.988454,15.093882,0.047316,-0.006617,0.138335,-0.989232
51.666667,19.635982,-34.959262,15.090984,0.047744,-0.006763,0.140095,-0.988963
51.683333,19.644616,-34.930008,15.087987,0.048170,-0.006911,0.141848,-0.988692
51.700000,19.653251,-34.900754,15.084991,0.048534,-0.007040,0.143370,-0.988453
51.716667,19.661885,-34.871500,15.081995,0.048931,-0.007183,0.145075,-0.988184
51.733333,19.670738,-34.842318,15.078944,0.049325,-0.007328,0.146775,-0.987912
51.750000,19.679759,-34.813010,15.075847,0.049703,-0.007469,0.148408,-0.987648
51.766667,19.688779,-34.783703,15.072750,0.050050,-0.007601,0.149957,-0.987396
51.783333,19.697869,-34.754419,15.069636,0.050420,-0.007744,0.151615,-0.987122
51.800000,19.707264,-34.725052,15.066444,0.050788,-0.007888,0.153268,-0.986847
51.816667,19.716658,-34.695686,15.063251,0.051113,-0.008017,0.154751,-0.986598
51.833333,19.726053,-34.666320,15.060059,0.051455,-0.008156,0.156346,-0.986327
51.850000,19.735703,-34.637044,15.056805,0.051795,-0.008296,0.157936,-0.986055
51.866667,19.745473,-34.607619,15.053516,0.052110,-0.008427,0.159417,-0.985799
51.883333,19.755244,-34.578194,15.050228,0.052428,-0.008563,0.160973,-0.985528
51.900000,19.765135,-34.548813,15.046912,0.052743,-0.008700,0.162524,-0.985256
51.916667,19.775266,-34.519322,15.043537,0.053057,-0.008838,0.164068,-0.984981
51.933333,19.785396,-34.489831,15.040161,0.053339,-0.008965,0.165500,-0.984726
51.950000,19.795535,-34.460344,15.036784,0.053629,-0.009097,0.166983,-0.984458
51.966667,19.806028,-34.430786,15.033325,0.053918,-0.009229,0.168461,-0.984189
51.983333,19.816521,-34.401228,15.029866,0.054193,-0.009357,0.169889,-0.983928
52.000000,19.827014,-34.371670,15.026407,0.054465,-0.009486,0.171329,-0.983662
52.016667,19.837696,-34.342185,15.022906,0.054735,-0.009616,0.172763,-0.983394
52.033333,19.848536,-34.312554,15.019362,0.055003,-0.009745,0.174189,-0.983127
52.050000,19.859377,-34.282922,15.015819,0.055258,-0.009871,0.175569,-0.982866
52.066667,19.870310,-34.253327,15.012257,0.055511,-0.009996,0.176943,-0.982604
52.083333,19.881496,-34.223619,15.008635,0.055763,-0.010122,0.178311,-0.982341
52.100000,19.892683,-34.193911,15.005013,0.056004,-0.010246,0.179675,-0.982077
52.116667,19.903875,-34.164205,15.001390,0.056234,-0.010367,0.181004,-0.981819
52.133333,19.915399,-34.134415,14.997691,0.056463,-0.010488,0.182329,-0.981559
52.150000,19.926923,-34.104625,14.993992,0.056694,-0.010612,0.183683,-0.981292
52.166667,19.938447,-34.074834,14.990294,0.056908,-0.010729,0.184961,-0.981038
52.183333,19.950158,-34.045122,14.986560,0.057121,-0.010846,0.186235,-0.980783
52.200000,19.962015,-34.015245,14.982789,0.057344,-0.010970,0.187574,-0.980514
52.216667,19.973871,-33.985368,14.979018,0.057542,-0.011083,0.188803,-0.980265
52.233333,19.985841,-33.955539,14.975226,0.057738,-0.011196,0.190028,-0.980015
52.250000,19.998024,-33.925571,14.971383,0.057934,-0.011308,0.191247,-0.979765
52.266667,20.010207,-33.895603,14.967539,0.058135,-0.011427,0.192524,-0.979502
52.283333,20.022440,-33.865656,14.963687,0.058319,-0.011536,0.193700,-0.979258
52.300000,20.034943,-33.835591,14.959775,0.058502,-0.011645,0.194870,-0.979014
52.316667,20.047446,-33.805526,14.955863,0.058695,-0.011762,0.196130,-0.978749
52.333333,20.059950,-33.775461,14.951951,0.058865,-0.011867,0.197259,-0.978511
52.350000,20.072676,-33.745495,14.947999,0.059033,-0.011971,0.198383,-0.978272
52.366667,20.085495,-33.715328,14.944020,0.059218,-0.012087,0.199621,-0.978008
52.383333,20.098313,-33.685160,14.940040,0.059377,-0.012188,0.200699,-0.977776
52.400000,20.111300,-33.655070,14.936032,0.059535,-0.012288,0.201773,-0.977544
52.416667,20.124428,-33.624796,14.931986,0.059714,-0.012402,0.202974,-0.977283
52.433333,20.137557,-33.594522,14.927941,0.059872,-0.012501,0.203999,-0.977059
52.450000,20.150806,-33.564303,14.923875,0.060027,-0.012598,0.205014,-0.976835
52.466667,20.164235,-33.533915,14.919765,0.060198,-0.012705,0.206108,-0.976593
52.483333,20.177664,-33.503527,14.915655,0.060372,-0.012809,0.207150,-0.976361
52.500000,20.191174,-33.473177,14.911529,0.060533,-0.012905,0.208107,-0.976146
52.516667,20.204894,-33.442668,14.907350,0.060701,-0.013006,0.209104,-0.975921
52.533333,20.218614,-33.412158,14.903172,0.060887,-0.013114,0.210150,-0.975683
52.550000,20.232385,-33.381674,14.898982,0.061051,-0.013209,0.211052,-0.975477
52.566667,20.246391,-33.351038,14.894731,0.061217,-0.013305,0.211967,-0.975267
52.583333,20.260397,-33.320402,14.890479,0.061411,-0.013416,0.213010,-0.975026
52.600000,20.274430,-33.289780,14.886222,0.061574,-0.013509,0.213868,-0.974827
52.616667,20.288715,-33.259012,14.881901,0.061737,-0.013601,0.214721,-0.974627
52.633333,20.303000,-33.228243,14.877580,0.061939,-0.013714,0.215746,-0.974387
52.650000,20.317295,-33.197479,14.873257,0.062102,-0.013805,0.216559,-0.974194
52.666667,20.331854,-33.166572,14.868865,0.062263,-0.013895,0.217369,-0.974002
52.683333,20.346413,-33.135664,14.864473,0.062470,-0.014009,0.218362,-0.973765
52.700000,20.360972,-33.104757,14.860082,0.062638,-0.014099,0.219137,-0.973579
52.716667,20.375690,-33.073931,14.855648,0.062804,-0.014189,0.219909,-0.973393
52.733333,20.390518,-33.042879,14.851180,0.063015,-0.014302,0.220875,-0.973159
52.750000,20.405346,-33.011828,14.846713,0.063184,-0.014391,0.221616,-0.972978
52.766667,20.420318,-32.980851,14.842206,0.063352,-0.014480,0.222353,-0.972798
52.783333,20.435412,-32.949650,14.837663,0.063572,-0.014595,0.223287,-0.972568
52.800000,20.450506,-32.918449,14.833119,0.063743,-0.014683,0.223996,-0.972392
52.816667,20.465733,-32.887319,14.828539,0.063912,-0.014772,0.224701,-0.972217
52.833333,20.481091,-32.855964,14.823920,0.064131,-0.014885,0.225598,-0.971993
52.850000,20.496448,-32.824608,14.819301,0.064303,-0.014973,0.226292,-0.971819
52.866667,20.511931,-32.793321,14.814643,0.064470,-0.015060,0.226967,-0.971649
52.883333,20.527547,-32.761806,14.809944,0.064689,-0.015172,0.227837,-0.971430
52.900000,20.543164,-32.730291,14.805245,0.064864,-0.015261,0.228511,-0.971258
52.916667,20.558904,-32.698844,14.800509,0.065034,-0.015347,0.229161,-0.971092
52.933333,20.574779,-32.667165,14.795731,0.065264,-0.015461,0.230006,-0.970875
52.950000,20.590654,-32.635486,14.790954,0.065444,-0.015551,0.230659,-0.970707
52.966667,20.606653,-32.603876,14.786137,0.065620,-0.015638,0.231298,-0.970541
52.983333,20.622786,-32.572029,14.781280,0.065847,-0.015752,0.232123,-0.970327
53.000000,20.638918,-32.540182,14.776423,0.066025,-0.015840,0.232752,-0.970163
53.016667,20.655177,-32.508407,14.771518,0.066207,-0.015930,0.233390,-0.969996
53.033333,20.671564,-32.476387,14.766575,0.066436,-0.016043,0.234185,-0.969787
53.050000,20.687959,-32.444372,14.761629,0.066613,-0.016130,0.234784,-0.969628
53.066667,20.704602,-32.412176,14.756605,0.066805,-0.016223,0.235423,-0.969459
53.083333,20.721245,-32.379980,14.751580,0.067040,-0.016336,0.236187,-0.969255
53.100000,20.737909,-32.347796,14.746547,0.067214,-0.016420,0.236752,-0.969103
53.116667,20.754806,-32.315419,14.741438,0.067414,-0.016517,0.237396,-0.968930
53.133333,20.771703,-32.283042,14.736329,0.067643,-0.016627,0.238125,-0.968733
53.150000,20.788636,-32.250685,14.731204,0.067822,-0.016712,0.238671,-0.968585
53.166667,20.805784,-32.218122,14.726005,0.068037,-0.016814,0.239322,-0.968408
53.183333,20.822932,-32.185560,14.720806,0.068264,-0.016922,0.240005,-0.968221
53.200000,20.840134,-32.153028,14.715586,0.068445,-0.017006,0.240534,-0.968075
53.216667,20.857537,-32.120278,14.710297,0.068673,-0.017113,0.241195,-0.967893
53.233333,20.874940,-32.087527,14.705008,0.068894,-0.017217,0.241832,-0.967716
53.250000,20.892413,-32.054818,14.699690,0.069074,-0.017301,0.242349,-0.967572
53.266667,20.910068,-32.021875,14.694312,0.069312,-0.017413,0.243026,-0.967384
53.283333,20.927724,-31.988931,14.688933,0.069522,-0.017511,0.243619,-0.967217
53.300000,20.945468,-31.956041,14.683516,0.069716,-0.017602,0.244160,-0.967066
53.316667,20.963375,-31.922900,14.678046,0.069952,-0.017712,0.244818,-0.966880
53.333333,20.981285,-31.889761,14.672574,0.070151,-0.017805,0.245369,-0.966724
53.350000,20.999445,-31.856420,14.667011,0.070360,-0.017903,0.245939,-0.966562
53.366667,21.017606,-31.823079,14.661447,0.070597,-0.018014,0.246582,-0.966379
53.383333,21.035796,-31.789757,14.655870,0.070786,-0.018102,0.247090,-0.966234
53.400000,21.054214,-31.756214,14.650213,0.071018,-0.018208,0.247689,-0.966062
53.416667,21.072631,-31.722671,14.644556,0.071261,-0.018320,0.248309,-0.965882
53.433333,21.091105,-31.689163,14.638873,0.071453,-0.018407,0.248791,-0.965743
53.450000,21.109778,-31.655414,14.633119,0.071699,-0.018520,0.249404,-0.965564
53.466667,21.128451,-31.621665,14.627366,0.071929,-0.018624,0.249970,-0.965399
53.483333,21.147206,-31.587969,14.621567,0.072143,-0.018721,0.250486,-0.965247
53.500000,21.166132,-31.554009,14.615711,0.072390,-0.018834,0.251083,-0.965071
53.516667,21.185070,-31.520057,14.609849,0.072604,-0.018931,0.251595,-0.964920
53.533333,21.204253,-31.485884,14.603892,0.072840,-0.019037,0.252147,-0.964756
53.550000,21.223436,-31.451711,14.597936,0.073089,-0.019150,0.252726,-0.964583
53.566667,21.242665,-31.417568,14.591957,0.073294,-0.019243,0.253207,-0.964440
53.583333,21.262107,-31.383180,14.585901,0.073542,-0.019355,0.253780,-0.964268
53.600000,21.281550,-31.348792,14.579845,0.073781,-0.019464,0.254332,-0.964102
53.616667,21.301070,-31.314455,14.573746,0.074003,-0.019564,0.254833,-0.963951
53.633333,21.320770,-31.279847,14.567586,0.074254,-0.019677,0.255395,-0.963780
53.650000,21.340486,-31.245249,14.561416,0.074477,-0.019777,0.255889,-0.963630
53.666667,21.360446,-31.210419,14.555149,0.074729,-0.019890,0.256431,-0.963464
53.683333,21.380406,-31.175590,14.548881,0.074983,-0.020003,0.256977,-0.963297
53.700000,21.400420,-31.140796,14.542583,0.075212,-0.020105,0.257464,-0.963147
53.716667,21.420643,-31.105742,14.536207,0.075468,-0.020220,0.258003,-0.962980
53.733333,21.440866,-31.070689,14.529831,0.075712,-0.020329,0.258516,-0.962821
53.750000,21.461179,-31.035696,14.523402,0.075960,-0.020439,0.259029,-0.962661
53.766667,21.481664,-31.000414,14.516917,0.076216,-0.020553,0.259559,-0.962496
53.783333,21.502186,-30.965158,14.510410,0.076457,-0.020661,0.260052,-0.962341
53.800000,21.522935,-30.929645,14.503814,0.076714,-0.020775,0.260571,-0.962178
53.816667,21.543684,-30.894132,14.497218,0.076970,-0.020889,0.261087,-0.962015
53.833333,21.564512,-30.858675,14.490572,0.077218,-0.021000,0.261578,-0.961859
53.850000,21.585529,-30.822930,14.483862,0.077476,-0.021114,0.262087,-0.961697
53.866667,21.606574,-30.787206,14.477132,0.077731,-0.021228,0.262586,-0.961538
53.883333,21.627857,-30.751224,14.470308,0.077995,-0.021344,0.263092,-0.961376
53.900000,21.649140,-30.715242,14.463484,0.078256,-0.021460,0.263594,-0.961215
53.916667,21.670496,-30.679314,14.456611,0.078521,-0.021577,0.264095,-0.961053
53.933333,21.692047,-30.643093,14.449670,0.078785,-0.021694,0.264592,-0.960892
53.950000,21.713630,-30.606896,14.442707,0.079056,-0.021815,0.265099,-0.960727
53.966667,21.735454,-30.570436,14.435645,0.079324,-0.021933,0.265594,-0.960566
53.983333,21.757277,-30.533976,14.428583,0.079591,-0.022051,0.266088,-0.960404
54.000000,21.779181,-30.497575,14.421465,0.079871,-0.022175,0.266595,-0.960238
54.016667,21.801279,-30.460874,14.414281,0.080139,-0.022293,0.267080,-0.960078
54.033333,21.823417,-30.424202,14.407069,0.080425,-0.022420,0.267592,-0.959908
54.050000,21.845791,-30.387255,14.399761,0.080693,-0.022538,0.268069,-0.959750
54.066667,21.868167,-30.350311,14.392452,0.080976,-0.022664,0.268571,-0.959583
54.083333,21.890817,-30.313116,14.385020,0.081251,-0.022786,0.269053,-0.959422
54.100000,21.913466,-30.275921,14.377588,0.081518,-0.022904,0.269519,-0.959265
54.116667,21.936169,-30.238767,14.370116,0.081817,-0.023036,0.270035,-0.959091
54.133333,21.959096,-30.201322,14.362557,0.082087,-0.023155,0.270499,-0.958935
54.150000,21.982045,-30.163893,14.354981,0.082393,-0.023291,0.271021,-0.958758
54.166667,22.005253,-30.126196,14.347293,0.082667,-0.023412,0.271485,-0.958600
54.183333,22.028461,-30.088500,14.339604,0.082956,-0.023540,0.271971,-0.958434
54.200000,22.051747,-30.050863,14.331857,0.083257,-0.023673,0.272471,-0.958263
54.216667,22.075239,-30.012913,14.324036,0.083533,-0.023795,0.272927,-0.958106
54.233333,22.098779,-29.975001,14.316179,0.083857,-0.023938,0.273455,-0.957923
54.250000,22.122558,-29.936797,14.308223,0.084137,-0.024062,0.273906,-0.957767
54.266667,22.146357,-29.898607,14.300252,0.084463,-0.024206,0.274428,-0.957585
54.283333,22.170421,-29.860145,14.292161,0.084754,-0.024334,0.274886,-0.957425
54.300000,22.194486,-29.821682,14.284069,0.085064,-0.024470,0.275373,-0.957254
54.316667,22.218628,-29.783281,14.275913,0.085381,-0.024610,0.275865,-0.957080
54.333333,22.242981,-29.744558,14.267682,0.085676,-0.024740,0.276321,-0.956919
54.350000,22.267389,-29.705880,14.259404,0.086015,-0.024890,0.276842,-0.956734
54.366667,22.292035,-29.666897,14.251030,0.086301,-0.025016,0.277279,-0.956579
54.383333,22.316712,-29.627940,14.242628,0.086652,-0.025171,0.277814,-0.956388
54.400000,22.341652,-29.588695,14.234111,0.086942,-0.025300,0.278256,-0.956229
54.416667,22.366604,-29.549459,14.225583,0.087281,-0.025450,0.278768,-0.956045
54.433333,22.391838,-29.509947,14.216921,0.087594,-0.025589,0.279240,-0.955875
54.450000,22.417072,-29.470435,14.208260,0.087920,-0.025734,0.279728,-0.955699
54.466667,22.442384,-29.430988,14.199531,0.088254,-0.025882,0.280226,-0.955518
54.483333,22.467917,-29.391210,14.190721,0.088570,-0.026023,0.280695,-0.955347
54.500000,22.493511,-29.351483,14.181858,0.088923,-0.026180,0.281215,-0.955157
54.516667,22.519347,-29.311439,14.172897,0.089232,-0.026318,0.281666,-0.954992
54.533333,22.545227,-29.271433,14.163895,0.089600,-0.026482,0.282198,-0.954796
54.550000,22.571367,-29.231120,14.154781,0.089907,-0.026619,0.282637,-0.954633
54.566667,22.597536,-29.190833,14.145639,0.090279,-0.026784,0.283166,-0.954437
54.583333,22.623982,-29.150250,14.136370,0.090597,-0.026926,0.283614,-0.954270
54.600000,22.650444,-29.109681,14.127084,0.090969,-0.027092,0.284135,-0.954075
54.616667,22.677195,-29.068824,14.117656,0.091304,-0.027241,0.284602,-0.953899
54.633333,22.703952,-29.027973,14.108223,0.091671,-0.027405,0.285109,-0.953708
54.650000,22.731013,-28.986843,14.098634,0.092021,-0.027561,0.285591,-0.953525
54.666667,22.758074,-28.945713,14.089045,0.092385,-0.027724,0.286087,-0.953337
54.683333,22.785217,-28.904655,14.079376,0.092748,-0.027886,0.286582,-0.953148
54.700000,22.812593,-28.863252,14.069622,0.093112,-0.028049,0.287073,-0.952960
54.716667,22.840040,-28.821914,14.059797,0.093491,-0.028219,0.287583,-0.952764
54.733333,22.867731,-28.780235,14.049877,0.093856,-0.028383,0.288069,-0.952576
54.750000,22.895486,-28.738615,14.039892,0.094246,-0.028558,0.288588,-0.952376
54.766667,22.923494,-28.696658,14.029805,0.094612,-0.028722,0.289067,-0.952189
54.783333,22.951562,-28.654758,14.019654,0.095003,-0.028898,0.289578,-0.951990
54.800000,22.979890,-28.612525,14.009393,0.095377,-0.029066,0.290063,-0.951799
54.816667,23.008276,-28.570346,13.999070,0.095771,-0.029244,0.290572,-0.951599
54.833333,23.036928,-28.527835,13.988632,0.096155,-0.029417,0.291069,-0.951403
54.850000,23.065632,-28.485374,13.978137,0.096552,-0.029597,0.291583,-0.951200
54.866667,23.094607,-28.442582,13.967523,0.096946,-0.029776,0.292089,-0.950999
54.883333,23.123635,-28.399840,13.956852,0.097346,-0.029958,0.292601,-0.950795
54.900000,23.152937,-28.356767,13.946059,0.097749,-0.030141,0.293111,-0.950591
54.916667,23.182296,-28.313747,13.935207,0.098153,-0.030324,0.293618,-0.950387
54.933333,23.211932,-28.270396,13.924231,0.098567,-0.030512,0.294135,-0.950178
54.950000,23.241626,-28.227100,13.913192,0.098975,-0.030698,0.294642,-0.949972
54.966667,23.271597,-28.183467,13.902028,0.099400,-0.030892,0.295168,-0.949758
54.983333,23.301624,-28.139892,13.890796,0.099812,-0.031080,0.295676,-0.949551
55.000000,23.331927,-28.095976,13.879441,0.100249,-0.031280,0.296209,-0.949332
55.016667,23.362293,-28.052122,13.868012,0.100667,-0.031471,0.296715,-0.949124
55.033333,23.392932,-28.007922,13.856465,0.101115,-0.031676,0.297255,-0.948900
55.050000,23.423643,-27.963793,13.844837,0.101547,-0.031874,0.297774,-0.948685
55.066667,23.454624,-27.919309,13.833095,0.101995,-0.032080,0.298312,-0.948461
55.083333,23.485685,-27.874906,13.821261,0.102441,-0.032286,0.298848,-0.948237
55.100000,23.517013,-27.830142,13.809318,0.102888,-0.032492,0.299381,-0.948013
55.116667,23.548687,-27.785094,13.797173,0.103352,-0.032706,0.299932,-0.947781
55.133333,23.580374,-27.740058,13.785014,0.103798,-0.032913,0.300454,-0.947560
55.150000,23.612397,-27.694726,13.772663,0.104283,-0.033137,0.301019,-0.947320
55.166667,23.644444,-27.649419,13.760283,0.104725,-0.033342,0.301530,-0.947101
55.183333,23.676818,-27.603802,13.747723,0.105228,-0.033575,0.302110,-0.946852
55.200000,23.709228,-27.558224,13.735117,0.105668,-0.033779,0.302615,-0.946635
55.216667,23.741954,-27.512321,13.722344,0.106180,-0.034018,0.303203,-0.946381
55.233333,23.774731,-27.466473,13.709505,0.106639,-0.034233,0.303727,-0.946153
55.250000,23.807813,-27.420286,13.696516,0.107149,-0.034471,0.304307,-0.945901
55.266667,23.840964,-27.374172,13.683441,0.107633,-0.034698,0.304856,-0.945661
55.283333,23.874407,-27.327701,13.670233,0.108134,-0.034933,0.305422,-0.945412
55.300000,23.907936,-27.281323,13.656916,0.108644,-0.035174,0.305998,-0.945158
55.316667,23.941759,-27.234586,13.643466,0.109133,-0.035405,0.306550,-0.944915
55.333333,23.975931,-27.187548,13.629809,0.109673,-0.035660,0.307154,-0.944646
55.350000,24.010139,-27.140549,13.616105,0.110168,-0.035895,0.307705,-0.944401
55.366667,24.044679,-27.093227,13.602218,0.110726,-0.036160,0.308322,-0.944124
55.383333,24.079276,-27.045970,13.588254,0.111237,-0.036403,0.308883,-0.943871
55.400000,24.114186,-26.998365,13.574132,0.111784,-0.036663,0.309481,-0.943600
55.416667,24.149178,-26.950852,13.559900,0.112328,-0.036922,0.310072,-0.943332
55.433333,24.184477,-26.902982,13.545519,0.112863,-0.037178,0.310652,-0.943067
55.450000,24.220139,-26.854814,13.530915,0.113441,-0.037454,0.311275,-0.942781
55.466667,24.255841,-26.806694,13.516254,0.113992,-0.037719,0.311869,-0.942508
55.483333,24.291882,-26.758244,13.501404,0.114573,-0.037999,0.312494,-0.942219
55.500000,24.327989,-26.709875,13.486459,0.115137,-0.038271,0.313098,-0.941939
55.516667,24.364416,-26.661149,13.471353,0.115710,-0.038549,0.313712,-0.941653
55.533333,24.401224,-26.612141,13.455997,0.116301,-0.038836,0.314341,-0.941358
55.550000,24.438066,-26.563174,13.440593,0.116890,-0.039122,0.314966,-0.941065
55.566667,24.475263,-26.513889,13.424979,0.117489,-0.039414,0.315596,-0.940767
55.583333,24.512526,-26.464683,13.409271,0.118096,-0.039710,0.316232,-0.940465
55.600000,24.550119,-26.415124,13.393390,0.118712,-0.040012,0.316878,-0.940157
55.616667,24.588100,-26.365284,13.377250,0.119321,-0.040311,0.317515,-0.939852
55.633333,24.626119,-26.315493,13.361049,0.119947,-0.040620,0.318170,-0.939538
55.650000,24.664496,-26.265378,13.344633,0.120556,-0.040920,0.318803,-0.939232
55.666667,24.702947,-26.215359,13.328103,0.121194,-0.041236,0.319462,-0.938912
55.683333,24.741739,-26.164991,13.311387,0.121841,-0.041557,0.320128,-0.938587
55.700000,24.780917,-26.114329,13.294421,0.122456,-0.041862,0.320759,-0.938278
55.716667,24.820148,-26.063736,13.277372,0.123108,-0.042188,0.321429,-0.937949
55.733333,24.859728,-26.012799,13.260127,0.123743,-0.042507,0.322085,-0.937626
55.750000,24.899398,-25.961982,13.242738,0.124368,-0.042822,0.322731,-0.937306
55.766667,24.939418,-25.910820,13.225151,0.125027,-0.043155,0.323411,-0.936969
55.783333,24.979805,-25.859333,13.207339,0.125650,-0.043471,0.324053,-0.936649
55.800000,25.020271,-25.807951,13.189403,0.126292,-0.043798,0.324712,-0.936319
55.816667,25.061094,-25.756226,13.171263,0.126960,-0.044138,0.325395,-0.935976
55.833333,25.102300,-25.704192,13.152878,0.127575,-0.044453,0.326025,-0.935658
55.850000,25.143576,-25.652252,13.134383,0.128228,-0.044788,0.326692,-0.935320
55.866667,25.185214,-25.599971,13.115676,0.128889,-0.045128,0.327364,-0.934978
55.883333,25.227244,-25.547387,13.096708,0.129514,-0.045450,0.327999,-0.934653
55.900000,25.269338,-25.494893,13.077635,0.130170,-0.045790,0.328665,-0.934312
55.916667,25.311798,-25.442059,13.058342,0.130827,-0.046131,0.329329,-0.933969
55.933333,25.354655,-25.388924,13.038781,0.131462,-0.046462,0.329969,-0.933638
55.950000,25.397574,-25.335879,13.019115,0.132120,-0.046805,0.330632,-0.933293
55.966667,25.440866,-25.282497,12.999223,0.132779,-0.047151,0.331297,-0.932946
55.983333,25.484555,-25.228810,12.979064,0.133421,-0.047489,0.331944,-0.932608
56.000000,25.528312,-25.175221,12.958793,0.134070,-0.047832,0.332599,-0.932263
56.016667,25.572448,-25.121298,12.938287,0.134732,-0.048182,0.333265,-0.931912
56.033333,25.616981,-25.067064,12.917519,0.135377,-0.048525,0.333915,-0.931568
56.050000,25.661589,-25.012940,12.896624,0.136029,-0.048872,0.334569,-0.931220
56.066667,25.706580,-24.958484,12.875489,0.136687,-0.049224,0.335229,-0.930868
56.083333,25.751958,-24.903699,12.854107,0.137338,-0.049574,0.335881,-0.930519
56.100000,25.797420,-24.849040,12.832579,0.137994,-0.049926,0.336536,-0.930166
56.116667,25.843268,-24.794049,12.810804,0.138641,-0.050275,0.337180,-0.929818
56.133333,25.889507,-24.738730,12.788778,0.139296,-0.050629,0.337827,-0.929466
56.150000,25.936161,-24.683115,12.766460,0.139955,-0.050986,0.338478,-0.929110
56.166667,25.982879,-24.627600,12.744030,0.140616,-0.051345,0.339130,-0.928753
56.183333,26.029991,-24.571757,12.721342,0.141251,-0.051692,0.339758,-0.928408
56.200000,26.077502,-24.515590,12.698390,0.141912,-0.052054,0.340410,-0.928048
56.216667,26.125093,-24.459553,12.675289,0.142577,-0.052419,0.341065,-0.927685
56.233333,26.173083,-24.403190,12.651925,0.143224,-0.052775,0.341700,-0.927331
56.250000,26.221475,-24.346503,12.628295,0.143866,-0.053129,0.342330,-0.926979
56.266667,26.270279,-24.289506,12.604382,0.144530,-0.053497,0.342981,-0.926614
56.283333,26.319156,-24.232629,12.580332,0.145196,-0.053867,0.343634,-0.926246
56.300000,26.368439,-24.175431,12.556008,0.145833,-0.054222,0.344255,-0.925895
56.316667,26.418128,-24.117912,12.531407,0.146474,-0.054580,0.344879,-0.925540
56.333333,26.468235,-24.060083,12.506518,0.147142,-0.054953,0.345524,-0.925172
56.350000,26.518415,-24.002378,12.481489,0.147805,-0.055325,0.346161,-0.924806
56.366667,26.569005,-23.944353,12.456178,0.148446,-0.055685,0.346779,-0.924450
56.383333,26.620006,-23.886010,12.430582,0.149089,-0.056048,0.347400,-0.924091
56.400000,26.671421,-23.827349,12.404696,0.149740,-0.056417,0.348027,-0.923727
56.416667,26.723270,-23.768404,12.378480,0.150403,-0.056792,0.348658,-0.923359
56.433333,26.775174,-23.709558,12.352153,0.151048,-0.057157,0.349267,-0.923001
56.450000,26.827499,-23.650398,12.325534,0.151694,-0.057525,0.349879,-0.922640
56.466667,26.880246,-23.590926,12.298620,0.152341,-0.057895,0.350495,-0.922276
56.483333,26.933417,-23.531147,12.271399,0.152989,-0.058266,0.351112,-0.921911
56.500000,26.986653,-23.471491,12.244033,0.153634,-0.058637,0.351723,-0.921547
56.516667,27.040309,-23.411521,12.216366,0.154277,-0.059007,0.352328,-0.921185
56.533333,27.094392,-23.351241,12.188396,0.154921,-0.059378,0.352933,-0.920821
56.550000,27.148902,-23.290652,12.160119,0.155569,-0.059752,0.353537,-0.920456
56.566667,27.203840,-23.229753,12.131534,0.156213,-0.060125,0.354136,-0.920092
56.583333,27.259215,-23.168567,12.102608,0.156840,-0.060490,0.354721,-0.919736
56.600000,27.314643,-23.107486,12.073562,0.157479,-0.060862,0.355316,-0.919373
56.616667,27.370502,-23.046097,12.044202,0.158118,-0.061235,0.355910,-0.919009
56.633333,27.426792,-22.984402,12.014525,0.158759,-0.061610,0.356500,-0.918645
56.650000,27.483514,-22.922400,11.984529,0.159401,-0.061986,0.357088,-0.918280
56.666667,27.540667,-22.860090,11.954212,0.160029,-0.062354,0.357664,-0.917921
56.683333,27.598263,-22.797493,11.923550,0.160654,-0.062723,0.358236,-0.917564
56.700000,27.655915,-22.735007,11.892764,0.161279,-0.063092,0.358806,-0.917206
56.716667,27.714000,-22.672216,11.861653,0.161906,-0.063462,0.359375,-0.916847
56.733333,27.772520,-22.609120,11.830213,0.162539,-0.063836,0.359944,-0.916486
56.750000,27.831476,-22.545720,11.798443,0.163172,-0.064211,0.360511,-0.916124
56.766667,27.890870,-22.482016,11.766341,0.163795,-0.064580,0.361067,-0.915768
56.783333,27.950702,-22.418009,11.733905,0.164413,-0.064948,0.361616,-0.915415
56.800000,28.010974,-22.353702,11.701130,0.165030,-0.065316,0.362162,-0.915061
56.816667,28.071299,-22.289518,11.668214,0.165647,-0.065683,0.362706,-0.914708
56.833333,28.132063,-22.225030,11.634960,0.166263,-0.066052,0.363247,-0.914355
56.850000,28.193267,-22.160241,11.601365,0.166880,-0.066420,0.363785,-0.914002
56.866667,28.254912,-22.095150,11.567430,0.167495,-0.066789,0.364320,-0.913650
56.883333,28.316997,-22.029758,11.533153,0.168106,-0.067156,0.364850,-0.913299
56.900000,28.379525,-21.964064,11.498531,0.168707,-0.067518,0.365369,-0.912954
56.916667,28.442494,-21.898071,11.463560,0.169308,-0.067879,0.365884,-0.912610
56.933333,28.505907,-21.831779,11.428239,0.169908,-0.068241,0.366396,-0.912266
56.950000,28.569763,-21.765187,11.392568,0.170508,-0.068603,0.366906,-0.911922
56.966667,28.634064,-21.698295,11.356548,0.171106,-0.068965,0.367413,-0.911578
56.983333,28.698807,-21.631103,11.320173,0.171704,-0.069326,0.367914,-0.911236
57.000000,28.763992,-21.563609,11.283443,0.172298,-0.069686,0.368410,-0.910896
57.016667,28.829623,-21.495820,11.246352,0.172888,-0.070043,0.368900,-0.910558
57.033333,28.895304,-21.428152,11.209127,0.173476,-0.070400,0.369384,-0.910223
57.050000,28.961429,-21.360186,11.171544,0.174063,-0.070756,0.369864,-0.909888
57.066667,29.027997,-21.291920,11.133601,0.174648,-0.071111,0.370341,-0.909554
57.083333,29.095008,-21.223353,11.095298,0.175230,-0.071465,0.370814,-0.909222
57.100000,29.162463,-21.154485,11.056637,0.175808,-0.071817,0.371279,-0.908892
57.116667,29.230362,-21.085317,11.017614,0.176378,-0.072164,0.371734,-0.908569
57.133333,29.298708,-21.015850,10.978228,0.176944,-0.072509,0.372183,-0.908247
57.150000,29.367498,-20.946086,10.938474,0.177508,-0.072852,0.372629,-0.907927
57.166667,29.436734,-20.876024,10.898353,0.178070,-0.073195,0.373070,-0.907608
57.183333,29.506414,-20.805662,10.857866,0.178630,-0.073537,0.373505,-0.907291
57.200000,29.576539,-20.734998,10.817014,0.179189,-0.073877,0.373935,-0.906976
57.216667,29.647109,-20.664035,10.775795,0.179748,-0.074218,0.374361,-0.906662
57.233333,29.718126,-20.592775,10.734204,0.180303,-0.074556,0.374782,-0.906350
57.250000,29.789587,-20.521217,10.692239,0.180853,-0.074892,0.375196,-0.906042
57.266667,29.861490,-20.449358,10.649902,0.181400,-0.075225,0.375603,-0.905736
57.283333,29.933835,-20.377198,10.607190,0.181945,-0.075558,0.376006,-0.905432
57.300000,30.007040,-20.304334,10.563856,0.182488,-0.075889,0.376404,-0.905129
57.316667,30.080690,-20.231173,10.520146,0.183026,-0.076217,0.376793,-0.904831
57.333333,30.154781,-20.157709,10.476060,0.183559,-0.076541,0.377175,-0.904537
57.350000,30.229315,-20.083944,10.431597,0.184088,-0.076863,0.377551,-0.904245
57.366667,30.304294,-20.009881,10.386756,0.184612,-0.077182,0.377921,-0.903956
57.383333,30.379718,-19.935522,10.341535,0.185131,-0.077498,0.378284,-0.903671
57.400000,30.455583,-19.860859,10.295936,0.185651,-0.077813,0.378641,-0.903388
57.416667,30.531887,-19.785892,10.249958,0.186170,-0.078127,0.378991,-0.903107
57.433333,30.608631,-19.710623,10.203601,0.186684,-0.078438,0.379335,-0.902830
57.450000,30.685817,-19.635052,10.156864,0.187193,-0.078746,0.379674,-0.902555
57.466667,30.763443,-19.559178,10.109747,0.187698,-0.079050,0.380004,-0.902285
57.483333,30.841508,-19.483009,10.062237,0.188198,-0.079352,0.380327,-0.902018
57.500000,30.920424,-19.406127,10.014091,0.188695,-0.079651,0.380642,-0.901754
57.516667,30.999778,-19.328941,9.965562,0.189194,-0.079951,0.380956,-0.901491
57.533333,31.079573,-19.251456,9.916651,0.189689,-0.080247,0.381263,-0.901231
57.550000,31.159807,-19.173667,9.867356,0.190179,-0.080541,0.381562,-0.900975
57.566667,31.240473,-19.095570,9.817679,0.190659,-0.080828,0.381852,-0.900725
57.583333,31.321571,-19.017166,9.767617,0.191135,-0.081112,0.382135,-0.900478
57.600000,31.403525,-18.938064,9.716900,0.191611,-0.081395,0.382414,-0.900233
57.616667,31.485912,-18.858657,9.665799,0.192084,-0.081676,0.382684,-0.899992
57.633333,31.568732,-18.778943,9.614313,0.192551,-0.081951,0.382945,-0.899756
57.650000,31.651981,-18.698918,9.562445,0.193010,-0.082223,0.383200,-0.899524
57.666667,31.735659,-18.618582,9.510195,0.193465,-0.082491,0.383450,-0.899296
57.683333,31.819766,-18.537946,9.457547,0.193915,-0.082756,0.383690,-0.899072
57.700000,31.904719,-18.456601,9.404254,0.194358,-0.083014,0.383921,-0.898854
57.716667,31.990099,-18.374942,9.350581,0.194792,-0.083268,0.384143,-0.898642
57.733333,32.075906,-18.292969,9.296530,0.195223,-0.083519,0.384360,-0.898432
57.750000,32.162138,-18.210688,9.242091,0.195651,-0.083767,0.384572,-0.898225
57.766667,32.249211,-18.127700,9.187001,0.196066,-0.084007,0.384773,-0.898026
57.783333,32.336706,-18.044394,9.131535,0.196473,-0.084242,0.384965,-0.897833
57.800000,32.424621,-17.960769,9.075693,0.196881,-0.084476,0.385152,-0.897641
57.816667,32.512957,-17.876832,9.019465,0.197283,-0.084705,0.385330,-0.897455
57.833333,32.602128,-17.792187,8.962590,0.197675,-0.084927,0.385497,-0.897276
57.850000,32.691716,-17.707218,8.905344,0.198062,-0.085146,0.385657,-0.897101
57.866667,32.781720,-17.621927,8.847724,0.198446,-0.085361,0.385812,-0.896929
57.883333,32.872136,-17.536325,8.789714,0.198822,-0.085572,0.385961,-0.896762
57.900000,32.963379,-17.450003,8.731069,0.199194,-0.085778,0.386100,-0.896599
57.916667,33.055033,-17.363354,8.672056,0.199560,-0.085980,0.386231,-0.896442
57.933333,33.147095,-17.276387,8.612660,0.199920,-0.086178,0.386354,-0.896290
57.950000,33.239980,-17.188707,8.552625,0.200281,-0.086373,0.386471,-0.896140
57.966667,33.333274,-17.100700,8.492224,0.200629,-0.086561,0.386576,-0.895999
57.983333,33.426972,-17.012373,8.431445,0.200975,-0.086746,0.386675,-0.895861
58.000000,33.521483,-16.923327,8.370030,0.201321,-0.086929,0.386768,-0.895725
58.016667,33.616394,-16.833950,8.308252,0.201656,-0.087105,0.386853,-0.895596
58.033333,33.711701,-16.744249,8.246094,0.201989,-0.087279,0.386929,-0.895471
58.050000,33.807812,-16.653825,8.183309,0.202320,-0.087448,0.386996,-0.895351
58.066667,33.904317,-16.563070,8.120159,0.202643,-0.087612,0.387054,-0.895237
58.083333,34.001623,-16.471605,8.056369,0.202964,-0.087773,0.387104,-0.895127
58.100000,34.099320,-16.379804,7.992223,0.203281,-0.087931,0.387147,-0.895021
58.116667,34.197403,-16.287672,7.927706,0.203593,-0.088083,0.387181,-0.894920
58.133333,34.296278,-16.194822,7.862565,0.203900,-0.088231,0.387206,-0.894825
58.150000,34.395533,-16.101634,7.797062,0.204207,-0.088376,0.387222,-0.894733
58.166667,34.495569,-16.007731,7.730929,0.204505,-0.088516,0.387230,-0.894648
58.183333,34.595984,-15.913487,7.664444,0.204804,-0.088653,0.387227,-0.894567
58.200000,34.697171,-15.818530,7.597328,0.205095,-0.088783,0.387216,-0.894493
58.216667,34.798728,-15.723225,7.529864,0.205385,-0.088911,0.387194,-0.894423
58.233333,34.900650,-15.627580,7.462036,0.205670,-0.089033,0.387163,-0.894359
58.250000,35.003340,-15.531217,7.393599,0.205952,-0.089152,0.387121,-0.894300
58.266667,35.106388,-15.434510,7.324801,0.206231,-0.089266,0.387070,-0.894247
58.283333,35.210191,-15.337082,7.255396,0.206506,-0.089375,0.387007,-0.894199
58.300000,35.314347,-15.239306,7.185638,0.206777,-0.089481,0.386937,-0.894157
58.316667,35.419246,-15.140808,7.115276,0.207043,-0.089580,0.386854,-0.894121
58.333333,35.524488,-15.041958,7.044559,0.207308,-0.089676,0.386759,-0.894091
58.350000,35.630468,-14.942388,6.973245,0.207568,-0.089765,0.386652,-0.894068
58.366667,35.736783,-14.842464,6.901580,0.207827,-0.089851,0.386532,-0.894051
58.383333,35.843824,-14.741818,6.829321,0.208079,-0.089931,0.386400,-0.894042
58.400000,35.951573,-14.640449,6.756461,0.208332,-0.090006,0.386253,-0.894039
58.416667,36.059650,-14.538717,6.683267,0.208577,-0.090075,0.386096,-0.894043
58.433333,36.168425,-14.436262,6.609478,0.208823,-0.090139,0.385921,-0.894054
58.450000,36.277516,-14.333439,6.535355,0.209062,-0.090196,0.385733,-0.894074
58.466667,36.387295,-14.229888,6.460651,0.209299,-0.090249,0.385532,-0.894100
58.483333,36.497373,-14.125961,6.385612,0.209532,-0.090294,0.385311,-0.894136
58.500000,36.608128,-14.021308,6.309996,0.209763,-0.090334,0.385075,-0.894179
58.516667,36.719542,-13.915921,6.233804,0.209990,-0.090367,0.384823,-0.894231
58.533333,36.831247,-13.810154,6.157290,0.210214,-0.090393,0.384550,-0.894293
58.550000,36.943605,-13.703658,6.080210,0.210434,-0.090412,0.384259,-0.894365
58.566667,37.056589,-13.596417,6.002562,0.210648,-0.090424,0.383955,-0.894444
58.583333,37.169842,-13.488783,5.924603,0.210862,-0.090428,0.383623,-0.894535
58.600000,37.283717,-13.380412,5.846085,0.211070,-0.090424,0.383271,-0.894637
58.616667,37.397834,-13.271629,5.767256,0.211274,-0.090412,0.382897,-0.894751
58.633333,37.512554,-13.162097,5.687885,0.211477,-0.090391,0.382494,-0.894877
58.650000,37.627871,-13.051826,5.607972,0.211673,-0.090360,0.382070,-0.895015
58.666667,37.743749,-12.940790,5.527515,0.211866,-0.090320,0.381618,-0.895166
58.683333,37.859842,-12.829325,5.446769,0.212054,-0.090270,0.381136,-0.895332
58.700000,37.976494,-12.717101,5.365497,0.212236,-0.090208,0.380625,-0.895513
58.716667,38.093672,-12.604101,5.283701,0.212415,-0.090135,0.380079,-0.895709
58.733333,38.211038,-12.490653,5.201626,0.212590,-0.090049,0.379496,-0.895924
58.750000,38.328911,-12.376422,5.119042,0.212757,-0.089950,0.378880,-0.896155
58.766667,38.447277,-12.261403,5.035954,0.212919,-0.089838,0.378223,-0.896405
58.783333,38.566112,-12.145581,4.952372,0.213077,-0.089709,0.377517,-0.896678
58.800000,38.685073,-12.029264,4.868529,0.213227,-0.089565,0.376767,-0.896972
58.816667,38.804480,-11.912135,4.784206,0.213371,-0.089403,0.375967,-0.897290
58.833333,38.924307,-11.794180,4.699411,0.213507,-0.089223,0.375112,-0.897633
58.850000,39.044523,-11.675378,4.614153,0.213635,-0.089021,0.374196,-0.898005
58.866667,39.164794,-11.556021,4.528660,0.213752,-0.088797,0.373217,-0.898406
58.883333,39.285418,-11.435795,4.442723,0.213853,-0.088549,0.372178,-0.898838
58.900000,39.406367,-11.314681,4.356352,0.213936,-0.088275,0.371072,-0.899302
58.916667,39.527607,-11.192660,4.269557,0.213996,-0.087972,0.369900,-0.899801
58.933333,39.649110,-11.069710,4.182355,0.214027,-0.087638,0.368662,-0.900334
58.950000,39.770553,-10.946096,4.094976,0.214022,-0.087272,0.367363,-0.900901
58.966667,39.892217,-10.821514,4.007230,0.213977,-0.086870,0.365994,-0.901508
58.983333,40.014079,-10.695944,3.919142,0.213883,-0.086428,0.364553,-0.902156
59.000000,40.136116,-10.569367,3.830742,0.213734,-0.085944,0.363041,-0.902847
59.016667,40.258304,-10.441756,3.742061,0.213520,-0.085415,0.361462,-0.903581
59.033333,40.380625,-10.313093,3.653135,0.213236,-0.084840,0.359816,-0.904359
59.050000,40.503048,-10.183344,3.564004,0.212872,-0.084213,0.358096,-0.905186
59.066667,40.625276,-10.052742,3.474900,0.212419,-0.083531,0.356298,-0.906064
59.083333,40.747555,-9.920989,3.385669,0.211870,-0.082790,0.354416,-0.906998
59.100000,40.869868,-9.788058,3.296366,0.211213,-0.081985,0.352448,-0.907991
59.116667,40.992179,-9.653907,3.207043,0.210438,-0.081112,0.350388,-0.909046
59.133333,41.114461,-9.518499,3.117759,0.209532,-0.080168,0.348233,-0.910167
59.150000,41.236686,-9.381792,3.028581,0.208483,-0.079148,0.345985,-0.911353
59.166667,41.358813,-9.243733,2.939578,0.207273,-0.078047,0.343637,-0.912612
59.183333,41.480817,-9.104280,2.850830,0.205890,-0.076859,0.341177,-0.913948
59.200000,41.602663,-8.963379,2.762423,0.204311,-0.075578,0.338608,-0.915363
59.216667,41.724316,-8.820975,2.674449,0.202521,-0.074200,0.335922,-0.916862
59.233333,41.845742,-8.677008,2.587017,0.200496,-0.072720,0.333120,-0.918447
59.250000,41.966904,-8.531421,2.500235,0.198217,-0.071132,0.330193,-0.920121
59.266667,42.087752,-8.384138,2.414226,0.195657,-0.069432,0.327145,-0.921886
59.283333,42.208264,-8.235105,2.329130,0.192794,-0.067616,0.323972,-0.923743
59.300000,42.328385,-8.084242,2.245089,0.189599,-0.065680,0.320675,-0.925692
59.316667,42.448091,-7.931492,2.162268,0.186049,-0.063622,0.317252,-0.927734
59.333333,42.567311,-7.776764,2.080831,0.182113,-0.061439,0.313708,-0.929864
59.350000,42.686026,-7.620002,2.000973,0.177766,-0.059133,0.310049,-0.932079
59.366667,42.804180,-7.461133,1.922890,0.172984,-0.056702,0.306276,-0.934375
59.383333,42.921730,-7.300090,1.846797,0.167740,-0.054150,0.302402,-0.936741
59.400000,43.038623,-7.136809,1.772920,0.162016,-0.051483,0.298432,-0.939169
59.416667,43.154823,-6.971242,1.701498,0.155794,-0.048707,0.294390,-0.941642
59.433333,43.270279,-6.803343,1.632781,0.149064,-0.045830,0.290281,-0.944148
59.450000,43.384938,-6.633075,1.567022,0.141824,-0.042865,0.286124,-0.946669
59.466667,43.498766,-6.460429,1.504484,0.134112,-0.039831,0.281910,-0.949186
59.483333,43.611715,-6.285400,1.445426,0.125991,-0.036752,0.277607,-0.951688
59.500000,43.723760,-6.108019,1.390105,0.117536,-0.033651,0.273177,-0.954163
59.516667,43.834849,-5.928316,1.338764,0.108822,-0.030555,0.268592,-0.956599
59.533333,43.944950,-5.746358,1.291618,0.099934,-0.027492,0.263814,-0.958989
59.550000,44.053917,-5.562192,1.248736,0.090959,-0.024488,0.258808,-0.961325
59.566667,44.161515,-5.375843,1.210070,0.081986,-0.021571,0.253536,-0.963604
59.583333,44.267495,-5.187333,1.175546,0.073094,-0.018764,0.247944,-0.965831
59.600000,44.371634,-4.996706,1.145068,0.064386,-0.016097,0.242008,-0.968002
59.616667,44.473678,-4.803990,1.118519,0.055954,-0.013594,0.235690,-0.970121
59.633333,44.573412,-4.609235,1.095763,0.047852,-0.011271,0.228979,-0.972189
59.650000,44.670596,-4.412480,1.076643,0.040116,-0.009137,0.221885,-0.974204
59.666667,44.764958,-4.213747,1.061044,0.032774,-0.007199,0.214427,-0.976163
59.683333,44.856384,-4.013011,1.048714,0.025855,-0.005462,0.206616,-0.978065
59.700000,44.944611,-3.810443,1.039449,0.019383,-0.003926,0.198476,-0.979906
59.716667,45.029463,-3.606110,1.033034,0.013378,-0.002590,0.190025,-0.981685
59.733333,45.110758,-3.400078,1.029242,0.007859,-0.001449,0.181289,-0.983397
59.750000,45.188346,-3.192419,1.027839,0.002850,-0.000499,0.172302,-0.985040
59.766667,45.262073,-2.983206,1.028586,-0.001653,0.000273,0.163069,-0.986613
59.783333,45.331815,-2.772521,1.031242,-0.005640,0.000877,0.153638,-0.988111
59.800000,45.397457,-2.560448,1.035563,-0.009108,0.001326,0.144036,-0.989530
59.816667,45.458901,-2.347073,1.041306,-0.012061,0.001635,0.134297,-0.990866
59.833333,45.516044,-2.132485,1.048240,-0.014503,0.001819,0.124450,-0.992118
59.850000,45.568788,-1.916764,1.056131,-0.016444,0.001896,0.114528,-0.993282
59.866667,45.617150,-1.700043,1.064733,-0.017896,0.001882,0.104563,-0.994355
59.883333,45.661093,-1.482416,1.073825,-0.018879,0.001794,0.094581,-0.995337
59.900000,45.700621,-1.263991,1.083196,-0.019436,0.001651,0.084600,-0.996224
59.916667,45.735729,-1.044872,1.092646,-0.019619,0.001468,0.074622,-0.997018
59.933333,45.766434,-0.825167,1.101985,-0.019476,0.001262,0.064640,-0.997718
59.950000,45.792773,-0.604981,1.111034,-0.019064,0.001043,0.054644,-0.998323
59.966667,45.814777,-0.384421,1.119645,-0.018432,0.000823,0.044625,-0.998833
59.983333,45.832440,-0.163589,1.127776,-0.017626,0.000610,0.034558,-0.999247
60.000000,45.845696,0.057415,1.135427,-0.016689,0.000408,0.024420,-0.999562
60.016667,45.854427,0.278396,1.142586,-0.015663,0.000222,0.014185,-0.999777
60.033333,45.858642,0.499328,1.149267,-0.014587,0.000056,0.003813,-0.999886
60.050000,45.858291,0.720102,1.155466,-0.013493,-0.000091,-0.006723,-0.999886
60.066667,45.853290,0.940606,1.161180,-0.012389,-0.000216,-0.017453,-0.999771
60.083333,45.843564,1.160725,1.166405,-0.011273,-0.000320,-0.028385,-0.999533
60.100000,45.829029,1.380337,1.171136,-0.010145,-0.000401,-0.039528,-0.999167
60.116667,45.809586,1.599314,1.175366,-0.009001,-0.000459,-0.050903,-0.998663
60.133333,45.785164,1.817523,1.179091,-0.007840,-0.000491,-0.062537,-0.998012
60.150000,45.755661,2.034824,1.182302,-0.006661,-0.000497,-0.074437,-0.997203
60.166667,45.721002,2.251070,1.184992,-0.005464,-0.000475,-0.086609,-0.996227
60.183333,45.681060,2.466099,1.187155,-0.004249,-0.000423,-0.099057,-0.995073
60.200000,45.635786,2.679755,1.188780,-0.003016,-0.000339,-0.111781,-0.993728
60.216667,45.585049,2.891856,1.189860,-0.001766,-0.000222,-0.124788,-0.992182
60.233333,45.528797,3.102053,1.190382,-0.000500,-0.000070,-0.138073,-0.990422
60.250000,45.466957,3.310325,1.190347,0.000780,0.000120,-0.151635,-0.988436
60.266667,45.399476,3.516480,1.189745,0.002073,0.000348,-0.165457,-0.986215
60.283333,45.326302,3.720315,1.188572,0.003375,0.000616,-0.179537,-0.983745
60.300000,45.247386,3.921620,1.186823,0.004684,0.000925,-0.193849,-0.981020
60.316667,45.162705,4.120184,1.184491,0.005993,0.001277,-0.208365,-0.978032
60.333333,45.072243,4.315787,1.181575,0.007302,0.001671,-0.223077,-0.974772
60.350000,44.976005,4.508212,1.178073,0.008605,0.002108,-0.237958,-0.971235
60.366667,44.874015,4.697242,1.173982,0.009899,0.002588,-0.252982,-0.967417
60.383333,44.766318,4.882662,1.169306,0.011177,0.003111,-0.268112,-0.963318
60.400000,44.652970,5.064256,1.164046,0.012428,0.003672,-0.283302,-0.958943
60.416667,44.534053,5.241821,1.158209,0.013626,0.004262,-0.298460,-0.954315
60.433333,44.409682,5.415169,1.151799,0.014744,0.004868,-0.313500,-0.949461
60.450000,44.279975,5.584113,1.144828,0.015756,0.005478,-0.328344,-0.944411
60.466667,44.145081,5.748492,1.137304,0.016641,0.006076,-0.342924,-0.939196
60.483333,44.005208,5.908198,1.129272,0.017379,0.006647,-0.357177,-0.933852
60.500000,43.860699,6.063266,1.120838,0.017953,0.007175,-0.371051,-0.928411
60.516667,43.711889,6.213756,1.112123,0.018348,0.007644,-0.384506,-0.922909
60.533333,43.559075,6.359728,1.103235,0.018550,0.008038,-0.397509,-0.917375
60.550000,43.402532,6.501249,1.094278,0.018547,0.008340,-0.410036,-0.911843
60.566667,43.242502,6.638381,1.085349,0.018334,0.008538,-0.422083,-0.906332
60.583333,43.079212,6.771184,1.076541,0.017922,0.008628,-0.433690,-0.900842
60.600000,42.912868,6.899726,1.067942,0.017322,0.008607,-0.444903,-0.895370
60.616667,42.743639,7.024041,1.059639,0.016544,0.008473,-0.455761,-0.889908
60.633333,42.571700,7.144188,1.051712,0.015596,0.008223,-0.466303,-0.884449
60.650000,42.397194,7.260199,1.044241,0.014486,0.007854,-0.476561,-0.878987
60.666667,42.220261,7.372113,1.037303,0.013220,0.007364,-0.486572,-0.873509
60.683333,42.041019,7.479950,1.030976,0.011802,0.006749,-0.496368,-0.868006
60.700000,41.859582,7.583728,1.025336,0.010237,0.006006,-0.505973,-0.862468
60.716667,41.676052,7.683460,1.020458,0.008527,0.005129,-0.515418,-0.856881
60.733333,41.490528,7.779151,1.016419,0.006675,0.004115,-0.524726,-0.851235
60.750000,41.303088,7.870783,1.013296,0.004682,0.002957,-0.533923,-0.845515
60.766667,41.113818,7.958344,1.011167,0.002550,0.001649,-0.543032,-0.839707
60.783333,40.922796,8.041817,1.010113,0.000279,0.000184,-0.552070,-0.833798
60.800000,40.730091,8.121157,1.010216,-0.002130,-0.001444,-0.561058,-0.827773
60.816667,40.535773,8.196324,1.011561,-0.004675,-0.003243,-0.570010,-0.821618
60.833333,40.339911,8.267265,1.014236,-0.007357,-0.005224,-0.578944,-0.815317
60.850000,40.142572,8.333909,1.018333,-0.010178,-0.007397,-0.587886,-0.808846
60.866667,39.943927,8.396153,1.023946,-0.013132,-0.009771,-0.596841,-0.802193
60.883333,39.744225,8.453859,1.031162,-0.016219,-0.012354,-0.605816,-0.795343
60.900000,39.543722,8.506912,1.040071,-0.019436,-0.015159,-0.614827,-0.788277
60.916667,39.342665,8.555164,1.050771,-0.022780,-0.018198,-0.623886,-0.780971
60.933333,39.140956,8.598570,1.063373,-0.026246,-0.021481,-0.633001,-0.773408
60.950000,38.939146,8.636966,1.077938,-0.029828,-0.025021,-0.642177,-0.765567
60.966667,38.737501,8.670256,1.094549,-0.033519,-0.028828,-0.651419,-0.757429
60.983333,38.536288,8.698341,1.113283,-0.037308,-0.032912,-0.660726,-0.748977
61.000000,38.335776,8.721125,1.134213,-0.041180,-0.037280,-0.670093,-0.740196
61.016667,38.136242,8.738540,1.157405,-0.045130,-0.041952,-0.679551,-0.731036
61.033333,37.937963,8.750524,1.182921,-0.049119,-0.046912,-0.689078,-0.721497
61.050000,37.741218,8.757012,1.210814,-0.053081,-0.052109,-0.698608,-0.711628
61.066667,37.546290,8.757986,1.241126,-0.056970,-0.057510,-0.708106,-0.701450
61.083333,37.353461,8.753413,1.273891,-0.060743,-0.063076,-0.717534,-0.690997
61.100000,37.163034,8.743146,1.309175,-0.064373,-0.068789,-0.726905,-0.680246
61.116667,36.974378,8.727325,1.346987,-0.067820,-0.074605,-0.736185,-0.669228
61.133333,36.788552,8.706248,1.386971,-0.071030,-0.080447,-0.745288,-0.658050
61.150000,36.605751,8.680109,1.428965,-0.073973,-0.086259,-0.754182,-0.646759
61.166667,36.426145,8.649144,1.472804,-0.076643,-0.092036,-0.762912,-0.635311
61.183333,36.249965,8.613310,1.518430,-0.079000,-0.097677,-0.771364,-0.623871
61.200000,36.076366,8.572742,1.565881,-0.081052,-0.103164,-0.779539,-0.612460
61.216667,35.906353,8.527999,1.614707,-0.082826,-0.108530,-0.787507,-0.600994
61.233333,35.739997,8.479337,1.664743,-0.084318,-0.113726,-0.795207,-0.589578
61.250000,35.577557,8.426556,1.716006,-0.085540,-0.118736,-0.802637,-0.578237
61.266667,35.417942,8.370021,1.768487,-0.086508,-0.123563,-0.809816,-0.566963
61.283333,35.262113,8.310277,1.821751,-0.087234,-0.128171,-0.816697,-0.555850
61.300000,35.110320,8.247098,1.875824,-0.087738,-0.132606,-0.823369,-0.544776
61.316667,34.961412,8.180759,1.930763,-0.088032,-0.136835,-0.829784,-0.533840
61.333333,34.816344,8.111748,1.986160,-0.088131,-0.140824,-0.835905,-0.523129
61.350000,34.674349,8.039608,2.042328,-0.088052,-0.144630,-0.841821,-0.512509
61.366667,34.536040,7.965338,2.098708,-0.087809,-0.148246,-0.847526,-0.502008
61.383333,34.401648,7.888691,2.155337,-0.087419,-0.151620,-0.852948,-0.491781
61.400000,34.270028,7.809750,2.212371,-0.086892,-0.154821,-0.858192,-0.481650
61.416667,34.142133,7.728890,2.269463,-0.086243,-0.157826,-0.863221,-0.471702
61.433333,34.017002,7.645918,2.326848,-0.085484,-0.160634,-0.868042,-0.461944
61.450000,33.895424,7.561366,2.384145,-0.084628,-0.163265,-0.872675,-0.452350
61.466667,33.776525,7.474938,2.441624,-0.083685,-0.165705,-0.877111,-0.442962
61.483333,33.661029,7.387174,2.498912,-0.082665,-0.167981,-0.881377,-0.433732
61.500000,33.548071,7.297790,2.556280,-0.081574,-0.170089,-0.885477,-0.424671
61.516667,33.438392,7.207229,2.613387,-0.080423,-0.172041,-0.889420,-0.415771
61.533333,33.331061,7.115313,2.670482,-0.079227,-0.173827,-0.893185,-0.407098
61.550000,33.226927,7.022289,2.727275,-0.077975,-0.175482,-0.896838,-0.398506
61.566667,33.124995,6.928090,2.783992,-0.076695,-0.176980,-0.900318,-0.390158
61.583333,33.025493,6.832509,2.840645,-0.075372,-0.178355,-0.903694,-0.381898
61.600000,32.928706,6.736242,2.896907,-0.074028,-0.179591,-0.906924,-0.373839
61.616667,32.834040,6.638891,2.953042,-0.072656,-0.180712,-0.910049,-0.365890
61.633333,32.742087,6.540759,3.008791,-0.071274,-0.181703,-0.913036,-0.358146
61.650000,32.652083,6.441682,3.064381,-0.069863,-0.182593,-0.915947,-0.350457
61.666667,32.564150,6.341553,3.119808,-0.068455,-0.183364,-0.918723,-0.342985
61.683333,32.478575,6.240804,3.174842,-0.067028,-0.184036,-0.921420,-0.335593
61.700000,32.394804,6.139189,3.229696,-0.065587,-0.184613,-0.924038,-0.328284
61.716667,32.312994,6.036574,3.284359,-0.064166,-0.185084,-0.926526,-0.321211
61.733333,32.233257,5.933374,3.338659,-0.062722,-0.185472,-0.928963,-0.314155
61.750000,32.155180,5.829352,3.392767,-0.061279,-0.185770,-0.931320,-0.307210
61.766667,32.078913,5.724380,3.446673,-0.059851,-0.185982,-0.933578,-0.300435
61.783333,32.004492,5.618761,3.500268,-0.058412,-0.186115,-0.935785,-0.293693
61.800000,31.931595,5.512329,3.553675,-0.056976,-0.186169,-0.937922,-0.287048
61.816667,31.860353,5.404972,3.606888,-0.055557,-0.186147,-0.939978,-0.280544
61.833333,31.790762,5.296833,3.659851,-0.054142,-0.186058,-0.941974,-0.274109
61.850000,31.722580,5.187851,3.712643,-0.052741,-0.185908,-0.943902,-0.267778
61.866667,31.655886,5.077947,3.765261,-0.051372,-0.185706,-0.945743,-0.261620
61.883333,31.590708,4.967076,3.817696,-0.050029,-0.185460,-0.947509,-0.255594
61.900000,31.526850,4.855362,3.869962,-0.048712,-0.185175,-0.949204,-0.249700
61.916667,31.464330,4.742816,3.922056,-0.047445,-0.184863,-0.950804,-0.244022
61.933333,31.403258,4.629397,3.973961,-0.046217,-0.184532,-0.952324,-0.238516
61.950000,31.343387,4.515274,4.025709,-0.045031,-0.184188,-0.953768,-0.233183
61.966667,31.284674,4.400487,4.077302,-0.043906,-0.183842,-0.955113,-0.228107
61.983333,31.227279,4.284963,4.128718,-0.042832,-0.183500,-0.956378,-0.223236
62.000000,31.170957,4.168866,4.179988,-0.041804,-0.183164,-0.957569,-0.218551
62.016667,31.115660,4.052228,4.231120,-0.040840,-0.182843,-0.958670,-0.214130
62.033333,31.061491,3.935007,4.282102,-0.039923,-0.182532,-0.959702,-0.209905
62.050000,31.008297,3.817309,4.332951,-0.039049,-0.182233,-0.960672,-0.205853
62.066667,30.955999,3.699175,4.383681,-0.038232,-0.181955,-0.961566,-0.202044
62.083333,30.904653,3.580587,4.434289,-0.037460,-0.181694,-0.962401,-0.198417
62.100000,30.854185,3.461607,4.484779,-0.036728,-0.181450,-0.963180,-0.194963
62.116667,30.804495,3.342279,4.535173,-0.036044,-0.181228,-0.963901,-0.191708
62.133333,30.755588,3.222607,4.585472,-0.035403,-0.181028,-0.964568,-0.188636
62.150000,30.707462,3.102620,4.635672,-0.034800,-0.180849,-0.965188,-0.185728
62.166667,30.659999,2.982361,4.685799,-0.034237,-0.180694,-0.965760,-0.182989
62.183333,30.613168,2.861850,4.735857,-0.033716,-0.180563,-0.966284,-0.180432
62.200000,30.567023,2.741093,4.785838,-0.033231,-0.180455,-0.966766,-0.178030
62.216667,30.521425,2.620134,4.835768,-0.032780,-0.180372,-0.967209,-0.175777
62.233333,30.476342,2.498991,4.885654,-0.032369,-0.180317,-0.967609,-0.173696
62.250000,30.431821,2.377652,4.935498,-0.031990,-0.180284,-0.967974,-0.171760
62.266667,30.387753,2.256192,4.985303,-0.031643,-0.180277,-0.968304,-0.169960
62.283333,30.344096,2.134605,5.035086,-0.031333,-0.180299,-0.968596,-0.168325
62.300000,30.300871,2.012891,5.084854,-0.031053,-0.180345,-0.968856,-0.166825
62.316667,30.258021,1.891104,5.134606,-0.030802,-0.180416,-0.969086,-0.165452
62.333333,30.215485,1.769243,5.184359,-0.030586,-0.180516,-0.969281,-0.164233
62.350000,30.173257,1.647314,5.234120,-0.030399,-0.180641,-0.969448,-0.163141
62.366667,30.131319,1.525362,5.283887,-0.030239,-0.180791,-0.969587,-0.162174
62.383333,30.089604,1.403382,5.333678,-0.030111,-0.180970,-0.969697,-0.161342
62.400000,30.048094,1.281385,5.383499,-0.030011,-0.181174,-0.969778,-0.160639
62.416667,30.006787,1.159413,5.433352,-0.029937,-0.181403,-0.969835,-0.160054
62.433333,29.965615,1.037456,5.483250,-0.029893,-0.181660,-0.969864,-0.159595
62.450000,29.924552,0.915527,5.533197,-0.029877,-0.181942,-0.969866,-0.159262
62.466667,29.883589,0.793636,5.583215,-0.029886,-0.182249,-0.969845,-0.159040
62.483333,29.842693,0.671836,5.633285,-0.029922,-0.182582,-0.969798,-0.158933
62.500000,29.801823,0.550103,5.683426,-0.029987,-0.182942,-0.969725,-0.158954
62.516667,29.760955,0.428454,5.733656,-0.030078,-0.183325,-0.969628,-0.159085
62.533333,29.720075,0.306939,5.783964,-0.030193,-0.183732,-0.969509,-0.159323
62.550000,29.679148,0.185529,5.834363,-0.030338,-0.184167,-0.969362,-0.159685
62.566667,29.638146,0.064239,5.884867,-0.030509,-0.184625,-0.969192,-0.160157
62.583333,29.597041,-0.056868,5.935476,-0.030705,-0.185106,-0.968998,-0.160733
62.600000,29.555804,-0.177828,5.986195,-0.030928,-0.185611,-0.968780,-0.161424
62.616667,29.514420,-0.298635,6.037031,-0.031179,-0.186141,-0.968535,-0.162230
62.633333,29.472837,-0.419255,6.088015,-0.031455,-0.186692,-0.968268,-0.163140
62.650000,29.431062,-0.539645,6.139114,-0.031758,-0.187265,-0.967975,-0.164157
62.666667,29.389066,-0.659842,6.190349,-0.032090,-0.187863,-0.967655,-0.165293
62.683333,29.346797,-0.779816,6.241742,-0.032448,-0.188482,-0.967311,-0.166529
62.700000,29.304247,-0.899507,6.293277,-0.032833,-0.189122,-0.966941,-0.167867
62.716667,29.261408,-1.018967,6.344967,-0.033247,-0.189783,-0.966544,-0.169323
62.733333,29.218241,-1.138174,6.396820,-0.033690,-0.190465,-0.966119,-0.170887
62.750000,29.174694,-1.257039,6.448846,-0.034160,-0.191166,-0.965667,-0.172556
62.766667,29.130788,-1.375630,6.501043,-0.034657,-0.191885,-0.965189,-0.174327
62.783333,29.086499,-1.493934,6.553417,-0.035186,-0.192626,-0.964679,-0.176213
62.800000,29.041742,-1.611900,6.606000,-0.035744,-0.193385,-0.964141,-0.178206
62.816667,28.996550,-1.729485,6.658756,-0.036330,-0.194158,-0.963574,-0.180300
62.833333,28.950900,-1.846736,6.711702,-0.036948,-0.194949,-0.962974,-0.182511
62.850000,28.904751,-1.963625,6.764858,-0.037598,-0.195758,-0.962342,-0.184831
62.866667,28.858067,-2.080061,6.818220,-0.038278,-0.196581,-0.961678,-0.187257
62.883333,28.810860,-2.196117,6.871788,-0.038986,-0.197414,-0.960985,-0.189780
62.900000,28.763106,-2.311777,6.925564,-0.039732,-0.198266,-0.960251,-0.192433
62.916667,28.714700,-2.426971,6.979591,-0.040509,-0.199130,-0.959483,-0.195189
62.933333,28.665722,-2.541673,7.033819,-0.041315,-0.200001,-0.958683,-0.198038
62.950000,28.616140,-2.655930,7.088269,-0.042157,-0.200884,-0.957843,-0.201012
62.966667,28.565889,-2.769698,7.142960,-0.043034,-0.201776,-0.956964,-0.204096
62.983333,28.514933,-2.882876,7.197884,-0.043939,-0.202670,-0.956051,-0.207271
63.000000,28.463311,-2.995554,7.253040,-0.044861,-0.203552,-0.955114,-0.210500
63.016667,28.411005,-3.107716,7.308433,-0.045818,-0.204434,-0.954138,-0.213842
63.033333,28.357892,-3.219274,7.364101,-0.046794,-0.205304,-0.953135,-0.217245
63.050000,28.304062,-3.330205,7.419985,-0.047782,-0.206152,-0.952113,-0.220680
63.066667,28.249518,-3.440584,7.476095,-0.048782,-0.206977,-0.951070,-0.224156
63.083333,28.194234,-3.550387,7.532433,-0.049800,-0.207781,-0.950002,-0.227692
63.100000,28.138168,-3.659499,7.588983,-0.050826,-0.208555,-0.948917,-0.231254
63.116667,28.081397,-3.768047,7.645736,-0.051842,-0.209286,-0.947833,-0.234787
63.133333,28.023924,-3.876028,7.702684,-0.052873,-0.209990,-0.946724,-0.238373
63.150000,27.965669,-3.983383,7.759839,-0.053908,-0.210661,-0.945602,-0.241978
63.166667,27.906686,-4.090059,7.817155,-0.054942,-0.211294,-0.944470,-0.245585
63.183333,27.846997,-4.196151,7.874640,-0.055968,-0.211886,-0.943337,-0.249173
63.200000,27.786606,-4.301655,7.932287,-0.057011,-0.212450,-0.942173,-0.252832
63.216667,27.725392,-4.406481,7.990121,-0.058058,-0.212980,-0.940994,-0.256513
63.233333,27.663496,-4.510634,8.048070,-0.059098,-0.213470,-0.939810,-0.260183
63.250000,27.600893,-4.614181,8.106157,-0.060142,-0.213924,-0.938609,-0.263879
63.266667,27.537555,-4.717096,8.164382,-0.061200,-0.214349,-0.937380,-0.267635
63.283333,27.473438,-4.819248,8.222719,-0.062261,-0.214739,-0.936131,-0.271422
63.300000,27.408611,-4.920773,8.281172,-0.063311,-0.215085,-0.934881,-0.275187
63.316667,27.343063,-5.021660,8.339734,-0.064375,-0.215398,-0.933600,-0.279019
63.333333,27.276737,-5.121860,8.398407,-0.065449,-0.215677,-0.932288,-0.282911
63.350000,27.209662,-5.221288,8.457152,-0.066525,-0.215919,-0.930958,-0.286829
63.366667,27.141857,-5.320052,8.515983,-0.067591,-0.216120,-0.929622,-0.290736
63.383333,27.073317,-5.418143,8.574892,-0.068675,-0.216283,-0.928243,-0.294738
63.400000,27.003959,-5.515488,8.633883,-0.069769,-0.216409,-0.926831,-0.298804
63.416667,26.933852,-5.612033,8.692905,-0.070860,-0.216494,-0.925401,-0.302889
63.433333,26.863001,-5.707875,8.751984,-0.071946,-0.216538,-0.923955,-0.306990
63.450000,26.791397,-5.803002,8.811109,-0.073051,-0.216539,-0.922458,-0.311200
63.466667,26.718928,-5.897316,8.870281,-0.074166,-0.216497,-0.920923,-0.315482
63.483333,26.645700,-5.990790,8.929445,-0.075275,-0.216412,-0.919368,-0.319784
63.500000,26.571702,-6.083508,8.988631,-0.076381,-0.216283,-0.917787,-0.324121
63.516667,26.496922,-6.175458,9.047831,-0.077507,-0.216103,-0.916147,-0.328582
63.533333,26.421239,-6.266525,9.107039,-0.078642,-0.215873,-0.914459,-0.333134
63.550000,26.344776,-6.356696,9.166200,-0.079769,-0.215596,-0.912748,-0.337708
63.566667,26.267505,-6.446046,9.225345,-0.080894,-0.215270,-0.911000,-0.342337
63.583333,26.189418,-6.534561,9.284465,-0.082036,-0.214885,-0.909185,-0.347099
63.600000,26.110391,-6.622118,9.343549,-0.083188,-0.214441,-0.907309,-0.351974
63.616667,26.030541,-6.708696,9.402540,-0.084330,-0.213943,-0.905401,-0.356883
63.633333,25.949839,-6.794373,9.461472,-0.085470,-0.213386,-0.903445,-0.361867
63.650000,25.868276,-6.879130,9.520335,-0.086621,-0.212762,-0.901414,-0.366990
63.666667,25.785741,-6.962847,9.579113,-0.087783,-0.212065,-0.899303,-0.372259
63.683333,25.702327,-7.045477,9.637747,-0.088932,-0.211305,-0.897147,-0.377581
63.700000,25.618008,-7.127105,9.696270,-0.090075,-0.210476,-0.894931,-0.382993
63.716667,25.532775,-7.207706,9.754670,-0.091220,-0.209570,-0.892634,-0.388541
63.733333,25.446538,-7.287173,9.812925,-0.092377,-0.208570,-0.890227,-0.394286
63.750000,25.359343,-7.365406,9.870974,-0.093517,-0.207494,-0.887757,-0.400110
63.766667,25.271186,-7.442511,9.928849,-0.094644,-0.206336,-0.885213,-0.406037
63.783333,25.182054,-7.518457,9.986535,-0.095762,-0.205087,-0.882576,-0.412102
63.800000,25.091898,-7.593169,10.044010,-0.096883,-0.203718,-0.879800,-0.418408
63.816667,25.000677,-7.666440,10.101193,-0.097984,-0.202253,-0.876930,-0.424837
63.833333,24.908431,-7.738427,10.158126,-0.099059,-0.200690,-0.873968,-0.431383
63.850000,24.815148,-7.809090,10.214790,-0.100112,-0.199013,-0.870889,-0.438092
63.866667,24.720808,-7.878381,10.271161,-0.101146,-0.197206,-0.867661,-0.445020
63.883333,24.625237,-7.946060,10.327172,-0.102156,-0.195256,-0.864274,-0.452182
63.900000,24.528634,-8.012177,10.382790,-0.103119,-0.193190,-0.860780,-0.459458
63.916667,24.430919,-8.076752,10.438030,-0.104040,-0.190986,-0.857135,-0.466926
63.933333,24.332084,-8.139735,10.492864,-0.104911,-0.188631,-0.853328,-0.474598
63.950000,24.232036,-8.200958,10.547237,-0.105738,-0.186083,-0.849292,-0.482592
63.966667,24.130801,-8.260242,10.601050,-0.106491,-0.183392,-0.845107,-0.490735
63.983333,24.028397,-8.317720,10.654350,-0.107169,-0.180531,-0.840736,-0.499086
64.000000,23.924817,-8.373322,10.707099,-0.107761,-0.177491,-0.836159,-0.507664
64.016667,23.820040,-8.426967,10.759247,-0.108259,-0.174253,-0.831352,-0.516498
64.033333,23.713899,-8.478311,10.810677,-0.108647,-0.170778,-0.826265,-0.525658
64.050000,23.606609,-8.527417,10.861353,-0.108906,-0.167122,-0.820971,-0.534991
64.066667,23.498109,-8.574288,10.911284,-0.109026,-0.163253,-0.815421,-0.544564
64.083333,23.388399,-8.618829,10.960412,-0.108984,-0.159169,-0.809620,-0.554349
64.100000,23.277455,-8.660890,11.008662,-0.108762,-0.154868,-0.803565,-0.564332
64.116667,23.165244,-8.700048,11.055822,-0.108337,-0.150380,-0.797314,-0.574404
64.133333,23.051854,-8.736540,11.101982,-0.107701,-0.145742,-0.790915,-0.584476
64.150000,22.937315,-8.770275,11.147074,-0.106840,-0.140964,-0.784392,-0.594511
64.166667,22.821679,-8.801222,11.191040,-0.105747,-0.136074,-0.777786,-0.604442
64.183333,22.704985,-8.829299,11.233797,-0.104418,-0.131094,-0.771134,-0.614218
64.200000,22.587370,-8.854374,11.275199,-0.102860,-0.126087,-0.764540,-0.623699
64.216667,22.468925,-8.876809,11.315379,-0.101082,-0.121075,-0.758031,-0.632860
64.233333,22.349727,-8.896675,11.354303,-0.099099,-0.116091,-0.751663,-0.641643
64.250000,22.229853,-8.914056,11.391950,-0.096929,-0.111165,-0.745476,-0.650010
64.266667,22.109356,-8.928947,11.428268,-0.094594,-0.106327,-0.739520,-0.657918
64.283333,21.988391,-8.941322,11.463146,-0.092107,-0.101587,-0.733829,-0.665350
64.300000,21.866983,-8.951543,11.496735,-0.089490,-0.096953,-0.728399,-0.672329
64.316667,21.745194,-8.959724,11.529042,-0.086767,-0.092442,-0.723250,-0.678849
64.333333,21.623080,-8.965987,11.560077,-0.083956,-0.088061,-0.718398,-0.684909
64.350000,21.500687,-8.970427,11.589829,-0.081086,-0.083834,-0.713885,-0.690482
64.366667,21.378148,-8.973022,11.618176,-0.078170,-0.079763,-0.709735,-0.695560
64.383333,21.255431,-8.974116,11.645304,-0.075214,-0.075828,-0.705916,-0.700197
64.400000,21.132574,-8.973841,11.671244,-0.072239,-0.072040,-0.702442,-0.704391
64.416667,21.009604,-8.972330,11.696014,-0.069263,-0.068399,-0.699319,-0.708150
64.433333,20.886549,-8.969714,11.719644,-0.066303,-0.064913,-0.696558,-0.711475
64.450000,20.763414,-8.966037,11.742060,-0.063396,-0.061610,-0.694204,-0.714329
64.466667,20.640348,-8.961522,11.763346,-0.060496,-0.058421,-0.692202,-0.716787
64.483333,20.517254,-8.956322,11.783585,-0.057636,-0.055367,-0.690556,-0.718850
64.500000,20.394144,-8.950564,11.802817,-0.054827,-0.052448,-0.689265,-0.720526
64.516667,20.271029,-8.944371,11.821075,-0.052072,-0.049656,-0.688327,-0.721823
64.533333,20.147911,-8.937860,11.838362,-0.049407,-0.047017,-0.687761,-0.722726
64.550000,20.024908,-8.931160,11.854631,-0.046807,-0.044495,-0.687548,-0.723261
64.566667,19.901917,-8.924411,11.870025,-0.044263,-0.042076,-0.687684,-0.723437
64.583333,19.778943,-8.917726,11.884579,-0.041791,-0.039762,-0.688152,-0.723270
64.600000,19.655987,-8.911220,11.898319,-0.039394,-0.037551,-0.688947,-0.722766
64.616667,19.533055,-8.905000,11.911278,-0.037081,-0.035445,-0.690063,-0.721929
64.633333,19.410143,-8.899200,11.923449,-0.034877,-0.033460,-0.691492,-0.720766
64.650000,19.287378,-8.893960,11.934844,-0.032746,-0.031560,-0.693230,-0.719280
64.666667,19.164650,-8.889344,11.945553,-0.030680,-0.029732,-0.695289,-0.717459
64.683333,19.041964,-8.885451,11.955607,-0.028699,-0.027989,-0.697635,-0.715331
64.700000,18.919329,-8.882378,11.965036,-0.026800,-0.026325,-0.700258,-0.712900
64.716667,18.796753,-8.880222,11.973870,-0.024997,-0.024749,-0.703143,-0.710178
64.733333,18.674245,-8.879112,11.982115,-0.023290,-0.023260,-0.706268,-0.707179
64.750000,18.551942,-8.879206,11.989761,-0.021665,-0.021842,-0.709634,-0.703898
64.766667,18.429739,-8.880499,11.996901,-0.020111,-0.020483,-0.713278,-0.700294
64.783333,18.307654,-8.883074,12.003558,-0.018636,-0.019191,-0.717149,-0.696406
64.800000,18.185706,-8.887010,12.009755,-0.017242,-0.017964,-0.721230,-0.692248
64.816667,18.063915,-8.892383,12.015519,-0.015934,-0.016806,-0.725496,-0.687836
64.833333,17.942306,-8.899264,12.020871,-0.014719,-0.015725,-0.729913,-0.683201
64.850000,17.820916,-8.907884,12.025807,-0.013581,-0.014705,-0.734493,-0.678321
64.866667,17.699894,-8.918175,12.030377,-0.012516,-0.013744,-0.739224,-0.673203
64.883333,17.579143,-8.930175,12.034614,-0.011519,-0.012836,-0.744147,-0.667793
64.900000,17.458696,-8.943937,12.038541,-0.010597,-0.011990,-0.749190,-0.662161
64.916667,17.338588,-8.959510,12.042180,-0.009746,-0.011202,-0.754339,-0.656317
64.933333,17.218854,-8.976938,12.045561,-0.008974,-0.010481,-0.759533,-0.650322
64.950000,17.099531,-8.996262,12.048693,-0.008272,-0.009821,-0.764787,-0.644156
64.966667,16.980821,-9.017705,12.051579,-0.007632,-0.009215,-0.770095,-0.637817
64.983333,16.862606,-9.041103,12.054273,-0.007053,-0.008664,-0.775442,-0.631320
65.000000,16.744926,-9.066477,12.056786,-0.006534,-0.008168,-0.780852,-0.624628
65.016667,16.627819,-9.093840,12.059138,-0.006068,-0.007722,-0.786283,-0.617789
65.033333,16.511325,-9.123204,12.061358,-0.005656,-0.007330,-0.791686,-0.610858
65.050000,16.395484,-9.154573,12.063451,-0.005297,-0.006990,-0.796971,-0.603954
65.066667,16.280332,-9.187943,12.065434,-0.004976,-0.006685,-0.802162,-0.597049
65.083333,16.165955,-9.223456,12.067330,-0.004690,-0.006415,-0.807230,-0.590184
65.100000,16.052484,-9.260966,12.069143,-0.004435,-0.006174,-0.812151,-0.583398
65.116667,15.939789,-9.300365,12.070896,-0.004204,-0.005955,-0.816903,-0.576729
65.133333,15.827872,-9.341555,12.072587,-0.003996,-0.005758,-0.821495,-0.570173
65.150000,15.716727,-9.384435,12.074212,-0.003804,-0.005572,-0.825886,-0.563797
65.166667,15.606346,-9.428908,12.075778,-0.003626,-0.005397,-0.830024,-0.557690
65.183333,15.496721,-9.474888,12.077287,-0.003462,-0.005232,-0.833920,-0.551849
65.200000,15.387842,-9.522293,12.078743,-0.003304,-0.005066,-0.837600,-0.546251
65.216667,15.279743,-9.571142,12.080146,-0.003153,-0.004902,-0.841075,-0.540888
65.233333,15.172492,-9.621224,12.081486,-0.003010,-0.004744,-0.844360,-0.535747
65.250000,15.065947,-9.672497,12.082782,-0.002874,-0.004589,-0.847469,-0.530818
65.266667,14.960094,-9.724896,12.084036,-0.002745,-0.004437,-0.850414,-0.526089
65.283333,14.854917,-9.778358,12.085236,-0.002620,-0.004287,-0.853219,-0.521529
65.300000,14.750402,-9.832827,12.086392,-0.002502,-0.004141,-0.855853,-0.517197
65.316667,14.646535,-9.888250,12.087505,-0.002392,-0.004002,-0.858344,-0.513053
65.333333,14.543301,-9.944579,12.088574,-0.002286,-0.003864,-0.860709,-0.509077
65.350000,14.440690,-10.001772,12.089602,-0.002181,-0.003726,-0.862956,-0.505261
65.366667,14.338831,-10.059777,12.090588,-0.002084,-0.003594,-0.865091,-0.501597
65.383333,14.237558,-10.118542,12.091538,-0.001991,-0.003466,-0.867123,-0.498079
65.400000,14.136855,-10.178029,12.092452,-0.001901,-0.003339,-0.869055,-0.494701
65.416667,14.036710,-10.238199,12.093328,-0.001815,-0.003216,-0.870893,-0.491458
65.433333,13.937107,-10.299017,12.094166,-0.001733,-0.003096,-0.872647,-0.488339
65.450000,13.838033,-10.360451,12.094973,-0.001653,-0.002977,-0.874306,-0.485363
65.466667,13.739475,-10.422466,12.095749,-0.001575,-0.002859,-0.875888,-0.482504
65.483333,13.641417,-10.485031,12.096487,-0.001501,-0.002744,-0.877396,-0.479757
65.500000,13.543848,-10.548121,12.097196,-0.001430,-0.002634,-0.878834,-0.477118
65.516667,13.446767,-10.611724,12.097877,-0.001363,-0.002527,-0.880206,-0.474583
65.533333,13.350274,-10.675750,12.098521,-0.001297,-0.002421,-0.881515,-0.472149
65.550000,13.254227,-10.740214,12.099133,-0.001232,-0.002315,-0.882764,-0.469809
65.566667,13.158618,-10.805096,12.099720,-0.001170,-0.002212,-0.883957,-0.467561
65.583333,13.063434,-10.870372,12.100284,-0.001110,-0.002112,-0.885095,-0.465404
65.600000,12.968662,-10.936020,12.100822,-0.001052,-0.002012,-0.886177,-0.463341
65.616667,12.874292,-11.002021,12.101332,-0.000996,-0.001915,-0.887204,-0.461373
65.633333,12.780314,-11.068356,12.101813,-0.000942,-0.001821,-0.888188,-0.459475
65.650000,12.686717,-11.135004,12.102268,-0.000890,-0.001729,-0.889128,-0.457655
65.666667,12.593488,-11.201947,12.102700,-0.000838,-0.001637,-0.890024,-0.455910
65.683333,12.500619,-11.269169,12.103108,-0.000787,-0.001544,-0.890879,-0.454237
65.700000,12.408100,-11.336654,12.103488,-0.000738,-0.001453,-0.891694,-0.452637
65.716667,12.316037,-11.404328,12.103845,-0.000690,-0.001365,-0.892469,-0.451105
65.733333,12.224303,-11.472229,12.104185,-0.000644,-0.001279,-0.893208,-0.449641
65.750000,12.132886,-11.540343,12.104501,-0.000598,-0.001194,-0.893912,-0.448241
65.766667,12.041778,-11.608655,12.104791,-0.000554,-0.001109,-0.894580,-0.446905
65.783333,11.950968,-11.677149,12.105060,-0.000511,-0.001027,-0.895215,-0.445634
65.800000,11.860447,-11.745814,12.105309,-0.000469,-0.000945,-0.895811,-0.444434
65.816667,11.770208,-11.814637,12.105536,-0.000426,-0.000862,-0.896377,-0.443292
65.833333,11.680242,-11.883607,12.105743,-0.000385,-0.000781,-0.896912,-0.442208
65.850000,11.590540,-11.952708,12.105930,-0.000346,-0.000703,-0.897419,-0.441179
65.866667,11.501090,-12.021928,12.106096,-0.000307,-0.000626,-0.897898,-0.440204
65.883333,11.411886,-12.091255,12.106241,-0.000268,-0.000548,-0.898348,-0.439284
65.900000,11.322922,-12.160682,12.106366,-0.000230,-0.000472,-0.898771,-0.438419
65.916667,11.234188,-12.230196,12.106473,-0.000193,-0.000397,-0.899166,-0.437607
65.933333,11.145676,-12.299786,12.106564,-0.000157,-0.000322,-0.899535,-0.436848
65.950000,11.057481,-12.369365,12.106635,-0.000120,-0.000247,-0.899878,-0.436141
65.966667,10.969489,-12.438996,12.106685,-0.000083,-0.000172,-0.900196,-0.435486
65.983333,10.881693,-12.508669,12.106720,-0.000048,-0.000100,-0.900487,-0.434882
66.000000,10.794086,-12.578376,12.106738,-0.000014,-0.000029,-0.900754,-0.434330
66.016667,10.706660,-12.648104,12.106736,0.000021,0.000043,-0.900995,-0.433830
66.033333,10.619405,-12.717844,12.106713,0.000056,0.000116,-0.901210,-0.433383
66.050000,10.532314,-12.787585,12.106671,0.000090,0.000187,-0.901400,-0.432987
66.066667,10.445381,-12.857320,12.106615,0.000123,0.000257,-0.901567,-0.432640
66.083333,10.358597,-12.927038,12.106545,0.000157,0.000328,-0.901710,-0.432342
66.100000,10.271953,-12.996729,12.106457,0.000192,0.000400,-0.901828,-0.432095
66.116667,10.185441,-13.066381,12.106349,0.000225,0.000471,-0.901922,-0.431898
66.133333,10.099052,-13.135986,12.106224,0.000259,0.000540,-0.901992,-0.431753
66.150000,10.012782,-13.205535,12.106084,0.000291,0.000609,-0.902037,-0.431659
66.166667,9.926623,-13.275022,12.105927,0.000324,0.000677,-0.902057,-0.431616
66.183333,9.840565,-13.344433,12.105750,0.000357,0.000746,-0.902053,-0.431624
66.200000,9.754599,-13.413758,12.105554,0.000390,0.000816,-0.902024,-0.431685
66.216667,9.668716,-13.482985,12.105343,0.000424,0.000885,-0.901970,-0.431798
66.233333,9.582910,-13.552108,12.105120,0.000457,0.000954,-0.901889,-0.431966
66.250000,9.497175,-13.621119,12.104885,0.000490,0.001023,-0.901782,-0.432191
66.266667,9.411499,-13.690003,12.104630,0.000524,0.001092,-0.901647,-0.432472
66.283333,9.325970,-13.758672,12.104353,0.000557,0.001161,-0.901485,-0.432808
66.300000,9.240484,-13.827194,12.104061,0.000591,0.001230,-0.901296,-0.433201
66.316667,9.155032,-13.895559,12.103756,0.000626,0.001301,-0.901078,-0.433654
66.333333,9.069603,-13.963755,12.103432,0.000662,0.001373,-0.900829,-0.434171
66.350000,8.984190,-14.031770,12.103090,0.000697,0.001445,-0.900549,-0.434752
66.366667,8.898784,-14.099595,12.102729,0.000733,0.001515,-0.900238,-0.435394
66.383333,8.813376,-14.167218,12.102352,0.000768,0.001586,-0.899895,-0.436103
66.400000,8.727954,-14.234624,12.101960,0.000804,0.001656,-0.899518,-0.436879
66.416667,8.642508,-14.301799,12.101554,0.000841,0.001728,-0.899108,-0.437723
66.433333,8.557027,-14.368730,12.101129,0.000879,0.001800,-0.898665,-0.438631
66.450000,8.471504,-14.435407,12.100684,0.000916,0.001872,-0.898195,-0.439593
66.466667,8.385927,-14.501815,12.100224,0.000954,0.001944,-0.897703,-0.440595
66.483333,8.300285,-14.567939,12.099750,0.000992,0.002015,-0.897197,-0.441625
66.500000,8.214570,-14.633765,12.099257,0.001030,0.002087,-0.896681,-0.442672
66.516667,8.128778,-14.699292,12.098743,0.001068,0.002156,-0.896160,-0.443724
66.533333,8.042918,-14.764527,12.098211,0.001105,0.002224,-0.895643,-0.444767
66.550000,7.957001,-14.829485,12.097664,0.001142,0.002293,-0.895135,-0.445787
66.566667,7.871034,-14.894175,12.097103,0.001179,0.002361,-0.894644,-0.446773
66.583333,7.785023,-14.958603,12.096527,0.001213,0.002424,-0.894174,-0.447711
66.600000,7.698974,-15.022780,12.095937,0.001247,0.002484,-0.893733,-0.448591
66.616667,7.612901,-15.086720,12.095331,0.001279,0.002542,-0.893320,-0.449412
66.633333,7.526812,-15.150436,12.094709,0.001310,0.002599,-0.892935,-0.450175
66.650000,7.440713,-15.213938,12.094076,0.001340,0.002652,-0.892581,-0.450877
66.666667,7.354614,-15.277234,12.093435,0.001368,0.002703,-0.892260,-0.451512
66.683333,7.268526,-15.340344,12.092780,0.001394,0.002751,-0.891972,-0.452081
66.700000,7.182458,-15.403279,12.092111,0.001420,0.002797,-0.891718,-0.452580
66.716667,7.096417,-15.466048,12.091433,0.001443,0.002839,-0.891501,-0.453007
66.733333,7.010417,-15.528671,12.090749,0.001464,0.002879,-0.891323,-0.453358
66.750000,6.924469,-15.591164,12.090056,0.001485,0.002917,-0.891184,-0.453630
66.766667,6.838581,-15.653536,12.089355,0.001502,0.002950,-0.891085,-0.453824
66.783333,6.752765,-15.715807,12.088645,0.001517,0.002977,-0.891029,-0.453934
66.800000,6.667036,-15.777996,12.087929,0.001529,0.003001,-0.891019,-0.453953
66.816667,6.581406,-15.840121,12.087208,0.001540,0.003023,-0.891055,-0.453883
66.833333,6.495883,-15.902194,12.086483,0.001549,0.003042,-0.891137,-0.453721
66.850000,6.410480,-15.964233,12.085755,0.001554,0.003055,-0.891270,-0.453461
66.866667,6.325215,-16.026262,12.085028,0.001556,0.003062,-0.891453,-0.453100
66.883333,6.240100,-16.088300,12.084303,0.001556,0.003065,-0.891688,-0.452637
66.900000,6.155151,-16.150367,12.083575,0.001553,0.003064,-0.891978,-0.452065
66.916667,6.070379,-16.212480,12.082845,0.001547,0.003059,-0.892324,-0.451382
66.933333,5.985800,-16.274660,12.082123,0.001539,0.003050,-0.892728,-0.450582
66.950000,5.901431,-16.336931,12.081407,0.001528,0.003036,-0.893192,-0.449663
66.966667,5.817291,-16.399318,12.080693,0.001515,0.003018,-0.893716,-0.448621
66.983333,5.733396,-16.461842,12.079984,0.001497,0.002993,-0.894302,-0.447451
67.000000,5.649763,-16.524525,12.079282,0.001475,0.002959,-0.894953,-0.446149
67.016667,5.566410,-16.587391,12.078587,0.001451,0.002923,-0.895670,-0.444707
67.033333,5.483358,-16.650467,12.077904,0.001425,0.002883,-0.896455,-0.443124
67.050000,5.400629,-16.713778,12.077233,0.001394,0.002834,-0.897307,-0.441397
67.066667,5.318240,-16.777347,12.076577,0.001359,0.002777,-0.898228,-0.439519
67.083333,5.236216,-16.841202,12.075938,0.001319,0.002711,-0.899221,-0.437485
67.100000,5.154581,-16.905372,12.075313,0.001276,0.002640,-0.900286,-0.435289
67.116667,5.073356,-16.969881,12.074703,0.001230,0.002562,-0.901424,-0.432928
67.133333,4.992566,-17.034754,12.074116,0.001180,0.002475,-0.902635,-0.430397
67.150000,4.912238,-17.100023,12.073554,0.001127,0.002383,-0.903922,-0.427689
67.166667,4.832399,-17.165714,12.073017,0.001071,0.002281,-0.905283,-0.424801
67.183333,4.753077,-17.231855,12.072502,0.001009,0.002169,-0.906718,-0.421731
67.200000,4.674300,-17.298476,12.072012,0.000943,0.002048,-0.908228,-0.418470
67.216667,4.596101,-17.365603,12.071554,0.000876,0.001920,-0.909812,-0.415014
67.233333,4.518510,-17.433268,12.071124,0.000804,0.001782,-0.911470,-0.411361
67.250000,4.441559,-17.501493,12.070730,0.000729,0.001635,-0.913200,-0.407507
67.266667,4.365280,-17.570307,12.070376,0.000651,0.001478,-0.915002,-0.403447
67.283333,4.289711,-17.639740,12.070055,0.000571,0.001311,-0.916873,-0.399176
67.300000,4.214885,-17.709816,12.069769,0.000485,0.001130,-0.918820,-0.394676
67.316667,4.140840,-17.780560,12.069531,0.000399,0.000941,-0.920833,-0.389955
67.333333,4.067612,-17.851997,12.069339,0.000309,0.000741,-0.922910,-0.385015
67.350000,3.995242,-17.924151,12.069187,0.000218,0.000530,-0.925046,-0.379854
67.366667,3.923771,-17.997048,12.069081,0.000125,0.000309,-0.927237,-0.374475
67.383333,3.853268,-18.070733,12.069035,0.000029,0.000073,-0.929479,-0.368876
67.400000,3.783679,-18.145283,12.069033,-0.000067,-0.000171,-0.931767,-0.363057
67.416667,3.715117,-18.220635,12.069089,-0.000162,-0.000423,-0.934096,-0.357022
67.433333,3.647623,-18.296803,12.069205,-0.000259,-0.000690,-0.936460,-0.350773
67.450000,3.581239,-18.373802,12.069375,-0.000356,-0.000971,-0.938853,-0.344318
67.466667,3.516006,-18.451641,12.069610,-0.000450,-0.001254,-0.941260,-0.337679
67.483333,3.451967,-18.530330,12.069904,-0.000544,-0.001550,-0.943683,-0.330847
67.500000,3.389161,-18.609875,12.070260,-0.000635,-0.001857,-0.946114,-0.323828
67.516667,3.327630,-18.690279,12.070685,-0.000725,-0.002171,-0.948546,-0.316632
67.533333,3.267411,-18.771541,12.071180,-0.000811,-0.002494,-0.950971,-0.309269
67.550000,3.208538,-18.853656,12.071739,-0.000894,-0.002825,-0.953382,-0.301750
67.566667,3.151048,-18.936621,12.072362,-0.000974,-0.003166,-0.955772,-0.294090
67.583333,3.094974,-19.020428,12.073061,-0.001049,-0.003512,-0.958133,-0.286299
67.600000,3.040348,-19.105063,12.073834,-0.001119,-0.003861,-0.960458,-0.278395
67.616667,2.987198,-19.190514,12.074673,-0.001184,-0.004214,-0.962737,-0.270403
67.633333,2.935548,-19.276763,12.075589,-0.001243,-0.004571,-0.964959,-0.262359
67.650000,2.885419,-19.363789,12.076580,-0.001297,-0.004931,-0.967113,-0.254296
67.666667,2.836832,-19.451571,12.077640,-0.001343,-0.005285,-0.969204,-0.246200
67.683333,2.789801,-19.540084,12.078771,-0.001381,-0.005631,-0.971213,-0.238143
67.700000,2.744314,-19.629291,12.079976,-0.001413,-0.005974,-0.973134,-0.230159
67.716667,2.700342,-19.719144,12.081248,-0.001438,-0.006306,-0.974963,-0.222274
67.733333,2.657860,-19.809604,12.082586,-0.001455,-0.006627,-0.976699,-0.214507
67.750000,2.616925,-19.900667,12.083986,-0.001467,-0.006937,-0.978340,-0.206883
67.766667,2.577387,-19.992344,12.085439,-0.001472,-0.007232,-0.979886,-0.199421
67.783333,2.539257,-20.084509,12.086951,-0.001471,-0.007511,-0.981341,-0.192121
67.800000,2.502507,-20.177128,12.088513,-0.001464,-0.007777,-0.982711,-0.184978
67.816667,2.467114,-20.270171,12.090126,-0.001452,-0.008026,-0.983999,-0.177988
67.833333,2.433051,-20.363607,12.091784,-0.001436,-0.008263,-0.985202,-0.171192
67.850000,2.400292,-20.457407,12.093482,-0.001416,-0.008490,-0.986334,-0.164533
67.866667,2.368815,-20.551545,12.095221,-0.001393,-0.008703,-0.987399,-0.158007
67.883333,2.338597,-20.645995,12.096996,-0.001365,-0.008902,-0.988400,-0.151608
67.900000,2.309615,-20.740735,12.098804,-0.001335,-0.009086,-0.989340,-0.145333
67.916667,2.281845,-20.835739,12.100648,-0.001301,-0.009260,-0.990224,-0.139175
67.933333,2.255268,-20.930989,12.102524,-0.001266,-0.009428,-0.991058,-0.133089
67.950000,2.229865,-21.026463,12.104429,-0.001228,-0.009584,-0.991842,-0.127104
67.966667,2.205615,-21.122143,12.106357,-0.001188,-0.009726,-0.992577,-0.121223
67.983333,2.182498,-21.218010,12.108305,-0.001146,-0.009862,-0.993265,-0.115438
68.000000,2.160499,-21.314047,12.110278,-0.001103,-0.009986,-0.993909,-0.109745
68.016667,2.139677,-21.410254,12.112278,-0.001057,-0.010098,-0.994511,-0.104140
68.033333,2.119926,-21.506686,12.114297,-0.001011,-0.010200,-0.995072,-0.098620
68.050000,2.101242,-21.603239,12.116325,-0.000963,-0.010295,-0.995596,-0.093179
68.066667,2.083612,-21.699899,12.118374,-0.000915,-0.010382,-0.996083,-0.087810
68.083333,2.067022,-21.796654,12.120436,-0.000866,-0.010457,-0.996535,-0.082513
68.100000,2.051456,-21.893490,12.122506,-0.000816,-0.010522,-0.996950,-0.077323
68.116667,2.036902,-21.990395,12.124584,-0.000766,-0.010579,-0.997334,-0.072194
68.133333,2.023349,-22.087358,12.126673,-0.000715,-0.010627,-0.997688,-0.067123
68.150000,2.010784,-22.184368,12.128767,-0.000664,-0.010666,-0.998013,-0.062088
68.166667,1.999197,-22.281414,12.130863,-0.000612,-0.010697,-0.998312,-0.057074
68.183333,1.988578,-22.378485,12.132965,-0.000559,-0.010721,-0.998584,-0.052106
68.200000,1.978917,-22.475572,12.135071,-0.000507,-0.010736,-0.998829,-0.047180
68.216667,1.970206,-22.572666,12.137167,-0.000455,-0.010745,-0.999047,-0.042293
68.233333,1.962470,-22.669760,12.139267,-0.000403,-0.010745,-0.999241,-0.037440
68.250000,1.955715,-22.766926,12.141369,-0.000350,-0.010737,-0.999410,-0.032619
68.266667,1.949889,-22.864070,12.143462,-0.000298,-0.010721,-0.999555,-0.027825
68.283333,1.944985,-22.961183,12.145550,-0.000247,-0.010695,-0.999677,-0.023056
68.300000,1.940999,-23.058256,12.147634,-0.000195,-0.010665,-0.999775,-0.018308
68.316667,1.937924,-23.155282,12.149709,-0.000144,-0.010622,-0.999851,-0.013594
68.333333,1.935757,-23.252253,12.151771,-0.000094,-0.010571,-0.999904,-0.008920
68.350000,1.934493,-23.349161,12.153821,-0.000045,-0.010513,-0.999936,-0.004238
68.366667,1.934130,-23.445997,12.155860,0.000005,-0.010450,-0.999945,0.000470
68.383333,1.934665,-23.542756,12.157879,0.000054,-0.010375,-0.999933,0.005176
68.400000,1.936097,-23.639428,12.159881,0.000102,-0.010290,-0.999898,0.009884
68.416667,1.938424,-23.736007,12.161864,0.000149,-0.010197,-0.999841,0.014596
68.433333,1.941680,-23.832483,12.163830,0.000195,-0.010094,-0.999762,0.019317
68.450000,1.945896,-23.928922,12.165779,0.000240,-0.009982,-0.999661,0.024050
68.466667,1.951011,-24.025241,12.167703,0.000284,-0.009865,-0.999536,0.028800
68.483333,1.957027,-24.121434,12.169601,0.000327,-0.009738,-0.999389,0.033570
68.500000,1.963945,-24.217491,12.171470,0.000369,-0.009601,-0.999218,0.038364
68.516667,1.971769,-24.313406,12.173309,0.000409,-0.009454,-0.999023,0.043170
68.533333,1.980502,-24.409168,12.175119,0.000447,-0.009296,-0.998804,0.047998
68.550000,1.990149,-24.504771,12.176901,0.000484,-0.009128,-0.998558,0.052904
68.566667,2.000716,-24.600204,12.178648,0.000519,-0.008949,-0.998285,0.057853
68.583333,2.012208,-24.695460,12.180358,0.000552,-0.008760,-0.997984,0.062850
68.600000,2.024633,-24.790528,12.182032,0.000583,-0.008560,-0.997655,0.067900
68.616667,2.038036,-24.885394,12.183668,0.000611,-0.008347,-0.997296,0.073010
68.633333,2.052474,-24.980108,12.185261,0.000637,-0.008121,-0.996906,0.078183
68.650000,2.067875,-25.074600,12.186807,0.000660,-0.007882,-0.996483,0.083426
68.666667,2.084250,-25.168858,12.188305,0.000680,-0.007631,-0.996025,0.088746
68.683333,2.101611,-25.262872,12.189755,0.000697,-0.007369,-0.995531,0.094148
68.700000,2.119971,-25.356627,12.191152,0.000710,-0.007090,-0.995000,0.099624
68.716667,2.139344,-25.450110,12.192494,0.000719,-0.006790,-0.994424,0.105234
68.733333,2.159745,-25.543308,12.193779,0.000723,-0.006477,-0.993805,0.110951
68.750000,2.181190,-25.636205,12.195004,0.000723,-0.006148,-0.993138,0.116783
68.766667,2.203698,-25.728785,12.196173,0.000717,-0.005801,-0.992422,0.122739
68.783333,2.227294,-25.821029,12.197273,0.000707,-0.005439,-0.991653,0.128821
68.800000,2.252143,-25.912944,12.198289,0.000690,-0.005063,-0.990829,0.135025
68.816667,2.278124,-26.004480,12.199235,0.000667,-0.004674,-0.989950,0.141342
68.833333,2.305260,-26.095614,12.200101,0.000638,-0.004272,-0.989014,0.147762
68.850000,2.333578,-26.186323,12.200887,0.000603,-0.003860,-0.988020,0.154276
68.866667,2.363090,-26.276586,12.201591,0.000561,-0.003444,-0.986965,0.160897
68.883333,2.393800,-26.366386,12.202213,0.000514,-0.003026,-0.985854,0.167579
68.900000,2.425705,-26.455704,12.202754,0.000462,-0.002609,-0.984687,0.174311
68.916667,2.458800,-26.544527,12.203210,0.000404,-0.002196,-0.983466,0.181078
68.933333,2.493083,-26.632837,12.203590,0.000342,-0.001789,-0.982194,0.187861
68.950000,2.528600,-26.720596,12.203894,0.000276,-0.001390,-0.980872,0.194650
68.966667,2.565421,-26.807816,12.204110,0.000206,-0.001002,-0.979501,0.201437
68.983333,2.603413,-26.894469,12.204256,0.000133,-0.000626,-0.978082,0.208218
69.000000,2.642566,-26.980541,12.204330,0.000059,-0.000266,-0.976616,0.214990
69.016667,2.682870,-27.066017,12.204335,-0.000019,0.000084,-0.975104,0.221750
69.033333,2.724317,-27.150884,12.204272,-0.000099,0.000421,-0.973531,0.228554
69.050000,2.766897,-27.235127,12.204147,-0.000179,0.000740,-0.971927,0.235281
69.066667,2.810599,-27.318735,12.203965,-0.000260,0.001042,-0.970281,0.241980
69.083333,2.855409,-27.401694,12.203725,-0.000341,0.001327,-0.968592,0.248651
69.100000,2.901321,-27.483990,12.203427,-0.000421,0.001593,-0.966864,0.255288
69.116667,2.948467,-27.565526,12.203078,-0.000500,0.001841,-0.965096,0.261888
69.133333,2.996707,-27.646418,12.202674,-0.000577,0.002072,-0.963292,0.268446
69.150000,3.045999,-27.726612,12.202232,-0.000652,0.002280,-0.961452,0.274962
69.166667,3.096333,-27.806097,12.201749,-0.000724,0.002468,-0.959578,0.281431
69.183333,3.147689,-27.884866,12.201231,-0.000792,0.002634,-0.957646,0.287935
69.200000,3.200051,-27.962913,12.200680,-0.000855,0.002775,-0.955710,0.294295
69.216667,3.253403,-28.040227,12.200101,-0.000910,0.002888,-0.953746,0.300599
69.233333,3.307732,-28.116803,12.199505,-0.000959,0.002976,-0.951756,0.306841
69.250000,3.363017,-28.192635,12.198890,-0.001001,0.003036,-0.949742,0.313018
69.266667,3.419404,-28.267651,12.198260,-0.001034,0.003070,-0.947706,0.319127
69.283333,3.476706,-28.341912,12.197624,-0.001058,0.003076,-0.945651,0.325167
69.300000,3.534909,-28.415412,12.196990,-0.001069,0.003045,-0.943578,0.331134
69.316667,3.593989,-28.488151,12.196365,-0.001069,0.002985,-0.941483,0.337046
69.333333,3.653930,-28.560127,12.195753,-0.001055,0.002890,-0.939353,0.342939
69.350000,3.714712,-28.631338,12.195157,-0.001024,0.002753,-0.937244,0.348662
69.366667,3.776317,-28.701785,12.194585,-0.000978,0.002580,-0.935128,0.354300
69.383333,3.838724,-28.771469,12.194055,-0.000912,0.002366,-0.933007,0.359848
69.400000,3.901947,-28.840361,12.193568,-0.000827,0.002108,-0.930884,0.365307
69.416667,3.966043,-28.908442,12.193131,-0.000720,0.001805,-0.928762,0.370672
69.433333,4.030874,-28.975768,12.192762,-0.000590,0.001453,-0.926644,0.375938
69.450000,4.096422,-29.042343,12.192464,-0.000433,0.001051,-0.924531,0.381105
69.466667,4.162666,-29.108172,12.192249,-0.000243,0.000581,-0.922408,0.386217
69.483333,4.229586,-29.173260,12.192132,-0.000019,0.000045,-0.920300,0.391213
69.500000,4.297163,-29.237616,12.192122,0.000242,-0.000562,-0.918236,0.396034
69.516667,4.365371,-29.301252,12.192228,0.000542,-0.001240,-0.916194,0.400732
69.533333,4.434194,-29.364172,12.192463,0.000888,-0.002002,-0.914180,0.405302
69.550000,4.503674,-29.426316,12.192880,0.001282,-0.002854,-0.912199,0.409735
69.566667,4.573763,-29.487769,12.193476,0.001732,-0.003807,-0.910259,0.414018
69.583333,4.644386,-29.548554,12.194272,0.002247,-0.004880,-0.908365,0.418144
69.600000,4.715517,-29.608692,12.195287,0.002839,-0.006097,-0.906516,0.422117
69.616667,4.787134,-29.668198,12.196546,0.003528,-0.007495,-0.904727,0.425912
69.633333,4.859207,-29.727097,12.198080,0.004299,-0.009040,-0.903030,0.429461
69.650000,4.931701,-29.785421,12.199925,0.005141,-0.010706,-0.901396,0.432832
69.666667,5.004591,-29.843193,12.202128,0.006037,-0.012457,-0.899800,0.436084
69.683333,5.077860,-29.900420,12.204750,0.006965,-0.014243,-0.898219,0.439261
69.700000,5.151480,-29.957170,12.207883,0.007895,-0.016002,-0.896634,0.442412
69.716667,5.225385,-30.013474,12.211509,0.008790,-0.017657,-0.895023,0.445584
69.733333,5.299598,-30.069298,12.215572,0.009603,-0.019112,-0.893344,0.448864
69.750000,5.374148,-30.124599,12.220019,0.010252,-0.020205,-0.891546,0.452363
69.766667,5.449072,-30.179326,12.224769,0.010652,-0.020777,-0.889630,0.456085
69.783333,5.524410,-30.233424,12.229716,0.010693,-0.020628,-0.887556,0.460114
69.800000,5.600199,-30.286844,12.234735,0.010273,-0.019578,-0.885281,0.464530
69.816667,5.676514,-30.339481,12.239662,0.009272,-0.017440,-0.882787,0.469358
69.833333,5.753486,-30.391187,12.244211,0.007549,-0.013998,-0.880052,0.474611
69.850000,5.831088,-30.441957,12.248105,0.004942,-0.009025,-0.877055,0.480280
69.866667,5.909367,-30.491702,12.251015,0.001262,-0.002267,-0.873762,0.486346
69.883333,5.988363,-30.540322,12.252539,-0.003854,0.006804,-0.870080,0.492849
69.900000,6.068092,-30.587708,12.252213,-0.010407,0.018043,-0.866050,0.499524
69.916667,6.148539,-30.633747,12.249507,-0.018463,0.031430,-0.861664,0.506168
69.933333,6.229641,-30.678316,12.243838,-0.028033,0.046856,-0.856860,0.512650
69.950000,6.311274,-30.721268,12.234520,-0.039050,0.064102,-0.851607,0.518778
69.966667,6.393209,-30.762242,12.220273,-0.051359,0.082850,-0.845895,0.524367
69.983333,6.475011,-30.801397,12.201208,-0.064723,0.102694,-0.839741,0.529245
70.000000,6.556294,-30.838711,12.177070,-0.078846,0.123188,-0.833197,0.533284
70.016667,6.636679,-30.874216,12.147819,-0.093509,0.144057,-0.826322,0.536373
70.033333,6.715832,-30.907995,12.113606,-0.108077,0.164420,-0.819300,0.538547
70.050000,6.793492,-30.940180,12.074739,-0.121914,0.183452,-0.812406,0.539888
70.066667,6.869488,-30.970947,12.031644,-0.134851,0.200940,-0.805667,0.540684
70.083333,6.943736,-31.000469,11.984782,-0.146646,0.216580,-0.799216,0.541149
70.100000,7.016002,-31.028823,11.934244,-0.157156,0.230191,-0.793152,0.541501
70.116667,7.086794,-31.056290,11.881221,-0.166320,0.241692,-0.787539,0.541945
70.133333,7.156455,-31.082885,11.826299,-0.174152,0.251077,-0.782388,0.542679
70.150000,7.225295,-31.108634,11.769964,-0.180738,0.258384,-0.777624,0.543942
70.166667,7.293584,-31.133549,11.712598,-0.186125,0.263691,-0.773257,0.545800
70.183333,7.361547,-31.157642,11.654502,-0.190276,0.266927,-0.769297,0.548386
70.200000,7.429380,-31.180935,11.595934,-0.193530,0.268576,-0.765567,0.551652
70.216667,7.497263,-31.203424,11.537113,-0.196004,0.268881,-0.762040,0.555500
70.233333,7.565391,-31.224992,11.478231,-0.197793,0.268044,-0.758687,0.559844
70.250000,7.633884,-31.245780,11.419494,-0.198961,0.266227,-0.755487,0.564603
70.266667,7.702842,-31.265782,11.361033,-0.199551,0.263546,-0.752426,0.569718
70.283333,7.772362,-31.284993,11.302973,-0.199568,0.259997,-0.749440,0.575252
70.300000,7.842532,-31.303406,11.245431,-0.199051,0.255756,-0.746565,0.581041
70.316667,7.913436,-31.321016,11.188515,-0.198003,0.250916,-0.743838,0.586976
70.333333,7.985146,-31.337818,11.132323,-0.196476,0.245538,-0.741185,0.593087
70.350000,8.057734,-31.353801,11.076962,-0.194474,0.239658,-0.738599,0.599346
70.366667,8.131377,-31.368799,11.022729,-0.191999,0.233316,-0.736071,0.605722
70.383333,8.206017,-31.382947,10.969564,-0.189053,0.226546,-0.733597,0.612186
70.400000,8.281695,-31.396231,10.917559,-0.185641,0.219377,-0.731161,0.618720
70.416667,8.358446,-31.408632,10.866802,-0.181695,0.211719,-0.728730,0.625391
70.433333,8.436300,-31.420130,10.817390,-0.177270,0.203694,-0.726317,0.632098
70.450000,8.515282,-31.430711,10.769416,-0.172440,0.195458,-0.723961,0.638703
70.466667,8.595408,-31.440364,10.722974,-0.167172,0.186947,-0.721608,0.645280
70.483333,8.676691,-31.449058,10.678156,-0.161477,0.178184,-0.719250,0.651809
70.500000,8.759261,-31.456663,10.635291,-0.155365,0.169198,-0.716880,0.658269
70.516667,8.842888,-31.463244,10.594357,-0.148852,0.160016,-0.714489,0.664638
70.533333,8.927628,-31.468828,10.555330,-0.141957,0.150667,-0.712067,0.670901
70.550000,9.013462,-31.473405,10.518291,-0.134696,0.141177,-0.709610,0.677037
70.566667,9.100359,-31.476964,10.483314,-0.126992,0.131448,-0.707079,0.683106
70.583333,9.188283,-31.479499,10.450468,-0.119068,0.121764,-0.704533,0.688934
70.600000,9.277192,-31.481001,10.419812,-0.110898,0.112078,-0.701945,0.694560
70.616667,9.367040,-31.481464,10.391404,-0.102521,0.102421,-0.699302,0.699983
70.633333,9.457777,-31.480901,10.365302,-0.094029,0.092887,-0.696611,0.705170
70.650000,9.549415,-31.479165,10.341856,-0.085522,0.083570,-0.693881,0.710093
70.666667,9.641608,-31.476421,10.320831,-0.077098,0.074550,-0.691122,0.714737
70.683333,9.734473,-31.472674,10.302179,-0.068848,0.065905,-0.688351,0.719089
70.700000,9.827933,-31.467951,10.285828,-0.060856,0.057695,-0.685585,0.723147
70.716667,9.921907,-31.462311,10.271619,-0.053206,0.049980,-0.682835,0.726916
70.733333,10.016326,-31.455808,10.259373,-0.046054,0.042888,-0.680155,0.730362
70.750000,10.111132,-31.448488,10.248917,-0.039396,0.036389,-0.677531,0.733536
70.766667,10.206280,-31.440400,10.240087,-0.033276,0.030499,-0.674985,0.736449
70.783333,10.301735,-31.431584,10.232740,-0.027708,0.025211,-0.672526,0.739125
70.800000,10.397471,-31.422077,10.226730,-0.022675,0.020491,-0.670156,0.741591
70.816667,10.493466,-31.411874,10.222021,-0.018145,0.016291,-0.667878,0.743872
70.833333,10.589442,-31.401063,10.218402,-0.014090,0.012573,-0.665688,0.745991
70.850000,10.685647,-31.389673,10.215719,-0.010481,0.009299,-0.663583,0.747971
70.866667,10.782076,-31.377720,10.213871,-0.007299,0.006440,-0.661562,0.749827
70.883333,10.878728,-31.365232,10.212752,-0.004519,0.003966,-0.659624,0.751572
70.900000,10.975605,-31.352232,10.212274,-0.002159,0.001886,-0.657778,0.753206
70.916667,11.072709,-31.338735,10.212346,-0.000166,0.000144,-0.656017,0.754746
70.933333,11.170043,-31.324752,10.212878,0.001487,-0.001286,-0.654321,0.756214
70.950000,11.267612,-31.310303,10.213786,0.002810,-0.002421,-0.652691,0.757616
70.966667,11.365423,-31.295404,10.214991,0.003814,-0.003272,-0.651116,0.758961
70.983333,11.463481,-31.280062,10.216408,0.004502,-0.003846,-0.649601,0.760252
71.000000,11.561795,-31.264297,10.217970,0.004881,-0.004155,-0.648142,0.761493
71.016667,11.660370,-31.248113,10.219591,0.004965,-0.004210,-0.646733,0.762689
71.033333,11.759214,-31.231515,10.221201,0.004750,-0.004014,-0.645375,0.763840
71.050000,11.858331,-31.214507,10.222715,0.004242,-0.003571,-0.644062,0.764953
71.066667,11.957393,-31.197168,10.224045,0.003445,-0.002891,-0.642791,0.766028
71.083333,12.056739,-31.179450,10.225126,0.002354,-0.001969,-0.641560,0.767067
71.100000,12.156371,-31.161352,10.225894,0.000969,-0.000808,-0.640362,0.768072
71.116667,12.256298,-31.142893,10.226260,-0.000713,0.000592,-0.639200,0.769040
71.133333,12.356522,-31.124075,10.226145,-0.002693,0.002232,-0.638070,0.769971
71.150000,12.457043,-31.104898,10.225483,-0.004968,0.004105,-0.636964,0.770867
71.166667,12.557865,-31.085379,10.224181,-0.007549,0.006220,-0.635878,0.771728
71.183333,12.658985,-31.065513,10.222153,-0.010449,0.008586,-0.634810,0.772550
71.200000,12.760400,-31.045313,10.219313,-0.013672,0.011204,-0.633751,0.773335
71.216667,12.862106,-31.024780,10.215568,-0.017228,0.014081,-0.632698,0.774079
71.233333,12.964094,-31.003919,10.210832,-0.021131,0.017227,-0.631648,0.774776
71.250000,13.066355,-30.982740,10.204999,-0.025389,0.020647,-0.630590,0.775426
71.266667,13.168874,-30.961247,10.197969,-0.030018,0.024351,-0.629524,0.776019
71.283333,13.271634,-30.939447,10.189634,-0.035030,0.028348,-0.628440,0.776552
71.300000,13.374612,-30.917350,10.179880,-0.040436,0.032647,-0.627331,0.777017
71.316667,13.477784,-30.894967,10.168597,-0.046260,0.037262,-0.626191,0.777404
71.333333,13.581116,-30.872304,10.155663,-0.052513,0.042202,-0.625007,0.777707
71.350000,13.684571,-30.849377,10.140945,-0.059208,0.047476,-0.623774,0.777912
71.366667,13.788105,-30.826200,10.124319,-0.066365,0.053098,-0.622482,0.778005
71.383333,13.891663,-30.802783,10.105650,-0.073991,0.059072,-0.621116,0.777979
71.400000,13.995185,-30.779145,10.084791,-0.082106,0.065411,-0.619662,0.777817
71.416667,14.098601,-30.755304,10.061602,-0.090706,0.072111,-0.618114,0.777501
71.433333,14.201833,-30.731285,10.035941,-0.099725,0.079119,-0.616465,0.777024
71.450000,14.304788,-30.707119,10.007650,-0.109076,0.086366,-0.614728,0.776372
71.466667,14.407366,-30.682823,9.976597,-0.118702,0.093811,-0.612908,0.775535
71.483333,14.509450,-30.658427,9.942623,-0.128488,0.101365,-0.611019,0.774514
71.500000,14.610931,-30.633973,9.905627,-0.138298,0.108927,-0.609086,0.773319
71.516667,14.711745,-30.609490,9.865656,-0.148029,0.116423,-0.607135,0.771958
71.533333,14.811864,-30.585025,9.822828,-0.157567,0.123770,-0.605193,0.770451
71.550000,14.911225,-30.560620,9.777168,-0.166812,0.130900,-0.603296,0.768812
71.566667,15.010232,-30.536209,9.728697,-0.175650,0.137735,-0.601489,0.767064
71.583333,15.108521,-30.511907,9.677761,-0.183991,0.144215,-0.599803,0.765236
71.600000,15.206110,-30.487754,9.624494,-0.191800,0.150322,-0.598266,0.763344
71.616667,15.303029,-30.463767,9.569041,-0.199067,0.156054,-0.596889,0.761408
71.633333,15.399314,-30.439974,9.511537,-0.205747,0.161386,-0.595705,0.759446
71.650000,15.495015,-30.416405,9.452125,-0.211884,0.166357,-0.594710,0.757463
71.666667,15.590182,-30.393078,9.390937,-0.217504,0.171000,-0.593928,0.755447
71.683333,15.684872,-30.370011,9.328108,-0.222565,0.175281,-0.593366,0.753431
71.700000,15.779151,-30.347218,9.263768,-0.227072,0.179208,-0.593032,0.751423
71.716667,15.873092,-30.324734,9.198048,-0.231027,0.182786,-0.592938,0.749427
71.733333,15.966758,-30.302560,9.131065,-0.234436,0.186020,-0.593086,0.747452
71.750000,16.060540,-30.280681,9.062633,-0.237303,0.188914,-0.593485,0.745503
71.766667,16.154223,-30.259161,8.993207,-0.239631,0.191470,-0.594138,0.743583
71.783333,16.247887,-30.238005,8.922909,-0.241419,0.193692,-0.595061,0.741689
71.800000,16.341626,-30.217243,8.851862,-0.242661,0.195574,-0.596264,0.739821
71.816667,16.435527,-30.196890,8.780189,-0.243357,0.197108,-0.597739,0.737993
71.833333,16.529684,-30.176966,8.708011,-0.243491,0.198267,-0.599483,0.736222
71.850000,16.624188,-30.157484,8.635453,-0.243088,0.199071,-0.601495,0.734495
71.866667,16.719145,-30.138491,8.562646,-0.242148,0.199508,-0.603774,0.732815
71.883333,16.815007,-30.119959,8.489489,-0.240654,0.199563,-0.606331,0.731179
71.900000,16.911530,-30.101944,8.416370,-0.238555,0.199196,-0.609204,0.729577
71.916667,17.008817,-30.084471,8.343430,-0.235892,0.198409,-0.612344,0.728027
71.933333,17.106970,-30.067567,8.270813,-0.232658,0.197183,-0.615749,0.726528
71.950000,17.206087,-30.051246,8.198669,-0.228853,0.195497,-0.619402,0.725085
71.966667,17.306297,-30.035567,8.127188,-0.224475,0.193330,-0.623290,0.723702
71.983333,17.408112,-30.020569,8.056414,-0.219409,0.190595,-0.627488,0.722352
72.000000,17.511222,-30.006268,7.986668,-0.213715,0.187302,-0.631932,0.721045
72.016667,17.615724,-29.992697,7.918138,-0.207410,0.183439,-0.636592,0.719779
72.033333,17.721710,-29.979900,7.851024,-0.200490,0.178980,-0.641455,0.718544
72.050000,17.829262,-29.967898,7.785534,-0.192951,0.173894,-0.646494,0.717340
72.066667,17.938639,-29.956860,7.722177,-0.184662,0.168057,-0.651755,0.716151
72.083333,18.050110,-29.946705,7.660813,-0.175759,0.161546,-0.657144,0.714964
72.100000,18.163374,-29.937498,7.601845,-0.166260,0.154348,-0.662625,0.713766
72.116667,18.278470,-29.929280,7.545524,-0.156219,0.146486,-0.668147,0.712542
72.133333,18.395443,-29.922106,7.492154,-0.145607,0.137923,-0.673719,0.711252
72.150000,18.514817,-29.916138,7.442314,-0.134717,0.128885,-0.679171,0.709906
72.166667,18.636026,-29.911302,7.395983,-0.123645,0.119455,-0.684472,0.708478
72.183333,18.759013,-29.907620,7.353402,-0.112502,0.109736,-0.689573,0.706958
72.200000,18.883669,-29.905099,7.314690,-0.101296,0.099740,-0.694484,0.705324
72.216667,19.009942,-29.903857,7.280232,-0.090190,0.089622,-0.699148,0.703581
72.233333,19.137880,-29.903764,7.249558,-0.079470,0.079664,-0.703469,0.701762
72.250000,19.266956,-29.904750,7.222478,-0.069109,0.069862,-0.707486,0.699862
72.266667,19.397030,-29.906778,7.198881,-0.059080,0.060212,-0.711243,0.697866
72.283333,19.528022,-29.909927,7.179009,-0.049505,0.050851,-0.714717,0.695804
72.300000,19.660070,-29.914113,7.162512,-0.040535,0.041946,-0.717872,0.693727
72.316667,19.792733,-29.919243,7.149120,-0.032036,0.033387,-0.720784,0.691614
72.333333,19.925921,-29.925279,7.138715,-0.023870,0.025049,-0.723510,0.689446
72.350000,20.059559,-29.932316,7.131571,-0.016126,0.017035,-0.726031,0.687261
72.366667,20.193817,-29.940238,7.127243,-0.008875,0.009435,-0.728343,0.685091
72.383333,20.328349,-29.948973,7.125542,-0.001977,0.002115,-0.730504,0.682903
72.400000,20.463092,-29.958526,7.126420,0.004607,-0.004957,-0.732530,0.680701
72.416667,20.598217,-29.968976,7.130079,0.010853,-0.011748,-0.734426,0.678500
72.433333,20.733436,-29.980155,7.136038,0.016701,-0.018179,-0.736186,0.676329
72.450000,20.868709,-29.992056,7.144203,0.022306,-0.024414,-0.737858,0.674145
72.466667,21.003970,-30.004736,7.154712,0.027629,-0.030404,-0.739442,0.671966
72.483333,21.139394,-30.018152,7.167397,0.032674,-0.036144,-0.740939,0.669802
72.500000,21.274756,-30.032223,7.182013,0.037447,-0.041637,-0.742362,0.667655
72.516667,21.410014,-30.046975,7.198549,0.041998,-0.046935,-0.743733,0.665503
72.533333,21.545281,-30.062450,7.217140,0.046329,-0.052034,-0.745048,0.663362
72.550000,21.680397,-30.078545,7.237426,0.050432,-0.056921,-0.746316,0.661233
72.566667,21.815342,-30.095249,7.259339,0.054334,-0.061624,-0.747548,0.659107
72.583333,21.950044,-30.112628,7.283055,0.058049,-0.066158,-0.748753,0.656980
72.600000,22.084650,-30.130638,7.308322,0.061592,-0.070534,-0.749930,0.654856
72.616667,22.219024,-30.149218,7.335017,0.064941,-0.074727,-0.751094,0.652730
72.633333,22.353108,-30.168440,7.363230,0.068130,-0.078775,-0.752245,0.650600
72.650000,22.486985,-30.188281,7.392871,0.071173,-0.082691,-0.753394,0.648455
72.666667,22.620575,-30.208697,7.423763,0.074050,-0.086453,-0.754551,0.646293
72.683333,22.753840,-30.229708,7.455937,0.076777,-0.090078,-0.755711,0.644122
72.700000,22.886793,-30.251374,7.489407,0.079367,-0.093582,-0.756888,0.641922
72.716667,23.019410,-30.273610,7.523969,0.081824,-0.096972,-0.758100,0.639677
72.733333,23.151668,-30.296446,7.559608,0.084127,-0.100221,-0.759338,0.637404
72.750000,23.283511,-30.319968,7.596407,0.086307,-0.103365,-0.760610,0.635090
72.766667,23.414978,-30.344091,7.634148,0.088379,-0.106430,-0.761934,0.632707
72.783333,23.546052,-30.368836,7.672791,0.090328,-0.109388,-0.763287,0.630292
72.800000,23.676639,-30.394326,7.712436,0.092189,-0.112283,-0.764673,0.627829
72.816667,23.806685,-30.420467,7.752852,0.093980,-0.115139,-0.766095,0.625307
72.833333,23.936229,-30.447270,7.794021,0.095682,-0.117929,-0.767542,0.622750
72.850000,24.065181,-30.474831,7.836044,0.097329,-0.120690,-0.769005,0.620154
72.866667,24.193359,-30.503048,7.878781,0.098926,-0.123430,-0.770483,0.617523
72.883333,24.320916,-30.531907,7.922231,0.100477,-0.126149,-0.771963,0.614869
72.900000,24.447786,-30.561453,7.966454,0.101996,-0.128858,-0.773436,0.612201
72.916667,24.573666,-30.591641,8.011348,0.103484,-0.131559,-0.774892,0.609529
72.933333,24.698825,-30.622420,8.056904,0.104930,-0.134226,-0.776318,0.606880
72.950000,24.823240,-30.653792,8.103103,0.106339,-0.136867,-0.777717,0.604248
72.966667,24.946479,-30.685749,8.149924,0.107705,-0.139469,-0.779084,0.601645
72.983333,25.068923,-30.718251,8.197325,0.109009,-0.141994,-0.780399,0.599109
73.000000,25.190565,-30.751259,8.245273,0.110250,-0.144434,-0.781656,0.596656
73.016667,25.311365,-30.784790,8.293789,0.111431,-0.146792,-0.782861,0.594276
73.033333,25.430899,-30.818702,8.342674,0.112540,-0.149037,-0.783997,0.592006
73.050000,25.549615,-30.853011,8.391975,0.113543,-0.151096,-0.785030,0.589920
73.066667,25.667519,-30.887672,8.441651,0.114458,-0.152994,-0.785969,0.588000
73.083333,25.784600,-30.922672,8.491681,0.115272,-0.154697,-0.786799,0.586284
73.100000,25.900413,-30.957800,8.541788,0.115960,-0.156143,-0.787493,0.584831
73.116667,26.015480,-30.993100,8.592060,0.116503,-0.157286,-0.788025,0.583699
73.133333,26.129840,-31.028498,8.642418,0.116899,-0.158106,-0.788386,0.582910
73.150000,26.243537,-31.063917,8.692782,0.117120,-0.158539,-0.788546,0.582533
73.166667,26.356111,-31.099093,8.742809,0.117122,-0.158485,-0.788453,0.582673
73.183333,26.468162,-31.134075,8.792592,0.116837,-0.157849,-0.788121,0.583351
73.200000,26.579777,-31.168731,8.842000,0.116081,-0.156419,-0.787646,0.584527
73.216667,26.691048,-31.202934,8.890885,0.114610,-0.153920,-0.787163,0.586130
73.233333,26.802104,-31.236504,8.939055,0.112180,-0.150093,-0.786811,0.588061
73.250000,26.912531,-31.269036,8.985996,0.108579,-0.144738,-0.786729,0.590185
73.266667,27.023023,-31.300671,9.031629,0.103548,-0.137581,-0.787056,0.592361
73.283333,27.133804,-31.331601,9.075191,0.097123,-0.128723,-0.787823,0.594418
73.300000,27.245074,-31.362161,9.115758,0.089315,-0.118202,-0.789042,0.596209
73.316667,27.356955,-31.392696,9.152436,0.080202,-0.106125,-0.790709,0.597565
73.333333,27.469442,-31.423543,9.184447,0.069956,-0.092697,-0.792804,0.598310
73.350000,27.581854,-31.454844,9.210549,0.058771,-0.078110,-0.795244,0.598358
73.366667,27.694446,-31.486891,9.231191,0.046998,-0.062740,-0.797890,0.597685
73.383333,27.806933,-31.519745,9.246405,0.035033,-0.047032,-0.800587,0.596340
73.400000,27.919026,-31.553422,9.256421,0.023252,-0.031419,-0.803210,0.594412
73.416667,28.030480,-31.587874,9.261616,0.011972,-0.016292,-0.805668,0.592023
73.433333,28.141103,-31.623027,9.262440,0.001611,-0.002208,-0.807888,0.589329
73.450000,28.250752,-31.658803,9.259370,-0.007860,0.010855,-0.809871,0.586455
73.466667,28.359338,-31.695116,9.252869,-0.016393,0.022802,-0.811619,0.583512
73.483333,28.466812,-31.731881,9.243368,-0.024000,0.033614,-0.813152,0.580585
73.500000,28.573146,-31.769030,9.231239,-0.030735,0.043330,-0.814493,0.577736
73.516667,28.677678,-31.806271,9.216840,-0.036674,0.052024,-0.815672,0.575002
73.533333,28.781096,-31.843759,9.200526,-0.041905,0.059789,-0.816709,0.572412
73.550000,28.883428,-31.881433,9.182546,-0.046514,0.066724,-0.817625,0.569977
73.566667,28.984697,-31.919256,9.163110,-0.050582,0.072924,-0.818443,0.567693
73.583333,29.084936,-31.957189,9.142406,-0.054179,0.078473,-0.819173,0.565563
73.600000,29.184174,-31.995200,9.120593,-0.057335,0.083401,-0.819826,0.563597
73.616667,29.282445,-32.033259,9.097807,-0.060153,0.087850,-0.820418,0.561763
73.633333,29.379779,-32.071341,9.074170,-0.062678,0.091878,-0.820961,0.560048
73.650000,29.476204,-32.109431,9.049784,-0.064947,0.095536,-0.821457,0.558447
73.666667,29.571751,-32.147507,9.024739,-0.066995,0.098868,-0.821914,0.556950
73.683333,29.666451,-32.185551,8.999117,-0.068849,0.101912,-0.822337,0.555550
73.700000,29.760328,-32.223557,8.972986,-0.070533,0.104702,-0.822730,0.554236
73.716667,29.853407,-32.261515,8.946405,-0.072065,0.107264,-0.823099,0.553001
73.733333,29.945717,-32.299408,8.919427,-0.073463,0.109618,-0.823438,0.551849
73.750000,30.037283,-32.337230,8.892100,-0.074741,0.111781,-0.823745,0.550784
73.766667,30.128129,-32.374976,8.864466,-0.075913,0.113774,-0.824018,0.549806
73.783333,30.218277,-32.412640,8.836557,-0.076984,0.115598,-0.824253,0.548924
73.800000,30.307752,-32.450219,8.808413,-0.077963,0.117263,-0.824447,0.548140
73.816667,30.396586,-32.487693,8.780069,-0.078856,0.118777,-0.824601,0.547455
73.833333,30.484815,-32.525038,8.751558,-0.079673,0.120151,-0.824713,0.546868
73.850000,30.572929,-32.562428,8.722758,-0.080418,0.121393,-0.824779,0.546384
73.866667,30.660488,-32.599652,8.693857,-0.081098,0.122507,-0.824800,0.546003
73.883333,30.747522,-32.636697,8.664882,-0.081718,0.123503,-0.824774,0.545726
73.900000,30.834059,-32.673553,8.635855,-0.082284,0.124390,-0.824704,0.545546
73.916667,30.920123,-32.710213,8.606789,-0.082802,0.125177,-0.824595,0.545452
73.933333,31.005741,-32.746671,8.577700,-0.083276,0.125876,-0.824452,0.545435
73.950000,31.090937,-32.782923,8.548601,-0.083712,0.126497,-0.824278,0.545487
73.966667,31.175737,-32.818967,8.519503,-0.084117,0.127050,-0.824075,0.545603
73.983333,31.260164,-32.854800,8.490412,-0.084493,0.127541,-0.823845,0.545778
74.000000,31.344243,-32.890418,8.461338,-0.084840,0.127971,-0.823590,0.546009
74.016667,31.427998,-32.925822,8.432285,-0.085162,0.128348,-0.823311,0.546290
74.033333,31.511449,-32.961017,8.403255,-0.085462,0.128675,-0.823012,0.546617
74.050000,31.594622,-32.996001,8.374250,-0.085740,0.128957,-0.822694,0.546986
74.066667,31.677813,-33.030888,8.345181,-0.085998,0.129195,-0.822357,0.547395
74.083333,31.760756,-33.065557,8.316152,-0.086237,0.129394,-0.822005,0.547839
74.100000,31.843475,-33.100014,8.287164,-0.086459,0.129557,-0.821638,0.548317
74.116667,31.925991,-33.134264,8.258217,-0.086666,0.129682,-0.821248,0.548838
74.133333,32.008328,-33.168312,8.229311,-0.086856,0.129771,-0.820842,0.549394
74.150000,32.090511,-33.202162,8.200446,-0.087033,0.129830,-0.820421,0.549980
74.166667,32.172563,-33.235820,8.171619,-0.087197,0.129860,-0.819988,0.550594
74.183333,32.254508,-33.269290,8.142828,-0.087347,0.129862,-0.819540,0.551235
74.200000,32.336382,-33.302557,8.114071,-0.087485,0.129836,-0.819079,0.551904
74.216667,32.418310,-33.335683,8.085309,-0.087611,0.129785,-0.818605,0.552600
74.233333,32.500188,-33.368624,8.056581,-0.087727,0.129709,-0.818116,0.553323
74.250000,32.582039,-33.401385,8.027884,-0.087833,0.129607,-0.817606,0.554083
74.266667,32.663892,-33.433974,7.999216,-0.087929,0.129480,-0.817079,0.554874
74.283333,32.745773,-33.466394,7.970574,-0.088014,0.129331,-0.816544,0.555682
74.300000,32.827710,-33.498653,7.941952,-0.088088,0.129161,-0.815997,0.556513
74.316667,32.909716,-33.530751,7.913349,-0.088153,0.128969,-0.815437,0.557367
74.333333,32.991805,-33.562662,7.884771,-0.088208,0.128756,-0.814864,0.558245
74.350000,33.073973,-33.594394,7.856222,-0.088253,0.128522,-0.814278,0.559147
74.366667,33.156225,-33.625951,7.827704,-0.088291,0.128269,-0.813676,0.560073
74.383333,33.238564,-33.657330,7.799220,-0.088319,0.127993,-0.813054,0.561036
74.400000,33.320995,-33.688531,7.770772,-0.088339,0.127694,-0.812414,0.562026
74.416667,33.403522,-33.719550,7.742362,-0.088348,0.127379,-0.811766,0.563032
74.433333,33.486151,-33.750381,7.713993,-0.088349,0.127044,-0.811106,0.564058
74.450000,33.568886,-33.781020,7.685667,-0.088341,0.126691,-0.810431,0.565107
74.466667,33.651743,-33.811443,7.657395,-0.088324,0.126320,-0.809742,0.566181
74.483333,33.734699,-33.841651,7.629183,-0.088300,0.125930,-0.809036,0.567280
74.500000,33.817774,-33.871653,7.601025,-0.088267,0.125522,-0.808313,0.568404
74.516667,33.900974,-33.901446,7.572924,-0.088224,0.125090,-0.807567,0.569565
74.533333,33.984301,-33.931026,7.544882,-0.088171,0.124635,-0.806802,0.570757
74.550000,34.067760,-33.960389,7.516902,-0.088109,0.124166,-0.806026,0.571963
74.566667,34.151357,-33.989532,7.488986,-0.088039,0.123680,-0.805236,0.573190
74.583333,34.235094,-34.018449,7.461135,-0.087959,0.123175,-0.804430,0.574442
74.600000,34.318988,-34.047114,7.433365,-0.087870,0.122652,-0.803607,0.575718
74.616667,34.403000,-34.075519,7.405686,-0.087771,0.122109,-0.802767,0.577019
74.633333,34.487166,-34.103682,7.378085,-0.087663,0.121548,-0.801906,0.578349
74.650000,34.571488,-34.131600,7.350564,-0.087544,0.120964,-0.801021,0.579715
74.666667,34.655971,-34.159268,7.323128,-0.087412,0.120352,-0.800108,0.581120
74.683333,34.740619,-34.186681,7.295779,-0.087271,0.119726,-0.799184,0.582542
74.700000,34.825437,-34.213833,7.268520,-0.087120,0.119083,-0.798243,0.583984
74.716667,34.910431,-34.240714,7.241354,-0.086957,0.118420,-0.797281,0.585455
74.733333,34.995609,-34.267304,7.214291,-0.086784,0.117736,-0.796298,0.586956
74.750000,35.080929,-34.293572,7.187357,-0.086599,0.117032,-0.795291,0.588487
74.766667,35.166433,-34.319555,7.160530,-0.086403,0.116306,-0.794260,0.590050
74.783333,35.252127,-34.345246,7.133813,-0.086193,0.115558,-0.793206,0.591642
74.800000,35.338013,-34.370635,7.107210,-0.085967,0.114779,-0.792118,0.593282
74.816667,35.424096,-34.395717,7.080722,-0.085728,0.113978,-0.791007,0.594951
74.833333,35.510382,-34.420483,7.054355,-0.085477,0.113161,-0.789878,0.596641
74.850000,35.596872,-34.444926,7.028114,-0.085213,0.112321,-0.788720,0.598368
74.866667,35.683573,-34.469042,7.002005,-0.084934,0.111457,-0.787534,0.600128
74.883333,35.770502,-34.492785,6.976048,-0.084640,0.110569,-0.786321,0.601921
74.900000,35.857581,-34.516151,6.950257,-0.084329,0.109657,-0.785080,0.603750
74.916667,35.944881,-34.539157,6.924611,-0.084002,0.108719,-0.783807,0.605615
74.933333,36.032406,-34.561794,6.899116,-0.083659,0.107756,-0.782504,0.607517
74.950000,36.120156,-34.584059,6.873777,-0.083293,0.106755,-0.781154,0.609478
74.966667,36.208137,-34.605944,6.848599,-0.082911,0.105732,-0.779778,0.611468
74.983333,36.296352,-34.627435,6.823588,-0.082510,0.104685,-0.778369,0.613494
75.000000,36.384805,-34.648521,6.798749,-0.082090,0.103610,-0.776926,0.615558
75.016667,36.473499,-34.669195,6.774088,-0.081648,0.102506,-0.775447,0.617663
75.033333,36.562455,-34.689399,6.749635,-0.081185,0.101372,-0.773929,0.619812
75.050000,36.651577,-34.709131,6.725407,-0.080700,0.100208,-0.772369,0.622007
75.066667,36.740949,-34.728411,6.701378,-0.080190,0.099012,-0.770767,0.624247
75.083333,36.830575,-34.747228,6.677557,-0.079655,0.097784,-0.769124,0.626532
75.100000,36.920455,-34.765570,6.653949,-0.079093,0.096519,-0.767431,0.628871
75.116667,37.010595,-34.783422,6.630563,-0.078503,0.095219,-0.765686,0.631265
75.133333,37.100996,-34.800771,6.607407,-0.077885,0.093888,-0.763900,0.633700
75.150000,37.191662,-34.817604,6.584490,-0.077238,0.092521,-0.762065,0.636185
75.166667,37.282593,-34.833908,6.561819,-0.076560,0.091118,-0.760177,0.638723
75.183333,37.373798,-34.849652,6.539411,-0.075849,0.089677,-0.758233,0.641318
75.200000,37.465188,-34.864754,6.517323,-0.075104,0.088197,-0.756232,0.643967
75.216667,37.556849,-34.879278,6.495511,-0.074322,0.086678,-0.754174,0.646672
75.233333,37.648782,-34.893205,6.473987,-0.073503,0.085118,-0.752056,0.649434
75.250000,37.740989,-34.906514,6.452760,-0.072645,0.083516,-0.749872,0.652258
75.266667,37.833470,-34.919184,6.431840,-0.071746,0.081875,-0.747625,0.655138
75.283333,37.926226,-34.931199,6.411241,-0.070805,0.080191,-0.745312,0.658078
75.300000,38.019258,-34.942543,6.390974,-0.069815,0.078456,-0.742918,0.661093
75.316667,38.112565,-34.953194,6.371052,-0.068777,0.076675,-0.740449,0.664174
75.333333,38.206147,-34.963127,6.351487,-0.067688,0.074847,-0.737902,0.667321
75.350000,38.300004,-34.972319,6.332292,-0.066547,0.072971,-0.735274,0.670536
75.366667,38.394144,-34.980689,6.313514,-0.065351,0.071048,-0.732563,0.673820
75.383333,38.488440,-34.988234,6.295174,-0.064103,0.069083,-0.729769,0.677167
75.400000,38.583001,-34.994967,6.277251,-0.062805,0.067081,-0.726897,0.680571
75.416667,38.677824,-35.000861,6.259761,-0.061461,0.065049,-0.723950,0.684023
75.433333,38.772904,-35.005890,6.242719,-0.060073,0.062992,-0.720932,0.687518
75.450000,38.868236,-35.010031,6.226138,-0.058655,0.060933,-0.717866,0.691025
75.466667,38.963811,-35.013271,6.210023,-0.057207,0.058871,-0.714749,0.694547
75.483333,39.059619,-35.015605,6.194373,-0.055719,0.056792,-0.711553,0.698113
75.500000,39.155652,-35.017022,6.179191,-0.054204,0.054714,-0.708298,0.701699
75.516667,39.251900,-35.017509,6.164477,-0.052670,0.052649,-0.704998,0.705289
75.533333,39.348351,-35.017059,6.150232,-0.051121,0.050600,-0.701655,0.708877
75.550000,39.444997,-35.015664,6.136458,-0.049558,0.048571,-0.698270,0.712463
75.566667,39.541829,-35.013252,6.123186,-0.047982,0.046561,-0.694841,0.716049
75.583333,39.638698,-35.009856,6.110413,-0.046395,0.044572,-0.691367,0.719633
75.600000,39.735724,-35.005493,6.098108,-0.044796,0.042606,-0.687852,0.723213
75.616667,39.832897,-35.000153,6.086269,-0.043187,0.040662,-0.684296,0.726788
75.633333,39.930205,-34.993824,6.074899,-0.041568,0.038741,-0.680695,0.730360
75.650000,40.027636,-34.986496,6.063996,-0.039951,0.036857,-0.677071,0.733907
75.666667,40.125177,-34.978162,6.053558,-0.038331,0.035003,-0.673415,0.737440
75.683333,40.222817,-34.968817,6.043585,-0.036705,0.033175,-0.669714,0.740969
75.700000,40.320544,-34.958454,6.034075,-0.035072,0.031373,-0.665969,0.744494
75.716667,40.418344,-34.947060,6.025029,-0.033435,0.029598,-0.662179,0.748014
75.733333,40.516204,-34.934626,6.016444,-0.031783,0.027840,-0.658319,0.751552
75.750000,40.614111,-34.921145,6.008317,-0.030128,0.026111,-0.654416,0.755083
75.766667,40.712051,-34.906611,6.000646,-0.028472,0.024413,-0.650465,0.758610
75.783333,40.810010,-34.891017,5.993429,-0.026815,0.022745,-0.646465,0.762133
75.800000,40.907976,-34.874352,5.986664,-0.025158,0.021109,-0.642421,0.765648
75.816667,41.005921,-34.856541,5.980378,-0.023504,0.019506,-0.638332,0.769155
75.833333,41.103696,-34.837672,5.974545,-0.021851,0.017935,-0.634192,0.772658
75.850000,41.201430,-34.817712,5.969152,-0.020202,0.016398,-0.630002,0.776157
75.866667,41.299109,-34.796653,5.964194,-0.018557,0.014894,-0.625764,0.779649
75.883333,41.396719,-34.774495,5.959669,-0.016918,0.013426,-0.621476,0.783136
75.900000,41.494244,-34.751228,5.955572,-0.015298,0.012003,-0.617164,0.786594
75.916667,41.591665,-34.726835,5.951899,-0.013687,0.010617,-0.612806,0.790043
75.933333,41.688969,-34.701314,5.948646,-0.012086,0.009267,-0.608398,0.793486
75.950000,41.786140,-34.674661,5.945807,-0.010494,0.007953,-0.603937,0.796923
75.966667,41.883160,-34.646867,5.943379,-0.008914,0.006676,-0.599420,0.800357
75.983333,41.980013,-34.617923,5.941354,-0.007348,0.005438,-0.594849,0.803785
76.000000,42.076683,-34.587828,5.939728,-0.005796,0.004238,-0.590226,0.807206
76.016667,42.173152,-34.556571,5.938494,-0.004259,0.003077,-0.585548,0.810621
76.033333,42.269400,-34.524141,5.937646,-0.002740,0.001955,-0.580812,0.814031
76.050000,42.365411,-34.490534,5.937179,-0.001239,0.000873,-0.576020,0.817434
76.066667,42.461167,-34.455745,5.937085,0.000242,-0.000168,-0.571171,0.820831
76.083333,42.556649,-34.419766,5.937357,0.001701,-0.001169,-0.566260,0.824224
76.100000,42.651836,-34.382588,5.937987,0.003138,-0.002128,-0.561284,0.827615
76.116667,42.746711,-34.344205,5.938969,0.004551,-0.003046,-0.556245,0.831000
76.133333,42.841254,-34.304617,5.940294,0.005939,-0.003923,-0.551142,0.834381
76.150000,42.935446,-34.263813,5.941954,0.007299,-0.004757,-0.545973,0.837757
76.166667,43.029263,-34.221782,5.943940,0.008629,-0.005547,-0.540739,0.841128
76.183333,43.122683,-34.178512,5.946244,0.009928,-0.006294,-0.535439,0.844492
76.200000,43.215683,-34.133999,5.948858,0.011193,-0.006998,-0.530072,0.847850
76.216667,43.308098,-34.088302,5.951770,0.012424,-0.007657,-0.524634,0.851202
76.233333,43.400054,-34.041357,5.954969,0.013618,-0.008273,-0.519125,0.854550
76.250000,43.491528,-33.993160,5.958443,0.014773,-0.008844,-0.513544,0.857890
76.266667,43.582499,-33.943707,5.962183,0.015888,-0.009370,-0.507897,0.861220
76.283333,43.672942,-33.892991,5.966177,0.016960,-0.009851,-0.502175,0.864543
76.300000,43.762834,-33.841005,5.970415,0.017984,-0.010286,-0.496383,0.867856
76.316667,43.852149,-33.787744,5.974884,0.018963,-0.010677,-0.490516,0.871160
76.333333,43.940863,-33.733203,5.979573,0.019893,-0.011024,-0.484569,0.874457
76.350000,44.028954,-33.677381,5.984468,0.020774,-0.011326,-0.478537,0.877748
76.366667,44.116388,-33.620263,5.989556,0.021602,-0.011583,-0.472420,0.881033
76.383333,44.203138,-33.561843,5.994825,0.022375,-0.011796,-0.466216,0.884309
76.400000,44.289182,-33.502125,6.000260,0.023091,-0.011965,-0.459923,0.887578
76.416667,44.374490,-33.441101,6.005847,0.023747,-0.012090,-0.453538,0.890839
76.433333,44.459030,-33.378763,6.011572,0.024342,-0.012171,-0.447054,0.894093
76.450000,44.542773,-33.315108,6.017418,0.024872,-0.012209,-0.440475,0.897337
76.466667,44.625690,-33.250134,6.023370,0.025335,-0.012204,-0.433802,0.900570
76.483333,44.707749,-33.183837,6.029411,0.025728,-0.012156,-0.427022,0.903794
76.500000,44.788915,-33.116209,6.035526,0.026049,-0.012066,-0.420139,0.907006
76.516667,44.869153,-33.047248,6.041696,0.026294,-0.011935,-0.413153,0.910204
76.533333,44.948434,-32.976954,6.047904,0.026461,-0.011763,-0.406059,0.913388
76.550000,45.026721,-32.905324,6.054132,0.026547,-0.011552,-0.398851,0.916559
76.566667,45.103975,-32.832354,6.060359,0.026549,-0.011302,-0.391526,0.919715
76.583333,45.180164,-32.758048,6.066567,0.026464,-0.011014,-0.384087,0.922852
76.600000,45.255252,-32.682407,6.072735,0.026288,-0.010690,-0.376535,0.925968
76.616667,45.329195,-32.605427,6.078845,0.026020,-0.010331,-0.368861,0.929063
76.633333,45.401953,-32.527107,6.084872,0.025656,-0.009938,-0.361059,0.932137
76.650000,45.473483,-32.447450,6.090796,0.025192,-0.009513,-0.353137,0.935184
76.666667,45.543749,-32.366463,6.096593,0.024625,-0.009058,-0.345087,0.938204
76.683333,45.612712,-32.284155,6.102242,0.023954,-0.008574,-0.336904,0.941195
76.700000,45.680325,-32.200525,6.107718,0.023182,-0.008068,-0.328601,0.944150
76.716667,45.746533,-32.115574,6.112998,0.022318,-0.007545,-0.320179,0.947064
76.733333,45.811304,-32.029319,6.118055,0.021372,-0.007011,-0.311646,0.949932
76.750000,45.874593,-31.941771,6.122864,0.020357,-0.006475,-0.303028,0.952742
76.766667,45.936344,-31.852935,6.127402,0.019285,-0.005941,-0.294350,0.955485
76.783333,45.996535,-31.762841,6.131658,0.018169,-0.005416,-0.285622,0.958155
76.800000,46.055123,-31.671506,6.135632,0.017022,-0.004906,-0.276867,0.960745
76.816667,46.112158,-31.578838,6.139333,0.015859,-0.004414,-0.268101,0.963250
76.833333,46.167564,-31.485007,6.142760,0.014691,-0.003946,-0.259344,0.965665
76.850000,46.221348,-31.390062,6.145921,0.013535,-0.003504,-0.250616,0.967986
76.866667,46.273479,-31.294027,6.148818,0.012397,-0.003091,-0.241925,0.970211
76.883333,46.323949,-31.196940,6.151459,0.011281,-0.002707,-0.233290,0.972338
76.900000,46.372757,-31.098842,6.153848,0.010188,-0.002350,-0.224714,0.974369
76.916667,46.419900,-30.999771,6.155990,0.009119,-0.002019,-0.216200,0.976304
76.933333,46.465367,-30.899761,6.157894,0.008075,-0.001715,-0.207738,0.978150
76.950000,46.509157,-30.798849,6.159565,0.007059,-0.001436,-0.199342,0.979904
76.966667,46.551268,-30.697072,6.161009,0.006070,-0.001181,-0.191016,0.981568
76.983333,46.591706,-30.594468,6.162232,0.005112,-0.000950,-0.182760,0.983144
77.000000,46.630473,-30.491074,6.163243,0.004184,-0.000742,-0.174578,0.984634
77.016667,46.667565,-30.386922,6.164050,0.003288,-0.000555,-0.166473,0.986040
77.033333,46.702989,-30.282047,6.164658,0.002424,-0.000389,-0.158448,0.987364
77.050000,46.736748,-30.176484,6.165075,0.001594,-0.000243,-0.150504,0.988608
77.066667,46.768856,-30.070269,6.165310,0.000798,-0.000115,-0.142641,0.989774
77.083333,46.799319,-29.963434,6.165370,0.000037,-0.000005,-0.134856,0.990865
77.100000,46.828140,-29.856010,6.165262,-0.000690,0.000088,-0.127144,0.991884
77.116667,46.855333,-29.748031,6.164996,-0.001382,0.000166,-0.119489,0.992834
77.133333,46.880906,-29.639526,6.164580,-0.002038,0.000229,-0.111917,0.993715
77.150000,46.904870,-29.530526,6.164020,-0.002656,0.000279,-0.104426,0.994529
77.166667,46.927227,-29.421059,6.163326,-0.003237,0.000316,-0.097017,0.995277
77.183333,46.947966,-29.311150,6.162504,-0.003780,0.000340,-0.089690,0.995962
77.200000,46.967097,-29.200705,6.161559,-0.004285,0.000354,-0.082446,0.996586
77.216667,46.984650,-29.089880,6.160504,-0.004752,0.000359,-0.075280,0.997151
77.233333,47.000642,-28.978702,6.159349,-0.005180,0.000354,-0.068190,0.997659
77.250000,47.015085,-28.867197,6.158102,-0.005569,0.000341,-0.061179,0.998111
77.266667,47.027991,-28.755389,6.156772,-0.005919,0.000322,-0.054257,0.998509
77.283333,47.039378,-28.643305,6.155365,-0.006228,0.000296,-0.047426,0.998855
77.300000,47.049246,-28.530967,6.153893,-0.006499,0.000265,-0.040666,0.999152
77.316667,47.057612,-28.418398,6.152363,-0.006730,0.000229,-0.033978,0.999400
77.333333,47.064484,-28.305620,6.150784,-0.006923,0.000189,-0.027354,0.999602
77.350000,47.069879,-28.192657,6.149164,-0.007076,0.000147,-0.020785,0.999759
77.366667,47.073804,-28.079528,6.147513,-0.007189,0.000102,-0.014238,0.999873
77.383333,47.076265,-27.966256,6.145838,-0.007263,0.000056,-0.007750,0.999944
77.400000,47.077285,-27.852861,6.144150,0.000000,0.000000,0.000000,1.000000
77.416667,47.076856,-27.739362,6.142456,-0.007287,-0.000037,0.005050,0.999961
77.433333,47.074980,-27.625780,6.140767,-0.007238,-0.000082,0.011381,0.999909
77.450000,47.071602,-27.512043,6.139090,-0.007148,-0.000126,0.017665,0.999818
77.466667,47.066805,-27.398265,6.137437,-0.007016,-0.000168,0.023903,0.999690
77.483333,47.060615,-27.284464,6.135817,-0.006842,-0.000206,0.030104,0.999523
77.500000,47.053021,-27.170660,6.134240,-0.006625,-0.000240,0.036266,0.999320
77.516667,47.044021,-27.056871,6.132715,-0.006366,-0.000270,0.042389,0.999081
77.533333,47.033635,-26.943116,6.131252,-0.006063,-0.000294,0.048452,0.998807
77.550000,47.021870,-26.829411,6.129861,-0.005716,-0.000312,0.054491,0.998498
77.566667,47.008728,-26.715775,6.128553,-0.005321,-0.000323,0.060542,0.998151
77.583333,46.994213,-26.602226,6.127337,-0.004878,-0.000326,0.066594,0.997768
77.600000,46.978324,-26.488783,6.126224,-0.004388,-0.000320,0.072628,0.997349
77.616667,46.961071,-26.375464,6.125226,-0.003849,-0.000304,0.078653,0.996895
77.633333,46.942448,-26.262288,6.124353,-0.003261,-0.000277,0.084680,0.996403
77.650000,46.922400,-26.149283,6.123625,-0.002622,-0.000239,0.090709,0.995874
77.666667,46.900936,-26.036403,6.123050,-0.001931,-0.000188,0.096742,0.995308
77.683333,46.878107,-25.923727,6.122638,-0.001186,-0.000123,0.102784,0.994703
77.700000,46.853916,-25.811273,6.122402,-0.000386,-0.000042,0.108845,0.994059
77.716667,46.828346,-25.699064,6.122355,0.000471,0.000055,0.114927,0.993374
77.733333,46.801402,-25.587120,6.122510,0.001376,0.000168,0.121017,0.992650
77.750000,46.773085,-25.475461,6.122882,0.002323,0.000298,0.127155,0.991880
77.766667,46.743387,-25.364108,6.123485,0.003303,0.000444,0.133379,0.991059
77.783333,46.712297,-25.253086,6.124334,0.004299,0.000606,0.139677,0.990188
77.800000,46.679810,-25.142419,6.125444,0.005300,0.000782,0.146055,0.989262
77.816667,46.645902,-25.032135,6.126816,0.006292,0.000971,0.152521,0.988280
77.833333,46.610511,-24.922277,6.128443,0.007264,0.001171,0.159088,0.987237
77.850000,46.573582,-24.812851,6.130315,0.008201,0.001379,0.165768,0.986130
77.866667,46.535162,-24.703908,6.132408,0.009090,0.001593,0.172566,0.984955
77.883333,46.495220,-24.595484,6.134706,0.009916,0.001809,0.179493,0.983708
77.900000,46.453748,-24.487610,6.137195,0.010673,0.002027,0.186546,0.982386
77.916667,46.410724,-24.380322,6.139858,0.011354,0.002242,0.193709,0.980991
77.933333,46.366119,-24.273660,6.142678,0.011958,0.002454,0.201012,0.979513
77.950000,46.319915,-24.167662,6.145638,0.012483,0.002661,0.208468,0.977946
77.966667,46.272091,-24.062368,6.148721,0.012928,0.002861,0.216049,0.976293
77.983333,46.222633,-23.957816,6.151908,0.013289,0.003051,0.223758,0.974549
78.000000,46.171525,-23.854049,6.155181,0.013566,0.003230,0.231592,0.972713
78.016667,46.118669,-23.751152,6.158521,0.013755,0.003394,0.239547,0.970781
78.033333,46.064074,-23.649156,6.161903,0.013854,0.003541,0.247621,0.968751
78.050000,46.007782,-23.548087,6.165307,0.013862,0.003669,0.255810,0.966621
78.066667,45.949783,-23.447989,6.168710,0.013777,0.003773,0.264112,0.964386
78.083333,45.890069,-23.348898,6.172091,0.013598,0.003852,0.272521,0.962046
78.100000,45.828622,-23.250853,6.175427,0.013323,0.003901,0.280998,0.959608
78.116667,45.765432,-23.153892,6.178694,0.012945,0.003918,0.289625,0.957045
78.133333,45.700488,-23.058054,6.181873,0.012470,0.003898,0.298337,0.954371
78.150000,45.633783,-22.963376,6.184936,0.011898,0.003840,0.307137,0.951583
78.166667,45.565315,-22.869897,6.187863,0.011229,0.003740,0.316015,0.948680
78.183333,45.495071,-22.777662,6.190628,0.010462,0.003595,0.324962,0.945662
78.200000,45.422864,-22.686763,6.193194,0.009601,0.003402,0.333970,0.942529
78.216667,45.348888,-22.597183,6.195544,0.008645,0.003157,0.343032,0.939279
78.233333,45.273131,-22.508974,6.197657,0.007597,0.002858,0.352135,0.935914
78.250000,45.195607,-22.422173,6.199508,0.006458,0.002502,0.361275,0.932434
78.266667,45.116325,-22.336820,6.201071,0.005228,0.002085,0.370453,0.928834
78.283333,45.035296,-22.252955,6.202322,0.003905,0.001602,0.379651,0.925120
78.300000,44.952533,-22.170618,6.203239,0.002500,0.001055,0.388856,0.921294
78.316667,44.868058,-22.089844,6.203796,0.001016,0.000441,0.398050,0.917363
78.333333,44.781887,-22.010671,6.203969,-0.000542,-0.000241,0.407226,0.913327
78.350000,44.694016,-21.933168,6.203731,-0.002169,-0.000993,0.416373,0.909191
78.366667,44.604266,-21.857365,6.203031,-0.003861,-0.001815,0.425480,0.904958
78.383333,44.512892,-21.783271,6.201876,-0.005614,-0.002708,0.434534,0.900634
78.400000,44.419926,-21.710914,6.200246,-0.007421,-0.003673,0.443530,0.896221
78.416667,44.325399,-21.640322,6.198121,-0.009291,-0.004715,0.452502,0.891703
78.433333,44.229348,-21.571519,6.195482,-0.011214,-0.005833,0.461419,0.887092
78.450000,44.131808,-21.504528,6.192311,-0.013167,-0.007016,0.470188,0.882440
78.466667,44.032818,-21.439367,6.188591,-0.015152,-0.008266,0.478850,0.877727
78.483333,43.932417,-21.376059,6.184305,-0.017164,-0.009583,0.487402,0.872956
78.500000,43.830583,-21.314722,6.179404,-0.019197,-0.010965,0.495837,0.868134
78.516667,43.727191,-21.255239,6.173871,-0.021248,-0.012409,0.504145,0.863268
78.533333,43.622515,-21.197649,6.167726,-0.023313,-0.013915,0.512331,0.858359
78.550000,43.516604,-21.141944,6.160956,-0.025408,-0.015496,0.520458,0.853369
78.566667,43.409500,-21.088135,6.153554,-0.027504,-0.017132,0.528435,0.848355
78.583333,43.301244,-21.036229,6.145508,-0.029584,-0.018810,0.536217,0.843352
78.600000,43.191887,-20.986211,6.136809,-0.031645,-0.020527,0.543815,0.838357
78.616667,43.081458,-20.938113,6.127442,-0.033673,-0.022274,0.551254,0.833360
78.633333,42.969711,-20.891993,6.117325,-0.035651,-0.024038,0.558537,0.828364
78.650000,42.856996,-20.847751,6.106534,-0.037574,-0.025816,0.565702,0.823349
78.666667,42.743356,-20.805375,6.095066,-0.039422,-0.027591,0.572734,0.818328
78.683333,42.628833,-20.764847,6.082935,-0.041171,-0.029339,0.579594,0.813336
78.700000,42.513463,-20.726153,6.070177,-0.042804,-0.031043,0.586268,0.808390
78.716667,42.397282,-20.689273,6.056836,-0.044299,-0.032676,0.592704,0.803537
78.733333,42.280293,-20.654309,6.042914,-0.045663,-0.034241,0.598956,0.798746
78.750000,42.162282,-20.621119,6.028438,-0.046891,-0.035734,0.605078,0.793980
78.766667,42.043567,-20.589655,6.013501,-0.047976,-0.037142,0.611040,0.789271
78.783333,41.924178,-20.559888,5.998144,-0.048922,-0.038457,0.616807,0.784651
78.800000,41.804146,-20.531777,5.982401,-0.049737,-0.039680,0.622384,0.780122
78.816667,41.683503,-20.505271,5.966306,-0.050420,-0.040800,0.627728,0.775726
78.833333,41.562243,-20.480502,5.949871,-0.050984,-0.041828,0.632889,0.771429
78.850000,41.440134,-20.457269,5.933112,-0.051444,-0.042774,0.637900,0.767208
78.866667,41.317491,-20.435517,5.916103,-0.051805,-0.043633,0.642722,0.763100
78.883333,41.194333,-20.415219,5.898875,-0.052073,-0.044408,0.647360,0.759105
78.900000,41.070682,-20.396328,5.881454,-0.052256,-0.045101,0.651824,0.755223
78.916667,40.946544,-20.378890,5.863861,-0.052355,-0.045710,0.656098,0.751469
78.933333,40.821653,-20.362836,5.846081,-0.052381,-0.046244,0.660214,0.747820
78.950000,40.696324,-20.348058,5.828186,-0.052342,-0.046708,0.664169,0.744284
78.966667,40.570572,-20.334515,5.810199,-0.052243,-0.047103,0.667964,0.740862
78.983333,40.444412,-20.322169,5.792139,-0.052091,-0.047434,0.671609,0.737549
79.000000,40.317846,-20.311094,5.774025,-0.051883,-0.047700,0.675124,0.734330
79.016667,40.190607,-20.301177,5.755836,-0.051632,-0.047905,0.678471,0.731243
79.033333,40.062999,-20.292338,5.737631,-0.051341,-0.048057,0.681681,0.728262
79.050000,39.935031,-20.284548,5.719425,-0.051014,-0.048157,0.684761,0.725383
79.066667,39.806714,-20.277776,5.701231,-0.050649,-0.048208,0.687750,0.722573
79.083333,39.677768,-20.272108,5.683036,-0.050255,-0.048211,0.690593,0.719883
79.100000,39.548494,-20.267380,5.664883,-0.049838,-0.048170,0.693305,0.717303
79.116667,39.418900,-20.263559,5.646781,-0.049398,-0.048092,0.695907,0.714815
79.133333,39.288994,-20.260619,5.628742,-0.048931,-0.047972,0.698430,0.712390
79.150000,39.158778,-20.258642,5.610794,-0.048445,-0.047818,0.700857,0.710047
79.166667,39.027996,-20.257500,5.592897,-0.047948,-0.047632,0.703152,0.707821
79.183333,38.896927,-20.257146,5.575091,-0.047439,-0.047417,0.705353,0.705675
79.200000,38.765577,-20.257554,5.557386,-0.046908,-0.047169,0.707495,0.703581
79.216667,38.633951,-20.258796,5.539810,-0.046367,-0.046895,0.709553,0.701560
79.233333,38.501803,-20.260777,5.522322,-0.045824,-0.046601,0.711499,0.699641
79.250000,38.369397,-20.263449,5.504955,-0.045272,-0.046284,0.713374,0.697786
79.266667,38.236739,-20.266782,5.487718,-0.044707,-0.045941,0.715193,0.695981
79.283333,38.103833,-20.270854,5.470643,-0.044137,-0.045580,0.716941,0.694240
79.300000,37.970455,-20.275556,5.453679,-0.043571,-0.045207,0.718597,0.692587
79.316667,37.836846,-20.280861,5.436859,-0.042996,-0.044814,0.720201,0.690980
79.333333,37.703014,-20.286775,5.420198,-0.042415,-0.044404,0.721748,0.689427
79.350000,37.568749,-20.293316,5.403687,-0.041834,-0.043981,0.723237,0.687927
79.366667,37.434278,-20.300396,5.387333,-0.041258,-0.043551,0.724650,0.686500
79.383333,37.299606,-20.308000,5.371141,-0.040675,-0.043104,0.726026,0.685108
79.400000,37.164742,-20.316172,5.355137,-0.040092,-0.042648,0.727349,0.683767
79.416667,37.029500,-20.324859,5.339288,-0.039514,-0.042185,0.728615,0.682480
79.433333,36.894083,-20.334015,5.323609,-0.038934,-0.041711,0.729837,0.681236
79.450000,36.758498,-20.343649,5.308112,-0.038355,-0.041230,0.731015,0.680034
79.466667,36.622586,-20.353789,5.292796,-0.037779,-0.040743,0.732148,0.678876
79.483333,36.486526,-20.364350,5.277658,-0.037206,-0.040251,0.733234,0.677764
79.500000,36.350323,-20.375320,5.262700,-0.036635,-0.039753,0.734283,0.676688
79.516667,36.213987,-20.386749,5.247956,-0.036067,-0.039251,0.735294,0.675648
79.533333,36.077391,-20.398571,5.233383,-0.035501,-0.038744,0.736269,0.674646
79.550000,35.940683,-20.410756,5.218992,-0.034939,-0.038234,0.737205,0.673681
79.566667,35.803870,-20.423337,5.204810,-0.034382,-0.037722,0.738108,0.672750
79.583333,35.666858,-20.436290,5.190817,-0.033827,-0.037207,0.738980,0.671848
79.600000,35.529764,-20.449571,5.177012,-0.033277,-0.036691,0.739816,0.670983
79.616667,35.392597,-20.463192,5.163410,-0.032732,-0.036174,0.740624,0.670147
79.633333,35.255296,-20.477161,5.150011,-0.032191,-0.035657,0.741403,0.669338
79.650000,35.117947,-20.491421,5.136802,-0.031651,-0.035136,0.742156,0.668556
79.666667,34.980557,-20.505971,5.123789,-0.031119,-0.034618,0.742879,0.667806
79.683333,34.843104,-20.520840,5.110994,-0.030592,-0.034100,0.743577,0.667079
79.700000,34.705638,-20.535970,5.098390,-0.030066,-0.033580,0.744254,0.666374
79.716667,34.568167,-20.551348,5.085976,-0.029548,-0.033063,0.744902,0.665699
79.733333,34.430704,-20.567010,5.073788,-0.029034,-0.032548,0.745529,0.665045
79.750000,34.293250,-20.582906,5.061792,-0.028522,-0.032030,0.746139,0.664408
79.766667,34.155805,-20.599027,5.049984,-0.028018,-0.031518,0.746721,0.663799
79.783333,34.018369,-20.615396,5.038391,-0.027519,-0.031007,0.747284,0.663210
79.800000,33.880940,-20.631984,5.026993,-0.027021,-0.030495,0.747831,0.662638
79.816667,33.743516,-20.648777,5.015779,-0.026531,-0.029988,0.748355,0.662089
79.833333,33.606100,-20.665787,5.004769,-0.026046,-0.029483,0.748862,0.661557
79.850000,33.468684,-20.683001,4.993956,-0.025564,-0.028980,0.749354,0.661041
79.866667,33.331272,-20.700394,4.983324,-0.025088,-0.028479,0.749828,0.660543
79.883333,33.193862,-20.717974,4.972884,-0.024620,-0.027985,0.750285,0.660063
79.900000,33.056450,-20.735746,4.962645,-0.024159,-0.027497,0.750726,0.659599
79.916667,32.919038,-20.753687,4.952582,-0.023705,-0.027014,0.751154,0.659147
79.933333,32.781628,-20.771795,4.942701,-0.023265,-0.026544,0.751566,0.658713
79.950000,32.644209,-20.790082,4.933017,-0.022835,-0.026085,0.751965,0.658291
79.966667,32.506790,-20.808518,4.923498,-0.022416,-0.025635,0.752354,0.657879
79.983333,32.369369,-20.827100,4.914138,-0.022013,-0.025202,0.752727,0.657482
80.000000,32.231948,-20.845851,4.904958,-0.021624,-0.024783,0.753089,0.657096
80.016667,32.094514,-20.864740,4.895922,-0.021247,-0.024377,0.753441,0.656720
80.033333,31.957077,-20.883760,4.887025,-0.020890,-0.023990,0.753778,0.656359
80.050000,31.819638,-20.902929,4.878283,-0.020546,-0.023618,0.754107,0.656005
80.066667,31.682183,-20.922233,4.869674,-0.020213,-0.023258,0.754428,0.655659
80.083333,31.544723,-20.941659,4.861188,-0.019898,-0.022916,0.754737,0.655325
80.100000,31.407259,-20.961217,4.852834,-0.019594,-0.022587,0.755037,0.655001
80.116667,31.269775,-20.980899,4.844601,-0.019301,-0.022269,0.755330,0.654682
80.133333,31.132285,-21.000696,4.836477,-0.019021,-0.021964,0.755614,0.654373
80.150000,30.994788,-21.020614,4.828467,-0.018753,-0.021672,0.755889,0.654072
80.166667,30.857268,-21.040653,4.820566,-0.018495,-0.021391,0.756157,0.653779
80.183333,30.719740,-21.060795,4.812762,-0.018247,-0.021121,0.756419,0.653492
80.200000,30.582203,-21.081044,4.805056,-0.018010,-0.020863,0.756673,0.653213
80.216667,30.444639,-21.101410,4.797449,-0.017782,-0.020614,0.756920,0.652941
80.233333,30.307065,-21.121874,4.789928,-0.017562,-0.020374,0.757162,0.652673
80.250000,30.169480,-21.142436,4.782490,-0.017354,-0.020146,0.757397,0.652414
80.266667,30.031865,-21.163108,4.775143,-0.017153,-0.019927,0.757626,0.652159
80.283333,29.894237,-21.183871,4.767871,-0.016959,-0.019715,0.757852,0.651908
80.300000,29.756597,-21.204724,4.760670,-0.016775,-0.019514,0.758071,0.651665
80.316667,29.618945,-21.225681,4.753551,-0.016598,-0.019321,0.758284,0.651427
80.333333,29.481257,-21.246728,4.746496,-0.016428,-0.019134,0.758494,0.651192
80.350000,29.343554,-21.267861,4.739505,-0.016266,-0.018958,0.758697,0.650965
80.366667,29.205838,-21.289088,4.732584,-0.016112,-0.018790,0.758895,0.650742
80.383333,29.068081,-21.310404,4.725720,-0.015962,-0.018626,0.759091,0.650522
80.400000,28.930308,-21.331799,4.718912,-0.015821,-0.018473,0.759281,0.650309
80.416667,28.792519,-21.353280,4.712163,-0.015687,-0.018326,0.759466,0.650100
80.433333,28.654685,-21.374844,4.705465,-0.015557,-0.018185,0.759649,0.649893
80.450000,28.516834,-21.396482,4.698814,-0.015435,-0.018051,0.759826,0.649693
80.466667,28.378964,-21.418202,4.692214,-0.015319,-0.017925,0.759998,0.649497
80.483333,28.241048,-21.440006,4.685658,-0.015207,-0.017804,0.760168,0.649305
80.500000,28.103111,-21.461881,4.679143,-0.015102,-0.017689,0.760334,0.649116
80.516667,27.965154,-21.483831,4.672669,-0.015002,-0.017582,0.760496,0.648931
80.533333,27.827147,-21.505861,4.666233,-0.014908,-0.017479,0.760656,0.648749
80.550000,27.689117,-21.527956,4.659832,-0.014818,-0.017383,0.760813,0.648569
80.566667,27.551065,-21.550121,4.653465,-0.014735,-0.017293,0.760965,0.648395
80.583333,27.412959,-21.572363,4.647131,-0.014656,-0.017208,0.761115,0.648223
80.600000,27.274829,-21.594669,4.640824,-0.014581,-0.017128,0.761262,0.648054
80.616667,27.136676,-21.617042,4.634545,-0.014511,-0.017054,0.761405,0.647890
80.633333,26.998465,-21.639492,4.628292,-0.014447,-0.016985,0.761545,0.647728
80.650000,26.860229,-21.662004,4.622061,-0.014386,-0.016921,0.761684,0.647568
80.666667,26.721967,-21.684576,4.615852,-0.014330,-0.016863,0.761819,0.647411
80.683333,26.583644,-21.707221,4.609663,-0.014279,-0.016809,0.761953,0.647257
80.700000,26.445294,-21.729923,4.603492,-0.014231,-0.016760,0.762085,0.647103
80.716667,26.306916,-21.752683,4.597336,-0.014188,-0.016716,0.762213,0.646955
80.733333,26.168475,-21.775514,4.591195,-0.014149,-0.016676,0.762338,0.646809
80.750000,26.030004,-21.798402,4.585065,-0.014114,-0.016641,0.762462,0.646664
80.766667,25.891505,-21.821348,4.578946,-0.014083,-0.016611,0.762583,0.646524
80.783333,25.752939,-21.844366,4.572837,-0.014056,-0.016586,0.762701,0.646386
80.800000,25.614343,-21.867437,4.566735,-0.014033,-0.016564,0.762820,0.646247
80.816667,25.475715,-21.890559,4.560638,-0.014014,-0.016548,0.762934,0.646112
80.833333,25.337017,-21.913746,4.554545,-0.013998,-0.016535,0.763047,0.645980
80.850000,25.198287,-21.936985,4.548455,-0.013986,-0.016526,0.763159,0.645848
80.866667,25.059525,-21.960274,4.542366,-0.013978,-0.016522,0.763266,0.645722
80.883333,24.920730,-21.983623,4.536277,-0.013973,-0.016522,0.763372,0.645597
80.900000,24.781862,-22.007030,4.530184,-0.013972,-0.016526,0.763477,0.645472
80.916667,24.642959,-22.030485,4.524088,-0.013974,-0.016535,0.763579,0.645351
80.933333,24.504022,-22.053997,4.517986,-0.013980,-0.016546,0.763679,0.645233
80.950000,24.365009,-22.077565,4.511877,-0.013989,-0.016562,0.763779,0.645114
80.966667,24.225959,-22.101178,4.505760,-0.014002,-0.016582,0.763875,0.644999
80.983333,24.086874,-22.124844,4.499634,-0.014017,-0.016606,0.763971,0.644885
81.000000,23.947709,-22.148562,4.493495,-0.014037,-0.016634,0.764066,0.644771
81.016667,23.808507,-22.172323,4.487345,-0.014059,-0.016665,0.764158,0.644661
81.033333,23.669268,-22.196138,4.481180,-0.014084,-0.016700,0.764248,0.644553
81.050000,23.529947,-22.220007,4.474999,-0.014113,-0.016739,0.764337,0.644445
81.066667,23.390587,-22.243921,4.468802,-0.014145,-0.016781,0.764424,0.644340
81.083333,23.251144,-22.267895,4.462584,-0.014180,-0.016827,0.764510,0.644236
81.100000,23.111661,-22.291911,4.456347,-0.014219,-0.016878,0.764596,0.644132
81.116667,22.972138,-22.315968,4.450091,-0.014260,-0.016931,0.764679,0.644031
81.133333,22.832529,-22.340081,4.443809,-0.014304,-0.016988,0.764761,0.643931
81.150000,22.692878,-22.364233,4.437504,-0.014352,-0.017049,0.764842,0.643832
81.166667,22.553187,-22.388428,4.431175,-0.014402,-0.017113,0.764920,0.643737
81.183333,22.413407,-22.412678,4.424816,-0.014456,-0.017181,0.764996,0.643643
81.200000,22.273585,-22.436970,4.418431,-0.014513,-0.017253,0.765072,0.643550
81.216667,22.133721,-22.461303,4.412018,-0.014572,-0.017328,0.765146,0.643459
81.233333,21.993765,-22.485689,4.405571,-0.014634,-0.017406,0.765219,0.643368
81.250000,21.853766,-22.510113,4.399093,-0.014700,-0.017489,0.765292,0.643277
81.266667,21.713723,-22.534575,4.392584,-0.014768,-0.017574,0.765363,0.643190
81.283333,21.573587,-22.559086,4.386035,-0.014840,-0.017663,0.765433,0.643102
81.300000,21.433405,-22.583634,4.379453,-0.014915,-0.017756,0.765502,0.643016
81.316667,21.293180,-22.608224,4.372833,-0.014992,-0.017851,0.765568,0.642933
81.333333,21.152859,-22.632864,4.366171,-0.015072,-0.017951,0.765633,0.642851
81.350000,21.012492,-22.657542,4.359473,-0.015156,-0.018054,0.765697,0.642770
81.366667,20.872080,-22.682260,4.352732,-0.015241,-0.018160,0.765760,0.642690
81.383333,20.731570,-22.707025,4.345945,-0.015331,-0.018271,0.765824,0.642608
81.400000,20.591013,-22.731824,4.339118,-0.015423,-0.018384,0.765886,0.642528
81.416667,20.450409,-22.756657,4.332243,-0.015517,-0.018500,0.765946,0.642451
81.433333,20.309704,-22.781534,4.325318,-0.015616,-0.018621,0.766005,0.642375
81.450000,20.168951,-22.806448,4.318350,-0.015717,-0.018745,0.766061,0.642302
81.466667,20.028153,-22.831405,4.311328,-0.015820,-0.018872,0.766117,0.642230
81.483333,19.887252,-22.856407,4.304255,-0.015928,-0.019004,0.766172,0.642157
81.500000,19.746302,-22.881441,4.297133,-0.016038,-0.019138,0.766227,0.642085
81.516667,19.605249,-22.906520,4.289949,-0.016150,-0.019276,0.766281,0.642013
81.533333,19.464146,-22.931630,4.282714,-0.016267,-0.019419,0.766334,0.641943
81.550000,19.322993,-22.956773,4.275424,-0.016385,-0.019563,0.766384,0.641875
81.566667,19.181736,-22.981961,4.268069,-0.016507,-0.019712,0.766434,0.641808
81.583333,19.040428,-23.007182,4.260659,-0.016632,-0.019866,0.766483,0.641742
81.600000,18.899071,-23.032436,4.253189,-0.016759,-0.020020,0.766531,0.641677
81.616667,18.757606,-23.057734,4.245651,-0.016891,-0.020181,0.766578,0.641611
81.633333,18.616090,-23.083063,4.238055,-0.017025,-0.020344,0.766625,0.641547
81.650000,18.474524,-23.108425,4.230391,-0.017161,-0.020510,0.766670,0.641484
81.666667,18.332849,-23.133830,4.222657,-0.017302,-0.020682,0.766714,0.641422
81.683333,18.191123,-23.159264,4.214861,-0.017445,-0.020856,0.766757,0.641361
81.700000,18.049345,-23.184730,4.206988,-0.017591,-0.021034,0.766799,0.641302
81.716667,17.907457,-23.210237,4.199045,-0.017742,-0.021217,0.766840,0.641242
81.733333,17.765516,-23.235772,4.191034,-0.017894,-0.021402,0.766879,0.641185
81.750000,17.623464,-23.261350,4.182939,-0.018050,-0.021592,0.766918,0.641128
81.766667,17.481359,-23.286955,4.174774,-0.018211,-0.021786,0.766956,0.641072
81.783333,17.339202,-23.312590,4.166531,-0.018371,-0.021982,0.766992,0.641017
81.800000,17.196932,-23.338265,4.158204,-0.018538,-0.022185,0.767028,0.640962
81.816667,17.054608,-23.363966,4.149802,-0.018708,-0.022391,0.767063,0.640908
81.833333,16.912232,-23.389698,4.141314,-0.018880,-0.022599,0.767097,0.640855
81.850000,16.769741,-23.415467,4.132740,-0.019057,-0.022814,0.767131,0.640801
81.866667,16.627196,-23.441263,4.124088,-0.019236,-0.023031,0.767164,0.640749
81.883333,16.484537,-23.467100,4.115335,-0.019419,-0.023253,0.767195,0.640698
81.900000,16.341824,-23.492964,4.106501,-0.019606,-0.023480,0.767225,0.640648
81.916667,16.199057,-23.518855,4.097577,-0.019794,-0.023708,0.767254,0.640599
81.933333,16.056175,-23.544787,4.088553,-0.019989,-0.023944,0.767282,0.640551
81.950000,15.913238,-23.570743,4.079443,-0.020187,-0.024184,0.767310,0.640503
81.966667,15.770246,-23.596723,4.070233,-0.020387,-0.024426,0.767336,0.640456
81.983333,15.627137,-23.622738,4.060924,-0.020592,-0.024675,0.767361,0.640409
82.000000,15.483973,-23.648775,4.051522,-0.020800,-0.024926,0.767384,0.640365
82.016667,15.340692,-23.674851,4.042004,-0.021012,-0.025183,0.767406,0.640322
82.033333,15.197356,-23.700953,4.032392,-0.021229,-0.025445,0.767427,0.640279
82.050000,15.053965,-23.727078,4.022675,-0.021448,-0.025710,0.767448,0.640237
82.066667,14.910456,-23.753239,4.012843,-0.021673,-0.025982,0.767468,0.640194
82.083333,14.766892,-23.779422,4.002912,-0.021902,-0.026258,0.767487,0.640151
82.100000,14.623273,-23.805627,3.992862,-0.022133,-0.026538,0.767505,0.640110
82.116667,14.479534,-23.831867,3.982700,-0.022370,-0.026824,0.767523,0.640070
82.133333,14.335740,-23.858128,3.972428,-0.022609,-0.027113,0.767539,0.640030
82.150000,14.191828,-23.884425,3.962027,-0.022854,-0.027409,0.767554,0.639991
82.166667,14.047859,-23.910742,3.951516,-0.023102,-0.027708,0.767567,0.639952
82.183333,13.903837,-23.937082,3.940880,-0.023351,-0.028009,0.767579,0.639916
82.200000,13.759694,-23.963456,3.930116,-0.023603,-0.028314,0.767589,0.639882
82.216667,13.615496,-23.989851,3.919237,-0.023856,-0.028619,0.767596,0.639850
82.233333,13.471178,-24.016278,3.908215,-0.024109,-0.028924,0.767601,0.639821
82.250000,13.326804,-24.042721,3.897079,-0.024363,-0.029230,0.767605,0.639793
82.266667,13.182374,-24.069181,3.885818,-0.024615,-0.029534,0.767606,0.639768
82.283333,13.037822,-24.095666,3.874427,-0.024866,-0.029836,0.767604,0.639747
82.300000,12.893213,-24.122164,3.862925,-0.025115,-0.030135,0.767599,0.639728
82.316667,12.748547,-24.148676,3.851291,-0.025361,-0.030431,0.767591,0.639715
82.333333,12.603757,-24.175213,3.839541,-0.025605,-0.030724,0.767580,0.639704
82.350000,12.458910,-24.201763,3.827675,-0.025846,-0.031013,0.767566,0.639697
82.366667,12.313939,-24.228335,3.815683,-0.026085,-0.031299,0.767549,0.639693
82.383333,12.168909,-24.254915,3.803584,-0.026322,-0.031582,0.767531,0.639693
82.400000,12.023821,-24.281499,3.791361,-0.026555,-0.031861,0.767509,0.639696
82.416667,11.878606,-24.308099,3.779026,-0.026786,-0.032137,0.767483,0.639702
82.433333,11.733331,-24.334703,3.766580,-0.027015,-0.032410,0.767454,0.639714
82.450000,11.587929,-24.361321,3.754012,-0.027242,-0.032679,0.767422,0.639729
82.466667,11.442467,-24.387941,3.741343,-0.027466,-0.032945,0.767386,0.639749
82.483333,11.296944,-24.414560,3.728557,-0.027687,-0.033208,0.767346,0.639774
82.500000,11.151293,-24.441191,3.715663,-0.027906,-0.033467,0.767303,0.639802
82.516667,11.005581,-24.467818,3.702663,-0.028123,-0.033724,0.767258,0.639834
82.533333,10.859739,-24.494450,3.689549,-0.028336,-0.033976,0.767210,0.639868
82.550000,10.713834,-24.521075,3.676339,-0.028548,-0.034225,0.767159,0.639907
82.566667,10.567866,-24.547685,3.663015,-0.028757,-0.034470,0.767103,0.639952
82.583333,10.421767,-24.574299,3.649591,-0.028963,-0.034712,0.767043,0.640001
82.600000,10.275605,-24.600905,3.636064,-0.029168,-0.034952,0.766979,0.640055
82.616667,10.129312,-24.627513,3.622431,-0.029369,-0.035186,0.766913,0.640113
82.633333,9.982955,-24.654109,3.608707,-0.029568,-0.035419,0.766844,0.640173
82.650000,9.836465,-24.680692,3.594869,-0.029764,-0.035646,0.766772,0.640238
82.666667,9.689909,-24.707256,3.580944,-0.029957,-0.035870,0.766697,0.640306
82.683333,9.543287,-24.733799,3.566919,-0.030149,-0.036092,0.766616,0.640382
82.700000,9.396532,-24.760336,3.552797,-0.030337,-0.036309,0.766530,0.640463
82.716667,9.249711,-24.786852,3.538585,-0.030524,-0.036523,0.766439,0.640551
82.733333,9.102755,-24.813353,3.524271,-0.030707,-0.036732,0.766346,0.640641
82.750000,8.955732,-24.839829,3.509874,-0.030888,-0.036938,0.766251,0.640735
82.766667,8.808640,-24.866269,3.495382,-0.031066,-0.037141,0.766151,0.640833
82.783333,8.661412,-24.892689,3.480801,-0.031241,-0.037339,0.766048,0.640937
82.800000,8.514115,-24.919073,3.466134,-0.031415,-0.037535,0.765938,0.641049
82.816667,8.366681,-24.945436,3.451374,-0.031584,-0.037725,0.765825,0.641165
82.833333,8.219179,-24.971767,3.436536,-0.031753,-0.037913,0.765706,0.641287
82.850000,8.071538,-24.998068,3.421602,-0.031917,-0.038096,0.765585,0.641413
82.866667,7.923828,-25.024331,3.406594,-0.032078,-0.038274,0.765460,0.641542
82.883333,7.776046,-25.050545,3.391503,-0.032238,-0.038450,0.765330,0.641679
82.900000,7.628124,-25.076727,3.376329,-0.032394,-0.038620,0.765197,0.641820
82.916667,7.480132,-25.102859,3.361080,-0.032548,-0.038789,0.765056,0.641970
82.933333,7.331998,-25.128952,3.345748,-0.032698,-0.038950,0.764911,0.642125
82.950000,7.183793,-25.154998,3.330347,-0.032846,-0.039109,0.764761,0.642286
82.966667,7.035446,-25.180994,3.314862,-0.032990,-0.039263,0.764607,0.642453
82.983333,6.887026,-25.206939,3.299311,-0.033132,-0.039412,0.764449,0.642625
83.000000,6.738532,-25.232817,3.283688,-0.033271,-0.039558,0.764284,0.642805
83.016667,6.589895,-25.258647,3.267993,-0.033406,-0.039698,0.764115,0.642990
83.033333,6.441183,-25.284412,3.252232,-0.033539,-0.039836,0.763938,0.643185
83.050000,6.292328,-25.310119,3.236399,-0.033668,-0.039967,0.763758,0.643384
83.066667,6.143398,-25.335762,3.220508,-0.033795,-0.040095,0.763570,0.643593
83.083333,5.994322,-25.361336,3.204543,-0.033917,-0.040217,0.763378,0.643806
83.100000,5.845170,-25.386840,3.188525,-0.034037,-0.040334,0.763180,0.644027
83.116667,5.695939,-25.412255,3.172445,-0.034153,-0.040447,0.762976,0.644256
83.133333,5.546564,-25.437605,3.156305,-0.034266,-0.040554,0.762768,0.644489
83.150000,5.397109,-25.462866,3.140111,-0.034376,-0.040658,0.762550,0.644735
83.166667,5.247507,-25.488051,3.123857,-0.034481,-0.040754,0.762329,0.644984
83.183333,5.097827,-25.513150,3.107555,-0.034584,-0.040847,0.762098,0.645246
83.200000,4.947999,-25.538162,3.091196,-0.034682,-0.040933,0.761864,0.645511
83.216667,4.798091,-25.563086,3.074793,-0.034777,-0.041015,0.761621,0.645787
83.233333,4.648033,-25.587908,3.058335,-0.034868,-0.041091,0.761373,0.646071
83.250000,4.497895,-25.612635,3.041839,-0.034955,-0.041161,0.761117,0.646362
83.266667,4.347672,-25.637243,3.025300,-0.035039,-0.041226,0.760852,0.646666
83.283333,4.197300,-25.661756,3.008718,-0.035117,-0.041284,0.760582,0.646976
83.300000,4.046844,-25.686151,2.992099,-0.035193,-0.041337,0.760298,0.647302
83.316667,3.896238,-25.710439,2.975439,-0.035263,-0.041382,0.760012,0.647631
83.333333,3.745547,-25.734607,2.958749,-0.035330,-0.041423,0.759713,0.647975
83.350000,3.594703,-25.758651,2.942022,-0.035392,-0.041456,0.759412,0.648323
83.366667,3.443774,-25.782569,2.925270,-0.035450,-0.041483,0.759097,0.648686
83.383333,3.292690,-25.806348,2.908484,-0.035502,-0.041504,0.758776,0.649058
83.400000,3.141521,-25.830001,2.891678,-0.035550,-0.041517,0.758443,0.649443
83.416667,2.990261,-25.853495,2.874852,-0.035593,-0.041523,0.758102,0.649838
83.433333,2.838849,-25.876867,2.858004,-0.035631,-0.041522,0.757753,0.650243
83.450000,2.687346,-25.900070,2.841142,-0.035664,-0.041514,0.757391,0.650664
83.466667,2.535687,-25.923129,2.824262,-0.035691,-0.041498,0.757022,0.651092
83.483333,2.383937,-25.946020,2.807374,-0.035713,-0.041474,0.756637,0.651540
83.500000,2.232032,-25.968755,2.790474,-0.035729,-0.041443,0.756247,0.651994
83.516667,2.080033,-25.991317,2.773571,-0.035740,-0.041402,0.755839,0.652470
83.533333,1.927876,-26.013698,2.756664,-0.035744,-0.041354,0.755426,0.652950
83.550000,1.775626,-26.035899,2.739760,-0.035742,-0.041296,0.754994,0.653453
83.566667,1.623215,-26.057902,2.722858,-0.035734,-0.041231,0.754556,0.653964
83.583333,1.470711,-26.079723,2.705966,-0.035719,-0.041155,0.754098,0.654497
83.600000,1.318044,-26.101328,2.689084,-0.035697,-0.041070,0.753630,0.655043
83.616667,1.165283,-26.122744,2.672218,-0.035668,-0.040975,0.753146,0.655606
83.633333,1.012421,-26.143916,2.655377,-0.035632,-0.040870,0.752650,0.656185
83.650000,0.859399,-26.164890,2.638553,-0.035587,-0.040754,0.752139,0.656779
83.666667,0.706275,-26.185610,2.621763,-0.035535,-0.040628,0.751610,0.657395
83.683333,0.552990,-26.206111,2.604997,-0.035475,-0.040491,0.751069,0.658025
83.700000,0.399601,-26.226350,2.588273,-0.035405,-0.040341,0.750505,0.658681
83.716667,0.246050,-26.246349,2.571584,-0.035328,-0.040181,0.749930,0.659350
83.733333,0.092395,-26.266077,2.554944,-0.035240,-0.040007,0.749329,0.660048
83.750000,-0.061426,-26.285540,2.538351,-0.035144,-0.039822,0.748717,0.660759
83.766667,-0.215351,-26.304719,2.521816,-0.035036,-0.039622,0.748077,0.661501
83.783333,-0.369444,-26.323605,2.505339,-0.034919,-0.039410,0.747425,0.662256
83.800000,-0.523643,-26.342193,2.488930,-0.034789,-0.039181,0.746744,0.663045
83.816667,-0.678011,-26.360459,2.472591,-0.034650,-0.038940,0.746047,0.663850
83.833333,-0.832486,-26.378413,2.456330,-0.034496,-0.038681,0.745318,0.664691
83.850000,-0.987133,-26.396017,2.440155,-0.034333,-0.038409,0.744573,0.665551
83.866667,-1.141887,-26.413297,2.424068,-0.034153,-0.038117,0.743792,0.666449
83.883333,-1.296815,-26.430196,2.408083,-0.033962,-0.037810,0.742994,0.667366
83.900000,-1.451850,-26.446752,2.392196,-0.033753,-0.037482,0.742160,0.668322
83.916667,-1.607063,-26.462885,2.376430,-0.033532,-0.037139,0.741301,0.669305
83.933333,-1.762383,-26.478653,2.360774,-0.033292,-0.036772,0.740406,0.670327
83.950000,-1.917882,-26.493963,2.345258,-0.033037,-0.036388,0.739483,0.671379
83.966667,-2.073490,-26.508889,2.329867,-0.032762,-0.035980,0.738521,0.672472
83.983333,-2.229220,-26.523316,2.314641,-0.032469,-0.035550,0.737523,0.673604
84.000000,-2.385118,-26.537318,2.299552,-0.032155,-0.035096,0.736487,0.674775
84.016667,-2.541139,-26.550792,2.284648,-0.031820,-0.034617,0.735410,0.675989
84.033333,-2.697328,-26.563813,2.269902,-0.031463,-0.034113,0.734292,0.677246
84.050000,-2.853641,-26.576265,2.255361,-0.031081,-0.033580,0.733124,0.678554
84.066667,-3.010123,-26.588210,2.241003,-0.030673,-0.033019,0.731911,0.679908
84.083333,-3.166728,-26.599549,2.226874,-0.030238,-0.032428,0.730648,0.681314
84.100000,-3.323502,-26.610336,2.212953,-0.029777,-0.031807,0.729332,0.682771
84.116667,-3.480398,-26.620466,2.199289,-0.029289,-0.031158,0.727958,0.684287
84.133333,-3.637464,-26.629985,2.185863,-0.028776,-0.030483,0.726533,0.685851
84.150000,-3.794650,-26.638796,2.172723,-0.028238,-0.029782,0.725054,0.687468
84.166667,-3.952003,-26.646945,2.159854,-0.027677,-0.029058,0.723519,0.689137
84.183333,-4.109472,-26.654330,2.147294,-0.027095,-0.028313,0.721924,0.690862
84.200000,-4.267104,-26.660991,2.135019,-0.026492,-0.027549,0.720275,0.692635
84.216667,-4.424844,-26.666854,2.123066,-0.025870,-0.026768,0.718568,0.694459
84.233333,-4.582739,-26.671960,2.111410,-0.025231,-0.025973,0.716803,0.696335
84.250000,-4.740736,-26.676212,2.100088,-0.024577,-0.025166,0.714977,0.698263
84.266667,-4.898878,-26.679645,2.089075,-0.023908,-0.024347,0.713092,0.700240
84.283333,-5.057112,-26.682177,2.078406,-0.023223,-0.023517,0.711146,0.702267
84.300000,-5.215481,-26.683849,2.068062,-0.022522,-0.022675,0.709130,0.704353
84.316667,-5.373930,-26.684555,2.058076,-0.021805,-0.021822,0.707046,0.706494
84.333333,-5.532502,-26.684335,2.048424,-0.021070,-0.020957,0.704887,0.708697
84.350000,-5.691141,-26.683097,2.039145,-0.020318,-0.020081,0.702657,0.710955
84.366667,-5.849888,-26.680876,2.030215,-0.019547,-0.019193,0.700343,0.713281
84.383333,-6.008685,-26.677560,2.021672,-0.018759,-0.018295,0.697948,0.715669
84.400000,-6.167573,-26.673198,2.013491,-0.017951,-0.017384,0.695461,0.718129
84.416667,-6.326491,-26.667662,2.005712,-0.017124,-0.016465,0.692892,0.720650
84.433333,-6.485480,-26.661018,1.998308,-0.016275,-0.015532,0.690214,0.723255
84.450000,-6.644478,-26.653118,1.991324,-0.015408,-0.014592,0.687447,0.725924
84.466667,-6.803520,-26.644025,1.984726,-0.014518,-0.013639,0.684565,0.728680
84.483333,-6.962544,-26.633594,1.978565,-0.013609,-0.012680,0.681584,0.731504
84.500000,-7.121586,-26.621902,1.972804,-0.012674,-0.011708,0.678471,0.734425
84.516667,-7.280574,-26.608747,1.967498,-0.011721,-0.010733,0.675253,0.737415
84.533333,-7.439549,-26.594259,1.962600,-0.010741,-0.009746,0.671888,0.740511
84.550000,-7.598432,-26.578213,1.958177,-0.009743,-0.008757,0.668414,0.743674
84.566667,-7.757262,-26.560740,1.954175,-0.008716,-0.007757,0.664772,0.746955
84.583333,-7.915951,-26.541572,1.950665,-0.007673,-0.006759,0.661008,0.750309
84.600000,-8.074545,-26.520899,1.947584,-0.006600,-0.005753,0.657063,0.753785
84.616667,-8.232942,-26.498400,1.945015,-0.005509,-0.004750,0.652985,0.757336
84.633333,-8.391194,-26.474306,1.942881,-0.004390,-0.003743,0.648710,0.761014
84.650000,-8.549178,-26.448233,1.941279,-0.003254,-0.002741,0.644280,0.764778
84.666667,-8.706960,-26.420467,1.940116,-0.002093,-0.001742,0.639649,0.768662
84.683333,-8.864393,-26.390564,1.939500,-0.000913,-0.000750,0.634838,0.772644
84.700000,-9.021555,-26.358864,1.939332,0.000286,0.000232,0.629820,0.776741
84.716667,-9.178319,-26.324886,1.939714,0.001505,0.001204,0.624592,0.780949
84.733333,-9.334684,-26.288960,1.940555,0.002736,0.002157,0.619155,0.785261
84.750000,-9.490551,-26.250638,1.941944,0.003986,0.003096,0.613479,0.789695
84.766667,-9.645919,-26.210216,1.943800,0.005238,0.004008,0.607598,0.794218
84.783333,-9.800678,-26.167275,1.946195,0.006508,0.004899,0.601442,0.798875
84.800000,-9.954816,-26.122062,1.949060,0.007771,0.005754,0.595080,0.803608
84.816667,-10.108219,-26.074215,1.952450,0.009043,0.006582,0.588425,0.808475
84.833333,-10.260862,-26.023922,1.956306,0.010299,0.007363,0.581559,0.813406
84.850000,-10.412637,-25.970899,1.960662,0.011553,0.008108,0.574379,0.818468
84.866667,-10.563487,-25.915246,1.965474,0.012779,0.008798,0.566995,0.823575
84.883333,-10.713324,-25.856780,1.970753,0.013990,0.009441,0.559283,0.828805
84.900000,-10.862053,-25.795511,1.976467,0.015158,0.010020,0.551375,0.834060
84.916667,-11.009610,-25.731349,1.982603,0.016293,0.010542,0.543133,0.839422
84.933333,-11.155861,-25.664232,1.989139,0.017368,0.010993,0.534713,0.844784
84.950000,-11.300782,-25.594184,1.996042,0.018390,0.011376,0.525958,0.850235
84.966667,-11.444174,-25.521031,2.003296,0.019333,0.011682,0.517052,0.855656
84.983333,-11.586075,-25.444931,2.010851,0.020198,0.011911,0.507825,0.861141
85.000000,-11.726222,-25.365620,2.018690,0.020966,0.012060,0.498479,0.866564
85.016667,-11.864727,-25.283388,2.026751,0.021628,0.012125,0.488843,0.872020
85.033333,-12.001234,-25.197852,2.035012,0.022180,0.012112,0.479105,0.877394
85.050000,-12.135968,-25.109465,2.043407,0.022627,0.012026,0.469150,0.882747
85.066667,-12.268475,-25.017738,2.051899,0.022986,0.011883,0.459083,0.888016
85.083333,-12.399082,-24.923244,2.060426,0.023265,0.011691,0.448863,0.893221
85.100000,-12.527284,-24.825430,2.068933,0.023488,0.011465,0.438513,0.898345
85.116667,-12.653424,-24.724933,2.077387,0.023666,0.011215,0.428085,0.903359
85.133333,-12.777037,-24.621268,2.085792,0.023824,0.010951,0.417500,0.908298
85.150000,-12.898386,-24.514929,2.094173,0.023979,0.010686,0.406905,0.913093
85.166667,-13.017087,-24.405577,2.102551,0.024157,0.010426,0.396123,0.917821
85.183333,-13.133318,-24.293580,2.110949,0.024380,0.010187,0.385384,0.922378
85.200000,-13.246811,-24.178753,2.119393,0.024671,0.009967,0.374443,0.926868
85.216667,-13.357634,-24.061330,2.127906,0.025031,0.009773,0.363567,0.931180
85.233333,-13.465643,-23.941269,2.136516,0.025471,0.009598,0.352503,0.935415
85.250000,-13.570781,-23.818673,2.145250,0.025982,0.009445,0.341527,0.939465
85.266667,-13.673056,-23.693645,2.154131,0.026584,0.009310,0.330383,0.943427
85.283333,-13.772277,-23.566173,2.163197,0.027259,0.009190,0.319344,0.947202
85.300000,-13.868607,-23.436478,2.172464,0.028034,0.009085,0.308154,0.950880
85.316667,-13.961707,-23.304446,2.181981,0.028886,0.008991,0.297067,0.954377
85.333333,-14.051905,-23.170398,2.191749,0.029841,0.008908,0.285890,0.957756
85.350000,-14.138714,-23.034140,2.201841,0.030881,0.008830,0.274782,0.960970
85.366667,-14.222627,-22.896072,2.212233,0.032025,0.008758,0.263656,0.964045
85.383333,-14.303005,-22.755933,2.223025,0.033261,0.008687,0.252554,0.966972
85.400000,-14.380450,-22.614157,2.234176,0.034598,0.008616,0.241501,0.969745
85.416667,-14.454357,-22.470518,2.245793,0.036040,0.008540,0.230427,0.972385
85.433333,-14.525221,-22.325381,2.257838,0.037577,0.008460,0.219471,0.974858
85.450000,-14.592596,-22.178617,2.270407,0.039230,0.008368,0.208446,0.977211
85.466667,-14.656811,-22.030480,2.283481,0.040972,0.008266,0.197598,0.979392
85.483333,-14.717594,-21.880937,2.297135,0.042841,0.008148,0.186658,0.981457
85.500000,-14.775107,-21.730157,2.311377,0.044794,0.008013,0.175906,0.983355
85.516667,-14.829272,-21.578191,2.326253,0.046883,0.007855,0.165061,0.985137
85.533333,-14.880066,-21.425129,2.341804,0.049051,0.007675,0.154407,0.986759
85.550000,-14.927583,-21.271081,2.358041,0.051365,0.007467,0.143658,0.988265
85.566667,-14.971651,-21.116092,2.375043,0.053756,0.007229,0.133090,0.989619
85.583333,-15.012522,-20.960306,2.392782,0.056295,0.006957,0.122448,0.990853
85.600000,-15.049856,-20.803735,2.411383,0.058918,0.006649,0.111944,0.991944
85.616667,-15.084101,-20.646552,2.430766,0.061679,0.006300,0.101419,0.992910
85.633333,-15.114711,-20.488746,2.451114,0.064539,0.005909,0.090976,0.993742
85.650000,-15.142295,-20.330514,2.472294,0.067517,0.005470,0.080559,0.994445
85.666667,-15.166222,-20.171874,2.494526,0.070572,0.004977,0.070178,0.995023
85.683333,-15.187111,-20.012965,2.517664,0.073664,0.004432,0.059888,0.995473
85.700000,-15.204439,-19.853866,2.541905,0.076780,0.003824,0.049596,0.995806
85.716667,-15.218662,-19.694661,2.567148,0.079845,0.003165,0.039480,0.996020
85.733333,-15.229433,-19.535471,2.593516,0.082873,0.002442,0.029353,0.996125
85.750000,-15.237071,-19.376327,2.620864,0.085767,0.001676,0.019461,0.996124
85.766667,-15.241422,-19.217360,2.649172,0.088555,0.000852,0.009587,0.996025
85.783333,-15.242674,-19.058569,2.678335,0.091140,-0.000002,-0.000021,0.995838
85.800000,-15.240850,-18.900091,2.708274,0.093541,-0.000898,-0.009555,0.995569
85.816667,-15.236000,-18.741904,2.738930,0.095684,-0.001807,-0.018792,0.995233
85.833333,-15.228283,-18.584141,2.770189,0.097603,-0.002737,-0.027900,0.994831
85.850000,-15.217650,-18.426767,2.802018,0.099270,-0.003664,-0.036698,0.994377
85.866667,-15.204372,-18.269905,2.834286,0.100710,-0.004593,-0.045324,0.993872
85.883333,-15.188310,-18.113508,2.866972,0.101914,-0.005504,-0.053644,0.993331
85.900000,-15.169828,-17.957690,2.899946,0.102891,-0.006400,-0.061755,0.992753
85.916667,-15.148721,-17.802396,2.933194,0.103653,-0.007267,-0.069561,0.992151
85.933333,-15.125409,-17.647728,2.966588,0.104195,-0.008106,-0.077134,0.991528
85.950000,-15.099642,-17.493625,3.000114,0.104540,-0.008906,-0.084413,0.990892
85.966667,-15.071875,-17.340180,3.033659,0.104679,-0.009666,-0.091438,0.990246
85.983333,-15.041839,-17.187323,3.067201,0.104638,-0.010382,-0.098185,0.989597
86.000000,-15.010005,-17.035143,3.100649,0.104404,-0.011049,-0.104663,0.988951
86.016667,-14.976088,-16.883559,3.133969,0.104010,-0.011669,-0.110884,0.988307
86.033333,-14.940547,-16.732665,3.167092,0.103440,-0.012235,-0.116826,0.987675
86.050000,-14.903111,-16.582364,3.199974,0.102723,-0.012752,-0.122531,0.987052
86.066667,-14.864221,-16.432757,3.232563,0.101850,-0.013211,-0.127951,0.986448
86.083333,-14.823631,-16.283726,3.264808,0.100842,-0.013620,-0.133156,0.985857
86.100000,-14.781728,-16.135392,3.296678,0.099697,-0.013972,-0.138081,0.985291
86.116667,-14.738314,-15.987614,3.328115,0.098426,-0.014274,-0.142809,0.984741
86.133333,-14.693718,-15.840528,3.359094,0.097040,-0.014519,-0.147257,0.984219
86.150000,-14.647808,-15.693968,3.389567,0.095534,-0.014716,-0.151530,0.983715
86.166667,-14.600841,-15.548095,3.419506,0.093934,-0.014859,-0.155534,0.983242
86.183333,-14.552717,-15.402722,3.448879,0.092216,-0.014954,-0.159372,0.982789
86.200000,-14.503650,-15.258029,3.477645,0.090427,-0.015000,-0.162954,0.982367
86.216667,-14.453600,-15.113801,3.505797,0.088522,-0.014999,-0.166383,0.981965
86.233333,-14.402704,-14.970248,3.533272,0.086561,-0.014954,-0.169577,0.981594
86.250000,-14.350982,-14.827129,3.560100,0.084489,-0.014864,-0.172627,0.981244
86.266667,-14.298516,-14.684673,3.586178,0.082367,-0.014733,-0.175463,0.980924
86.283333,-14.245363,-14.542624,3.611593,0.080158,-0.014562,-0.178141,0.980626
86.300000,-14.191556,-14.401229,3.636184,0.077896,-0.014354,-0.180652,0.980352
86.316667,-14.137187,-14.260214,3.660097,0.075595,-0.014116,-0.183014,0.980098
86.333333,-14.082168,-14.119597,3.683173,0.073250,-0.013851,-0.185278,0.979854
86.350000,-14.026762,-13.979589,3.705486,0.070922,-0.013568,-0.187414,0.979623
86.366667,-13.970848,-13.839948,3.726968,0.068557,-0.013266,-0.189514,0.979392
86.383333,-13.914588,-13.700922,3.747636,0.066247,-0.012958,-0.191523,0.979164
86.400000,-13.857883,-13.562272,3.767553,0.063938,-0.012640,-0.193529,0.978927
86.416667,-13.800790,-13.424285,3.786663,0.061697,-0.012324,-0.195495,0.978684
86.433333,-13.743292,-13.286692,3.805125,0.059506,-0.012009,-0.197467,0.978428
86.450000,-13.685262,-13.149540,3.822831,0.057374,-0.011700,-0.199478,0.978151
86.466667,-13.626914,-13.013084,3.839896,0.055324,-0.011401,-0.201511,0.977856
86.483333,-13.568070,-12.877087,3.856309,0.053332,-0.011108,-0.203594,0.977539
86.500000,-13.508867,-12.741829,3.872074,0.051418,-0.010824,-0.205705,0.977202
86.516667,-13.449220,-12.607037,3.887286,0.049557,-0.010545,-0.207857,0.976846
86.533333,-13.389139,-12.473043,3.901839,0.047762,-0.010274,-0.210056,0.976468
86.550000,-13.328612,-12.339538,3.915882,0.046017,-0.010009,-0.212295,0.976070
86.566667,-13.267564,-12.206560,3.929379,0.044334,-0.009750,-0.214563,0.975655
86.583333,-13.206130,-12.074405,3.942322,0.042694,-0.009496,-0.216895,0.975215
86.600000,-13.144242,-11.942772,3.954801,0.041099,-0.009245,-0.219268,0.974755
86.616667,-13.081758,-11.811728,3.966748,0.039567,-0.009002,-0.221670,0.974277
86.633333,-13.018929,-11.681530,3.978224,0.038061,-0.008761,-0.224144,0.973773
86.650000,-12.955589,-11.551907,3.989258,0.036609,-0.008525,-0.226644,0.973252
86.666667,-12.891798,-11.423201,3.999793,0.035195,-0.008293,-0.229203,0.972707
86.683333,-12.827520,-11.295079,4.009930,0.033806,-0.008062,-0.231839,0.972133
86.700000,-12.762669,-11.167589,4.019644,0.032476,-0.007838,-0.234483,0.971546
86.716667,-12.697391,-11.041045,4.028919,0.031169,-0.007615,-0.237210,0.970928
86.733333,-12.631595,-10.915126,4.037828,0.029889,-0.007393,-0.240007,0.970283
86.750000,-12.565191,-10.789886,4.046341,0.028661,-0.007178,-0.242822,0.969621
86.766667,-12.498351,-10.665632,4.054459,0.027451,-0.006962,-0.245729,0.968925
86.783333,-12.430972,-10.542043,4.062239,0.026270,-0.006748,-0.248702,0.968200
86.800000,-12.362957,-10.419177,4.069655,0.025129,-0.006538,-0.251711,0.967454
86.816667,-12.294487,-10.297344,4.076709,0.024009,-0.006328,-0.254802,0.966674
86.833333,-12.225447,-10.176220,4.083451,0.022913,-0.006120,-0.257977,0.965860
86.850000,-12.155757,-10.055859,4.089865,0.021852,-0.005915,-0.261200,0.965019
86.866667,-12.085577,-9.936587,4.095940,0.020812,-0.005710,-0.264499,0.964144
86.883333,-12.014800,-9.818070,4.101727,0.019794,-0.005505,-0.267896,0.963229
86.900000,-11.943380,-9.700342,4.107224,0.018806,-0.005303,-0.271355,0.962281
86.916667,-11.871405,-9.583781,4.112396,0.017837,-0.005101,-0.274898,0.961294
86.933333,-11.798795,-9.468030,4.117303,0.016895,-0.004900,-0.278512,0.960272
86.950000,-11.725543,-9.353101,4.121952,0.015974,-0.004700,-0.282230,0.959202
86.966667,-11.651509,-9.239095,4.126313,0.015071,-0.004500,-0.286042,0.958088
86.983333,-11.576970,-9.126280,4.130410,0.014191,-0.004300,-0.289939,0.956930
87.000000,-11.501752,-9.014348,4.134267,0.013340,-0.004102,-0.293906,0.955732
87.016667,-11.425812,-8.903339,4.137884,0.012500,-0.003903,-0.298017,0.954471
87.033333,-11.349246,-8.793646,4.141235,0.011678,-0.003703,-0.302236,0.953154
87.050000,-11.271960,-8.684904,4.144366,0.010886,-0.003506,-0.306512,0.951798
87.066667,-11.193942,-8.577135,4.147282,0.010113,-0.003308,-0.310901,0.950383
87.083333,-11.115116,-8.470407,4.149976,0.009350,-0.003108,-0.315459,0.948888
87.100000,-11.035642,-8.365081,4.152440,0.008608,-0.002909,-0.320130,0.947330
87.116667,-10.955396,-8.260807,4.154706,0.007894,-0.002712,-0.324865,0.945724
87.133333,-10.874362,-8.157609,4.156780,0.007196,-0.002513,-0.329723,0.944047
87.150000,-10.792480,-8.055556,4.158662,0.006508,-0.002312,-0.334772,0.942274
87.166667,-10.709890,-7.955031,4.160335,0.005838,-0.002110,-0.339932,0.940430
87.183333,-10.626465,-7.855683,4.161833,0.005192,-0.001909,-0.345163,0.938526
87.200000,-10.542192,-7.757542,4.163161,0.004560,-0.001707,-0.350518,0.936543
87.216667,-10.457068,-7.660630,4.164322,0.003942,-0.001502,-0.355997,0.934478
87.233333,-10.370949,-7.565102,4.165300,0.003333,-0.001293,-0.361657,0.932304
87.250000,-10.284177,-7.471178,4.166112,0.002747,-0.001085,-0.367374,0.930069
87.266667,-10.196534,-7.378579,4.166769,0.002174,-0.000874,-0.373207,0.927745
87.283333,-10.108019,-7.287333,4.167274,0.001613,-0.000661,-0.379157,0.925331
87.300000,-10.018625,-7.197472,4.167631,0.001066,-0.000445,-0.385229,0.922820
87.316667,-9.928195,-7.109186,4.167826,0.000537,-0.000229,-0.391395,0.920223
87.333333,-9.837132,-7.022633,4.167879,0.000023,-0.000010,-0.397688,0.917521
87.350000,-9.745187,-6.937567,4.167796,-0.000477,0.000211,-0.404103,0.914713
87.366667,-9.652354,-6.854028,4.167583,-0.000961,0.000433,-0.410640,0.911797
87.383333,-9.558632,-6.772050,4.167242,-0.001429,0.000656,-0.417299,0.908768
87.400000,-9.463955,-6.691752,4.166771,-0.001875,0.000878,-0.424000,0.905660
87.416667,-9.368604,-6.613424,4.166175,-0.002303,0.001099,-0.430815,0.902437
87.433333,-9.272376,-6.536770,4.165466,-0.002716,0.001323,-0.437807,0.899064
87.450000,-9.175279,-6.461828,4.164649,-0.003112,0.001546,-0.444915,0.895566
87.466667,-9.077320,-6.388633,4.163727,-0.003488,0.001768,-0.452136,0.891940
87.483333,-8.978505,-6.317230,4.162706,-0.003843,0.001988,-0.459430,0.888203
87.500000,-8.878823,-6.247683,4.161588,-0.004175,0.002204,-0.466776,0.884363
87.516667,-8.778508,-6.180367,4.160376,-0.004488,0.002417,-0.474223,0.880390
87.533333,-8.677382,-6.114953,4.159081,-0.004779,0.002628,-0.481770,0.876281
87.550000,-8.575461,-6.051478,4.157707,-0.005052,0.002835,-0.489451,0.872011
87.566667,-8.472763,-5.989981,4.156261,-0.005302,0.003039,-0.497244,0.867589
87.583333,-8.369306,-5.930498,4.154746,-0.005530,0.003237,-0.505107,0.863033
87.600000,-8.265112,-5.873066,4.153169,-0.005733,0.003426,-0.512965,0.858383
87.616667,-8.160206,-5.817720,4.151534,-0.005915,0.003609,-0.520892,0.853595
87.633333,-8.054566,-5.764590,4.149845,-0.006073,0.003785,-0.528879,0.848667
87.650000,-7.948557,-5.713855,4.148115,-0.006209,0.003952,-0.536918,0.843602
87.666667,-7.841932,-5.665291,4.146346,-0.006323,0.004110,-0.545002,0.838401
87.683333,-7.734724,-5.618926,4.144543,-0.006414,0.004259,-0.553121,0.833065
87.700000,-7.626969,-5.574785,4.142712,-0.006483,0.004396,-0.561266,0.827598
87.716667,-7.518702,-5.532891,4.140859,-0.006528,0.004522,-0.569400,0.822022
87.733333,-7.409963,-5.493264,4.138991,-0.006552,0.004635,-0.577522,0.816336
87.750000,-7.300792,-5.455922,4.137111,-0.006554,0.004735,-0.585638,0.810532
87.766667,-7.191231,-5.420878,4.135225,-0.006534,0.004822,-0.593738,0.804618
87.783333,-7.081324,-5.388143,4.133341,-0.006495,0.004895,-0.601810,0.798598
87.800000,-6.971105,-5.357761,4.131462,-0.006436,0.004953,-0.609845,0.792479
87.816667,-6.860940,-5.329895,4.129601,-0.006359,0.004996,-0.617832,0.786269
87.833333,-6.750573,-5.304335,4.127757,-0.006263,0.005024,-0.625760,0.779974
87.850000,-6.640051,-5.281076,4.125934,-0.006149,0.005037,-0.633621,0.773603
87.866667,-6.529419,-5.260112,4.124138,-0.006020,0.005033,-0.641403,0.767164
87.883333,-6.418725,-5.241432,4.122374,-0.005875,0.005013,-0.649085,0.760677
87.900000,-6.308015,-5.225022,4.120646,-0.005717,0.004977,-0.656621,0.754183
87.916667,-6.197334,-5.210866,4.118958,-0.005545,0.004925,-0.664054,0.747648
87.933333,-6.086728,-5.198942,4.117314,-0.005362,0.004858,-0.671377,0.741081
87.950000,-5.976241,-5.189227,4.115718,-0.005168,0.004774,-0.678582,0.734491
87.966667,-5.865917,-5.181693,4.114174,-0.004964,0.004676,-0.685655,0.727895
87.983333,-5.755797,-5.176311,4.112685,-0.004754,0.004564,-0.692577,0.721314
88.000000,-5.645922,-5.173050,4.111254,-0.004538,0.004440,-0.699332,0.714769
88.016667,-5.536332,-5.171875,4.109883,-0.004320,0.004305,-0.705906,0.708279
88.033333,-5.427062,-5.172745,4.108577,-0.004100,0.004161,-0.712286,0.701865
88.050000,-5.318149,-5.175598,4.107335,-0.003880,0.004008,-0.718463,0.695543
88.066667,-5.209623,-5.180356,4.106156,-0.003662,0.003849,-0.724428,0.689330
88.083333,-5.101512,-5.186939,4.105038,-0.003447,0.003684,-0.730176,0.683240
88.100000,-4.993839,-5.195274,4.103982,-0.003237,0.003516,-0.735702,0.677289
88.116667,-4.886625,-5.205287,4.102987,-0.003032,0.003346,-0.741003,0.671486
88.133333,-4.779888,-5.216910,4.102049,-0.002833,0.003174,-0.746086,0.665836
88.150000,-4.673643,-5.230077,4.101171,-0.002639,0.003001,-0.750962,0.660334
88.166667,-4.567903,-5.244725,4.100351,-0.002449,0.002826,-0.755642,0.654975
88.183333,-4.462679,-5.260796,4.099585,-0.002265,0.002650,-0.760136,0.649754
88.200000,-4.357981,-5.278232,4.098875,-0.002086,0.002474,-0.764456,0.644668
88.216667,-4.253817,-5.296979,4.098220,-0.001912,0.002297,-0.768611,0.639709
88.233333,-4.150191,-5.316985,4.097619,-0.001742,0.002119,-0.772611,0.634874
88.250000,-4.047110,-5.338201,4.097071,-0.001576,0.001941,-0.776463,0.630158
88.266667,-3.944576,-5.360583,4.096575,-0.001413,0.001762,-0.780176,0.625556
88.283333,-3.842594,-5.384084,4.096130,-0.001254,0.001583,-0.783758,0.621063
88.300000,-3.741163,-5.408663,4.095736,-0.001100,0.001404,-0.787215,0.616676
88.316667,-3.640286,-5.434281,4.095392,-0.000948,0.001224,-0.790556,0.612388
88.333333,-3.539963,-5.460899,4.095098,-0.000799,0.001043,-0.793785,0.608197
88.350000,-3.440194,-5.488482,4.094852,-0.000654,0.000862,-0.796910,0.604098
88.366667,-3.340977,-5.516996,4.094655,-0.000511,0.000681,-0.799935,0.600086
88.383333,-3.242311,-5.546408,4.094505,-0.000370,0.000498,-0.802866,0.596159
88.400000,-3.144194,-5.576687,4.094403,-0.000232,0.000316,-0.805709,0.592312
88.416667,-3.046625,-5.607806,4.094348,-0.000097,0.000133,-0.808467,0.588542
88.433333,-2.949601,-5.639735,4.094339,0.000037,-0.000051,-0.811145,0.584845
88.450000,-2.853118,-5.672449,4.094376,0.000168,-0.000236,-0.813748,0.581218
88.466667,-2.757175,-5.705923,4.094460,0.000298,-0.000421,-0.816279,0.577657
88.483333,-2.661767,-5.740133,4.094588,0.000426,-0.000607,-0.818743,0.574160
88.500000,-2.566893,-5.775058,4.094762,0.000552,-0.000794,-0.821142,0.570724
88.516667,-2.472547,-5.810674,4.094981,0.000677,-0.000982,-0.823480,0.567344
88.533333,-2.378726,-5.846964,4.095244,0.000800,-0.001171,-0.825760,0.564020
88.550000,-2.285427,-5.883908,4.095551,0.000922,-0.001361,-0.827986,0.560747
88.566667,-2.192646,-5.921486,4.095904,0.001043,-0.001552,-0.830159,0.557523
88.583333,-2.100379,-5.959684,4.096300,0.001163,-0.001746,-0.832295,0.554328
88.600000,-2.008622,-5.998485,4.096741,0.001283,-0.001942,-0.834390,0.551170
88.616667,-1.917372,-6.037873,4.097225,0.001402,-0.002139,-0.836440,0.548052
88.633333,-1.826624,-6.077833,4.097754,0.001520,-0.002338,-0.838449,0.544973
88.650000,-1.736374,-6.118354,4.098327,0.001638,-0.002540,-0.840418,0.541931
88.666667,-1.646637,-6.159460,4.098946,0.001754,-0.002742,-0.842348,0.538923
88.683333,-1.557196,-6.201203,4.099613,0.001871,-0.002947,-0.844244,0.535948
88.700000,-1.468247,-6.243472,4.100323,0.001987,-0.003154,-0.846106,0.533002
88.716667,-1.379786,-6.286255,4.101079,0.002102,-0.003363,-0.847936,0.530084
88.733333,-1.291811,-6.329541,4.101880,0.002218,-0.003575,-0.849736,0.527192
88.750000,-1.204317,-6.373322,4.102726,0.002332,-0.003788,-0.851496,0.524342
88.766667,-1.117301,-6.417589,4.103617,0.002447,-0.004003,-0.853229,0.521515
88.783333,-1.030759,-6.462333,4.104553,0.002561,-0.004221,-0.854937,0.518708
88.800000,-0.944689,-6.507547,4.105536,0.002677,-0.004444,-0.856637,0.515893
88.816667,-0.859086,-6.553225,4.106565,0.002792,-0.004671,-0.858319,0.513088
88.833333,-0.773948,-6.599358,4.107641,0.002909,-0.004902,-0.859979,0.510297
88.850000,-0.689273,-6.645943,4.108764,0.003025,-0.005136,-0.861621,0.507517
88.866667,-0.605056,-6.692972,4.109934,0.003142,-0.005374,-0.863245,0.504747
88.883333,-0.521325,-6.740494,4.111157,0.003259,-0.005616,-0.864853,0.501984
88.900000,-0.437899,-6.788546,4.112432,0.003377,-0.005862,-0.866445,0.499226
88.916667,-0.354931,-6.837032,4.113758,0.003496,-0.006112,-0.868024,0.496472
88.933333,-0.272418,-6.885946,4.115133,0.003615,-0.006367,-0.869591,0.493718
88.950000,-0.190358,-6.935288,4.116559,0.003735,-0.006627,-0.871146,0.490964
88.966667,-0.108750,-6.985053,4.118038,0.003856,-0.006892,-0.872687,0.488217
88.983333,-0.027592,-7.035241,4.119570,0.003978,-0.007165,-0.874230,0.485443
89.000000,0.053117,-7.085850,4.121155,0.004102,-0.007443,-0.875766,0.482662
89.016667,0.133377,-7.136880,4.122794,0.004227,-0.007727,-0.877295,0.479870
89.033333,0.213191,-7.188328,4.124488,0.004353,-0.008019,-0.878821,0.477065
89.050000,0.292537,-7.240229,4.126244,0.004480,-0.008317,-0.880343,0.474244
89.066667,0.371530,-7.292662,4.128064,0.004608,-0.008621,-0.881862,0.471406
89.083333,0.450069,-7.345517,4.129943,0.004736,-0.008930,-0.883378,0.468552
89.100000,0.528155,-7.398796,4.131883,0.004863,-0.009240,-0.884891,0.465681
89.116667,0.605785,-7.452500,4.133886,0.004987,-0.009552,-0.886405,0.462784
89.133333,0.682959,-7.506632,4.135953,0.005107,-0.009862,-0.887921,0.459861
89.150000,0.759676,-7.561194,4.138083,0.005221,-0.010162,-0.889422,0.456944
89.166667,0.835938,-7.616183,4.140273,0.005327,-0.010454,-0.890913,0.454022
89.183333,0.911746,-7.671599,4.142519,0.005425,-0.010733,-0.892395,0.451096
89.200000,0.987090,-7.727458,4.144819,0.005513,-0.010996,-0.893863,0.448171
89.216667,1.062031,-7.783853,4.147174,0.005590,-0.011241,-0.895317,0.445252
89.233333,1.136522,-7.840665,4.149571,0.005655,-0.011463,-0.896755,0.442342
89.250000,1.210567,-7.897889,4.152004,0.005707,-0.011664,-0.898176,0.439445
89.266667,1.284169,-7.955522,4.154471,0.005746,-0.011841,-0.899592,0.436533
89.283333,1.357332,-8.013561,4.156965,0.005772,-0.011993,-0.900990,0.433635
89.300000,1.430061,-8.072002,4.159482,0.005784,-0.012115,-0.902354,0.430786
89.316667,1.502362,-8.130841,4.162017,0.005783,-0.012213,-0.903697,0.427960
89.333333,1.574239,-8.190073,4.164563,0.005770,-0.012283,-0.905017,0.425159
89.350000,1.645657,-8.249742,4.167118,0.005744,-0.012325,-0.906315,0.422384
89.366667,1.716699,-8.309860,4.169675,0.005705,-0.012340,-0.907589,0.419639
89.383333,1.787329,-8.370353,4.172226,0.005654,-0.012325,-0.908839,0.416926
89.400000,1.857556,-8.431218,4.174766,0.005589,-0.012279,-0.910073,0.414228
89.416667,1.927387,-8.492447,4.177288,0.005510,-0.012200,-0.911291,0.411546
89.433333,1.996829,-8.554037,4.179788,0.005418,-0.012089,-0.912467,0.408935
89.450000,2.065890,-8.615982,4.182259,0.005314,-0.011946,-0.913611,0.406380
89.466667,2.134577,-8.678277,4.184696,0.005197,-0.011770,-0.914727,0.403869
89.483333,2.202874,-8.740943,4.187088,0.005068,-0.011562,-0.915814,0.401405
89.500000,2.270813,-8.803999,4.189430,0.004927,-0.011322,-0.916872,0.398990
89.516667,2.338404,-8.867381,4.191715,0.004773,-0.011047,-0.917901,0.396626
89.533333,2.405656,-8.931081,4.193939,0.004606,-0.010735,-0.918907,0.394302
89.550000,2.472580,-8.995094,4.196094,0.004425,-0.010383,-0.919888,0.392018
89.566667,2.539186,-9.059414,4.198176,0.004232,-0.009997,-0.920830,0.389814
89.583333,2.605485,-9.124035,4.200177,0.004028,-0.009577,-0.921731,0.387691
89.600000,2.671488,-9.188949,4.202091,0.003813,-0.009123,-0.922600,0.385632
89.616667,2.737185,-9.254172,4.203903,0.003587,-0.008633,-0.923436,0.383638
89.633333,2.802585,-9.319694,4.205604,0.003349,-0.008108,-0.924240,0.381711
89.650000,2.867723,-9.385482,4.207197,0.003099,-0.007548,-0.925011,0.379853
89.666667,2.932604,-9.451521,4.208673,0.002837,-0.006946,-0.925752,0.378056
89.683333,2.997238,-9.517799,4.210026,0.002559,-0.006301,-0.926464,0.376321
89.700000,3.061630,-9.584301,4.211249,0.002272,-0.005622,-0.927135,0.374679
89.716667,3.125788,-9.651016,4.212337,0.001976,-0.004914,-0.927764,0.373130
89.733333,3.189720,-9.717928,4.213283,0.001670,-0.004170,-0.928358,0.371659
89.750000,3.253419,-9.785038,4.214068,0.001352,-0.003393,-0.928918,0.370267
89.766667,3.316909,-9.852348,4.214680,0.001024,-0.002580,-0.929443,0.368955
89.783333,3.380204,-9.919811,4.215129,0.000686,-0.001735,-0.929933,0.367724
89.800000,3.443314,-9.987415,4.215407,0.000333,-0.000846,-0.930391,0.366568
89.816667,3.506246,-10.055145,4.215510,-0.000033,0.000084,-0.930814,0.365493
89.833333,3.569011,-10.122987,4.215430,-0.000408,0.001042,-0.931197,0.364515
89.850000,3.631618,-10.190927,4.215162,-0.000790,0.002024,-0.931539,0.363634
89.866667,3.694077,-10.258951,4.214699,-0.001183,0.003037,-0.931847,0.362837
89.883333,3.756387,-10.327054,4.214019,-0.001585,0.004080,-0.932119,0.362125
89.900000,3.818593,-10.395248,4.213115,-0.001998,0.005153,-0.932357,0.361498
89.916667,3.880687,-10.463483,4.211999,-0.002420,0.006253,-0.932559,0.360955
89.933333,3.942678,-10.531743,4.210666,-0.002860,0.007399,-0.932726,0.360498
89.950000,4.004575,-10.600017,4.209110,-0.003311,0.008577,-0.932858,0.360128
89.966667,4.066387,-10.668289,4.207327,-0.003769,0.009772,-0.932951,0.359851
89.983333,4.128126,-10.736547,4.205313,-0.004234,0.010984,-0.933008,0.359664
90.000000,4.189799,-10.804776,4.203064,-0.004709,0.012219,-0.933030,0.359559
90.016667,4.251417,-10.872963,4.200540,-0.005194,0.013478,-0.933019,0.359536
90.033333,4.313037,-10.941139,4.197760,-0.005688,0.014757,-0.932975,0.359595
90.050000,4.374625,-11.009245,4.194731,-0.006195,0.016064,-0.932896,0.359735
90.066667,4.436191,-11.077269,4.191449,-0.006719,0.017410,-0.932779,0.359965
90.083333,4.497745,-11.145196,4.187910,-0.007253,0.018775,-0.932629,0.360276
90.100000,4.559294,-11.213016,4.184113,-0.007790,0.020140,-0.932445,0.360665
90.116667,4.620846,-11.280716,4.180054,-0.008335,0.021516,-0.932232,0.361126
90.133333,4.682413,-11.348280,4.175718,-0.008888,0.022904,-0.931990,0.361649
90.150000,4.744067,-11.415744,4.171074,-0.009447,0.024301,-0.931726,0.362224
90.166667,4.805753,-11.483049,4.166160,-0.010013,0.025704,-0.931443,0.362841
90.183333,4.867479,-11.550185,4.160973,-0.010594,0.027137,-0.931139,0.363500
90.200000,4.929246,-11.617145,4.155514,-0.011179,0.028573,-0.930823,0.364180
90.216667,4.991050,-11.683928,4.149785,-0.011764,0.030000,-0.930501,0.364868
90.233333,5.052885,-11.750534,4.143790,-0.012342,0.031407,-0.930181,0.365548
90.250000,5.114745,-11.816967,4.137530,-0.012921,0.032808,-0.929862,0.366216
90.266667,5.176637,-11.883207,4.130956,-0.013498,0.034201,-0.929548,0.366864
90.283333,5.238607,-11.949349,4.124114,-0.014074,0.035588,-0.929241,0.367486
90.300000,5.300583,-12.015322,4.117015,-0.014659,0.036994,-0.928938,0.368090
90.316667,5.362559,-12.081130,4.109659,-0.015243,0.038396,-0.928643,0.368668
90.333333,5.424531,-12.146772,4.102048,-0.015826,0.039793,-0.928355,0.369219
90.350000,5.486491,-12.212250,4.094185,-0.016397,0.041159,-0.928081,0.369732
90.366667,5.548436,-12.277565,4.086072,-0.016967,0.042522,-0.927815,0.370222
90.383333,5.610368,-12.342703,4.077655,-0.017537,0.043882,-0.927555,0.370687
90.400000,5.672349,-12.407760,4.068978,-0.018110,0.045249,-0.927301,0.371131
90.416667,5.734298,-12.472659,4.060053,-0.018692,0.046637,-0.927050,0.371556
90.433333,5.796211,-12.537402,4.050881,-0.019274,0.048025,-0.926806,0.371958
90.450000,5.858081,-12.601989,4.041462,-0.019857,0.049414,-0.926569,0.372337
90.466667,5.919906,-12.666421,4.031798,-0.020429,0.050778,-0.926343,0.372684
90.483333,5.981680,-12.730696,4.021874,-0.021002,0.052144,-0.926122,0.373011
90.500000,6.043485,-12.794894,4.011650,-0.021576,0.053513,-0.925909,0.373315
90.516667,6.105228,-12.858942,4.001181,-0.022162,0.054912,-0.925697,0.373602
90.533333,6.166906,-12.922840,3.990466,-0.022753,0.056323,-0.925491,0.373868
90.550000,6.228514,-12.986589,3.979506,-0.023345,0.057739,-0.925291,0.374110
90.566667,6.290050,-13.050188,3.968302,-0.023936,0.059154,-0.925097,0.374330
90.583333,6.351504,-13.113641,3.956853,-0.024521,0.060557,-0.924912,0.374525
90.600000,6.412876,-13.176937,3.945107,-0.025109,0.061967,-0.924731,0.374702
90.616667,6.474250,-13.240180,3.933088,-0.025709,0.063408,-0.924554,0.374859
90.633333,6.535529,-13.303281,3.920820,-0.026317,0.064873,-0.924381,0.374992
90.650000,6.596710,-13.366239,3.908304,-0.026929,0.066349,-0.924214,0.375102
90.666667,6.657793,-13.429052,3.895539,-0.027544,0.067837,-0.924050,0.375194
90.683333,6.718772,-13.491722,3.882524,-0.028153,0.069312,-0.923895,0.375262
90.700000,6.779636,-13.554245,3.869214,-0.028764,0.070796,-0.923744,0.375311
90.716667,6.840477,-13.616727,3.855605,-0.029391,0.072322,-0.923596,0.375336
90.733333,6.901198,-13.679070,3.841741,-0.030027,0.073877,-0.923451,0.375338
90.750000,6.961796,-13.741275,3.827620,-0.030669,0.075449,-0.923311,0.375318
90.766667,7.022269,-13.803339,3.813239,-0.031317,0.077039,-0.923176,0.375273
90.783333,7.082611,-13.865266,3.798598,-0.031960,0.078626,-0.923048,0.375204
90.800000,7.142805,-13.927054,3.783641,-0.032605,0.080220,-0.922924,0.375117
90.816667,7.202953,-13.988809,3.768371,-0.033275,0.081884,-0.922800,0.375003
90.833333,7.262956,-14.050429,3.752830,-0.033953,0.083571,-0.922682,0.374862
90.850000,7.322806,-14.111918,3.737018,-0.034637,0.085283,-0.922568,0.374694
90.866667,7.382498,-14.173275,3.720932,-0.035328,0.087020,-0.922459,0.374499
90.883333,7.442031,-14.234498,3.704568,-0.036016,0.088756,-0.922354,0.374283
90.900000,7.501487,-14.295689,3.687807,-0.036719,0.090536,-0.922252,0.374040
90.916667,7.560769,-14.356753,3.670758,-0.037442,0.092376,-0.922153,0.373762
90.933333,7.619871,-14.417688,3.653419,-0.038174,0.094250,-0.922057,0.373457
90.950000,7.678791,-14.478496,3.635785,-0.038916,0.096159,-0.921964,0.373123
90.966667,7.737523,-14.539176,3.617855,-0.039668,0.098103,-0.921875,0.372758
90.983333,7.796052,-14.599723,3.599571,-0.040416,0.100051,-0.921792,0.372364
91.000000,7.854472,-14.660255,3.580893,-0.041196,0.102093,-0.921711,0.371926
91.016667,7.912686,-14.720661,3.561898,-0.041989,0.104180,-0.921632,0.371455
91.033333,7.970687,-14.780943,3.542581,-0.042794,0.106314,-0.921554,0.370950
91.050000,8.028468,-14.841100,3.522938,-0.043613,0.108497,-0.921478,0.370410
91.066667,8.086018,-14.901134,3.502942,-0.044435,0.110705,-0.921408,0.369834
91.083333,8.143412,-14.961157,3.482471,-0.045289,0.113019,-0.921339,0.369202
91.100000,8.200564,-15.021058,3.461648,-0.046159,0.115391,-0.921273,0.368526
91.116667,8.257468,-15.080836,3.440464,-0.047044,0.117826,-0.921207,0.367806
91.133333,8.314116,-15.140491,3.418916,-0.047945,0.120326,-0.921143,0.367041
91.150000,8.370498,-15.200027,3.396991,-0.048862,0.122888,-0.921079,0.366231
91.166667,8.426663,-15.259559,3.374504,-0.049810,0.125568,-0.921017,0.365348
91.183333,8.482540,-15.318972,3.351617,-0.050776,0.128324,-0.920956,0.364410
91.200000,8.538123,-15.378265,3.328321,-0.051759,0.131153,-0.920893,0.363423
91.216667,8.593401,-15.437438,3.304609,-0.052756,0.134047,-0.920823,0.362398
91.233333,8.648363,-15.496490,3.280457,-0.053770,0.137016,-0.920746,0.361335
91.250000,8.703032,-15.555543,3.255653,-0.054795,0.140030,-0.920652,0.360262
91.266667,8.757356,-15.614478,3.230389,-0.055822,0.143063,-0.920543,0.359191
91.283333,8.811341,-15.673285,3.204668,-0.056848,0.146101,-0.920414,0.358136
91.300000,8.864993,-15.731956,3.178497,-0.057871,0.149131,-0.920263,0.357110
91.316667,8.918299,-15.790485,3.151849,-0.058902,0.152180,-0.920082,0.356120
91.333333,8.971351,-15.848964,3.124589,-0.059908,0.155130,-0.919868,0.355231
91.350000,9.024103,-15.907279,3.096924,-0.060897,0.158006,-0.919621,0.354433
91.366667,9.076570,-15.965418,3.068868,-0.061868,0.160796,-0.919344,0.353728
91.383333,9.128765,-16.023373,3.040434,-0.062820,0.163495,-0.919035,0.353125
91.400000,9.180672,-16.081120,3.011553,-0.063777,0.166140,-0.918675,0.352656
91.416667,9.232434,-16.138762,2.982206,-0.064686,0.168594,-0.918290,0.352328
91.433333,9.283978,-16.196189,2.952546,-0.065574,0.170929,-0.917873,0.352126
91.450000,9.335319,-16.253395,2.922589,-0.066441,0.173141,-0.917424,0.352053
91.466667,9.386476,-16.310369,2.892352,-0.067299,0.175245,-0.916933,0.352127
91.483333,9.437458,-16.367047,2.861738,-0.068126,0.177171,-0.916406,0.352376
91.500000,9.488414,-16.423596,2.830843,-0.068912,0.178906,-0.915856,0.352777
91.516667,9.539258,-16.479882,2.799748,-0.069674,0.180487,-0.915277,0.353325
91.533333,9.590011,-16.535899,2.768473,-0.070411,0.181912,-0.914665,0.354032
91.550000,9.640698,-16.591608,2.737000,-0.071137,0.183174,-0.913998,0.354956
91.566667,9.691470,-16.647117,2.705310,-0.071796,0.184179,-0.913327,0.356030
91.583333,9.742231,-16.702328,2.673533,-0.072424,0.185009,-0.912629,0.357259
91.600000,9.792998,-16.757240,2.641691,-0.073018,0.185661,-0.911908,0.358639
91.616667,9.843800,-16.811834,2.609802,-0.073587,0.186101,-0.911129,0.360272
91.633333,9.894832,-16.866156,2.577819,-0.074100,0.186312,-0.910336,0.362057
91.650000,9.945950,-16.920158,2.545872,-0.074558,0.186313,-0.909533,0.363975
91.666667,9.997171,-16.973834,2.513984,-0.074973,0.186126,-0.908711,0.366034
91.683333,10.048513,-17.027180,2.482175,-0.075344,0.185697,-0.907834,0.368344
91.700000,10.100123,-17.080084,2.450506,-0.075659,0.185047,-0.906934,0.370814
91.716667,10.152028,-17.132755,2.418929,-0.075902,0.184194,-0.906043,0.373361
91.733333,10.204126,-17.185075,2.387531,-0.076092,0.183160,-0.905133,0.376027
91.750000,10.256432,-17.237040,2.356333,-0.076219,0.181869,-0.904172,0.378928
91.766667,10.309104,-17.288544,2.325436,-0.076280,0.180361,-0.903182,0.381985
91.783333,10.362171,-17.339775,2.294761,-0.076264,0.178697,-0.902214,0.385046
91.800000,10.415501,-17.390637,2.264380,-0.076186,0.176874,-0.901231,0.388192
91.816667,10.469101,-17.441126,2.234311,-0.076026,0.174787,-0.900198,0.391553
91.833333,10.523142,-17.491138,2.204690,-0.075789,0.172507,-0.899140,0.395026
91.850000,10.577650,-17.540842,2.175412,-0.075479,0.170128,-0.898105,0.398454
91.866667,10.632464,-17.590161,2.146526,-0.075103,0.167631,-0.897066,0.401910
91.883333,10.687589,-17.639094,2.118046,-0.074629,0.164869,-0.895970,0.405569
91.900000,10.743209,-17.687522,2.090148,-0.074076,0.161961,-0.894858,0.409280
91.916667,10.799319,-17.735631,2.062687,-0.073463,0.159021,-0.893774,0.412896
91.933333,10.855751,-17.783346,2.035695,-0.072783,0.155998,-0.892691,0.416497
91.950000,10.912504,-17.830667,2.009179,-0.071994,0.152726,-0.891551,0.420273
91.966667,10.969793,-17.877447,1.983369,-0.071136,0.149371,-0.890403,0.424041
91.983333,11.027547,-17.923916,1.958044,-0.070237,0.146053,-0.889292,0.427662
92.000000,11.085612,-17.969990,1.933239,-0.069271,0.142656,-0.888172,0.431279
92.016667,11.143998,-18.015660,1.908975,-0.068206,0.139080,-0.887009,0.434994
92.033333,11.203037,-18.060873,1.885446,-0.067081,0.135464,-0.885845,0.438667
92.050000,11.262368,-18.105691,1.862464,-0.065947,0.131962,-0.884733,0.442136
92.066667,11.321983,-18.150115,1.840029,-0.064735,0.128351,-0.883592,0.445646
92.083333,11.381940,-18.194099,1.818223,-0.063449,0.124648,-0.882428,0.449174
92.100000,11.442454,-18.237666,1.797130,-0.062125,0.120956,-0.881269,0.452632
92.116667,11.503217,-18.280851,1.776590,-0.060822,0.117432,-0.880167,0.455870
92.133333,11.564222,-18.323655,1.756600,-0.059438,0.113775,-0.879004,0.459210
92.150000,11.625587,-18.365977,1.737330,-0.058036,0.110149,-0.877827,0.462513
92.166667,11.687388,-18.407944,1.718692,-0.056647,0.106631,-0.876657,0.465718
92.183333,11.749395,-18.449539,1.700593,-0.055292,0.103255,-0.875495,0.468817
92.200000,11.811600,-18.490764,1.683023,-0.053909,0.099853,-0.874264,0.472001
92.216667,11.874182,-18.531436,1.666222,-0.052544,0.096540,-0.873009,0.475156
92.233333,11.937088,-18.571790,1.649880,-0.051248,0.093429,-0.871769,0.478188
92.250000,12.000166,-18.611751,1.634000,-0.049973,0.090385,-0.870463,0.481277
92.266667,12.063471,-18.651255,1.618651,-0.048721,0.087416,-0.869107,0.484395
92.283333,12.127194,-18.690294,1.603858,-0.047506,0.084556,-0.867717,0.487505
92.300000,12.191069,-18.728923,1.589468,-0.046384,0.081924,-0.866339,0.490503
92.316667,12.255090,-18.767140,1.575472,-0.045260,0.079300,-0.864874,0.493616
92.333333,12.319393,-18.804766,1.562028,-0.044167,0.076768,-0.863379,0.496722
92.350000,12.384001,-18.841999,1.548960,-0.043127,0.074375,-0.861882,0.499768
92.366667,12.448737,-18.878809,1.536238,-0.042121,0.072067,-0.860337,0.502845
92.383333,12.513645,-18.915129,1.523909,-0.041132,0.069813,-0.858750,0.505948
92.400000,12.578929,-18.950919,1.512020,-0.040166,0.067633,-0.857140,0.509042
92.416667,12.644325,-18.986276,1.500437,-0.039256,0.065588,-0.855538,0.512066
92.433333,12.709830,-19.021201,1.489154,-0.038354,0.063571,-0.853873,0.515160
92.450000,12.775575,-19.055483,1.478308,-0.037472,0.061617,-0.852186,0.518245
92.466667,12.841580,-19.089351,1.467746,-0.036625,0.059757,-0.850504,0.521277
92.483333,12.907679,-19.122783,1.457452,-0.035798,0.057945,-0.848766,0.524363
92.500000,12.973932,-19.155674,1.447486,-0.034988,0.056188,-0.847011,0.527438
92.516667,13.040495,-19.188028,1.437844,-0.034195,0.054482,-0.845240,0.530502
92.533333,13.107141,-19.219939,1.428442,-0.033437,0.052859,-0.843459,0.533539
92.550000,13.173869,-19.251406,1.419276,-0.032690,0.051273,-0.841641,0.536602
92.566667,13.240950,-19.282216,1.410468,-0.031957,0.049732,-0.839808,0.539655
92.583333,13.308099,-19.312584,1.401873,-0.031246,0.048247,-0.837961,0.542694
92.600000,13.375314,-19.342512,1.393489,-0.030555,0.046810,-0.836087,0.545742
92.616667,13.442692,-19.371802,1.385403,-0.029875,0.045414,-0.834200,0.548777
92.633333,13.510303,-19.400607,1.377541,-0.029206,0.044051,-0.832293,0.551811
92.650000,13.577969,-19.428972,1.369868,-0.028564,0.042748,-0.830369,0.554837
92.666667,13.645738,-19.456791,1.362428,-0.027932,0.041480,-0.828432,0.557852
92.683333,13.713768,-19.484027,1.355231,-0.027311,0.040246,-0.826483,0.560856
92.700000,13.781842,-19.510823,1.348206,-0.026705,0.039047,-0.824498,0.563885
92.716667,13.849970,-19.537157,1.341359,-0.026116,0.037894,-0.822517,0.566875
92.733333,13.918380,-19.562814,1.334770,-0.025537,0.036771,-0.820526,0.569853
92.750000,13.986825,-19.588030,1.328336,-0.024964,0.035667,-0.818485,0.572876
92.766667,14.055303,-19.612809,1.322054,-0.024415,0.034617,-0.816463,0.575842
92.783333,14.123914,-19.636886,1.316011,-0.023874,0.033593,-0.814431,0.578795
92.800000,14.192691,-19.660520,1.310115,-0.023332,0.032577,-0.812342,0.581803
92.816667,14.261491,-19.683719,1.304358,-0.022818,0.031619,-0.810282,0.584742
92.833333,14.330387,-19.706280,1.298799,-0.022312,0.030686,-0.808214,0.587665
92.850000,14.399460,-19.728328,1.293396,-0.021806,0.029761,-0.806098,0.590630
92.866667,14.468546,-19.749948,1.288118,-0.021319,0.028877,-0.803986,0.593564
92.883333,14.537693,-19.770997,1.283005,-0.020845,0.028025,-0.801887,0.596454
92.900000,14.607025,-19.791464,1.278053,-0.020375,0.027188,-0.799763,0.599353
92.916667,14.676363,-19.811503,1.273215,-0.019911,0.026367,-0.797592,0.602292
92.933333,14.745736,-19.831023,1.268514,-0.019467,0.025589,-0.795464,0.605148
92.950000,14.815294,-19.849911,1.263974,-0.019029,0.024829,-0.793325,0.607994
92.966667,14.884849,-19.868379,1.259539,-0.018587,0.024068,-0.791095,0.610938
92.983333,14.954413,-19.886387,1.255216,-0.018171,0.023358,-0.788941,0.613756
93.000000,15.024163,-19.903703,1.251055,-0.017761,0.022664,-0.786784,0.616556
93.016667,15.093903,-19.920600,1.246988,-0.017344,0.021965,-0.784521,0.619470
93.033333,15.163636,-19.937078,1.243016,-0.016953,0.021315,-0.782345,0.622250
93.050000,15.233545,-19.952829,1.239201,-0.016568,0.020681,-0.780164,0.625013
93.066667,15.303437,-19.968172,1.235473,-0.016174,0.020037,-0.777867,0.627901
93.083333,15.373312,-19.983110,1.231829,-0.015809,0.019445,-0.775675,0.630635
93.100000,15.443241,-19.997316,1.228331,-0.015448,0.018866,-0.773480,0.633351
93.116667,15.513255,-20.011112,1.224912,-0.015077,0.018275,-0.771157,0.636204
93.133333,15.583247,-20.024508,1.221570,-0.014735,0.017734,-0.768949,0.638894
93.150000,15.653273,-20.037210,1.218358,-0.014397,0.017206,-0.766739,0.641567
93.166667,15.723378,-20.049480,1.215223,-0.014050,0.016667,-0.764402,0.644371
93.183333,15.793455,-20.061356,1.212157,-0.013728,0.016171,-0.762171,0.647028
93.200000,15.863553,-20.072555,1.209208,-0.013412,0.015689,-0.759949,0.649654
93.216667,15.933722,-20.083307,1.206332,-0.013087,0.015198,-0.757607,0.652402
93.233333,16.003859,-20.093673,1.203520,-0.012784,0.014742,-0.755355,0.655025
93.250000,16.074002,-20.103385,1.200812,-0.012489,0.014303,-0.753124,0.657604
93.266667,16.144209,-20.112636,1.198173,-0.012186,0.013855,-0.750772,0.660304
93.283333,16.214379,-20.121507,1.195593,-0.011902,0.013439,-0.748504,0.662887
93.300000,16.284543,-20.129746,1.193108,-0.011627,0.013039,-0.746269,0.665415
93.316667,16.354762,-20.137521,1.190687,-0.011343,0.012631,-0.743911,0.668063
93.333333,16.424940,-20.144923,1.188319,-0.011077,0.012251,-0.741632,0.670604
93.350000,16.495103,-20.151696,1.186037,-0.010821,0.011887,-0.739395,0.673080
93.366667,16.565311,-20.158009,1.183814,-0.010556,0.011515,-0.737032,0.675677
93.383333,16.635474,-20.163957,1.181640,-0.010309,0.011169,-0.734747,0.678171
93.400000,16.705614,-20.169284,1.179545,-0.010071,0.010839,-0.732509,0.680596
93.416667,16.775788,-20.174156,1.177503,-0.009825,0.010501,-0.730139,0.683147
93.433333,16.845915,-20.178671,1.175506,-0.009595,0.010186,-0.727856,0.685588
93.450000,16.916011,-20.182567,1.173581,-0.009373,0.009886,-0.725622,0.687959
93.466667,16.986130,-20.186022,1.171704,-0.009145,0.009579,-0.723250,0.690459
93.483333,17.056201,-20.189128,1.169868,-0.008932,0.009294,-0.720973,0.692843
93.500000,17.126233,-20.191611,1.168098,-0.008727,0.009023,-0.718745,0.695160
93.516667,17.196280,-20.193670,1.166373,-0.008515,0.008743,-0.716368,0.697616
93.533333,17.266275,-20.195387,1.164683,-0.008318,0.008486,-0.714099,0.699944
93.550000,17.336226,-20.196483,1.163055,-0.008129,0.008241,-0.711877,0.702208
93.566667,17.406182,-20.197173,1.161465,-0.007932,0.007987,-0.709500,0.704616
93.583333,17.476086,-20.197525,1.159908,-0.007752,0.007756,-0.707248,0.706881
93.600000,17.545939,-20.197242,1.158410,-0.007578,0.007534,-0.705038,0.709089
93.616667,17.615789,-20.196579,1.156944,-0.007396,0.007305,-0.702661,0.711449
93.633333,17.685586,-20.195588,1.155507,-0.007230,0.007096,-0.700430,0.713649
93.650000,17.755325,-20.193957,1.154124,-0.007069,0.006895,-0.698230,0.715805
93.666667,17.825055,-20.191973,1.152770,-0.006900,0.006687,-0.695885,0.718089
93.683333,17.894732,-20.189669,1.151442,-0.006746,0.006498,-0.693710,0.720193
93.700000,17.964344,-20.186711,1.150166,-0.006594,0.006314,-0.691556,0.722265
93.716667,18.033942,-20.183436,1.148914,-0.006435,0.006123,-0.689280,0.724441
93.733333,18.103487,-20.179836,1.147687,-0.006290,0.005950,-0.687187,0.726429
93.750000,18.172999,-20.175632,1.146507,-0.006144,0.005779,-0.685096,0.728404
93.766667,18.242457,-20.171141,1.145350,-0.005992,0.005602,-0.682913,0.730454
93.783333,18.311864,-20.166327,1.144220,-0.005852,0.005442,-0.680931,0.732304
93.800000,18.381230,-20.160963,1.143132,-0.005710,0.005281,-0.678932,0.734160
93.816667,18.450546,-20.155328,1.142065,-0.005563,0.005115,-0.676864,0.736069
93.833333,18.519810,-20.149361,1.141026,-0.005427,0.004965,-0.674982,0.737798
93.850000,18.589031,-20.142908,1.140025,-0.005288,0.004813,-0.673065,0.739548
93.866667,18.658206,-20.136199,1.139046,-0.005145,0.004658,-0.671108,0.741327
93.883333,18.727329,-20.129154,1.138094,-0.005013,0.004516,-0.669316,0.742947
93.900000,18.796405,-20.121665,1.137177,-0.004877,0.004371,-0.667478,0.744600
93.916667,18.865439,-20.113934,1.136280,-0.004738,0.004226,-0.665626,0.746259
93.933333,18.934424,-20.105864,1.135410,-0.004610,0.004092,-0.663911,0.747787
93.950000,19.003361,-20.097402,1.134573,-0.004476,0.003955,-0.662140,0.749357
93.966667,19.072261,-20.088710,1.133755,-0.004342,0.003819,-0.660377,0.750912
93.983333,19.141112,-20.079671,1.132966,-0.004217,0.003692,-0.658737,0.752352
94.000000,19.209915,-20.070278,1.132205,-0.004086,0.003561,-0.657032,0.753843
94.016667,19.278687,-20.060665,1.131462,-0.003956,0.003432,-0.655357,0.755301
94.033333,19.347409,-20.050700,1.130749,-0.003833,0.003312,-0.653783,0.756665
94.050000,19.416085,-20.040421,1.130062,-0.003704,0.003186,-0.652134,0.758088
94.066667,19.484728,-20.029931,1.129392,-0.003578,0.003065,-0.650537,0.759460
94.083333,19.553313,-20.019087,1.128753,-0.003459,0.002951,-0.649025,0.760754
94.100000,19.621854,-20.007964,1.128137,-0.003331,0.002830,-0.647430,0.762113
94.116667,19.690356,-19.996642,1.127538,-0.003209,0.002715,-0.645905,0.763406
94.133333,19.758792,-19.984963,1.126970,-0.003091,0.002605,-0.644449,0.764636
94.150000,19.827184,-19.973035,1.126422,-0.002966,0.002489,-0.642902,0.765939
94.166667,19.895533,-19.960917,1.125892,-0.002847,0.002381,-0.641443,0.767162
94.183333,19.963806,-19.948438,1.125393,-0.002732,0.002276,-0.640036,0.768337
94.200000,20.032039,-19.935740,1.124913,-0.002608,0.002164,-0.638537,0.769584
94.216667,20.100223,-19.922859,1.124449,-0.002492,0.002060,-0.637141,0.770741
94.233333,20.168321,-19.909614,1.124017,-0.002378,0.001959,-0.635772,0.771871
94.250000,20.236382,-19.896179,1.123601,-0.002257,0.001852,-0.634322,0.773063
94.266667,20.304390,-19.882567,1.123202,-0.002144,0.001753,-0.632981,0.774162
94.283333,20.372326,-19.868598,1.122835,-0.002031,0.001655,-0.631646,0.775253
94.300000,20.440207,-19.854463,1.122483,-0.001912,0.001552,-0.630243,0.776394
94.316667,20.508025,-19.840138,1.122148,-0.001801,0.001457,-0.628958,0.777436
94.333333,20.575773,-19.825483,1.121843,-0.001689,0.001362,-0.627656,0.778488
94.350000,20.643462,-19.810669,1.121552,-0.001572,0.001263,-0.626300,0.779579
94.366667,20.711080,-19.795656,1.121280,-0.001464,0.001173,-0.625060,0.780575
94.383333,20.778631,-19.780346,1.121035,-0.001353,0.001080,-0.623784,0.781594
94.400000,20.846120,-19.764886,1.120805,-0.001239,0.000985,-0.622479,0.782635
94.416667,20.913529,-19.749218,1.120594,-0.001132,0.000898,-0.621276,0.783590
94.433333,20.980876,-19.733282,1.120408,-0.001022,0.000807,-0.620028,0.784579
94.450000,21.048156,-19.717202,1.120236,-0.000909,0.000716,-0.618770,0.785571
94.466667,21.115348,-19.700904,1.120085,-0.000804,0.000632,-0.617599,0.786492
94.483333,21.182481,-19.684364,1.119957,-0.000694,0.000543,-0.616372,0.787455
94.500000,21.249542,-19.667687,1.119843,-0.000584,0.000455,-0.615157,0.788404
94.516667,21.316507,-19.650779,1.119751,-0.000480,0.000373,-0.614017,0.789293
94.533333,21.383417,-19.633656,1.119679,-0.000369,0.000286,-0.612809,0.790231
94.550000,21.450252,-19.616401,1.119621,-0.000261,0.000202,-0.611635,0.791140
94.566667,21.516981,-19.598906,1.119587,-0.000159,0.000122,-0.610524,0.791998
94.583333,21.583661,-19.581224,1.119571,-0.000048,0.000037,-0.609334,0.792914
94.600000,21.650262,-19.563416,1.119568,0.000057,-0.000044,-0.608201,0.793783
94.616667,21.716749,-19.545359,1.119591,0.000160,-0.000122,-0.607110,0.794618
94.633333,21.783191,-19.527139,1.119629,0.000270,-0.000206,-0.605943,0.795508
94.650000,21.849551,-19.508799,1.119680,0.000374,-0.000284,-0.604849,0.796340
94.666667,21.915786,-19.490197,1.119759,0.000478,-0.000362,-0.603767,0.797161
94.683333,21.981983,-19.471458,1.119850,0.000587,-0.000443,-0.602623,0.798025
94.700000,22.048090,-19.452591,1.119956,0.000689,-0.000519,-0.601561,0.798826
94.716667,22.114121,-19.433460,1.120089,0.000793,-0.000596,-0.600486,0.799634
94.733333,22.180064,-19.414217,1.120234,0.000902,-0.000675,-0.599364,0.800476
94.750000,22.245907,-19.394830,1.120395,0.001003,-0.000749,-0.598334,0.801246
94.766667,22.311681,-19.375207,1.120580,0.001108,-0.000825,-0.597266,0.802042
94.783333,22.377363,-19.355477,1.120777,0.001215,-0.000902,-0.596174,0.802854
94.800000,22.442935,-19.335584,1.120992,0.001315,-0.000974,-0.595170,0.803599
94.816667,22.508444,-19.315485,1.121228,0.001421,-0.001050,-0.594106,0.804385
94.833333,22.573858,-19.295284,1.121476,0.001527,-0.001125,-0.593044,0.805167
94.850000,22.639152,-19.274907,1.121745,0.001627,-0.001195,-0.592055,0.805895
94.866667,22.704391,-19.254352,1.122032,0.001734,-0.001271,-0.590992,0.806675
94.883333,22.769532,-19.233700,1.122331,0.001839,-0.001344,-0.589963,0.807427
94.900000,22.834540,-19.212848,1.122653,0.001940,-0.001414,-0.588982,0.808142
94.916667,22.899499,-19.191845,1.122992,0.002049,-0.001489,-0.587930,0.808908
94.933333,22.964356,-19.170748,1.123341,0.002152,-0.001560,-0.586930,0.809633
94.950000,23.029070,-19.149433,1.123716,0.002255,-0.001630,-0.585943,0.810348
94.966667,23.093743,-19.127997,1.124104,0.002363,-0.001704,-0.584899,0.811101
94.983333,23.158308,-19.106459,1.124505,0.002465,-0.001773,-0.583926,0.811802
95.000000,23.222796,-19.084692,1.124932,0.002570,-0.001844,-0.582935,0.812513
95.016667,23.287178,-19.062839,1.125370,0.002679,-0.001917,-0.581908,0.813248
95.033333,23.351438,-19.040857,1.125824,0.002780,-0.001984,-0.580966,0.813921
95.050000,23.415628,-19.018674,1.126299,0.002887,-0.002055,-0.579968,0.814631
95.066667,23.479710,-18.996409,1.126787,0.002995,-0.002127,-0.578960,0.815348
95.083333,23.543657,-18.973996,1.127293,0.003096,-0.002193,-0.578028,0.816008
95.100000,23.607545,-18.951415,1.127818,0.003206,-0.002265,-0.577016,0.816724
95.116667,23.671322,-18.928757,1.128355,0.003313,-0.002335,-0.576033,0.817416
95.133333,23.734950,-18.905923,1.128913,0.003417,-0.002402,-0.575095,0.818076
95.150000,23.798528,-18.882952,1.129488,0.003528,-0.002474,-0.574093,0.818779
95.166667,23.861991,-18.859904,1.130073,0.003634,-0.002542,-0.573137,0.819448
95.183333,23.925289,-18.836652,1.130685,0.003741,-0.002610,-0.572179,0.820116
95.200000,23.988550,-18.813298,1.131308,0.003853,-0.002681,-0.571177,0.820813
95.216667,24.051683,-18.789846,1.131946,0.003958,-0.002748,-0.570242,0.821463
95.233333,24.114740,-18.766193,1.132608,0.004069,-0.002817,-0.569267,0.822138
95.250000,24.177678,-18.742470,1.133280,0.004183,-0.002889,-0.568272,0.822825
95.266667,24.240470,-18.718613,1.133971,0.004287,-0.002954,-0.567364,0.823451
95.283333,24.303198,-18.694588,1.134681,0.004401,-0.003025,-0.566370,0.824134
95.300000,24.365803,-18.670498,1.135403,0.004514,-0.003094,-0.565395,0.824802
95.316667,24.428248,-18.646246,1.136147,0.004622,-0.003161,-0.564462,0.825440
95.333333,24.490641,-18.621864,1.136907,0.004739,-0.003232,-0.563469,0.826117
95.350000,24.552909,-18.597418,1.137678,0.004851,-0.003300,-0.562521,0.826762
95.366667,24.615086,-18.572744,1.138477,0.004964,-0.003369,-0.561565,0.827411
95.383333,24.677138,-18.548010,1.139286,0.005082,-0.003440,-0.560572,0.828083
95.400000,24.739045,-18.523177,1.140111,0.005193,-0.003507,-0.559645,0.828709
95.416667,24.800877,-18.498157,1.140960,0.005311,-0.003578,-0.558656,0.829375
95.433333,24.862580,-18.473080,1.141819,0.005431,-0.003649,-0.557661,0.830043
95.450000,24.924118,-18.447865,1.142699,0.005544,-0.003716,-0.556732,0.830665
95.466667,24.985596,-18.422501,1.143597,0.005666,-0.003788,-0.555733,0.831333
95.483333,25.046941,-18.397082,1.144506,0.005785,-0.003858,-0.554760,0.831981
95.500000,25.108100,-18.371484,1.145442,0.005904,-0.003927,-0.553794,0.832624
95.516667,25.169215,-18.345783,1.146391,0.006029,-0.004000,-0.552786,0.833292
95.533333,25.230182,-18.319997,1.147354,0.006148,-0.004068,-0.551834,0.833921
95.550000,25.291066,-18.294016,1.148343,0.006273,-0.004140,-0.550831,0.834583
95.566667,25.351812,-18.267984,1.149343,0.006400,-0.004213,-0.549818,0.835249
95.583333,25.412387,-18.241821,1.150364,0.006521,-0.004282,-0.548863,0.835876
95.600000,25.472896,-18.215508,1.151405,0.006651,-0.004356,-0.547842,0.836544
95.616667,25.533265,-18.189146,1.152457,0.006779,-0.004428,-0.546843,0.837196
95.633333,25.593438,-18.162610,1.153535,0.006907,-0.004500,-0.545849,0.837843
95.650000,25.653564,-18.135970,1.154628,0.007041,-0.004575,-0.544818,0.838513
95.666667,25.713532,-18.109245,1.155737,0.007168,-0.004645,-0.543838,0.839147
95.683333,25.773411,-18.082326,1.156873,0.007304,-0.004721,-0.542792,0.839822
95.700000,25.833148,-18.055362,1.158019,0.007441,-0.004796,-0.541745,0.840496
95.716667,25.892698,-18.028263,1.159189,0.007574,-0.004869,-0.540741,0.841141
95.733333,25.952182,-18.001021,1.160378,0.007714,-0.004945,-0.539680,0.841820
95.750000,26.011518,-17.973732,1.161578,0.007852,-0.005020,-0.538647,0.842480
95.766667,26.070743,-17.946205,1.162812,0.007993,-0.005096,-0.537594,0.843151
95.783333,26.129820,-17.918636,1.164056,0.008138,-0.005174,-0.536517,0.843835
95.800000,26.188718,-17.890963,1.165320,0.008279,-0.005249,-0.535474,0.844495
95.816667,26.247532,-17.863113,1.166609,0.008428,-0.005329,-0.534375,0.845189
95.833333,26.306196,-17.835224,1.167909,0.008578,-0.005408,-0.533276,0.845880
95.850000,26.364647,-17.807171,1.169238,0.008726,-0.005486,-0.532201,0.846555
95.866667,26.423041,-17.778999,1.170585,0.008880,-0.005566,-0.531083,0.847255
95.883333,26.481261,-17.750749,1.171948,0.009032,-0.005645,-0.529993,0.847935
95.900000,26.539377,-17.722284,1.173342,0.009190,-0.005727,-0.528845,0.848649
95.916667,26.597337,-17.693782,1.174747,0.009348,-0.005808,-0.527689,0.849366
95.933333,26.655087,-17.665136,1.176180,0.009503,-0.005886,-0.526543,0.850075
95.950000,26.712763,-17.636344,1.177635,0.009661,-0.005966,-0.525348,0.850812
95.966667,26.770271,-17.607496,1.179103,0.009816,-0.006042,-0.524167,0.851538
95.983333,26.827654,-17.578400,1.180606,0.009971,-0.006117,-0.522919,0.852302
96.000000,26.884873,-17.549264,1.182119,0.010124,-0.006191,-0.521656,0.853074
96.016667,26.941878,-17.519989,1.183655,0.010270,-0.006259,-0.520378,0.853851
96.033333,26.998789,-17.490533,1.185212,0.010415,-0.006325,-0.519041,0.854662
96.050000,27.055530,-17.461030,1.186778,0.010555,-0.006387,-0.517702,0.855472
96.066667,27.112115,-17.431231,1.188376,0.010688,-0.006444,-0.516284,0.856327
96.083333,27.168527,-17.401384,1.189980,0.010819,-0.006498,-0.514846,0.857190
96.100000,27.224711,-17.371386,1.191600,0.010941,-0.006546,-0.513375,0.858070
96.116667,27.280777,-17.341172,1.193238,0.011059,-0.006590,-0.511848,0.858980
96.133333,27.336667,-17.310910,1.194882,0.011173,-0.006630,-0.510303,0.859896
96.150000,27.392370,-17.280306,1.196549,0.011277,-0.006663,-0.508686,0.860853
96.166667,27.447891,-17.249648,1.198220,0.011377,-0.006693,-0.507049,0.861816
96.183333,27.503162,-17.218820,1.199902,0.011470,-0.006718,-0.505360,0.862806
96.200000,27.558298,-17.187750,1.201596,0.011556,-0.006737,-0.503629,0.863816
96.216667,27.613245,-17.156623,1.203292,0.011638,-0.006753,-0.501862,0.864843
96.233333,27.667977,-17.125118,1.205004,0.011709,-0.006761,-0.500033,0.865901
96.250000,27.722515,-17.093554,1.206715,0.011775,-0.006766,-0.498186,0.866964
96.266667,27.776777,-17.061789,1.208432,0.011833,-0.006765,-0.496259,0.868067
96.283333,27.830888,-17.029767,1.210154,0.011883,-0.006758,-0.494310,0.869178
96.300000,27.884789,-16.997664,1.211876,0.011928,-0.006747,-0.492296,0.870320
96.316667,27.938448,-16.965160,1.213603,0.011960,-0.006728,-0.490242,0.871479
96.333333,27.991905,-16.932594,1.215327,0.011988,-0.006706,-0.488169,0.872641
96.350000,28.045044,-16.899777,1.217049,0.012005,-0.006676,-0.485981,0.873862
96.366667,28.098024,-16.866706,1.218770,0.012014,-0.006642,-0.483801,0.875070
96.383333,28.150761,-16.833513,1.220486,0.012015,-0.006602,-0.481518,0.876329
96.400000,28.203241,-16.799915,1.222198,0.012004,-0.006555,-0.479229,0.877583
96.416667,28.255508,-16.766253,1.223903,0.011988,-0.006506,-0.476922,0.878840
96.433333,28.307397,-16.732272,1.225597,0.011958,-0.006446,-0.474447,0.880179
96.450000,28.359136,-16.698062,1.227284,0.011921,-0.006384,-0.472024,0.881482
96.466667,28.410578,-16.663668,1.228960,0.011872,-0.006313,-0.469449,0.882857
96.483333,28.461761,-16.628889,1.230623,0.011813,-0.006238,-0.466915,0.884201
96.500000,28.512723,-16.594046,1.232277,0.011747,-0.006159,-0.464307,0.885575
96.516667,28.563219,-16.558784,1.233906,0.011664,-0.006070,-0.461590,0.886996
96.533333,28.613592,-16.523349,1.235527,0.011576,-0.005980,-0.458923,0.888381
96.550000,28.663590,-16.487639,1.237126,0.011470,-0.005878,-0.456038,0.889867
96.566667,28.713351,-16.451600,1.238705,0.011358,-0.005776,-0.453253,0.891291
96.583333,28.762836,-16.415434,1.240269,0.011230,-0.005664,-0.450282,0.892798
96.600000,28.811957,-16.378773,1.241802,0.011092,-0.005549,-0.447368,0.894264
96.616667,28.860842,-16.342048,1.243319,0.010948,-0.005432,-0.444424,0.895733
96.633333,28.909238,-16.304927,1.244799,0.010778,-0.005300,-0.441256,0.897301
96.650000,28.957446,-16.267562,1.246259,0.010609,-0.005173,-0.438228,0.898786
96.666667,29.005272,-16.229952,1.247689,0.010413,-0.005030,-0.434915,0.900397
96.683333,29.052777,-16.191938,1.249085,0.010217,-0.004891,-0.431771,0.901912
96.700000,29.100013,-16.153830,1.250461,0.010001,-0.004742,-0.428425,0.903510
96.716667,29.146785,-16.115155,1.251784,0.009773,-0.004590,-0.425093,0.905085
96.733333,29.193310,-16.076421,1.253089,0.009540,-0.004438,-0.421786,0.906634
96.750000,29.239304,-16.037295,1.254341,0.009274,-0.004270,-0.418192,0.908301
96.766667,29.285061,-15.997892,1.255564,0.009017,-0.004111,-0.414820,0.909850
96.783333,29.330403,-15.958245,1.256747,0.008720,-0.003932,-0.411072,0.911553
96.800000,29.375363,-15.918166,1.257880,0.008434,-0.003765,-0.407593,0.913117
96.816667,29.420033,-15.877996,1.258988,0.008118,-0.003584,-0.403853,0.914781
96.833333,29.464169,-15.837238,1.260024,0.007795,-0.003404,-0.400159,0.916406
96.850000,29.508049,-15.796435,1.261039,0.007465,-0.003224,-0.396469,0.918012
96.866667,29.551315,-15.755207,1.261982,0.007099,-0.003030,-0.392524,0.919709
96.883333,29.594336,-15.713727,1.262891,0.006751,-0.002850,-0.388854,0.921270
96.900000,29.636871,-15.671970,1.263744,0.006346,-0.002645,-0.384701,0.923016
96.916667,29.679008,-15.629812,1.264540,0.005970,-0.002460,-0.380944,0.924575
96.933333,29.720790,-15.587525,1.265299,0.005547,-0.002257,-0.376801,0.926275
96.950000,29.762018,-15.544698,1.265975,0.005133,-0.002063,-0.372858,0.927872
96.966667,29.802991,-15.501846,1.266628,0.004698,-0.001864,-0.368790,0.929499
96.983333,29.843218,-15.458511,1.267182,0.004240,-0.001660,-0.364614,0.931147
97.000000,29.883253,-15.415001,1.267708,0.003795,-0.001468,-0.360627,0.932701
97.016667,29.922669,-15.371144,1.268153,0.003293,-0.001255,-0.356219,0.934396
97.033333,29.961745,-15.326986,1.268545,0.002834,-0.001067,-0.352261,0.935897
97.050000,30.000342,-15.282621,1.268877,0.002299,-0.000853,-0.347731,0.937591
97.066667,30.038441,-15.237830,1.269130,0.001811,-0.000663,-0.343684,0.939083
97.083333,30.076201,-15.192962,1.269345,0.001268,-0.000457,-0.339251,0.940695
97.100000,30.113300,-15.147548,1.269455,0.000738,-0.000262,-0.335011,0.942214
97.116667,30.150149,-15.102143,1.269540,0.000190,-0.000067,-0.330675,0.943745
97.133333,30.186186,-15.056298,1.269509,-0.000381,0.000131,-0.326236,0.945288
97.150000,30.222026,-15.010301,1.269446,-0.000932,0.000317,-0.322005,0.946737
97.166667,30.257191,-14.963993,1.269286,-0.001544,0.000517,-0.317384,0.948296
97.183333,30.292008,-14.917425,1.269070,-0.002095,0.000691,-0.313275,0.949660
97.200000,30.326280,-14.870658,1.268780,-0.002740,0.000889,-0.308540,0.951207
97.216667,30.360061,-14.823539,1.268408,-0.003309,0.001058,-0.304414,0.952534
97.233333,30.393437,-14.776334,1.267984,-0.003959,0.001244,-0.299772,0.954002
97.250000,30.426178,-14.728689,1.267453,-0.004563,0.001411,-0.295500,0.955331
97.266667,30.458651,-14.681063,1.266893,-0.005209,0.001584,-0.290983,0.956713
97.283333,30.490345,-14.632917,1.266201,-0.005847,0.001749,-0.286580,0.958037
97.300000,30.521815,-14.584826,1.265488,-0.006489,0.001909,-0.282197,0.959333
97.316667,30.552470,-14.536412,1.264651,-0.007159,0.002069,-0.277673,0.960647
97.333333,30.582904,-14.487862,1.263776,-0.007794,0.002216,-0.273432,0.961857
97.350000,30.612643,-14.439082,1.262798,-0.008494,0.002370,-0.268802,0.963155
97.366667,30.642037,-14.390096,1.261761,-0.009120,0.002503,-0.264710,0.964282
97.383333,30.670860,-14.340969,1.260642,-0.009833,0.002649,-0.260080,0.965533
97.400000,30.699220,-14.291578,1.259441,-0.010461,0.002771,-0.256040,0.966605
97.416667,30.727133,-14.242128,1.258180,-0.011181,0.002905,-0.251455,0.967800
97.433333,30.754470,-14.192361,1.256817,-0.011826,0.003020,-0.247375,0.968843
97.450000,30.781478,-14.142610,1.255414,-0.012537,0.003140,-0.242923,0.969960
97.466667,30.807797,-14.092495,1.253889,-0.013203,0.003247,-0.238789,0.970976
97.483333,30.833898,-14.042460,1.252344,-0.013901,0.003353,-0.234490,0.972013
97.500000,30.859213,-13.992028,1.250659,-0.014584,0.003452,-0.230308,0.973002
97.516667,30.884351,-13.941700,1.248960,-0.015268,0.003545,-0.226160,0.973964
97.533333,30.908671,-13.891168,1.247134,-0.015967,0.003635,-0.221940,0.974923
97.550000,30.932831,-13.840562,1.245279,-0.016635,0.003716,-0.217947,0.975812
97.566667,30.956273,-13.789814,1.243313,-0.017348,0.003796,-0.213709,0.976736
97.583333,30.979471,-13.738956,1.241302,-0.017999,0.003864,-0.209872,0.977556
97.600000,31.002045,-13.688012,1.239198,-0.018711,0.003934,-0.205692,0.978430
97.616667,31.024297,-13.636929,1.237035,-0.019355,0.003992,-0.201945,0.979197
97.633333,31.046017,-13.585810,1.234794,-0.020061,0.004050,-0.197854,0.980018
97.650000,31.067343,-13.534531,1.232481,-0.020702,0.004099,-0.194165,0.980742
97.666667,31.088224,-13.483259,1.230106,-0.021400,0.004146,-0.190167,0.981510
97.683333,31.108648,-13.431809,1.227647,-0.022037,0.004185,-0.186540,0.982191
97.700000,31.128705,-13.380403,1.225139,-0.022726,0.004223,-0.182642,0.982908
97.716667,31.148246,-13.328806,1.222537,-0.023358,0.004253,-0.179082,0.983548
97.733333,31.167490,-13.277285,1.219899,-0.024036,0.004281,-0.175284,0.984215
97.750000,31.186169,-13.225564,1.217157,-0.024662,0.004302,-0.171790,0.984815
97.766667,31.204616,-13.173947,1.214391,-0.025329,0.004321,-0.168091,0.985437
97.783333,31.222459,-13.122125,1.211513,-0.025952,0.004333,-0.164645,0.986002
97.800000,31.240130,-13.070431,1.208622,-0.026603,0.004343,-0.161071,0.986575
97.816667,31.257158,-13.018530,1.205611,-0.027223,0.004348,-0.157669,0.987107
97.833333,31.274069,-12.966776,1.202598,-0.027856,0.004350,-0.154234,0.987632
97.850000,31.290306,-12.914815,1.199458,-0.028472,0.004348,-0.150884,0.988132
97.866667,31.306452,-12.863012,1.196322,-0.029086,0.004342,-0.147576,0.988613
97.883333,31.321891,-12.811187,1.193072,-0.029698,0.004332,-0.144281,0.989082
97.900000,31.337281,-12.759348,1.189812,-0.030294,0.004320,-0.141092,0.989523
97.916667,31.352017,-12.707511,1.186449,-0.030900,0.004303,-0.137854,0.989961
97.933333,31.366678,-12.655655,1.183071,-0.031480,0.004284,-0.134782,0.990366
97.950000,31.380726,-12.603822,1.179596,-0.032075,0.004261,-0.131627,0.990771
97.966667,31.394679,-12.551964,1.176104,-0.032640,0.004237,-0.128653,0.991143
97.983333,31.408055,-12.500145,1.172521,-0.033220,0.004208,-0.125599,0.991516
98.000000,31.421321,-12.448301,1.168918,-0.033775,0.004178,-0.122696,0.991861
98.016667,31.434043,-12.396511,1.165230,-0.034341,0.004144,-0.119737,0.992203
98.033333,31.446647,-12.344694,1.161520,-0.034884,0.004109,-0.116910,0.992521
98.050000,31.458735,-12.292945,1.157730,-0.035432,0.004070,-0.114049,0.992835
98.066667,31.470700,-12.241170,1.153917,-0.035959,0.004030,-0.111306,0.993127
98.083333,31.482174,-12.189474,1.150029,-0.036488,0.003987,-0.108551,0.993413
98.100000,31.493524,-12.137753,1.146117,-0.036996,0.003943,-0.105895,0.993681
98.116667,31.504403,-12.086121,1.142135,-0.037502,0.003895,-0.103244,0.993941
98.133333,31.515162,-12.034465,1.138131,-0.037989,0.003847,-0.100668,0.994187
98.150000,31.525470,-11.982908,1.134062,-0.038469,0.003796,-0.098115,0.994424
98.166667,31.535665,-11.931331,1.129971,-0.038934,0.003743,-0.095620,0.994649
98.183333,31.545425,-11.879858,1.125820,-0.039389,0.003689,-0.093164,0.994865
98.200000,31.555082,-11.828368,1.121651,-0.039829,0.003633,-0.090752,0.995070
98.216667,31.564306,-11.776988,1.117424,-0.040258,0.003576,-0.088394,0.995265
98.233333,31.573440,-11.725594,1.113181,-0.040677,0.003517,-0.086056,0.995453
98.250000,31.582147,-11.674315,1.108883,-0.041083,0.003457,-0.083783,0.995631
98.266667,31.590780,-11.623025,1.104573,-0.041481,0.003395,-0.081509,0.995803
98.283333,31.598994,-11.571855,1.100209,-0.041865,0.003334,-0.079312,0.995965
98.300000,31.607151,-11.520677,1.095835,-0.042245,0.003270,-0.077106,0.996122
98.316667,31.614884,-11.469622,1.091410,-0.042610,0.003207,-0.074980,0.996269
98.333333,31.622580,-11.418563,1.086978,-0.042971,0.003141,-0.072843,0.996412
98.350000,31.629845,-11.367630,1.082495,-0.043321,0.003076,-0.070766,0.996547
98.366667,31.637095,-11.316695,1.078009,-0.043661,0.003010,-0.068707,0.996676
98.383333,31.643908,-11.265889,1.073471,-0.043997,0.002943,-0.066669,0.996800
98.400000,31.650721,-11.215084,1.068934,-0.044318,0.002876,-0.064688,0.996917
98.416667,31.657128,-11.164231,1.064332,-0.044641,0.002807,-0.062682,0.997031
98.433333,31.663503,-11.113558,1.059745,-0.044943,0.002739,-0.060779,0.997135
98.450000,31.669508,-11.062846,1.055100,-0.045254,0.002668,-0.058802,0.997240
98.466667,31.675458,-11.012310,1.050466,-0.045537,0.002601,-0.056972,0.997333
98.483333,31.681073,-10.961742,1.045782,-0.045837,0.002529,-0.055025,0.997429
98.500000,31.686609,-10.911349,1.041105,-0.046104,0.002461,-0.053255,0.997513
98.516667,31.691845,-10.860928,1.036384,-0.046390,0.002388,-0.051349,0.997600
98.533333,31.696977,-10.810681,1.031667,-0.046644,0.002320,-0.049626,0.997675
98.550000,31.701847,-10.760412,1.026913,-0.046918,0.002246,-0.047759,0.997754
98.566667,31.706584,-10.710315,1.022159,-0.047161,0.002178,-0.046082,0.997821
98.583333,31.711100,-10.660201,1.017374,-0.047423,0.002103,-0.044252,0.997892
98.600000,31.715453,-10.610258,1.012586,-0.047653,0.002035,-0.042619,0.997952
98.616667,31.719626,-10.560302,1.007772,-0.047904,0.001959,-0.040824,0.998015
98.633333,31.723607,-10.510516,1.002952,-0.048123,0.001892,-0.039231,0.998069
98.650000,31.727448,-10.460721,0.998113,-0.048363,0.001816,-0.037471,0.998125
98.666667,31.731064,-10.411095,0.993263,-0.048572,0.001748,-0.035918,0.998172
98.683333,31.734583,-10.361464,0.988401,-0.048801,0.001671,-0.034190,0.998222
98.700000,31.737842,-10.312002,0.983524,-0.049005,0.001602,-0.032637,0.998264
98.716667,31.741047,-10.262537,0.978641,-0.049220,0.001527,-0.030971,0.998307
98.733333,31.743958,-10.213241,0.973740,-0.049420,0.001456,-0.029405,0.998344
98.750000,31.746860,-10.163944,0.968837,-0.049619,0.001382,-0.027810,0.998380
98.766667,31.749431,-10.114816,0.963913,-0.049816,0.001309,-0.026227,0.998413
98.783333,31.752002,-10.065689,0.958990,-0.050001,0.001237,-0.024706,0.998443
98.800000,31.754285,-10.016551,0.954031,-0.050195,0.001161,-0.023104,0.998472
98.816667,31.756522,-9.967594,0.949087,-0.050366,0.001092,-0.021654,0.998495
98.833333,31.758521,-9.918631,0.944115,-0.050557,0.001014,-0.020028,0.998520
98.850000,31.760430,-9.869848,0.939152,-0.050715,0.000947,-0.018649,0.998539
98.866667,31.762153,-9.821060,0.934168,-0.050898,0.000868,-0.017033,0.998558
98.883333,31.763740,-9.772452,0.929189,-0.051048,0.000802,-0.015684,0.998573
98.900000,31.765195,-9.723843,0.924195,-0.051223,0.000723,-0.014087,0.998588
98.916667,31.766466,-9.675413,0.919200,-0.051370,0.000655,-0.012729,0.998598
98.933333,31.767659,-9.626982,0.914197,-0.051534,0.000577,-0.011183,0.998608
98.950000,31.768620,-9.578732,0.909189,-0.051680,0.000507,-0.009790,0.998616
98.966667,31.769558,-9.530481,0.904179,-0.051831,0.000432,-0.008321,0.998621
98.983333,31.770214,-9.482413,0.899160,-0.051976,0.000359,-0.006894,0.998624
99.000000,31.770869,-9.434344,0.894141,-0.052114,0.000287,-0.005503,0.998626
99.016667,31.771262,-9.386275,0.889096,-0.052258,0.000211,-0.004038,0.998625
99.033333,31.771618,-9.338389,0.884066,-0.052385,0.000143,-0.002726,0.998623
99.050000,31.771773,-9.290505,0.879018,-0.052528,0.000064,-0.001215,0.998619
99.066667,31.771837,-9.242804,0.873980,-0.052642,-0.000001,0.000021,0.998613
99.083333,31.771760,-9.195105,0.868929,-0.052781,-0.000082,0.001545,0.998605
99.100000,31.771536,-9.147591,0.863885,-0.052893,-0.000148,0.002798,0.998596
99.116667,31.771232,-9.100079,0.858833,-0.053021,-0.000226,0.004260,0.998584
99.133333,31.770721,-9.052753,0.853782,-0.053133,-0.000296,0.005565,0.998572
99.150000,31.770193,-9.005427,0.848731,-0.053249,-0.000370,0.006948,0.998557
99.166667,31.769396,-8.958291,0.843676,-0.053361,-0.000444,0.008306,0.998541
99.183333,31.768599,-8.911154,0.838622,-0.053466,-0.000515,0.009610,0.998523
99.200000,31.767570,-8.864024,0.833548,-0.053578,-0.000592,0.011027,0.998503
99.216667,31.766496,-8.817079,0.828491,-0.053673,-0.000658,0.012247,0.998483
99.233333,31.765259,-8.770139,0.823421,-0.053785,-0.000739,0.013722,0.998458
99.250000,31.763912,-8.723386,0.818361,-0.053872,-0.000804,0.014908,0.998436
99.266667,31.762470,-8.676637,0.813295,-0.053976,-0.000883,0.016335,0.998408
99.283333,31.760851,-8.630077,0.808236,-0.054064,-0.000951,0.017570,0.998382
99.300000,31.759208,-8.583519,0.803174,-0.054157,-0.001026,0.018910,0.998353
99.316667,31.757320,-8.537155,0.798115,-0.054245,-0.001098,0.020212,0.998322
99.333333,31.755432,-8.490790,0.793057,-0.054328,-0.001168,0.021468,0.998292
99.350000,31.753323,-8.444437,0.787983,-0.054416,-0.001245,0.022842,0.998256
99.366667,31.751172,-8.398269,0.782926,-0.054491,-0.001311,0.024020,0.998224
99.383333,31.748875,-8.352109,0.777860,-0.054578,-0.001392,0.025463,0.998184
99.400000,31.746463,-8.306138,0.772806,-0.054648,-0.001459,0.026640,0.998149
99.416667,31.743980,-8.260172,0.767747,-0.054728,-0.001536,0.028017,0.998107
99.433333,31.741305,-8.214399,0.762698,-0.054796,-0.001606,0.029254,0.998068
99.450000,31.738630,-8.168627,0.757648,-0.054867,-0.001679,0.030542,0.998025
99.466667,31.735692,-8.122873,0.752583,-0.054936,-0.001754,0.031858,0.997980
99.483333,31.732756,-8.077301,0.747539,-0.054997,-0.001821,0.033051,0.997938
99.500000,31.729640,-8.031742,0.742485,-0.055066,-0.001901,0.034447,0.997887
99.516667,31.726447,-7.986371,0.737446,-0.055122,-0.001968,0.035622,0.997842
99.533333,31.723159,-7.941008,0.732403,-0.055187,-0.002047,0.037010,0.997788
99.550000,31.719715,-7.895839,0.727372,-0.055240,-0.002115,0.038197,0.997740
99.566667,31.716260,-7.850671,0.722340,-0.055296,-0.002189,0.039486,0.997687
99.583333,31.712567,-7.805705,0.717317,-0.055349,-0.002262,0.040767,0.997632
99.600000,31.708873,-7.760739,0.712294,-0.055397,-0.002330,0.041956,0.997580
99.616667,31.704990,-7.715790,0.707263,-0.055450,-0.002409,0.043332,0.997518
99.633333,31.701045,-7.671028,0.702249,-0.055494,-0.002477,0.044520,0.997463
99.650000,31.696999,-7.626276,0.697232,-0.055543,-0.002556,0.045897,0.997398
99.666667,31.692800,-7.581721,0.692228,-0.055582,-0.002624,0.047091,0.997340
99.683333,31.688595,-7.537166,0.687224,-0.055624,-0.002698,0.048377,0.997275
99.700000,31.684147,-7.492817,0.682231,-0.055663,-0.002772,0.049664,0.997210
99.716667,31.679700,-7.448468,0.677239,-0.055698,-0.002841,0.050864,0.997147
99.733333,31.675077,-7.404138,0.672241,-0.055736,-0.002920,0.052232,0.997074
99.750000,31.670383,-7.359997,0.667260,-0.055767,-0.002989,0.053433,0.997009
99.766667,31.665610,-7.315864,0.662278,-0.055801,-0.003067,0.054792,0.996933
99.783333,31.660670,-7.271932,0.657310,-0.055828,-0.003136,0.055996,0.996864
99.800000,31.655730,-7.228000,0.652342,-0.055855,-0.003208,0.057247,0.996791
99.816667,31.650544,-7.184097,0.647369,-0.055881,-0.003283,0.058563,0.996713
99.833333,31.645357,-7.140375,0.642415,-0.055904,-0.003353,0.059779,0.996639
99.850000,31.640029,-7.096671,0.637458,-0.055927,-0.003431,0.061136,0.996555
99.866667,31.634598,-7.053160,0.632519,-0.055946,-0.003501,0.062361,0.996478
99.883333,31.629130,-7.009654,0.627580,-0.055965,-0.003577,0.063688,0.996393
99.900000,31.623454,-6.966356,0.622656,-0.055980,-0.003649,0.064949,0.996310
99.916667,31.617778,-6.923058,0.617733,-0.055994,-0.003720,0.066187,0.996228
99.933333,31.611904,-6.879787,0.612806,-0.056006,-0.003798,0.067543,0.996136
99.950000,31.605981,-6.836703,0.607900,-0.056016,-0.003869,0.068790,0.996050
99.966667,31.599973,-6.793631,0.602992,-0.056025,-0.003946,0.070143,0.995955
99.983333,31.593805,-6.750762,0.598102,-0.056031,-0.004017,0.071400,0.995865
100.000000,31.587637,-6.707893,0.593213,-0.056036,-0.004089,0.072665,0.995773
100.016667,31.581227,-6.665060,0.588321,-0.056038,-0.004166,0.074020,0.995672
100.033333,31.574814,-6.622407,0.583450,-0.056039,-0.004238,0.075292,0.995577
100.050000,31.568277,-6.579774,0.578578,-0.056038,-0.004315,0.076648,0.995473
100.066667,31.561617,-6.537339,0.573726,-0.056035,-0.004387,0.077933,0.995373
100.083333,31.554956,-6.494905,0.568874,-0.056031,-0.004462,0.079251,0.995269
100.100000,31.548049,-6.452689,0.564042,-0.056023,-0.004537,0.080587,0.995162
100.116667,31.541142,-6.410474,0.559210,-0.056015,-0.004610,0.081891,0.995055
100.133333,31.534082,-6.368284,0.554378,-0.056004,-0.004686,0.083254,0.994942
100.150000,31.526926,-6.326290,0.549567,-0.055992,-0.004760,0.084570,0.994832
100.166667,31.519747,-6.284300,0.544756,-0.055978,-0.004836,0.085929,0.994716
100.183333,31.512343,-6.242528,0.539966,-0.055961,-0.004910,0.087258,0.994601
100.200000,31.504939,-6.200756,0.535177,-0.055943,-0.004984,0.088591,0.994483
100.216667,31.497364,-6.159014,0.530389,-0.055922,-0.005059,0.089961,0.994361
100.233333,31.489711,-6.117466,0.525623,-0.055900,-0.005134,0.091310,0.994239
100.250000,31.482024,-6.075924,0.520856,-0.055877,-0.005209,0.092676,0.994114
100.266667,31.474121,-6.034601,0.516113,-0.055850,-0.005284,0.094043,0.993986
100.283333,31.466218,-5.993278,0.511370,-0.055822,-0.005359,0.095414,0.993857
100.300000,31.458135,-5.951990,0.506630,-0.055792,-0.005434,0.096795,0.993725
100.316667,31.449978,-5.910895,0.501911,-0.055759,-0.005510,0.098184,0.993590
100.333333,31.441787,-5.869806,0.497193,-0.055726,-0.005585,0.099561,0.993454
100.350000,31.433376,-5.828940,0.492500,-0.055688,-0.005661,0.100974,0.993313
100.366667,31.424964,-5.788075,0.487807,-0.055650,-0.005737,0.102390,0.993170
100.383333,31.416378,-5.747245,0.483118,-0.055610,-0.005812,0.103789,0.993026
100.400000,31.407711,-5.706610,0.478451,-0.055566,-0.005889,0.105229,0.992877
100.416667,31.399023,-5.665979,0.473785,-0.055523,-0.005964,0.106633,0.992729
100.433333,31.390095,-5.625578,0.469146,-0.055475,-0.006041,0.108090,0.992574
100.450000,31.381168,-5.585177,0.464506,-0.055425,-0.006119,0.109557,0.992415
100.466667,31.372080,-5.544811,0.459872,-0.055375,-0.006193,0.110973,0.992260
100.483333,31.362888,-5.504646,0.455261,-0.055320,-0.006271,0.112463,0.992095
100.500000,31.353696,-5.464482,0.450650,-0.055265,-0.006348,0.113933,0.991930
100.516667,31.344207,-5.424385,0.446049,-0.055207,-0.006423,0.115394,0.991764
100.533333,31.334751,-5.384458,0.441467,-0.055145,-0.006502,0.116915,0.991588
100.550000,31.325166,-5.344561,0.436890,-0.055086,-0.006576,0.118349,0.991421
100.566667,31.315444,-5.304875,0.432339,-0.055018,-0.006655,0.119896,0.991238
100.583333,31.305722,-5.265188,0.427788,-0.054950,-0.006734,0.121448,0.991053
100.600000,31.295734,-5.225566,0.423247,-0.054882,-0.006807,0.122906,0.990876
100.616667,31.285739,-5.186123,0.418728,-0.054808,-0.006887,0.124486,0.990683
100.633333,31.275659,-5.146702,0.414212,-0.054738,-0.006960,0.125939,0.990502
100.650000,31.265389,-5.107506,0.409725,-0.054657,-0.007040,0.127553,0.990300
100.666667,31.255118,-5.068309,0.405238,-0.054575,-0.007120,0.129173,0.990094
100.683333,31.244632,-5.029169,0.400761,-0.054498,-0.007193,0.130654,0.989903
100.700000,31.234084,-4.990222,0.396308,-0.054409,-0.007274,0.132309,0.989687
100.716667,31.223515,-4.951280,0.391856,-0.054325,-0.007349,0.133861,0.989483
100.733333,31.212684,-4.912586,0.387438,-0.054234,-0.007427,0.135477,0.989267
100.750000,31.201853,-4.873891,0.383020,-0.054137,-0.007508,0.137170,0.989038
100.766667,31.190871,-4.835239,0.378610,-0.054049,-0.007580,0.138678,0.988832
100.783333,31.179750,-4.796801,0.374229,-0.053945,-0.007662,0.140411,0.988593
100.800000,31.168629,-4.758364,0.369847,-0.053842,-0.007742,0.142120,0.988354
100.816667,31.157227,-4.720007,0.365481,-0.053744,-0.007815,0.143684,0.988132
100.833333,31.145813,-4.681830,0.361137,-0.053631,-0.007897,0.145460,0.987878
100.850000,31.134335,-4.643672,0.356797,-0.053529,-0.007970,0.147046,0.987648
100.866667,31.122625,-4.605759,0.352492,-0.053412,-0.008050,0.148810,0.987389
100.883333,31.110914,-4.567845,0.348187,-0.053290,-0.008132,0.150633,0.987119
100.900000,31.099014,-4.529990,0.343893,-0.053183,-0.008202,0.152198,0.986884
100.916667,31.087001,-4.492346,0.339629,-0.053052,-0.008285,0.154071,0.986600
100.933333,31.074989,-4.454701,0.335364,-0.052925,-0.008364,0.155865,0.986324
100.950000,31.062657,-4.417157,0.331120,-0.052803,-0.008437,0.157554,0.986062
100.966667,31.050334,-4.379786,0.326898,-0.052662,-0.008520,0.159482,0.985758
100.983333,31.037933,-4.342441,0.322680,-0.052538,-0.008592,0.161167,0.985490
101.000000,31.025290,-4.305351,0.318501,-0.052394,-0.008672,0.163062,0.985185
101.016667,31.012646,-4.268260,0.314322,-0.052242,-0.008755,0.165047,0.984862
101.033333,30.999806,-4.231236,0.310157,-0.052114,-0.008822,0.166683,0.984593
101.050000,30.986840,-4.194430,0.306023,-0.051952,-0.008906,0.168725,0.984253
101.066667,30.973874,-4.157624,0.301890,-0.051796,-0.008984,0.170669,0.983925
101.083333,30.960589,-4.120930,0.297780,-0.051651,-0.009055,0.172445,0.983622
101.100000,30.947294,-4.084414,0.293693,-0.051476,-0.009138,0.174549,0.983260
101.116667,30.933950,-4.047916,0.289610,-0.051322,-0.009210,0.176395,0.982938
101.133333,30.920315,-4.011698,0.285572,-0.051152,-0.009286,0.178383,0.982587
101.150000,30.906679,-3.975480,0.281534,-0.050965,-0.009369,0.180554,0.982199
101.166667,30.892879,-3.939325,0.277510,-0.050812,-0.009434,0.182302,0.981883
101.183333,30.878895,-3.903412,0.273523,-0.050615,-0.009515,0.184512,0.981480
101.200000,30.864912,-3.867500,0.269535,-0.050420,-0.009595,0.186693,0.981077
101.216667,30.850647,-3.831696,0.265573,-0.050254,-0.009660,0.188515,0.980736
101.233333,30.836308,-3.796096,0.261639,-0.050040,-0.009741,0.190833,0.980298
101.250000,30.821970,-3.760496,0.257705,-0.049844,-0.009814,0.192932,0.979896
101.266667,30.807230,-3.725056,0.253807,-0.049651,-0.009883,0.194967,0.979502
101.283333,30.792526,-3.689778,0.249928,-0.049421,-0.009963,0.197368,0.979032
101.300000,30.777739,-3.654533,0.246057,-0.049226,-0.010029,0.199389,0.978632
101.316667,30.762658,-3.619586,0.242236,-0.049004,-0.010102,0.201648,0.978179
101.333333,30.747577,-3.584638,0.238415,-0.048758,-0.010181,0.204141,0.977673
101.350000,30.732305,-3.549772,0.234612,-0.048563,-0.010241,0.206086,0.977275
101.366667,30.716837,-3.515167,0.230852,-0.048310,-0.010316,0.208577,0.976758
101.383333,30.701368,-3.480561,0.227091,-0.048056,-0.010389,0.211052,0.976238
101.400000,30.685598,-3.446088,0.223361,-0.047847,-0.010447,0.213070,0.975809
101.416667,30.669729,-3.411836,0.219663,-0.047565,-0.010523,0.215751,0.975232
101.433333,30.653861,-3.377583,0.215966,-0.047309,-0.010589,0.218172,0.974705
101.450000,30.637580,-3.343520,0.212312,-0.047070,-0.010649,0.220406,0.974214
101.466667,30.621300,-3.309632,0.208680,-0.046767,-0.010721,0.223196,0.973592
101.483333,30.604991,-3.275759,0.205052,-0.046508,-0.010781,0.225567,0.973057
101.500000,30.588287,-3.242250,0.201490,-0.046236,-0.010841,0.228028,0.972496
101.516667,30.571584,-3.208741,0.197928,-0.045911,-0.010910,0.230934,0.971824
101.533333,30.554755,-3.175294,0.194381,-0.045649,-0.010963,0.233258,0.971281
101.550000,30.537613,-3.142179,0.190892,-0.045342,-0.011022,0.235954,0.970643
101.566667,30.520472,-3.109064,0.187403,-0.044998,-0.011085,0.238938,0.969928
101.583333,30.503107,-3.076064,0.183940,-0.044729,-0.011132,0.241253,0.969367
101.600000,30.485512,-3.043359,0.180528,-0.044386,-0.011189,0.244182,0.968649
101.616667,30.467917,-3.010655,0.177115,-0.044037,-0.011244,0.247140,0.967913
101.633333,30.450004,-2.978121,0.173742,-0.043751,-0.011287,0.249539,0.967310
101.650000,30.431943,-2.945844,0.170410,-0.043375,-0.011340,0.252682,0.966510
101.666667,30.413882,-2.913567,0.167079,-0.043023,-0.011386,0.255596,0.965759
101.683333,30.395413,-2.881518,0.163798,-0.042722,-0.011424,0.258073,0.965113
101.700000,30.376880,-2.849683,0.160550,-0.042318,-0.011472,0.261390,0.964237
101.716667,30.358347,-2.817848,0.157301,-0.041969,-0.011510,0.264242,0.963474
101.733333,30.339324,-2.786297,0.154115,-0.041646,-0.011544,0.266870,0.962763
101.750000,30.320315,-2.754917,0.150951,-0.041230,-0.011584,0.270246,0.961838
101.766667,30.301300,-2.723541,0.147788,-0.040886,-0.011615,0.273017,0.961070
101.783333,30.281817,-2.692629,0.144710,-0.040543,-0.011643,0.275774,0.960297
101.800000,30.262333,-2.661717,0.141632,-0.040116,-0.011675,0.279200,0.959324
101.816667,30.242780,-2.630848,0.138563,-0.039779,-0.011698,0.281889,0.958551
101.833333,30.222826,-2.600413,0.135572,-0.039418,-0.011720,0.284762,0.957716
101.850000,30.202873,-2.569978,0.132581,-0.038982,-0.011744,0.288226,0.956696
101.866667,30.182792,-2.539626,0.129607,-0.038651,-0.011760,0.290844,0.955917
101.883333,30.162369,-2.509680,0.126704,-0.038273,-0.011775,0.293821,0.955021
101.900000,30.141947,-2.479734,0.123801,-0.037840,-0.011789,0.297221,0.953986
101.916667,30.121346,-2.449910,0.120923,-0.037502,-0.011798,0.299869,0.953170
101.933333,30.100455,-2.420467,0.118109,-0.037108,-0.011806,0.302940,0.952214
101.950000,30.079564,-2.391025,0.115296,-0.036678,-0.011811,0.306290,0.951158
101.966667,30.058453,-2.361738,0.112514,-0.036333,-0.011813,0.308965,0.950306
101.983333,30.037101,-2.332807,0.109791,-0.035926,-0.011812,0.312120,0.949290
102.000000,30.015750,-2.303877,0.107068,-0.035498,-0.011808,0.315423,0.948214
102.016667,29.994142,-2.275135,0.104382,-0.035147,-0.011803,0.318121,0.947325
102.033333,29.972332,-2.246729,0.101750,-0.034728,-0.011793,0.321339,0.946254
102.050000,29.950523,-2.218322,0.099118,-0.034303,-0.011781,0.324596,0.945157
102.066667,29.928429,-2.190135,0.096529,-0.033946,-0.011767,0.327317,0.944231
102.083333,29.906166,-2.162266,0.093989,-0.033517,-0.011749,0.330591,0.943106
102.100000,29.883903,-2.134396,0.091449,-0.033093,-0.011727,0.333812,0.941986
102.116667,29.861337,-2.106770,0.088956,-0.032732,-0.011706,0.336552,0.941023
102.133333,29.838630,-2.079445,0.086509,-0.032294,-0.011678,0.339863,0.939848
102.150000,29.815923,-2.052120,0.084063,-0.031872,-0.011648,0.343052,0.938703
102.166667,29.792898,-2.025061,0.081666,-0.031506,-0.011619,0.345805,0.937706
102.183333,29.769754,-1.998293,0.079312,-0.031063,-0.011581,0.349137,0.936485
102.200000,29.746609,-1.971524,0.076959,-0.030642,-0.011542,0.352300,0.935314
102.216667,29.723141,-1.945037,0.074658,-0.030272,-0.011505,0.355067,0.934280
102.233333,29.699567,-1.918835,0.072398,-0.029825,-0.011457,0.358408,0.933018
102.250000,29.675994,-1.892632,0.070139,-0.029404,-0.011409,0.361556,0.931817
102.266667,29.652098,-1.866721,0.067933,-0.029032,-0.011364,0.364331,0.930748
102.283333,29.628104,-1.841093,0.065768,-0.028584,-0.011307,0.367663,0.929451
102.300000,29.604111,-1.815466,0.063603,-0.028162,-0.011250,0.370797,0.928219
102.316667,29.579803,-1.790134,0.061491,-0.027788,-0.011197,0.373575,0.927116
102.333333,29.555399,-1.765091,0.059421,-0.027342,-0.011131,0.376883,0.925790
102.350000,29.530995,-1.740047,0.057350,-0.026919,-0.011065,0.380015,0.924523
102.366667,29.506293,-1.715296,0.055332,-0.026543,-0.011004,0.382795,0.923386
102.383333,29.481492,-1.690842,0.053356,-0.026101,-0.010928,0.386063,0.922038
102.400000,29.456690,-1.666388,0.051380,-0.025676,-0.010853,0.389197,0.920732
102.416667,29.431610,-1.642219,0.049454,-0.025300,-0.010784,0.391974,0.919565
102.433333,29.406421,-1.618364,0.047572,-0.024864,-0.010701,0.395185,0.918202
102.450000,29.381232,-1.594509,0.045691,-0.024437,-0.010617,0.398330,0.916855
102.466667,29.355792,-1.570921,0.043856,-0.024061,-0.010540,0.401102,0.915657
102.483333,29.330228,-1.547670,0.042069,-0.023634,-0.010449,0.404243,0.914286
102.500000,29.304664,-1.524420,0.040282,-0.023204,-0.010355,0.407408,0.912893
102.516667,29.278882,-1.501411,0.038536,-0.022828,-0.010271,0.410169,0.911666
102.533333,29.252957,-1.478769,0.036843,-0.022412,-0.010174,0.413224,0.910297
102.550000,29.227032,-1.456127,0.035150,-0.021979,-0.010070,0.416412,0.908855
102.566667,29.200925,-1.433696,0.033492,-0.021605,-0.009978,0.419158,0.907601
102.583333,29.174651,-1.411668,0.031893,-0.021203,-0.009876,0.422110,0.906243
102.600000,29.148378,-1.389641,0.030293,-0.020766,-0.009762,0.425329,0.904748
102.616667,29.121964,-1.367783,0.028721,-0.020395,-0.009663,0.428057,0.903470
102.633333,29.095357,-1.346372,0.027214,-0.020009,-0.009557,0.430892,0.902131
102.650000,29.068751,-1.324962,0.025707,-0.019566,-0.009432,0.434148,0.900579
102.666667,29.042048,-1.303671,0.024220,-0.019199,-0.009327,0.436852,0.899280
102.683333,29.015124,-1.282879,0.022804,-0.018831,-0.009218,0.439558,0.897969
102.700000,28.988199,-1.262086,0.021389,-0.018383,-0.009082,0.442862,0.896355
102.716667,28.961226,-1.241357,0.019984,-0.018020,-0.008970,0.445540,0.895036
102.733333,28.933999,-1.221185,0.018659,-0.017656,-0.008855,0.448220,0.893705
102.750000,28.906771,-1.201012,0.017335,-0.017217,-0.008713,0.451461,0.892082
102.766667,28.879544,-1.180840,0.016010,-0.016860,-0.008595,0.454110,0.890745
102.783333,28.851920,-1.161208,0.014770,-0.016501,-0.008474,0.456761,0.889396
102.800000,28.824405,-1.141655,0.013535,-0.016072,-0.008327,0.459939,0.887766
102.816667,28.796889,-1.122103,0.012299,-0.015720,-0.008203,0.462556,0.886413
102.833333,28.769042,-1.103023,0.011137,-0.015368,-0.008077,0.465175,0.885048
102.850000,28.741255,-1.084090,0.009989,-0.014950,-0.007925,0.468284,0.883416
102.866667,28.713468,-1.065157,0.008842,-0.014604,-0.007796,0.470873,0.882046
102.883333,28.685414,-1.046620,0.007755,-0.014257,-0.007665,0.473458,0.880668
102.900000,28.657370,-1.028305,0.006694,-0.013866,-0.007514,0.476383,0.879096
102.916667,28.629327,-1.009989,0.005633,-0.013512,-0.007375,0.479046,0.877655
102.933333,28.601082,-0.991985,0.004619,-0.013173,-0.007240,0.481593,0.876266
102.950000,28.572799,-0.974284,0.003643,-0.012809,-0.007092,0.484325,0.874765
102.966667,28.544515,-0.956583,0.002667,-0.012447,-0.006942,0.487066,0.873249
102.983333,28.516096,-0.939102,0.001723,-0.012115,-0.006803,0.489570,0.871853
103.000000,28.487588,-0.922011,0.000831,-0.011781,-0.006660,0.492100,0.870433
103.016667,28.459081,-0.904920,-0.000062,-0.011410,-0.006499,0.494927,0.868836
103.033333,28.430501,-0.887951,-0.000938,-0.011087,-0.006357,0.497389,0.867434
103.050000,28.401786,-0.871464,-0.001750,-0.010764,-0.006213,0.499852,0.866021
103.066667,28.373071,-0.854978,-0.002562,-0.010401,-0.006048,0.502633,0.864416
103.083333,28.344347,-0.838508,-0.003371,-0.010087,-0.005903,0.505050,0.863011
103.100000,28.315439,-0.822622,-0.004104,-0.009773,-0.005756,0.507468,0.861596
103.116667,28.286531,-0.806736,-0.004837,-0.009423,-0.005590,0.510175,0.860001
103.133333,28.257622,-0.790850,-0.005570,-0.009118,-0.005443,0.512545,0.858595
103.150000,28.228476,-0.775403,-0.006242,-0.008813,-0.005294,0.514916,0.857179
103.166667,28.199391,-0.760110,-0.006898,-0.008475,-0.005127,0.517552,0.855595
103.183333,28.170306,-0.744817,-0.007554,-0.008180,-0.004979,0.519873,0.854190
103.200000,28.141055,-0.729845,-0.008166,-0.007885,-0.004829,0.522195,0.852776
103.216667,28.111808,-0.715137,-0.008748,-0.007578,-0.004670,0.524619,0.851291
103.233333,28.082562,-0.700428,-0.009329,-0.007275,-0.004512,0.527031,0.849803
103.250000,28.053217,-0.685919,-0.009884,-0.006990,-0.004361,0.529302,0.848394
103.266667,28.023823,-0.671789,-0.010393,-0.006705,-0.004208,0.531574,0.846975
103.283333,27.994428,-0.657659,-0.010903,-0.006402,-0.004044,0.534016,0.845441
103.300000,27.965001,-0.643599,-0.011403,-0.006127,-0.003893,0.536235,0.844038
103.316667,27.935475,-0.630037,-0.011842,-0.005853,-0.003740,0.538455,0.842625
103.333333,27.905948,-0.616474,-0.012282,-0.005562,-0.003576,0.540825,0.841109
103.350000,27.876422,-0.602912,-0.012721,-0.005298,-0.003426,0.542990,0.839716
103.366667,27.846693,-0.589797,-0.013103,-0.005034,-0.003274,0.545156,0.838313
103.383333,27.817049,-0.576793,-0.013475,-0.004756,-0.003111,0.547455,0.836816
103.400000,27.787404,-0.563789,-0.013847,-0.004503,-0.002962,0.549568,0.835432
103.416667,27.757626,-0.551094,-0.014181,-0.004250,-0.002811,0.551682,0.834039
103.433333,27.727876,-0.538638,-0.014488,-0.003994,-0.002656,0.553828,0.832617
103.450000,27.698126,-0.526183,-0.014796,-0.003741,-0.002502,0.555977,0.831186
103.466667,27.668308,-0.513893,-0.015083,-0.003499,-0.002353,0.558037,0.829805
103.483333,27.638466,-0.501976,-0.015329,-0.003257,-0.002202,0.560099,0.828416
103.500000,27.608624,-0.490059,-0.015574,-0.003012,-0.002048,0.562212,0.826985
103.516667,27.578773,-0.478164,-0.015817,-0.002782,-0.001901,0.564217,0.825620
103.533333,27.548851,-0.466773,-0.016003,-0.002551,-0.001753,0.566222,0.824247
103.550000,27.518929,-0.455382,-0.016190,-0.002318,-0.001601,0.568269,0.822838
103.566667,27.489008,-0.443991,-0.016376,-0.002099,-0.001457,0.570218,0.821489
103.583333,27.458955,-0.432952,-0.016521,-0.001880,-0.001311,0.572169,0.820133
103.600000,27.428966,-0.422075,-0.016650,-0.001658,-0.001163,0.574151,0.818747
103.616667,27.398977,-0.411199,-0.016780,-0.001450,-0.001022,0.576046,0.817416
103.633333,27.368917,-0.400521,-0.016887,-0.001242,-0.000880,0.577942,0.816077
103.650000,27.338872,-0.390148,-0.016963,-0.001035,-0.000737,0.579839,0.814730
103.666667,27.308826,-0.379775,-0.017039,-0.000834,-0.000597,0.581709,0.813396
103.683333,27.278765,-0.369447,-0.017109,-0.000638,-0.000458,0.583550,0.812077
103.700000,27.248674,-0.359565,-0.017134,-0.000442,-0.000319,0.585392,0.810750
103.716667,27.218583,-0.349683,-0.017159,-0.000252,-0.000183,0.587202,0.809440
103.733333,27.188492,-0.339802,-0.017184,-0.000067,-0.000049,0.588987,0.808142
103.750000,27.158293,-0.330257,-0.017172,0.000117,0.000086,0.590773,0.806838
103.766667,27.128166,-0.320853,-0.017149,0.000297,0.000219,0.592524,0.805553
103.783333,27.098040,-0.311449,-0.017126,0.000470,0.000347,0.594254,0.804278
103.800000,27.067860,-0.302222,-0.017084,0.000643,0.000477,0.595984,0.802996
103.816667,27.037708,-0.293283,-0.017015,0.000815,0.000608,0.597715,0.801708
103.833333,27.007556,-0.284344,-0.016947,0.000975,0.000730,0.599360,0.800479
103.850000,26.977399,-0.275424,-0.016876,0.001136,0.000854,0.601036,0.799221
103.866667,26.947230,-0.266938,-0.016766,0.001297,0.000979,0.602712,0.797957
103.883333,26.917062,-0.258452,-0.016655,0.001447,0.001098,0.604303,0.796752
103.900000,26.886893,-0.249965,-0.016544,0.001596,0.001216,0.605925,0.795519
103.916667,26.856649,-0.241754,-0.016406,0.001745,0.001335,0.607548,0.794280
103.933333,26.826473,-0.233707,-0.016256,0.001892,0.001453,0.609146,0.793054
103.950000,26.796296,-0.225660,-0.016106,0.002024,0.001561,0.610658,0.791890
103.966667,26.766090,-0.217726,-0.015946,0.002162,0.001674,0.612226,0.790678
103.983333,26.735914,-0.210104,-0.015759,0.002298,0.001787,0.613794,0.789461
104.000000,26.705737,-0.202483,-0.015573,0.002420,0.001889,0.615234,0.788338
104.016667,26.675560,-0.194862,-0.015386,0.002546,0.001995,0.616748,0.787154
104.033333,26.645300,-0.187584,-0.015169,0.002671,0.002101,0.618262,0.785965
104.050000,26.615130,-0.180375,-0.014950,0.002784,0.002198,0.619655,0.784866
104.066667,26.584961,-0.173167,-0.014730,0.002897,0.002296,0.621115,0.783711
104.083333,26.554750,-0.166137,-0.014495,0.003010,0.002395,0.622575,0.782551
104.100000,26.524595,-0.159327,-0.014245,0.003123,0.002494,0.624036,0.781385
104.116667,26.494440,-0.152517,-0.013995,0.003218,0.002579,0.625334,0.780347
104.133333,26.464280,-0.145727,-0.013744,0.003319,0.002669,0.626740,0.779217
104.150000,26.434145,-0.139302,-0.013467,0.003419,0.002760,0.628147,0.778082
104.166667,26.404011,-0.132877,-0.013190,0.003506,0.002840,0.629401,0.777068
104.183333,26.373876,-0.126453,-0.012913,0.003595,0.002922,0.630754,0.775969
104.200000,26.343697,-0.120246,-0.012621,0.003683,0.003004,0.632108,0.774865
104.216667,26.313588,-0.114192,-0.012320,0.003769,0.003085,0.633437,0.773779
104.233333,26.283480,-0.108138,-0.012019,0.003839,0.003152,0.634623,0.772806
104.250000,26.253360,-0.102145,-0.011715,0.003914,0.003225,0.635923,0.771736
104.266667,26.223284,-0.096449,-0.011394,0.003990,0.003299,0.637223,0.770662
104.283333,26.193208,-0.090752,-0.011072,0.004051,0.003360,0.638347,0.769731
104.300000,26.163131,-0.085056,-0.010751,0.004114,0.003423,0.639593,0.768695
104.316667,26.133012,-0.079595,-0.010417,0.004176,0.003486,0.640840,0.767655
104.333333,26.102972,-0.074242,-0.010079,0.004234,0.003545,0.642011,0.766676
104.350000,26.072933,-0.068889,-0.009741,0.004281,0.003595,0.643121,0.765744
104.366667,26.042880,-0.063616,-0.009399,0.004330,0.003648,0.644314,0.764740
104.383333,26.012881,-0.058592,-0.009047,0.004379,0.003701,0.645507,0.763733
104.400000,25.982883,-0.053567,-0.008695,0.004415,0.003741,0.646507,0.762886
104.416667,25.952885,-0.048543,-0.008344,0.004450,0.003783,0.647646,0.761919
104.433333,25.922849,-0.043752,-0.007983,0.004485,0.003824,0.648786,0.760948
104.450000,25.892896,-0.039042,-0.007622,0.004516,0.003861,0.649824,0.760062
104.466667,25.862943,-0.034332,-0.007260,0.004536,0.003889,0.650839,0.759192
104.483333,25.832977,-0.029705,-0.006897,0.004557,0.003918,0.651923,0.758261
104.500000,25.803073,-0.025295,-0.006529,0.004578,0.003947,0.653009,0.757326
104.516667,25.773169,-0.020885,-0.006162,0.004588,0.003966,0.653891,0.756565
104.533333,25.743265,-0.016475,-0.005794,0.004594,0.003982,0.654919,0.755674
104.550000,25.713331,-0.012280,-0.005424,0.004600,0.003997,0.655949,0.754781
104.566667,25.683479,-0.008155,-0.005055,0.004603,0.004010,0.656873,0.753977
104.583333,25.653627,-0.004029,-0.004686,0.004595,0.004013,0.657773,0.753191
104.600000,25.623766,0.000024,-0.004317,0.004585,0.004014,0.658744,0.752342
104.616667,25.593969,0.003880,-0.003950,0.004574,0.004016,0.659716,0.751490
104.633333,25.564173,0.007737,-0.003583,0.004559,0.004010,0.660484,0.750816
104.650000,25.534377,0.011594,-0.003216,0.004531,0.003996,0.661397,0.750012
104.666667,25.504557,0.015265,-0.002853,0.004504,0.003982,0.662310,0.749206
104.683333,25.474818,0.018869,-0.002493,0.004477,0.003967,0.663131,0.748479
104.700000,25.445079,0.022473,-0.002133,0.004438,0.003940,0.663904,0.747794
104.716667,25.415334,0.026024,-0.001776,0.004393,0.003909,0.664757,0.747037
104.733333,25.385656,0.029391,-0.001428,0.004347,0.003877,0.665611,0.746277
104.750000,25.355977,0.032759,-0.001080,0.004304,0.003846,0.666269,0.745689
104.766667,25.326298,0.036126,-0.000732,0.004242,0.003798,0.667075,0.744969
104.783333,25.296604,0.039348,-0.000395,0.004179,0.003751,0.667881,0.744247
104.800000,25.266987,0.042495,-0.000064,0.004121,0.003705,0.668622,0.743582
104.816667,25.237370,0.045643,0.000267,0.004057,0.003655,0.669299,0.742973
104.833333,25.207750,0.048761,0.000595,0.003983,0.003596,0.670088,0.742263
104.850000,25.178196,0.051695,0.000905,0.003909,0.003536,0.670877,0.741550
104.866667,25.148641,0.054629,0.001216,0.003849,0.003488,0.671486,0.740999
104.883333,25.119087,0.057562,0.001526,0.003769,0.003423,0.672286,0.740274
104.900000,25.089520,0.060372,0.001824,0.003688,0.003357,0.673087,0.739547
104.916667,25.060027,0.063085,0.002113,0.003611,0.003294,0.673851,0.738851
104.933333,25.030534,0.065798,0.002402,0.003545,0.003239,0.674514,0.738246
104.950000,25.001041,0.068509,0.002691,0.003462,0.003170,0.675337,0.737494
104.966667,24.971609,0.070995,0.002958,0.003378,0.003101,0.676161,0.736740
104.983333,24.942177,0.073480,0.003225,0.003311,0.003044,0.676830,0.736125
105.000000,24.912745,0.075966,0.003491,0.003231,0.002977,0.677625,0.735395
105.016667,24.883305,0.078355,0.003749,0.003146,0.002906,0.678465,0.734621
105.033333,24.853934,0.080610,0.003993,0.003061,0.002834,0.679302,0.733847
105.050000,24.824563,0.082865,0.004237,0.002998,0.002780,0.679934,0.733262
105.066667,24.795191,0.085119,0.004482,0.002912,0.002707,0.680781,0.732476
105.083333,24.765806,0.087184,0.004707,0.002827,0.002633,0.681629,0.731688
105.100000,24.736495,0.089206,0.004929,0.002753,0.002570,0.682358,0.731009
105.116667,24.707185,0.091227,0.005150,0.002678,0.002505,0.683101,0.730315
105.133333,24.677870,0.093195,0.005366,0.002592,0.002431,0.683948,0.729522
105.150000,24.648620,0.094985,0.005565,0.002507,0.002356,0.684795,0.728727
105.166667,24.619370,0.096774,0.005764,0.002445,0.002302,0.685408,0.728151
105.183333,24.590121,0.098564,0.005962,0.002361,0.002227,0.686245,0.727363
105.200000,24.560862,0.100212,0.006147,0.002276,0.002152,0.687082,0.726573
105.216667,24.531674,0.101771,0.006323,0.002198,0.002083,0.687852,0.725844
105.233333,24.502485,0.103331,0.006499,0.002132,0.002024,0.688506,0.725224
105.250000,24.473296,0.104889,0.006675,0.002050,0.001950,0.689324,0.724447
105.266667,24.444168,0.106226,0.006829,0.001967,0.001876,0.690142,0.723669
105.283333,24.415041,0.107562,0.006983,0.001902,0.001818,0.690785,0.723055
105.300000,24.385914,0.108899,0.007138,0.001829,0.001751,0.691511,0.722362
105.316667,24.356783,0.110154,0.007284,0.001749,0.001678,0.692300,0.721605
105.333333,24.327717,0.111275,0.007416,0.001670,0.001606,0.693088,0.720849
105.350000,24.298651,0.112395,0.007549,0.001615,0.001555,0.693628,0.720330
105.366667,24.269585,0.113515,0.007682,0.001539,0.001485,0.694383,0.719603
105.383333,24.240514,0.114484,0.007799,0.001463,0.001414,0.695138,0.718874
105.400000,24.211510,0.115398,0.007911,0.001397,0.001353,0.695793,0.718240
105.416667,24.182507,0.116313,0.008024,0.001337,0.001297,0.696383,0.717668
105.433333,24.153502,0.117208,0.008134,0.001265,0.001230,0.697096,0.716976
105.450000,24.124560,0.117928,0.008227,0.001193,0.001162,0.697809,0.716281
105.466667,24.095618,0.118648,0.008320,0.001139,0.001112,0.698336,0.715768
105.483333,24.066676,0.119367,0.008412,0.001076,0.001052,0.698960,0.715159
105.500000,24.037732,0.120007,0.008497,0.001009,0.000988,0.699628,0.714506
105.516667,24.008852,0.120545,0.008572,0.000943,0.000925,0.700273,0.713874
105.533333,23.979972,0.121083,0.008646,0.000898,0.000882,0.700725,0.713431
105.550000,23.951091,0.121621,0.008721,0.000835,0.000822,0.701344,0.712822
105.566667,23.922209,0.122027,0.008782,0.000772,0.000761,0.701963,0.712212
105.583333,23.893390,0.122397,0.008840,0.000720,0.000710,0.702484,0.711699
105.600000,23.864571,0.122766,0.008898,0.000672,0.000664,0.702955,0.711233
105.616667,23.835752,0.123118,0.008954,0.000614,0.000608,0.703524,0.710671
105.633333,23.806993,0.123333,0.008996,0.000557,0.000552,0.704093,0.710107
105.650000,23.778235,0.123548,0.009038,0.000515,0.000511,0.704501,0.709703
105.666667,23.749476,0.123764,0.009080,0.000467,0.000464,0.704979,0.709228
105.683333,23.720717,0.123918,0.009116,0.000414,0.000412,0.705496,0.708713
105.700000,23.692019,0.123993,0.009144,0.000364,0.000363,0.705993,0.708219
105.716667,23.663320,0.124068,0.009172,0.000330,0.000329,0.706328,0.707885
105.733333,23.634621,0.124143,0.009200,0.000282,0.000282,0.706795,0.707419
105.750000,23.605922,0.124124,0.009218,0.000234,0.000235,0.707262,0.706952
105.766667,23.577282,0.124073,0.009233,0.000194,0.000195,0.707654,0.706559
105.783333,23.548641,0.124022,0.009249,0.000160,0.000160,0.707992,0.706220
105.800000,23.520001,0.123965,0.009263,0.000117,0.000118,0.708410,0.705801
105.816667,23.491418,0.123802,0.009267,0.000074,0.000075,0.708828,0.705381
105.833333,23.462835,0.123638,0.009270,0.000044,0.000044,0.709131,0.705077
105.850000,23.434252,0.123475,0.009274,0.000009,0.000009,0.709464,0.704742
105.866667,23.405669,0.123276,0.009274,-0.000029,-0.000029,0.709835,0.704368
105.883333,23.377142,0.123012,0.009267,-0.000066,-0.000067,0.710200,0.704000
105.900000,23.348614,0.122749,0.009260,-0.000090,-0.000091,0.710432,0.703766
105.916667,23.320087,0.122486,0.009254,-0.000123,-0.000124,0.710753,0.703441
105.933333,23.291560,0.122165,0.009241,-0.000157,-0.000159,0.711081,0.703110
105.950000,23.263087,0.121814,0.009225,-0.000186,-0.000188,0.711365,0.702823
105.966667,23.234613,0.121463,0.009210,-0.000209,-0.000212,0.711586,0.702599
105.983333,23.206140,0.121112,0.009194,-0.000239,-0.000242,0.711873,0.702308
106.000000,23.177668,0.120689,0.009170,-0.000269,-0.000272,0.712160,0.702017
106.016667,23.149247,0.120262,0.009147,-0.000291,-0.000295,0.712377,0.701797
106.033333,23.120826,0.119834,0.009123,-0.000313,-0.000318,0.712590,0.701581
106.050000,23.092405,0.119393,0.009098,-0.000339,-0.000345,0.712839,0.701327
106.066667,23.064035,0.118899,0.009067,-0.000365,-0.000371,0.713089,0.701074
106.083333,23.035664,0.118405,0.009036,-0.000382,-0.000389,0.713250,0.700909
106.100000,23.007294,0.117911,0.009005,-0.000403,-0.000410,0.713450,0.700706
106.116667,22.978924,0.117390,0.008972,-0.000426,-0.000434,0.713665,0.700487
106.133333,22.950602,0.116839,0.008935,-0.000446,-0.000455,0.713863,0.700285
106.150000,22.922281,0.116288,0.008898,-0.000460,-0.000470,0.713995,0.700150
106.166667,22.893959,0.115737,0.008861,-0.000480,-0.000490,0.714179,0.699963
106.183333,22.865638,0.115150,0.008820,-0.000500,-0.000510,0.714362,0.699776
106.200000,22.837363,0.114551,0.008778,-0.000515,-0.000526,0.714512,0.699623
106.216667,22.809088,0.113952,0.008736,-0.000529,-0.000540,0.714635,0.699497
106.233333,22.780813,0.113353,0.008694,-0.000545,-0.000558,0.714791,0.699338
106.250000,22.752582,0.112713,0.008648,-0.000562,-0.000575,0.714947,0.699178
106.266667,22.724352,0.112074,0.008601,-0.000574,-0.000587,0.715057,0.699065
106.283333,22.696122,0.111434,0.008555,-0.000586,-0.000600,0.715171,0.698949
106.300000,22.667891,0.110785,0.008507,-0.000601,-0.000615,0.715302,0.698815
106.316667,22.639704,0.110111,0.008457,-0.000615,-0.000630,0.715432,0.698682
106.333333,22.611516,0.109438,0.008407,-0.000624,-0.000639,0.715511,0.698600
106.350000,22.583328,0.108764,0.008357,-0.000635,-0.000650,0.715612,0.698497
106.366667,22.555141,0.108075,0.008305,-0.000647,-0.000663,0.715720,0.698386
106.383333,22.526994,0.107374,0.008251,-0.000657,-0.000674,0.715817,0.698287
106.400000,22.498847,0.106672,0.008198,-0.000665,-0.000682,0.715882,0.698221
106.416667,22.470700,0.105970,0.008144,-0.000675,-0.000692,0.715969,0.698131
106.433333,22.442554,0.105251,0.008089,-0.000685,-0.000702,0.716056,0.698042
106.450000,22.414445,0.104527,0.008033,-0.000693,-0.000711,0.716126,0.697971
106.466667,22.386337,0.103803,0.007977,-0.000699,-0.000717,0.716181,0.697913
106.483333,22.358229,0.103080,0.007921,-0.000707,-0.000726,0.716251,0.697842
106.500000,22.330121,0.102337,0.007863,-0.000715,-0.000734,0.716320,0.697771
106.516667,22.302049,0.101596,0.007805,-0.000721,-0.000740,0.716368,0.697721
106.533333,22.273977,0.100855,0.007746,-0.000727,-0.000746,0.716415,0.697674
106.550000,22.245906,0.100110,0.007688,-0.000733,-0.000753,0.716469,0.697618
106.566667,22.217868,0.099355,0.007628,-0.000740,-0.000760,0.716523,0.697563
106.583333,22.189831,0.098600,0.007568,-0.000744,-0.000764,0.716554,0.697530
106.600000,22.161794,0.097846,0.007508,-0.000749,-0.000769,0.716591,0.697492
106.616667,22.133757,0.097086,0.007448,-0.000754,-0.000775,0.716632,0.697451
106.633333,22.105752,0.096321,0.007387,-0.000759,-0.000779,0.716668,0.697414
106.650000,22.077747,0.095557,0.007326,-0.000762,-0.000783,0.716690,0.697391
106.666667,22.049742,0.094792,0.007264,-0.000765,-0.000787,0.716717,0.697363
106.683333,22.021738,0.094023,0.007203,-0.000769,-0.000791,0.716745,0.697335
106.700000,21.993763,0.093252,0.007140,-0.000772,-0.000794,0.716767,0.697312
106.716667,21.965789,0.092480,0.007078,-0.000775,-0.000796,0.716781,0.697297
106.733333,21.937815,0.091709,0.007016,-0.000778,-0.000799,0.716798,0.697280
106.750000,21.909840,0.090935,0.006953,-0.000780,-0.000802,0.716814,0.697263
106.766667,21.881894,0.090160,0.006891,-0.000782,-0.000804,0.716825,0.697253
106.783333,21.853948,0.089386,0.006828,-0.000784,-0.000806,0.716832,0.697245
106.800000,21.826002,0.088611,0.006765,-0.000786,-0.000808,0.716839,0.697238
106.816667,21.798082,0.087835,0.006702,-0.000788,-0.000810,0.716846,0.697231
106.833333,21.770162,0.087060,0.006638,-0.000789,-0.000811,0.716848,0.697229
106.850000,21.742242,0.086284,0.006575,-0.000790,-0.000812,0.716848,0.697229
106.866667,21.714323,0.085509,0.006512,-0.000791,-0.000813,0.716846,0.697231
106.883333,21.686427,0.084734,0.006448,-0.000792,-0.000814,0.716844,0.697233
106.900000,21.658531,0.083960,0.006385,-0.000792,-0.000814,0.716840,0.697237
106.916667,21.630635,0.083186,0.006321,-0.000792,-0.000814,0.716832,0.697245
106.933333,21.602740,0.082413,0.006258,-0.000792,-0.000815,0.716823,0.697254
106.950000,21.574866,0.081641,0.006195,-0.000792,-0.000815,0.716814,0.697263
106.966667,21.546992,0.080870,0.006131,-0.000792,-0.000815,0.716806,0.697272
106.983333,21.519119,0.080099,0.006068,-0.000792,-0.000814,0.716791,0.697287
107.000000,21.491245,0.079331,0.006004,-0.000791,-0.000814,0.716775,0.697303
107.016667,21.463391,0.078565,0.005941,-0.000791,-0.000813,0.716762,0.697317
107.033333,21.435537,0.077798,0.005878,-0.000790,-0.000812,0.716749,0.697331
107.050000,21.407684,0.077032,0.005815,-0.000789,-0.000811,0.716728,0.697352
107.066667,21.379830,0.076271,0.005752,-0.000788,-0.000810,0.716707,0.697374
107.083333,21.351994,0.075510,0.005689,-0.000787,-0.000809,0.716689,0.697392
107.100000,21.324158,0.074750,0.005626,-0.000786,-0.000808,0.716670,0.697411
107.116667,21.296322,0.073990,0.005563,-0.000785,-0.000806,0.716644,0.697438
107.133333,21.268502,0.073237,0.005500,-0.000783,-0.000805,0.716618,0.697465
107.150000,21.240682,0.072485,0.005438,-0.000782,-0.000803,0.716598,0.697485
107.166667,21.212862,0.071732,0.005375,-0.000780,-0.000802,0.716573,0.697511
107.183333,21.185042,0.070982,0.005313,-0.000778,-0.000799,0.716542,0.697543
107.200000,21.157235,0.070237,0.005251,-0.000776,-0.000797,0.716513,0.697573
107.216667,21.129429,0.069493,0.005189,-0.000775,-0.000796,0.716491,0.697595
107.233333,21.101623,0.068749,0.005128,-0.000773,-0.000794,0.716461,0.697626
107.250000,21.073816,0.068009,0.005066,-0.000770,-0.000791,0.716427,0.697661
107.266667,21.046021,0.067274,0.005005,-0.000768,-0.000789,0.716396,0.697693
107.283333,21.018226,0.066539,0.004944,-0.000766,-0.000787,0.716372,0.697717
107.300000,20.990431,0.065804,0.004882,-0.000764,-0.000784,0.716336,0.697754
107.316667,20.962636,0.065077,0.004822,-0.000761,-0.000781,0.716299,0.697793
107.333333,20.934851,0.064352,0.004761,-0.000759,-0.000779,0.716268,0.697825
107.350000,20.907065,0.063627,0.004701,-0.000756,-0.000776,0.716240,0.697853
107.366667,20.879280,0.062902,0.004641,-0.000753,-0.000773,0.716200,0.697894
107.383333,20.851494,0.062187,0.004581,-0.000750,-0.000770,0.716159,0.697936
107.400000,20.823715,0.061474,0.004521,-0.000748,-0.000767,0.716128,0.697968
107.416667,20.795937,0.060760,0.004462,-0.000745,-0.000765,0.716096,0.698001
107.433333,20.768159,0.060047,0.004402,-0.000742,-0.000761,0.716053,0.698045
107.450000,20.740386,0.059345,0.004344,-0.000739,-0.000758,0.716010,0.698089
107.466667,20.712613,0.058643,0.004285,-0.000736,-0.000755,0.715979,0.698121
107.483333,20.684839,0.057940,0.004226,-0.000733,-0.000752,0.715942,0.698159
107.500000,20.657066,0.057242,0.004168,-0.000730,-0.000748,0.715898,0.698204
107.516667,20.629296,0.056552,0.004110,-0.000726,-0.000745,0.715854,0.698249
107.533333,20.601526,0.055861,0.004053,-0.000724,-0.000742,0.715824,0.698280
107.550000,20.573755,0.055171,0.003995,-0.000721,-0.000739,0.715783,0.698322
107.566667,20.545985,0.054487,0.003938,-0.000717,-0.000735,0.715736,0.698370
107.583333,20.518216,0.053809,0.003881,-0.000713,-0.000731,0.715695,0.698413
107.600000,20.490446,0.053131,0.003824,-0.000711,-0.000728,0.715663,0.698445
107.616667,20.462677,0.052453,0.003768,-0.000707,-0.000724,0.715618,0.698491
107.633333,20.434907,0.051784,0.003712,-0.000703,-0.000720,0.715570,0.698540
107.650000,20.407137,0.051118,0.003656,-0.000700,-0.000717,0.715530,0.698581
107.666667,20.379368,0.050453,0.003600,-0.000697,-0.000714,0.715497,0.698616
107.683333,20.351598,0.049788,0.003545,-0.000693,-0.000710,0.715447,0.698666
107.700000,20.323828,0.049134,0.003490,-0.000689,-0.000705,0.715398,0.698716
107.716667,20.296058,0.048482,0.003436,-0.000686,-0.000702,0.715360,0.698755
107.733333,20.268289,0.047829,0.003381,-0.000683,-0.000699,0.715322,0.698794
107.750000,20.240520,0.047178,0.003327,-0.000678,-0.000694,0.715272,0.698845
107.766667,20.212752,0.046539,0.003273,-0.000674,-0.000690,0.715222,0.698897
107.783333,20.184985,0.045900,0.003220,-0.000671,-0.000687,0.715186,0.698934
107.800000,20.157217,0.045261,0.003166,-0.000668,-0.000683,0.715144,0.698976
107.816667,20.129449,0.044626,0.003113,-0.000663,-0.000679,0.715093,0.699029
107.833333,20.101685,0.044001,0.003061,-0.000659,-0.000674,0.715043,0.699080
107.850000,20.073921,0.043376,0.003009,-0.000656,-0.000671,0.715009,0.699115
107.866667,20.046157,0.042751,0.002957,-0.000652,-0.000667,0.714964,0.699161
107.883333,20.018392,0.042132,0.002905,-0.000648,-0.000663,0.714912,0.699214
107.900000,19.990632,0.041520,0.002854,-0.000644,-0.000658,0.714865,0.699262
107.916667,19.962873,0.040909,0.002803,-0.000641,-0.000655,0.714831,0.699297
107.933333,19.935113,0.040297,0.002752,-0.000637,-0.000651,0.714782,0.699347
107.950000,19.907353,0.039694,0.002701,-0.000632,-0.000646,0.714730,0.699400
107.966667,19.879600,0.039097,0.002652,-0.000629,-0.000642,0.714685,0.699446
107.983333,19.851846,0.038499,0.002602,-0.000626,-0.000639,0.714650,0.699482
108.000000,19.824093,0.037902,0.002552,-0.000621,-0.000634,0.714597,0.699535
108.016667,19.796339,0.037316,0.002503,-0.000616,-0.000630,0.714545,0.699589
108.033333,19.768593,0.036732,0.002455,-0.000613,-0.000626,0.714503,0.699632
108.050000,19.740847,0.036149,0.002406,-0.000610,-0.000622,0.714464,0.699671
108.066667,19.713101,0.035566,0.002357,-0.000605,-0.000618,0.714411,0.699725
108.083333,19.685364,0.034996,0.002310,-0.000600,-0.000613,0.714358,0.699780
108.100000,19.657626,0.034427,0.002263,-0.000597,-0.000609,0.714320,0.699819
108.116667,19.629889,0.033858,0.002215,-0.000593,-0.000606,0.714277,0.699862
108.133333,19.602152,0.033292,0.002168,-0.000589,-0.000601,0.714224,0.699916
108.150000,19.574425,0.032737,0.002122,-0.000584,-0.000596,0.714171,0.699970
108.166667,19.546699,0.032182,0.002076,-0.000581,-0.000593,0.714136,0.700007
108.183333,19.518972,0.031627,0.002030,-0.000577,-0.000589,0.714090,0.700053
108.200000,19.491245,0.031077,0.001984,-0.000572,-0.000584,0.714037,0.700107
108.216667,19.463530,0.030537,0.001939,-0.000568,-0.000579,0.713988,0.700158
108.233333,19.435815,0.029996,0.001894,-0.000565,-0.000576,0.713952,0.700194
108.250000,19.408100,0.029455,0.001850,-0.000561,-0.000572,0.713904,0.700243
108.266667,19.380385,0.028923,0.001805,-0.000556,-0.000567,0.713851,0.700297
108.283333,19.352683,0.028396,0.001762,-0.000552,-0.000563,0.713805,0.700345
108.300000,19.324981,0.027870,0.001718,-0.000549,-0.000559,0.713769,0.700380
108.316667,19.297280,0.027343,0.001675,-0.000544,-0.000555,0.713718,0.700433
108.333333,19.269578,0.026827,0.001632,-0.000540,-0.000550,0.713664,0.700487
108.350000,19.241891,0.026315,0.001590,-0.000536,-0.000546,0.713621,0.700531
108.366667,19.214203,0.025803,0.001547,-0.000533,-0.000543,0.713584,0.700569
108.383333,19.186516,0.025291,0.001505,-0.000528,-0.000538,0.713531,0.700623
108.400000,19.158829,0.024792,0.001464,-0.000523,-0.000533,0.713478,0.700677
108.416667,19.131158,0.024294,0.001423,-0.000520,-0.000529,0.713438,0.700718
108.433333,19.103487,0.023796,0.001382,-0.000516,-0.000526,0.713398,0.700759
108.450000,19.075816,0.023300,0.001341,-0.000512,-0.000521,0.713345,0.700813
108.466667,19.048162,0.022816,0.001301,-0.000507,-0.000516,0.713292,0.700867
108.483333,19.020508,0.022332,0.001261,-0.000504,-0.000513,0.713255,0.700904
108.500000,18.992855,0.021849,0.001221,-0.000500,-0.000509,0.713212,0.700948
108.516667,18.965201,0.021369,0.001182,-0.000495,-0.000504,0.713160,0.701001
108.533333,18.937567,0.020900,0.001143,-0.000491,-0.000499,0.713109,0.701053
108.550000,18.909932,0.020430,0.001105,-0.000488,-0.000496,0.713074,0.701088
108.566667,18.882297,0.019961,0.001066,-0.000483,-0.000492,0.713029,0.701134
108.583333,18.854662,0.019497,0.001028,-0.000479,-0.000487,0.712977,0.701188
108.600000,18.827048,0.019042,0.000991,-0.000475,-0.000483,0.712929,0.701236
108.616667,18.799434,0.018587,0.000954,-0.000471,-0.000479,0.712894,0.701271
108.633333,18.771819,0.018131,0.000917,-0.000467,-0.000475,0.712846,0.701320
108.650000,18.744205,0.017684,0.000880,-0.000463,-0.000470,0.712794,0.701373
108.666667,18.716612,0.017243,0.000844,-0.000459,-0.000466,0.712749,0.701418
108.683333,18.689020,0.016801,0.000808,-0.000456,-0.000463,0.712715,0.701454
108.700000,18.661427,0.016360,0.000772,-0.000451,-0.000458,0.712664,0.701506
108.716667,18.633834,0.015929,0.000737,-0.000446,-0.000453,0.712612,0.701558
108.733333,18.606265,0.015502,0.000702,-0.000443,-0.000450,0.712571,0.701600
108.750000,18.578696,0.015075,0.000667,-0.000439,-0.000446,0.712534,0.701637
108.766667,18.551126,0.014647,0.000633,-0.000435,-0.000442,0.712483,0.701689
108.783333,18.523557,0.014233,0.000599,-0.000430,-0.000437,0.712432,0.701741
108.800000,18.496012,0.013819,0.000566,-0.000427,-0.000433,0.712394,0.701780
108.816667,18.468467,0.013406,0.000532,-0.000423,-0.000430,0.712356,0.701819
108.833333,18.440922,0.012994,0.000499,-0.000419,-0.000425,0.712305,0.701870
108.850000,18.413404,0.012594,0.000466,-0.000414,-0.000420,0.712254,0.701921
108.866667,18.385885,0.012194,0.000434,-0.000411,-0.000417,0.712220,0.701956
108.883333,18.358366,0.011794,0.000402,-0.000407,-0.000413,0.712179,0.701997
108.900000,18.330848,0.011398,0.000370,-0.000403,-0.000409,0.712129,0.702048
108.916667,18.303356,0.011011,0.000339,-0.000398,-0.000404,0.712080,0.702098
108.933333,18.275865,0.010625,0.000308,-0.000395,-0.000401,0.712047,0.702132
108.950000,18.248374,0.010238,0.000277,-0.000392,-0.000397,0.712004,0.702175
108.966667,18.220883,0.009857,0.000246,-0.000387,-0.000392,0.711954,0.702226
108.983333,18.193420,0.009484,0.000216,-0.000383,-0.000388,0.711908,0.702273
109.000000,18.165958,0.009112,0.000186,-0.000380,-0.000385,0.711874,0.702307
109.016667,18.138496,0.008739,0.000157,-0.000376,-0.000381,0.711829,0.702353
109.033333,18.111033,0.008373,0.000128,-0.000371,-0.000376,0.711779,0.702403
109.050000,18.083601,0.008014,0.000099,-0.000368,-0.000372,0.711736,0.702447
109.066667,18.056169,0.007655,0.000070,-0.000365,-0.000369,0.711703,0.702480
109.083333,18.028737,0.007295,0.000042,-0.000360,-0.000365,0.711657,0.702527
109.100000,18.001305,0.006945,0.000014,-0.000356,-0.000361,0.711608,0.702577
109.116667,17.973905,0.006599,-0.000014,-0.000352,-0.000357,0.711568,0.702617
109.133333,17.946504,0.006253,-0.000041,-0.000349,-0.000354,0.711536,0.702649
109.150000,17.919104,0.005906,-0.000068,-0.000345,-0.000350,0.711489,0.702697
109.166667,17.891704,0.005571,-0.000095,-0.000341,-0.000345,0.711442,0.702745
109.183333,17.864337,0.005237,-0.000121,-0.000338,-0.000342,0.711406,0.702781
109.200000,17.836970,0.004904,-0.000147,-0.000335,-0.000339,0.711374,0.702814
109.216667,17.809602,0.004570,-0.000174,-0.000331,-0.000335,0.711328,0.702860
109.233333,17.782235,0.004248,-0.000199,-0.000327,-0.000330,0.711283,0.702906
109.250000,17.754903,0.003927,-0.000224,-0.000324,-0.000327,0.711250,0.702938
109.266667,17.727570,0.003606,-0.000249,-0.000321,-0.000324,0.711218,0.702972
109.283333,17.700238,0.003286,-0.000274,-0.000317,-0.000320,0.711174,0.703016
109.300000,17.672941,0.002976,-0.000298,-0.000313,-0.000316,0.711130,0.703060
109.316667,17.645645,0.002667,-0.000322,-0.000310,-0.000314,0.711102,0.703089
109.333333,17.618348,0.002357,-0.000347,-0.000307,-0.000311,0.711069,0.703123
109.350000,17.591052,0.002050,-0.000370,-0.000303,-0.000307,0.711027,0.703165
109.366667,17.563793,0.001752,-0.000394,-0.000300,-0.000303,0.710987,0.703205
109.383333,17.536534,0.001453,-0.000417,-0.000297,-0.000301,0.710959,0.703233
109.400000,17.509275,0.001155,-0.000440,-0.000294,-0.000298,0.710926,0.703266
109.416667,17.482016,0.000860,-0.000462,-0.000291,-0.000294,0.710886,0.703307
109.433333,17.454796,0.000573,-0.000485,-0.000287,-0.000290,0.710850,0.703344
109.450000,17.427576,0.000285,-0.000507,-0.000285,-0.000288,0.710823,0.703370
109.466667,17.400356,-0.000002,-0.000529,-0.000282,-0.000285,0.710790,0.703404
109.483333,17.373135,-0.000285,-0.000551,-0.000279,-0.000282,0.710752,0.703443
109.500000,17.345956,-0.000563,-0.000572,-0.000276,-0.000278,0.710718,0.703477
109.516667,17.318776,-0.000840,-0.000593,-0.000273,-0.000276,0.710693,0.703502
109.533333,17.291596,-0.001117,-0.000614,-0.000270,-0.000273,0.710660,0.703535
109.550000,17.264416,-0.001389,-0.000635,-0.000267,-0.000270,0.710623,0.703573
109.566667,17.237278,-0.001657,-0.000655,-0.000264,-0.000267,0.710592,0.703604
109.583333,17.210140,-0.001924,-0.000676,-0.000262,-0.000265,0.710568,0.703628
109.600000,17.183002,-0.002191,-0.000696,-0.000259,-0.000262,0.710535,0.703662
109.616667,17.155864,-0.002453,-0.000716,-0.000256,-0.000258,0.710500,0.703697
109.633333,17.128769,-0.002711,-0.000735,-0.000253,-0.000256,0.710471,0.703726
109.650000,17.101674,-0.002968,-0.000755,-0.000251,-0.000254,0.710448,0.703750
109.666667,17.074579,-0.003226,-0.000774,-0.000248,-0.000251,0.710415,0.703783
109.683333,17.047484,-0.003477,-0.000793,-0.000245,-0.000248,0.710381,0.703817
109.700000,17.020434,-0.003726,-0.000811,-0.000243,-0.000245,0.710355,0.703844
109.716667,16.993384,-0.003975,-0.000830,-0.000241,-0.000243,0.710332,0.703866
109.733333,16.966334,-0.004223,-0.000849,-0.000238,-0.000240,0.710300,0.703899
109.750000,16.939283,-0.004465,-0.000867,-0.000235,-0.000237,0.710267,0.703932
109.766667,16.912279,-0.004705,-0.000885,-0.000233,-0.000235,0.710243,0.703957
109.783333,16.885275,-0.004944,-0.000902,-0.000231,-0.000233,0.710221,0.703979
109.800000,16.858270,-0.005184,-0.000920,-0.000228,-0.000230,0.710189,0.704011
109.816667,16.831266,-0.005416,-0.000937,-0.000225,-0.000227,0.710158,0.704043
109.833333,16.804309,-0.005648,-0.000955,-0.000223,-0.000225,0.710135,0.704065
109.850000,16.777352,-0.005879,-0.000972,-0.000221,-0.000223,0.710114,0.704087
109.866667,16.750395,-0.006110,-0.000989,-0.000219,-0.000220,0.710083,0.704118
109.883333,16.723487,-0.006333,-0.001005,-0.000216,-0.000218,0.710052,0.704149
109.900000,16.696579,-0.006556,-0.001021,-0.000214,-0.000216,0.710032,0.704169
109.916667,16.669671,-0.006779,-0.001038,-0.000212,-0.000214,0.710010,0.704191
109.933333,16.642763,-0.007002,-0.001054,-0.000209,-0.000211,0.709981,0.704221
109.950000,16.615906,-0.007217,-0.001070,-0.000207,-0.000208,0.709951,0.704251
109.966667,16.589048,-0.007432,-0.001085,-0.000205,-0.000207,0.709932,0.704270
109.983333,16.562190,-0.007647,-0.001101,-0.000203,-0.000205,0.709911,0.704292
110.000000,16.535332,-0.007861,-0.001117,-0.000201,-0.000202,0.709882,0.704321
110.016667,16.508526,-0.008069,-0.001131,-0.000198,-0.000200,0.709854,0.704349
110.033333,16.481720,-0.008276,-0.001146,-0.000196,-0.000198,0.709835,0.704368
110.050000,16.454914,-0.008484,-0.001161,-0.000195,-0.000196,0.709814,0.704389
110.066667,16.428108,-0.008690,-0.001176,-0.000192,-0.000194,0.709786,0.704417
110.083333,16.401355,-0.008890,-0.001191,-0.000190,-0.000191,0.709760,0.704444
110.100000,16.374602,-0.009089,-0.001205,-0.000188,-0.000190,0.709741,0.704462
110.116667,16.347849,-0.009289,-0.001219,-0.000186,-0.000188,0.709721,0.704483
110.133333,16.321096,-0.009488,-0.001233,-0.000184,-0.000185,0.709694,0.704510
110.150000,16.294398,-0.009680,-0.001247,-0.000182,-0.000183,0.709668,0.704536
110.166667,16.267700,-0.009873,-0.001261,-0.000180,-0.000181,0.709651,0.704554
110.183333,16.241001,-0.010066,-0.001274,-0.000178,-0.000180,0.709630,0.704574
110.200000,16.214303,-0.010257,-0.001288,-0.000176,-0.000177,0.709604,0.704600
110.216667,16.187660,-0.010443,-0.001301,-0.000174,-0.000175,0.709580,0.704624
110.233333,16.161018,-0.010628,-0.001314,-0.000172,-0.000174,0.709563,0.704642
110.250000,16.134375,-0.010814,-0.001327,-0.000171,-0.000172,0.709543,0.704662
110.266667,16.107733,-0.010998,-0.001340,-0.000168,-0.000169,0.709518,0.704687
110.283333,16.081148,-0.011177,-0.001352,-0.000166,-0.000167,0.709495,0.704710
110.300000,16.054563,-0.011356,-0.001365,-0.000165,-0.000166,0.709479,0.704727
110.316667,16.027978,-0.011535,-0.001377,-0.000163,-0.000164,0.709459,0.704746
110.333333,16.001392,-0.011712,-0.001390,-0.000161,-0.000162,0.709435,0.704771
110.350000,15.974866,-0.011884,-0.001401,-0.000159,-0.000160,0.709413,0.704793
110.366667,15.948340,-0.012057,-0.001413,-0.000158,-0.000159,0.709397,0.704809
110.383333,15.921813,-0.012229,-0.001425,-0.000156,-0.000157,0.709378,0.704828
110.400000,15.895287,-0.012399,-0.001437,-0.000154,-0.000155,0.709354,0.704852
110.416667,15.868821,-0.012566,-0.001448,-0.000152,-0.000153,0.709333,0.704873
110.433333,15.842355,-0.012732,-0.001460,-0.000150,-0.000151,0.709317,0.704889
110.450000,15.815889,-0.012898,-0.001471,-0.000149,-0.000150,0.709299,0.704908
110.466667,15.789423,-0.013062,-0.001482,-0.000147,-0.000148,0.709276,0.704931
110.483333,15.763018,-0.013222,-0.001493,-0.000145,-0.000146,0.709256,0.704951
110.500000,15.736614,-0.013382,-0.001504,-0.000144,-0.000145,0.709240,0.704967
110.516667,15.710209,-0.013542,-0.001514,-0.000142,-0.000143,0.709223,0.704985
110.533333,15.683805,-0.013700,-0.001525,-0.000140,-0.000141,0.709200,0.705007
110.550000,15.657463,-0.013854,-0.001535,-0.000138,-0.000139,0.709180,0.705027
110.566667,15.631122,-0.014007,-0.001546,-0.000137,-0.000138,0.709165,0.705042
110.583333,15.604780,-0.014161,-0.001556,-0.000136,-0.000136,0.709148,0.705059
110.600000,15.578439,-0.014313,-0.001566,-0.000134,-0.000134,0.709126,0.705082
110.616667,15.552162,-0.014462,-0.001576,-0.000132,-0.000133,0.709107,0.705101
110.633333,15.525885,-0.014610,-0.001586,-0.000131,-0.000131,0.709092,0.705116
110.650000,15.499608,-0.014758,-0.001595,-0.000129,-0.000130,0.709076,0.705132
110.666667,15.473331,-0.014904,-0.001605,-0.000127,-0.000128,0.709054,0.705154
110.683333,15.447120,-0.015046,-0.001614,-0.000126,-0.000126,0.709035,0.705173
110.700000,15.420909,-0.015189,-0.001624,-0.000124,-0.000125,0.709021,0.705187
110.716667,15.394698,-0.015331,-0.001633,-0.000123,-0.000124,0.709006,0.705203
110.733333,15.368486,-0.015472,-0.001642,-0.000121,-0.000122,0.708985,0.705224
110.750000,15.342343,-0.015609,-0.001651,-0.000120,-0.000120,0.708966,0.705243
110.766667,15.316199,-0.015746,-0.001660,-0.000118,-0.000119,0.708953,0.705256
110.783333,15.290055,-0.015883,-0.001668,-0.000117,-0.000118,0.708938,0.705271
110.800000,15.263911,-0.016018,-0.001677,-0.000115,-0.000116,0.708918,0.705291
110.816667,15.237836,-0.016150,-0.001685,-0.000114,-0.000114,0.708899,0.705310
110.833333,15.211761,-0.016282,-0.001694,-0.000113,-0.000113,0.708886,0.705323
110.850000,15.185686,-0.016413,-0.001702,-0.000111,-0.000112,0.708872,0.705337
110.866667,15.159611,-0.016544,-0.001710,-0.000110,-0.000110,0.708853,0.705356
110.883333,15.133606,-0.016670,-0.001718,-0.000108,-0.000109,0.708835,0.705375
110.900000,15.107601,-0.016797,-0.001726,-0.000107,-0.000107,0.708822,0.705388
110.916667,15.081596,-0.016923,-0.001734,-0.000106,-0.000106,0.708809,0.705401
110.933333,15.055591,-0.017049,-0.001742,-0.000104,-0.000105,0.708790,0.705420
110.950000,15.029657,-0.017170,-0.001749,-0.000103,-0.000103,0.708772,0.705438
110.966667,15.003724,-0.017292,-0.001757,-0.000101,-0.000102,0.708759,0.705451
110.983333,14.977790,-0.017413,-0.001764,-0.000100,-0.000101,0.708746,0.705464
111.000000,14.951857,-0.017534,-0.001772,-0.000099,-0.000099,0.708728,0.705482
111.016667,14.925996,-0.017651,-0.001779,-0.000097,-0.000098,0.708709,0.705501
111.033333,14.900136,-0.017767,-0.001786,-0.000096,-0.000097,0.708697,0.705513
111.050000,14.874275,-0.017883,-0.001793,-0.000095,-0.000095,0.708684,0.705526
111.066667,14.848415,-0.018000,-0.001800,-0.000094,-0.000094,0.708667,0.705543
111.083333,14.822554,-0.018112,-0.001807,-0.000092,-0.000092,0.708648,0.705562
111.100000,14.796768,-0.018223,-0.001813,-0.000091,-0.000091,0.708636,0.705574
111.116667,14.770982,-0.018335,-0.001820,-0.000090,-0.000090,0.708624,0.705586
111.133333,14.745196,-0.018446,-0.001826,-0.000088,-0.000089,0.708607,0.705603
111.150000,14.719409,-0.018554,-0.001833,-0.000087,-0.000087,0.708589,0.705621
111.166667,14.693699,-0.018661,-0.001839,-0.000086,-0.000086,0.708577,0.705633
111.183333,14.667989,-0.018768,-0.001845,-0.000085,-0.000085,0.708565,0.705645
111.200000,14.642278,-0.018875,-0.001851,-0.000083,-0.000084,0.708550,0.705660
111.216667,14.616568,-0.018978,-0.001857,-0.000082,-0.000082,0.708533,0.705678
111.233333,14.590935,-0.019081,-0.001863,-0.000081,-0.000081,0.708520,0.705691
111.250000,14.565302,-0.019183,-0.001869,-0.000080,-0.000080,0.708509,0.705702
111.266667,14.539668,-0.019285,-0.001875,-0.000079,-0.000079,0.708495,0.705716
111.283333,14.514035,-0.019385,-0.001881,-0.000077,-0.000078,0.708478,0.705733
111.300000,14.488481,-0.019483,-0.001886,-0.000076,-0.000076,0.708465,0.705746
111.316667,14.462926,-0.019581,-0.001892,-0.000075,-0.000075,0.708454,0.705757
111.333333,14.437372,-0.019679,-0.001897,-0.000074,-0.000074,0.708441,0.705770
111.350000,14.411817,-0.019775,-0.001902,-0.000073,-0.000073,0.708425,0.705787
111.366667,14.386343,-0.019868,-0.001907,-0.000071,-0.000072,0.708411,0.705800
111.383333,14.360868,-0.019962,-0.001913,-0.000070,-0.000071,0.708400,0.705811
111.400000,14.335394,-0.020055,-0.001918,-0.000069,-0.000070,0.708389,0.705823
111.416667,14.309919,-0.020148,-0.001923,-0.000068,-0.000068,0.708372,0.705839
111.433333,14.284526,-0.020237,-0.001927,-0.000067,-0.000067,0.708358,0.705853
111.450000,14.259133,-0.020326,-0.001932,-0.000066,-0.000066,0.708348,0.705864
111.466667,14.233740,-0.020416,-0.001937,-0.000065,-0.000065,0.708337,0.705875
111.483333,14.208347,-0.020505,-0.001942,-0.000064,-0.000064,0.708321,0.705890
111.500000,14.183037,-0.020590,-0.001946,-0.000062,-0.000063,0.708307,0.705905
111.516667,14.157726,-0.020675,-0.001951,-0.000062,-0.000062,0.708296,0.705916
111.533333,14.132416,-0.020760,-0.001955,-0.000061,-0.000061,0.708285,0.705926
111.550000,14.107106,-0.020845,-0.001959,-0.000059,-0.000060,0.708271,0.705941
111.566667,14.081796,-0.020927,-0.001963,-0.000058,-0.000058,0.708256,0.705956
111.583333,14.056570,-0.021008,-0.001968,-0.000057,-0.000057,0.708245,0.705966
111.600000,14.031344,-0.021089,-0.001972,-0.000056,-0.000057,0.708235,0.705977
111.616667,14.006118,-0.021170,-0.001976,-0.000055,-0.000055,0.708222,0.705990
111.633333,13.980892,-0.021249,-0.001980,-0.000054,-0.000054,0.708206,0.706006
111.650000,13.955752,-0.021326,-0.001983,-0.000053,-0.000053,0.708196,0.706016
111.666667,13.930611,-0.021403,-0.001987,-0.000052,-0.000052,0.708186,0.706026
111.683333,13.905471,-0.021481,-0.001991,-0.000051,-0.000051,0.708174,0.706038
111.700000,13.880331,-0.021556,-0.001994,-0.000050,-0.000050,0.708159,0.706053
111.716667,13.855278,-0.021629,-0.001998,-0.000049,-0.000049,0.708147,0.706065
111.733333,13.830225,-0.021703,-0.002001,-0.000048,-0.000048,0.708138,0.706075
111.750000,13.805171,-0.021776,-0.002005,-0.000047,-0.000047,0.708127,0.706085
111.766667,13.780118,-0.021848,-0.002008,-0.000046,-0.000046,0.708112,0.706100
111.783333,13.755154,-0.021918,-0.002011,-0.000045,-0.000045,0.708100,0.706112
111.800000,13.730189,-0.021987,-0.002014,-0.000044,-0.000044,0.708091,0.706121
111.816667,13.705224,-0.022057,-0.002018,-0.000043,-0.000044,0.708081,0.706131
111.833333,13.680260,-0.022126,-0.002021,-0.000042,-0.000042,0.708067,0.706145
111.850000,13.655385,-0.022192,-0.002023,-0.000041,-0.000041,0.708055,0.706157
111.866667,13.630510,-0.022258,-0.002026,-0.000040,-0.000040,0.708045,0.706167
111.883333,13.605635,-0.022324,-0.002029,-0.000040,-0.000040,0.708036,0.706176
111.900000,13.580761,-0.022390,-0.002032,-0.000039,-0.000039,0.708024,0.706188
111.916667,13.555886,-0.022454,-0.002035,-0.000037,-0.000038,0.708010,0.706202
111.933333,13.531103,-0.022516,-0.002037,-0.000037,-0.000037,0.708001,0.706211
111.950000,13.506319,-0.022579,-0.002040,-0.000036,-0.000036,0.707992,0.706220
111.966667,13.481536,-0.022641,-0.002042,-0.000035,-0.000035,0.707982,0.706231
111.983333,13.456753,-0.022702,-0.002045,-0.000034,-0.000034,0.707968,0.706244
112.000000,13.432062,-0.022761,-0.002047,-0.000033,-0.000033,0.707958,0.706254
112.016667,13.407371,-0.022820,-0.002049,-0.000032,-0.000032,0.707949,0.706263
112.033333,13.382681,-0.022879,-0.002051,-0.000031,-0.000032,0.707940,0.706272
112.050000,13.357990,-0.022938,-0.002054,-0.000030,-0.000030,0.707927,0.706286
112.066667,13.333394,-0.022993,-0.002056,-0.000029,-0.000029,0.707916,0.706297
112.083333,13.308797,-0.023049,-0.002058,-0.000029,-0.000029,0.707907,0.706306
112.100000,13.284201,-0.023105,-0.002060,-0.000028,-0.000028,0.707898,0.706315
112.116667,13.259604,-0.023161,-0.002062,-0.000027,-0.000027,0.707886,0.706327
112.133333,13.235008,-0.023213,-0.002063,-0.000026,-0.000026,0.707874,0.706339
112.150000,13.210507,-0.023266,-0.002065,-0.000025,-0.000025,0.707865,0.706348
112.166667,13.186006,-0.023318,-0.002067,-0.000024,-0.000024,0.707856,0.706357
112.183333,13.161505,-0.023371,-0.002069,-0.000024,-0.000024,0.707845,0.706367
112.200000,13.137004,-0.023421,-0.002070,-0.000022,-0.000023,0.707832,0.706381
112.216667,13.112601,-0.023470,-0.002072,-0.000022,-0.000022,0.707823,0.706389
112.233333,13.088197,-0.023519,-0.002073,-0.000021,-0.000021,0.707815,0.706398
112.250000,13.063793,-0.023569,-0.002075,-0.000020,-0.000020,0.707806,0.706407
112.266667,13.039389,-0.023617,-0.002076,-0.000019,-0.000019,0.707793,0.706420
112.283333,13.015084,-0.023663,-0.002077,-0.000018,-0.000018,0.707783,0.706430
112.300000,12.990778,-0.023709,-0.002078,-0.000018,-0.000018,0.707774,0.706439
112.316667,12.966473,-0.023755,-0.002080,-0.000017,-0.000017,0.707766,0.706447
112.333333,12.942167,-0.023801,-0.002081,-0.000016,-0.000016,0.707755,0.706458
112.350000,12.917862,-0.023844,-0.002082,-0.000015,-0.000015,0.707744,0.706469
112.366667,12.893656,-0.023887,-0.002083,-0.000015,-0.000015,0.707735,0.706478
112.383333,12.869450,-0.023930,-0.002084,-0.000014,-0.000014,0.707727,0.706486
112.400000,12.845245,-0.023972,-0.002085,-0.000013,-0.000013,0.707718,0.706495
112.416667,12.821039,-0.024014,-0.002086,-0.000012,-0.000012,0.707706,0.706507
112.433333,12.796935,-0.024054,-0.002086,-0.000011,-0.000011,0.707697,0.706516
112.450000,12.772830,-0.024094,-0.002087,-0.000011,-0.000011,0.707689,0.706524
112.466667,12.748726,-0.024134,-0.002088,-0.000010,-0.000010,0.707681,0.706532
112.483333,12.724621,-0.024173,-0.002089,-0.000009,-0.000009,0.707670,0.706543
112.500000,12.700620,-0.024210,-0.002089,-0.000008,-0.000008,0.707660,0.706553
112.516667,12.676618,-0.024247,-0.002090,-0.000008,-0.000008,0.707652,0.706561
112.533333,12.652616,-0.024284,-0.002090,-0.000007,-0.000007,0.707644,0.706569
112.550000,12.628614,-0.024321,-0.002091,-0.000006,-0.000006,0.707635,0.706578
112.566667,12.604613,-0.024356,-0.002091,-0.000005,-0.000005,0.707624,0.706589
112.583333,12.580715,-0.024390,-0.002091,-0.000005,-0.000005,0.707616,0.706597
112.600000,12.556817,-0.024424,-0.002092,-0.000004,-0.000004,0.707608,0.706605
112.616667,12.532920,-0.024458,-0.002092,-0.000003,-0.000003,0.707600,0.706613
112.633333,12.509022,-0.024492,-0.002092,-0.000002,-0.000003,0.707588,0.706625
112.650000,12.485230,-0.024523,-0.002092,-0.000002,-0.000002,0.707580,0.706633
112.666667,12.461437,-0.024554,-0.002092,-0.000001,-0.000001,0.707572,0.706641
112.683333,12.437645,-0.024586,-0.002092,-0.000001,-0.000001,0.707564,0.706649
112.700000,12.413853,-0.024617,-0.002093,0.000000,0.000000,0.707555,0.706659
112.716667,12.390061,-0.024646,-0.002092,0.000001,0.000001,0.707545,0.706669
112.733333,12.366375,-0.024675,-0.002092,0.000002,0.000002,0.707537,0.706676
112.750000,12.342690,-0.024703,-0.002092,0.000002,0.000002,0.707529,0.706684
112.766667,12.319005,-0.024732,-0.002092,0.000003,0.000003,0.707522,0.706692
112.783333,12.295319,-0.024760,-0.002092,0.000004,0.000004,0.707510,0.706703
112.800000,12.271742,-0.024786,-0.002092,0.000004,0.000004,0.707503,0.706711
112.816667,12.248165,-0.024812,-0.002091,0.000005,0.000005,0.707495,0.706718
112.833333,12.224588,-0.024838,-0.002091,0.000006,0.000006,0.707488,0.706726
112.850000,12.201011,-0.024864,-0.002091,0.000006,0.000006,0.707478,0.706735
112.866667,12.177544,-0.024887,-0.002090,0.000007,0.000007,0.707469,0.706744
112.883333,12.154076,-0.024910,-0.002089,0.000008,0.000008,0.707462,0.706751
112.900000,12.130609,-0.024934,-0.002089,0.000008,0.000008,0.707455,0.706759
112.916667,12.107142,-0.024957,-0.002088,0.000009,0.000009,0.707447,0.706766
112.933333,12.083674,-0.024980,-0.002088,0.000010,0.000010,0.707437,0.706777
112.950000,12.060318,-0.025001,-0.002087,0.000010,0.000010,0.707429,0.706784
112.966667,12.036962,-0.025021,-0.002086,0.000011,0.000011,0.707422,0.706791
112.983333,12.013606,-0.025042,-0.002086,0.000011,0.000011,0.707415,0.706798
113.000000,11.990250,-0.025063,-0.002085,0.000012,0.000012,0.707406,0.706807
113.016667,11.966893,-0.025082,-0.002084,0.000013,0.000013,0.707397,0.706816
113.033333,11.943650,-0.025100,-0.002083,0.000013,0.000013,0.707390,0.706823
113.050000,11.920406,-0.025119,-0.002082,0.000014,0.000014,0.707383,0.706830
113.066667,11.897162,-0.025137,-0.002081,0.000015,0.000015,0.707376,0.706837
113.083333,11.873919,-0.025155,-0.002080,0.000015,0.000015,0.707366,0.706847
113.100000,11.850789,-0.025171,-0.002079,0.000016,0.000016,0.707359,0.706855
113.116667,11.827659,-0.025187,-0.002078,0.000016,0.000016,0.707352,0.706862
113.133333,11.804529,-0.025203,-0.002077,0.000017,0.000017,0.707345,0.706869
113.150000,11.781399,-0.025219,-0.002076,0.000018,0.000018,0.707337,0.706877
113.166667,11.758270,-0.025233,-0.002075,0.000018,0.000018,0.707328,0.706886
113.183333,11.735255,-0.025247,-0.002074,0.000019,0.000019,0.707321,0.706892
113.200000,11.712241,-0.025261,-0.002072,0.000019,0.000019,0.707314,0.706899
113.216667,11.689227,-0.025275,-0.002071,0.000020,0.000020,0.707307,0.706906
113.233333,11.666212,-0.025288,-0.002070,0.000021,0.000021,0.707298,0.706915
113.250000,11.643314,-0.025299,-0.002068,0.000021,0.000021,0.707291,0.706923
113.266667,11.620417,-0.025311,-0.002067,0.000022,0.000022,0.707284,0.706930
113.283333,11.597519,-0.025322,-0.002066,0.000022,0.000022,0.707277,0.706937
113.300000,11.574622,-0.025334,-0.002064,0.000023,0.000023,0.707270,0.706943
113.316667,11.551724,-0.025344,-0.002063,0.000024,0.000024,0.707261,0.706953
113.333333,11.528944,-0.025353,-0.002061,0.000024,0.000024,0.707254,0.706959
113.350000,11.506165,-0.025362,-0.002060,0.000025,0.000025,0.707247,0.706966
113.366667,11.483386,-0.025371,-0.002058,0.000025,0.000025,0.707241,0.706973
113.383333,11.460606,-0.025380,-0.002056,0.000026,0.000026,0.707233,0.706981
113.400000,11.437827,-0.025387,-0.002055,0.000026,0.000026,0.707225,0.706989
113.416667,11.415167,-0.025394,-0.002053,0.000027,0.000027,0.707218,0.706995
113.433333,11.392507,-0.025401,-0.002051,0.000027,0.000027,0.707212,0.707002
113.450000,11.369847,-0.025408,-0.002049,0.000028,0.000028,0.707205,0.707008
113.466667,11.347187,-0.025415,-0.002048,0.000029,0.000029,0.707196,0.707017
113.483333,11.324648,-0.025420,-0.002046,0.000029,0.000029,0.707190,0.707024
113.500000,11.302109,-0.025424,-0.002044,0.000030,0.000030,0.707184,0.707030
113.516667,11.279570,-0.025429,-0.002042,0.000030,0.000030,0.707177,0.707037
113.533333,11.257032,-0.025434,-0.002040,0.000031,0.000031,0.707171,0.707043
113.550000,11.234493,-0.025438,-0.002038,0.000031,0.000031,0.707162,0.707051
113.566667,11.212076,-0.025441,-0.002036,0.000032,0.000032,0.707156,0.707058
113.583333,11.189660,-0.025443,-0.002034,0.000032,0.000032,0.707150,0.707064
113.600000,11.167243,-0.025446,-0.002032,0.000033,0.000033,0.707143,0.707070
113.616667,11.144827,-0.025449,-0.002030,0.000033,0.000033,0.707136,0.707077
113.633333,11.122410,-0.025450,-0.002028,0.000034,0.000034,0.707129,0.707085
113.650000,11.100118,-0.025451,-0.002026,0.000034,0.000034,0.707123,0.707091
113.666667,11.077825,-0.025452,-0.002023,0.000035,0.000035,0.707117,0.707097
113.683333,11.055532,-0.025452,-0.002021,0.000035,0.000035,0.707110,0.707103
113.700000,11.033240,-0.025453,-0.002019,0.000036,0.000036,0.707103,0.707111
113.716667,11.011072,-0.025452,-0.002017,0.000036,0.000036,0.707097,0.707117
113.733333,10.988905,-0.025451,-0.002014,0.000037,0.000037,0.707090,0.707123
113.750000,10.966737,-0.025450,-0.002012,0.000037,0.000037,0.707084,0.707129
113.766667,10.944570,-0.025448,-0.002010,0.000038,0.000038,0.707078,0.707135
113.783333,10.922403,-0.025447,-0.002008,0.000038,0.000038,0.707071,0.707143
113.800000,10.900362,-0.025443,-0.002005,0.000039,0.000039,0.707064,0.707149
113.816667,10.878321,-0.025440,-0.002003,0.000039,0.000039,0.707058,0.707155
113.833333,10.856280,-0.025437,-0.002000,0.000040,0.000040,0.707052,0.707161
113.850000,10.834239,-0.025434,-0.001998,0.000040,0.000040,0.707046,0.707168
113.866667,10.812199,-0.025430,-0.001995,0.000041,0.000041,0.707039,0.707175
113.883333,10.790286,-0.025425,-0.001993,0.000041,0.000041,0.707033,0.707181
113.900000,10.768373,-0.025420,-0.001990,0.000041,0.000041,0.707026,0.707187
113.916667,10.746460,-0.025415,-0.001988,0.000042,0.000042,0.707020,0.707193
113.933333,10.724548,-0.025411,-0.001985,0.000042,0.000042,0.707014,0.707199
113.950000,10.702635,-0.025404,-0.001982,0.000043,0.000043,0.707007,0.707206
113.966667,10.680852,-0.025397,-0.001980,0.000043,0.000043,0.707001,0.707213
113.983333,10.659068,-0.025391,-0.001977,0.000044,0.000044,0.706995,0.707219
114.000000,10.637285,-0.025384,-0.001974,0.000044,0.000044,0.706989,0.707225
114.016667,10.615502,-0.025377,-0.001972,0.000045,0.000045,0.706983,0.707231
114.033333,10.593718,-0.025369,-0.001969,0.000045,0.000045,0.706976,0.707237
114.050000,10.572066,-0.025360,-0.001966,0.000046,0.000046,0.706970,0.707243
114.066667,10.550414,-0.025351,-0.001963,0.000046,0.000046,0.706964,0.707249
114.083333,10.528761,-0.025343,-0.001960,0.000046,0.000046,0.706958,0.707255
114.100000,10.507109,-0.025334,-0.001958,0.000047,0.000047,0.706952,0.707261
114.116667,10.485589,-0.025324,-0.001955,0.000047,0.000047,0.706946,0.707267
114.133333,10.464069,-0.025314,-0.001952,0.000048,0.000048,0.706941,0.707273
114.150000,10.442548,-0.025303,-0.001949,0.000048,0.000048,0.706935,0.707279
114.166667,10.421028,-0.025293,-0.001946,0.000049,0.000049,0.706929,0.707284
114.183333,10.399508,-0.025283,-0.001943,0.000049,0.000049,0.706923,0.707291
114.200000,10.378122,-0.025271,-0.001940,0.000049,0.000049,0.706917,0.707296
114.216667,10.356735,-0.025259,-0.001937,0.000050,0.000050,0.706912,0.707302
114.233333,10.335349,-0.025247,-0.001934,0.000050,0.000050,0.706906,0.707307
114.250000,10.313962,-0.025235,-0.001931,0.000051,0.000051,0.706901,0.707313
114.266667,10.292576,-0.025223,-0.001928,0.000051,0.000051,0.706895,0.707319
114.283333,10.271325,-0.025209,-0.001925,0.000051,0.000051,0.706889,0.707324
114.300000,10.250073,-0.025196,-0.001922,0.000052,0.000052,0.706884,0.707330
114.316667,10.228822,-0.025182,-0.001918,0.000052,0.000052,0.706878,0.707335
114.333333,10.207571,-0.025169,-0.001915,0.000053,0.000053,0.706873,0.707341
114.350000,10.186319,-0.025155,-0.001912,0.000053,0.000053,0.706867,0.707347
114.366667,10.165204,-0.025140,-0.001909,0.000053,0.000053,0.706861,0.707352
114.383333,10.144090,-0.025125,-0.001906,0.000054,0.000054,0.706856,0.707358
114.400000,10.122975,-0.025110,-0.001902,0.000054,0.000054,0.706850,0.707363
114.416667,10.101860,-0.025095,-0.001899,0.000055,0.000055,0.706845,0.707369
114.433333,10.080745,-0.025079,-0.001896,0.000055,0.000055,0.706839,0.707374
114.450000,10.059768,-0.025062,-0.001893,0.000055,0.000055,0.706834,0.707380
114.466667,10.038791,-0.025046,-0.001889,0.000056,0.000056,0.706828,0.707385
114.483333,10.017814,-0.025029,-0.001886,0.000056,0.000056,0.706822,0.707391
114.500000,9.996837,-0.025012,-0.001883,0.000057,0.000057,0.706817,0.707397
114.516667,9.975861,-0.024996,-0.001879,0.000057,0.000057,0.706812,0.707402
114.533333,9.955023,-0.024977,-0.001876,0.000057,0.000057,0.706806,0.707407
114.550000,9.934185,-0.024959,-0.001873,0.000058,0.000058,0.706801,0.707413
114.566667,9.913348,-0.024941,-0.001869,0.000058,0.000058,0.706795,0.707418
114.583333,9.892510,-0.024923,-0.001866,0.000058,0.000058,0.706790,0.707424
114.600000,9.871673,-0.024905,-0.001862,0.000059,0.000059,0.706784,0.707429
114.616667,9.850976,-0.024885,-0.001859,0.000059,0.000059,0.706779,0.707434
114.633333,9.830279,-0.024865,-0.001855,0.000060,0.000059,0.706774,0.707440
114.650000,9.809582,-0.024846,-0.001852,0.000060,0.000060,0.706769,0.707445
114.666667,9.788885,-0.024826,-0.001848,0.000060,0.000060,0.706763,0.707450
114.683333,9.768188,-0.024806,-0.001845,0.000061,0.000061,0.706758,0.707455
114.700000,9.747491,-0.024785,-0.001841,0.000061,0.000061,0.706753,0.707460
114.716667,9.726937,-0.024764,-0.001838,0.000061,0.000061,0.706748,0.707465
114.733333,9.706382,-0.024743,-0.001834,0.000062,0.000062,0.706743,0.707470
114.750000,9.685827,-0.024722,-0.001831,0.000062,0.000062,0.706738,0.707476
114.766667,9.665273,-0.024701,-0.001827,0.000062,0.000062,0.706732,0.707481
114.783333,9.644718,-0.024679,-0.001823,0.000063,0.000063,0.706728,0.707485
114.800000,9.624307,-0.024656,-0.001820,0.000063,0.000063,0.706723,0.707490
114.816667,9.603896,-0.024634,-0.001816,0.000063,0.000063,0.706718,0.707495
114.833333,9.583484,-0.024612,-0.001812,0.000064,0.000064,0.706713,0.707500
114.850000,9.563073,-0.024589,-0.001809,0.000064,0.000064,0.706708,0.707506
114.866667,9.542662,-0.024566,-0.001805,0.000064,0.000064,0.706704,0.707510
114.883333,9.522396,-0.024542,-0.001801,0.000065,0.000065,0.706699,0.707515
114.900000,9.502130,-0.024519,-0.001798,0.000065,0.000065,0.706694,0.707520
114.916667,9.481864,-0.024495,-0.001794,0.000065,0.000065,0.706688,0.707525
114.933333,9.461597,-0.024471,-0.001790,0.000066,0.000066,0.706683,0.707530
114.950000,9.441331,-0.024447,-0.001786,0.000066,0.000066,0.706680,0.707534
114.966667,9.421211,-0.024422,-0.001783,0.000066,0.000066,0.706675,0.707539
114.983333,9.401092,-0.024397,-0.001779,0.000067,0.000067,0.706670,0.707544
115.000000,9.380972,-0.024372,-0.001775,0.000067,0.000067,0.706664,0.707549
115.016667,9.360852,-0.024347,-0.001771,0.000067,0.000067,0.706659,0.707554
115.033333,9.340732,-0.024322,-0.001767,0.000068,0.000068,0.706655,0.707558
115.050000,9.320760,-0.024296,-0.001763,0.000068,0.000068,0.706651,0.707562
115.066667,9.300788,-0.024270,-0.001760,0.000068,0.000068,0.706646,0.707567
115.083333,9.280816,-0.024243,-0.001756,0.000069,0.000068,0.706641,0.707572
115.100000,9.260844,-0.024217,-0.001752,0.000069,0.000069,0.706636,0.707577
115.116667,9.240872,-0.024191,-0.001748,0.000069,0.000069,0.706631,0.707582
115.133333,9.220900,-0.024164,-0.001744,0.000069,0.000069,0.706627,0.707586
115.150000,9.201077,-0.024136,-0.001740,0.000070,0.000070,0.706622,0.707591
115.166667,9.181254,-0.024109,-0.001736,0.000070,0.000070,0.706617,0.707596
115.183333,9.161431,-0.024082,-0.001732,0.000070,0.000070,0.706612,0.707601
115.200000,9.141609,-0.024054,-0.001728,0.000071,0.000071,0.706607,0.707606
115.216667,9.121786,-0.024026,-0.001724,0.000071,0.000071,0.706604,0.707609
115.233333,9.102113,-0.023998,-0.001720,0.000071,0.000071,0.706599,0.707614
115.250000,9.082441,-0.023969,-0.001716,0.000072,0.000071,0.706594,0.707619
115.266667,9.062769,-0.023940,-0.001712,0.000072,0.000072,0.706589,0.707624
115.283333,9.043097,-0.023912,-0.001709,0.000072,0.000072,0.706585,0.707629
115.300000,9.023424,-0.023883,-0.001705,0.000072,0.000072,0.706581,0.707632
115.316667,9.003904,-0.023853,-0.001700,0.000073,0.000073,0.706577,0.707637
115.333333,8.984384,-0.023824,-0.001696,0.000073,0.000073,0.706572,0.707641
115.350000,8.964864,-0.023794,-0.001692,0.000073,0.000073,0.706567,0.707646
115.366667,8.945343,-0.023764,-0.001688,0.000074,0.000073,0.706562,0.707651
115.383333,8.925823,-0.023735,-0.001684,0.000074,0.000074,0.706557,0.707656
115.400000,8.906303,-0.023704,-0.001680,0.000074,0.000074,0.706554,0.707659
115.416667,8.886936,-0.023673,-0.001676,0.000074,0.000074,0.706549,0.707664
115.433333,8.867569,-0.023642,-0.001672,0.000075,0.000074,0.706545,0.707668
115.450000,8.848202,-0.023612,-0.001668,0.000075,0.000075,0.706540,0.707673
115.466667,8.828836,-0.023581,-0.001664,0.000075,0.000075,0.706535,0.707678
115.483333,8.809469,-0.023550,-0.001660,0.000075,0.000075,0.706532,0.707681
115.500000,8.790257,-0.023518,-0.001656,0.000076,0.000075,0.706528,0.707685
115.516667,8.771045,-0.023486,-0.001652,0.000076,0.000076,0.706523,0.707690
115.533333,8.751833,-0.023454,-0.001647,0.000076,0.000076,0.706518,0.707695
115.550000,8.732621,-0.023422,-0.001643,0.000076,0.000076,0.706514,0.707700
115.566667,8.713409,-0.023391,-0.001639,0.000077,0.000077,0.706509,0.707704
115.583333,8.694197,-0.023358,-0.001635,0.000077,0.000077,0.706507,0.707706
115.600000,8.675141,-0.023325,-0.001631,0.000077,0.000077,0.706502,0.707711
115.616667,8.656085,-0.023292,-0.001627,0.000077,0.000077,0.706497,0.707716
115.633333,8.637029,-0.023259,-0.001622,0.000078,0.000078,0.706493,0.707720
115.650000,8.617974,-0.023226,-0.001618,0.000078,0.000078,0.706488,0.707725
115.666667,8.598918,-0.023193,-0.001614,0.000078,0.000078,0.706485,0.707728
115.683333,8.580020,-0.023159,-0.001610,0.000078,0.000078,0.706481,0.707732
115.700000,8.561122,-0.023126,-0.001606,0.000079,0.000079,0.706477,0.707736
115.716667,8.542224,-0.023092,-0.001601,0.000079,0.000079,0.706472,0.707741
115.733333,8.523325,-0.023058,-0.001597,0.000079,0.000079,0.706468,0.707745
115.750000,8.504427,-0.023024,-0.001593,0.000079,0.000079,0.706464,0.707749
115.766667,8.485529,-0.022990,-0.001589,0.000080,0.000079,0.706461,0.707752
115.783333,8.466790,-0.022955,-0.001585,0.000080,0.000080,0.706457,0.707756
115.800000,8.448051,-0.022920,-0.001580,0.000080,0.000080,0.706452,0.707761
115.816667,8.429312,-0.022885,-0.001576,0.000080,0.000080,0.706448,0.707765
115.833333,8.410573,-0.022851,-0.001572,0.000081,0.000080,0.706443,0.707770
115.850000,8.391834,-0.022816,-0.001568,0.000081,0.000081,0.706440,0.707773
115.866667,8.373255,-0.022780,-0.001563,0.000081,0.000081,0.706437,0.707776
115.883333,8.354676,-0.022745,-0.001559,0.000081,0.000081,0.706433,0.707780
115.900000,8.336098,-0.022709,-0.001555,0.000081,0.000081,0.706428,0.707785
115.916667,8.317519,-0.022674,-0.001550,0.000082,0.000082,0.706424,0.707789
115.933333,8.298940,-0.022638,-0.001546,0.000082,0.000082,0.706419,0.707794
115.950000,8.280362,-0.022602,-0.001542,0.000082,0.000082,0.706417,0.707796
115.966667,8.261945,-0.022566,-0.001538,0.000082,0.000082,0.706414,0.707799
115.983333,8.243528,-0.022529,-0.001533,0.000083,0.000082,0.706409,0.707804
116.000000,8.225111,-0.022493,-0.001529,0.000083,0.000083,0.706405,0.707808
116.016667,8.206695,-0.022456,-0.001525,0.000083,0.000083,0.706400,0.707813
116.033333,8.188278,-0.022420,-0.001520,0.000083,0.000083,0.706396,0.707816
116.050000,8.169861,-0.022383,-0.001516,0.000083,0.000083,0.706394,0.707819
116.066667,8.151608,-0.022345,-0.001512,0.000084,0.000083,0.706390,0.707823
116.083333,8.133354,-0.022308,-0.001507,0.000084,0.000084,0.706386,0.707827
116.100000,8.115101,-0.022271,-0.001503,0.000084,0.000084,0.706382,0.707831
116.116667,8.096847,-0.022234,-0.001499,0.000084,0.000084,0.706377,0.707836
116.133333,8.078594,-0.022196,-0.001494,0.000084,0.000084,0.706374,0.707839
116.150000,8.060340,-0.022158,-0.001490,0.000085,0.000084,0.706372,0.707841
116.166667,8.042251,-0.022120,-0.001486,0.000085,0.000085,0.706368,0.707845
116.183333,8.024162,-0.022082,-0.001481,0.000085,0.000085,0.706364,0.707849
116.200000,8.006074,-0.022044,-0.001477,0.000085,0.000085,0.706359,0.707853
116.216667,7.987985,-0.022006,-0.001473,0.000086,0.000085,0.706355,0.707858
116.233333,7.969896,-0.021968,-0.001468,0.000086,0.000085,0.706353,0.707860
116.250000,7.951807,-0.021929,-0.001464,0.000086,0.000086,0.706350,0.707862
116.266667,7.933884,-0.021890,-0.001459,0.000086,0.000086,0.706346,0.707866
116.283333,7.915962,-0.021851,-0.001455,0.000086,0.000086,0.706342,0.707871
116.300000,7.898039,-0.021813,-0.001451,0.000086,0.000086,0.706338,0.707875
116.316667,7.880116,-0.021774,-0.001446,0.000087,0.000086,0.706334,0.707879
116.333333,7.862193,-0.021735,-0.001442,0.000087,0.000087,0.706331,0.707881
116.350000,7.844438,-0.021696,-0.001438,0.000087,0.000087,0.706329,0.707883
116.366667,7.826683,-0.021656,-0.001433,0.000087,0.000087,0.706325,0.707888
116.383333,7.808928,-0.021617,-0.001429,0.000087,0.000087,0.706321,0.707892
116.400000,7.791172,-0.021577,-0.001424,0.000088,0.000087,0.706317,0.707896
116.416667,7.773417,-0.021538,-0.001420,0.000088,0.000088,0.706313,0.707900
116.433333,7.755662,-0.021498,-0.001416,0.000088,0.000088,0.706310,0.707902
116.450000,7.738075,-0.021458,-0.001411,0.000088,0.000088,0.706308,0.707905
116.466667,7.720489,-0.021418,-0.001407,0.000088,0.000088,0.706304,0.707909
116.483333,7.702903,-0.021378,-0.001403,0.000088,0.000088,0.706300,0.707913
116.500000,7.685316,-0.021338,-0.001398,0.000089,0.000088,0.706295,0.707917
116.516667,7.667730,-0.021298,-0.001394,0.000089,0.000089,0.706291,0.707921
116.533333,7.650144,-0.021258,-0.001389,0.000089,0.000089,0.706289,0.707924
116.550000,7.632728,-0.021217,-0.001385,0.000089,0.000089,0.706287,0.707926
116.566667,7.615312,-0.021176,-0.001381,0.000089,0.000089,0.706283,0.707930
116.583333,7.597896,-0.021135,-0.001376,0.000089,0.000089,0.706278,0.707934
116.600000,7.580479,-0.021095,-0.001372,0.000090,0.000089,0.706274,0.707938
116.616667,7.563063,-0.021054,-0.001367,0.000090,0.000090,0.706270,0.707943
116.633333,7.545647,-0.021013,-0.001363,0.000090,0.000090,0.706268,0.707945
116.650000,7.528231,-0.020971,-0.001359,0.000090,0.000090,0.706266,0.707947
116.666667,7.510987,-0.020930,-0.001354,0.000090,0.000090,0.706262,0.707951
116.683333,7.493743,-0.020888,-0.001350,0.000090,0.000090,0.706257,0.707955
116.700000,7.476498,-0.020847,-0.001345,0.000091,0.000090,0.706253,0.707959
116.716667,7.459254,-0.020805,-0.001341,0.000091,0.000091,0.706249,0.707964
116.733333,7.442010,-0.020764,-0.001337,0.000091,0.000091,0.706247,0.707966
116.750000,7.424765,-0.020722,-0.001332,0.000091,0.000091,0.706245,0.707968
116.766667,7.407694,-0.020680,-0.001328,0.000091,0.000091,0.706241,0.707971
116.783333,7.390623,-0.020638,-0.001323,0.000091,0.000091,0.706237,0.707975
116.800000,7.373552,-0.020596,-0.001319,0.000091,0.000091,0.706233,0.707980
116.816667,7.356480,-0.020554,-0.001314,0.000092,0.000091,0.706229,0.707984
116.833333,7.339409,-0.020512,-0.001310,0.000092,0.000092,0.706226,0.707986
116.850000,7.322338,-0.020469,-0.001306,0.000092,0.000092,0.706224,0.707988
116.866667,7.305441,-0.020426,-0.001301,0.000092,0.000092,0.706222,0.707991
116.883333,7.288544,-0.020384,-0.001297,0.000092,0.000092,0.706218,0.707995
116.900000,7.271648,-0.020341,-0.001292,0.000092,0.000092,0.706214,0.707999
116.916667,7.254751,-0.020299,-0.001288,0.000092,0.000092,0.706209,0.708003
116.933333,7.237854,-0.020256,-0.001284,0.000093,0.000092,0.706207,0.708006
116.950000,7.220958,-0.020213,-0.001279,0.000093,0.000092,0.706205,0.708008
116.966667,7.204237,-0.020170,-0.001275,0.000093,0.000093,0.706203,0.708010
116.983333,7.187516,-0.020127,-0.001270,0.000093,0.000093,0.706199,0.708014
117.000000,7.170795,-0.020084,-0.001266,0.000093,0.000093,0.706195,0.708018
117.016667,7.154075,-0.020041,-0.001262,0.000093,0.000093,0.706191,0.708021
117.033333,7.137354,-0.019998,-0.001257,0.000093,0.000093,0.706188,0.708025
117.050000,7.120633,-0.019955,-0.001253,0.000093,0.000093,0.706186,0.708026
117.066667,7.103966,-0.019911,-0.001248,0.000094,0.000093,0.706184,0.708028
117.083333,7.087300,-0.019867,-0.001244,0.000094,0.000093,0.706181,0.708032
117.100000,7.070633,-0.019823,-0.001240,0.000094,0.000094,0.706177,0.708036
117.116667,7.053967,-0.019779,-0.001235,0.000094,0.000094,0.706173,0.708039
117.133333,7.037300,-0.019736,-0.001231,0.000094,0.000094,0.706169,0.708043
117.150000,7.020633,-0.019692,-0.001226,0.000094,0.000094,0.706167,0.708045
117.166667,7.003967,-0.019647,-0.001222,0.000094,0.000094,0.706166,0.708047
117.183333,6.987300,-0.019602,-0.001217,0.000094,0.000094,0.706163,0.708049
117.200000,6.970634,-0.019558,-0.001213,0.000095,0.000094,0.706159,0.708053
117.216667,6.953967,-0.019513,-0.001208,0.000095,0.000094,0.706155,0.708057
117.233333,6.937300,-0.019468,-0.001204,0.000095,0.000095,0.706152,0.708061
117.250000,6.920634,-0.019424,-0.001200,0.000095,0.000095,0.706149,0.708063
117.266667,6.903967,-0.019379,-0.001195,0.000095,0.000095,0.706148,0.708065
117.283333,6.887301,-0.019333,-0.001191,0.000095,0.000095,0.706146,0.708067
117.300000,6.870634,-0.019287,-0.001186,0.000095,0.000095,0.706142,0.708070
117.316667,6.853967,-0.019242,-0.001182,0.000095,0.000095,0.706138,0.708074
117.333333,6.837301,-0.019196,-0.001177,0.000096,0.000095,0.706134,0.708078
117.350000,6.820634,-0.019151,-0.001173,0.000096,0.000095,0.706131,0.708081
117.366667,6.803967,-0.019105,-0.001168,0.000096,0.000095,0.706129,0.708083
117.383333,6.787301,-0.019058,-0.001164,0.000096,0.000095,0.706128,0.708085
117.400000,6.770634,-0.019012,-0.001159,0.000096,0.000096,0.706124,0.708088
117.416667,6.753968,-0.018965,-0.001155,0.000096,0.000096,0.706120,0.708092
117.433333,6.737301,-0.018919,-0.001150,0.000096,0.000096,0.706117,0.708095
117.450000,6.720634,-0.018873,-0.001146,0.000096,0.000096,0.706113,0.708099
117.466667,6.703968,-0.018826,-0.001141,0.000096,0.000096,0.706111,0.708101
117.483333,6.687301,-0.018779,-0.001136,0.000096,0.000096,0.706109,0.708103
117.500000,6.670635,-0.018732,-0.001132,0.000096,0.000096,0.706106,0.708106
117.516667,6.653968,-0.018684,-0.001127,0.000097,0.000096,0.706103,0.708110
117.533333,6.637301,-0.018637,-0.001123,0.000097,0.000096,0.706099,0.708113
117.550000,6.620635,-0.018589,-0.001118,0.000097,0.000097,0.706095,0.708117
117.566667,6.603968,-0.018542,-0.001114,0.000097,0.000097,0.706092,0.708120
117.583333,6.587302,-0.018494,-0.001109,0.000097,0.000097,0.706090,0.708122
117.600000,6.570635,-0.018446,-0.001105,0.000097,0.000097,0.706088,0.708124
117.616667,6.553968,-0.018398,-0.001100,0.000097,0.000097,0.706084,0.708128
117.633333,6.537302,-0.018349,-0.001095,0.000097,0.000097,0.706080,0.708132
117.650000,6.520635,-0.018301,-0.001091,0.000097,0.000097,0.706077,0.708136
117.666667,6.503969,-0.018253,-0.001086,0.000097,0.000097,0.706073,0.708139
117.683333,6.487302,-0.018204,-0.001082,0.000097,0.000097,0.706071,0.708141
117.700000,6.470636,-0.018155,-0.001077,0.000098,0.000097,0.706069,0.708143
117.716667,6.453969,-0.018106,-0.001073,0.000098,0.000097,0.706066,0.708146
117.733333,6.437302,-0.018057,-0.001068,0.000098,0.000097,0.706063,0.708149
117.750000,6.420636,-0.018007,-0.001063,0.000098,0.000098,0.706059,0.708153
117.766667,6.403969,-0.017958,-0.001059,0.000098,0.000098,0.706055,0.708157
117.783333,6.387303,-0.017909,-0.001054,0.000098,0.000098,0.706053,0.708159
117.800000,6.370636,-0.017859,-0.001050,0.000098,0.000098,0.706051,0.708161
117.816667,6.353969,-0.017809,-0.001045,0.000098,0.000098,0.706049,0.708163
117.833333,6.337303,-0.017759,-0.001040,0.000098,0.000098,0.706045,0.708167
117.850000,6.320636,-0.017709,-0.001036,0.000098,0.000098,0.706042,0.708170
117.866667,6.303970,-0.017659,-0.001031,0.000098,0.000098,0.706038,0.708174
117.883333,6.287303,-0.017609,-0.001026,0.000098,0.000098,0.706036,0.708176
117.900000,6.270636,-0.017558,-0.001022,0.000098,0.000098,0.706034,0.708178
117.916667,6.253970,-0.017507,-0.001017,0.000099,0.000098,0.706032,0.708180
117.933333,6.237303,-0.017456,-0.001012,0.000099,0.000098,0.706029,0.708183
117.950000,6.220637,-0.017406,-0.001008,0.000099,0.000098,0.706025,0.708187
117.966667,6.203970,-0.017355,-0.001003,0.000099,0.000098,0.706021,0.708190
117.983333,6.187303,-0.017304,-0.000999,0.000099,0.000099,0.706018,0.708193
118.000000,6.170637,-0.017253,-0.000994,0.000099,0.000099,0.706017,0.708195
118.016667,6.153970,-0.017201,-0.000989,0.000099,0.000099,0.706015,0.708197
118.033333,6.137304,-0.017149,-0.000985,0.000099,0.000099,0.706012,0.708200
118.050000,6.120637,-0.017097,-0.000980,0.000099,0.000099,0.706009,0.708203
118.066667,6.103971,-0.017046,-0.000975,0.000099,0.000099,0.706005,0.708207
118.083333,6.087304,-0.016994,-0.000971,0.000099,0.000099,0.706002,0.708210
118.100000,6.070637,-0.016942,-0.000966,0.000099,0.000099,0.706000,0.708212
118.116667,6.053971,-0.016890,-0.000961,0.000099,0.000099,0.705998,0.708214
118.133333,6.037304,-0.016837,-0.000957,0.000099,0.000099,0.705996,0.708216
118.150000,6.020638,-0.016785,-0.000952,0.000099,0.000099,0.705992,0.708219
118.166667,6.003971,-0.016732,-0.000947,0.000099,0.000099,0.705989,0.708223
118.183333,5.987304,-0.016680,-0.000943,0.000099,0.000099,0.705985,0.708226
118.200000,5.970638,-0.016627,-0.000938,0.000100,0.000099,0.705983,0.708229
118.216667,5.953971,-0.016574,-0.000933,0.000100,0.000099,0.705981,0.708231
118.233333,5.937305,-0.016521,-0.000928,0.000100,0.000099,0.705979,0.708232
118.250000,5.920638,-0.016467,-0.000924,0.000100,0.000099,0.705976,0.708236
118.266667,5.903972,-0.016414,-0.000919,0.000100,0.000099,0.705973,0.708239
118.283333,5.887305,-0.016361,-0.000914,0.000100,0.000099,0.705969,0.708243
118.300000,5.870638,-0.016307,-0.000910,0.000100,0.000099,0.705966,0.708246
118.316667,5.853972,-0.016254,-0.000905,0.000100,0.000099,0.705964,0.708247
118.333333,5.837305,-0.016200,-0.000900,0.000100,0.000099,0.705963,0.708249
118.350000,5.820639,-0.016145,-0.000896,0.000100,0.000099,0.705960,0.708252
118.366667,5.803972,-0.016091,-0.000891,0.000100,0.000100,0.705956,0.708255
118.383333,5.787306,-0.016037,-0.000886,0.000100,0.000100,0.705953,0.708259
118.400000,5.770639,-0.015983,-0.000882,0.000100,0.000100,0.705949,0.708262
118.416667,5.753972,-0.015928,-0.000877,0.000100,0.000100,0.705948,0.708264
118.433333,5.737306,-0.015874,-0.000872,0.000100,0.000100,0.705946,0.708266
118.450000,5.720639,-0.015819,-0.000867,0.000100,0.000100,0.705944,0.708268
118.466667,5.703973,-0.015764,-0.000863,0.000100,0.000100,0.705940,0.708271
118.483333,5.687306,-0.015709,-0.000858,0.000100,0.000100,0.705937,0.708275
118.500000,5.670639,-0.015654,-0.000853,0.000100,0.000100,0.705933,0.708278
118.516667,5.653973,-0.015598,-0.000849,0.000100,0.000100,0.705931,0.708281
118.533333,5.637306,-0.015543,-0.000844,0.000100,0.000100,0.705929,0.708283
118.550000,5.620640,-0.015487,-0.000839,0.000100,0.000100,0.705927,0.708284
118.566667,5.603973,-0.015432,-0.000834,0.000100,0.000100,0.705924,0.708287
118.583333,5.587307,-0.015376,-0.000830,0.000100,0.000100,0.705921,0.708291
118.600000,5.570640,-0.015320,-0.000825,0.000100,0.000100,0.705917,0.708294
118.616667,5.553973,-0.015264,-0.000820,0.000100,0.000100,0.705914,0.708297
118.633333,5.537307,-0.015208,-0.000816,0.000100,0.000100,0.705913,0.708299
118.650000,5.520640,-0.015152,-0.000811,0.000100,0.000100,0.705911,0.708301
118.666667,5.503974,-0.015095,-0.000806,0.000100,0.000100,0.705908,0.708303
118.683333,5.487307,-0.015038,-0.000801,0.000100,0.000100,0.705905,0.708307
118.700000,5.470641,-0.014982,-0.000797,0.000100,0.000100,0.705902,0.708310
118.716667,5.453974,-0.014925,-0.000792,0.000100,0.000100,0.705898,0.708313
118.733333,5.437307,-0.014868,-0.000787,0.000100,0.000100,0.705897,0.708315
118.750000,5.420641,-0.014811,-0.000783,0.000100,0.000100,0.705895,0.708317
118.766667,5.403974,-0.014754,-0.000778,0.000100,0.000100,0.705893,0.708318
118.783333,5.387308,-0.014696,-0.000773,0.000100,0.000100,0.705890,0.708322
118.800000,5.370641,-0.014639,-0.000768,0.000100,0.000100,0.705887,0.708325
118.816667,5.353975,-0.014581,-0.000764,0.000100,0.000100,0.705883,0.708328
118.833333,5.337308,-0.014524,-0.000759,0.000100,0.000100,0.705881,0.708330
118.850000,5.320641,-0.014467,-0.000754,0.000100,0.000100,0.705879,0.708332
118.866667,5.303975,-0.014408,-0.000750,0.000100,0.000100,0.705878,0.708334
118.883333,5.287308,-0.014350,-0.000745,0.000100,0.000100,0.705875,0.708337
118.900000,5.270642,-0.014292,-0.000740,0.000100,0.000100,0.705872,0.708340
118.916667,5.253975,-0.014234,-0.000735,0.000100,0.000100,0.705868,0.708343
118.933333,5.237309,-0.014176,-0.000731,0.000100,0.000100,0.705866,0.708346
118.950000,5.220642,-0.014118,-0.000726,0.000100,0.000100,0.705864,0.708347
118.966667,5.203976,-0.014059,-0.000721,0.000100,0.000100,0.705862,0.708349
118.983333,5.187309,-0.014000,-0.000717,0.000100,0.000100,0.705860,0.708351
119.000000,5.170642,-0.013941,-0.000712,0.000100,0.000100,0.705857,0.708355
119.016667,5.153976,-0.013882,-0.000707,0.000100,0.000100,0.705853,0.708358
119.033333,5.137309,-0.013823,-0.000703,0.000100,0.000099,0.705850,0.708361
119.050000,5.120643,-0.013764,-0.000698,0.000100,0.000099,0.705848,0.708363
119.066667,5.103976,-0.013705,-0.000693,0.000100,0.000099,0.705846,0.708365
119.083333,5.087310,-0.013645,-0.000688,0.000100,0.000099,0.705844,0.708367
119.100000,5.070643,-0.013585,-0.000684,0.000100,0.000099,0.705841,0.708370
119.116667,5.053977,-0.013526,-0.000679,0.000100,0.000099,0.705838,0.708374
119.133333,5.037310,-0.013466,-0.000674,0.000100,0.000099,0.705834,0.708377
119.150000,5.020643,-0.013406,-0.000670,0.000100,0.000099,0.705832,0.708380
119.166667,5.003977,-0.013346,-0.000665,0.000100,0.000099,0.705830,0.708381
119.183333,4.987310,-0.013286,-0.000660,0.000099,0.000099,0.705828,0.708383
119.200000,4.970644,-0.013225,-0.000656,0.000099,0.000099,0.705825,0.708386
119.216667,4.953977,-0.013165,-0.000651,0.000099,0.000099,0.705822,0.708389
119.233333,4.937311,-0.013104,-0.000646,0.000099,0.000099,0.705819,0.708393
119.250000,4.920644,-0.013044,-0.000642,0.000099,0.000099,0.705816,0.708396
119.266667,4.903977,-0.012983,-0.000637,0.000099,0.000099,0.705814,0.708397
119.283333,4.887311,-0.012922,-0.000632,0.000099,0.000099,0.705812,0.708399
119.300000,4.870644,-0.012861,-0.000628,0.000099,0.000099,0.705810,0.708401
119.316667,4.853978,-0.012799,-0.000623,0.000099,0.000099,0.705807,0.708404
119.333333,4.837311,-0.012738,-0.000618,0.000099,0.000099,0.705804,0.708407
119.350000,4.820645,-0.012677,-0.000614,0.000099,0.000098,0.705801,0.708410
119.366667,4.803978,-0.012616,-0.000609,0.000099,0.000098,0.705799,0.708412
119.383333,4.787312,-0.012554,-0.000604,0.000099,0.000098,0.705798,0.708413
119.400000,4.770645,-0.012492,-0.000600,0.000099,0.000098,0.705796,0.708415
119.416667,4.753979,-0.012430,-0.000595,0.000099,0.000098,0.705793,0.708418
119.433333,4.737312,-0.012368,-0.000590,0.000098,0.000098,0.705790,0.708421
119.450000,4.720645,-0.012306,-0.000586,0.000098,0.000098,0.705788,0.708423
119.466667,4.703979,-0.012244,-0.000581,0.000098,0.000098,0.705785,0.708426
119.483333,4.687312,-0.012182,-0.000577,0.000098,0.000098,0.705784,0.708427
119.500000,4.670646,-0.012120,-0.000572,0.000098,0.000098,0.705783,0.708428
119.516667,4.653979,-0.012057,-0.000567,0.000098,0.000098,0.705780,0.708431
119.533333,4.637313,-0.011994,-0.000563,0.000098,0.000098,0.705777,0.708434
119.550000,4.620646,-0.011932,-0.000558,0.000098,0.000097,0.705774,0.708437
119.566667,4.603980,-0.011869,-0.000554,0.000098,0.000097,0.705772,0.708439
119.583333,4.587313,-0.011806,-0.000549,0.000098,0.000097,0.705770,0.708441
119.600000,4.570646,-0.011743,-0.000544,0.000098,0.000097,0.705769,0.708442
119.616667,4.553980,-0.011680,-0.000540,0.000097,0.000097,0.705767,0.708444
119.633333,4.537313,-0.011617,-0.000535,0.000097,0.000097,0.705763,0.708448
119.650000,4.520647,-0.011553,-0.000531,0.000097,0.000097,0.705760,0.708451
119.666667,4.503980,-0.011490,-0.000526,0.000097,0.000097,0.705757,0.708454
119.683333,4.487314,-0.011427,-0.000521,0.000097,0.000097,0.705755,0.708456
119.700000,4.470647,-0.011363,-0.000517,0.000097,0.000096,0.705754,0.708457
119.716667,4.453981,-0.011299,-0.000512,0.000097,0.000096,0.705752,0.708459
119.733333,4.437314,-0.011235,-0.000508,0.000097,0.000096,0.705749,0.708462
119.750000,4.420648,-0.011171,-0.000503,0.000096,0.000096,0.705746,0.708465
119.766667,4.403981,-0.011107,-0.000499,0.000096,0.000096,0.705742,0.708469
119.783333,4.387314,-0.011043,-0.000494,0.000096,0.000096,0.705740,0.708471
119.800000,4.370648,-0.010979,-0.000490,0.000096,0.000096,0.705738,0.708473
119.816667,4.353981,-0.010914,-0.000485,0.000096,0.000096,0.705737,0.708474
119.833333,4.337315,-0.010849,-0.000481,0.000096,0.000095,0.705734,0.708477
119.850000,4.320648,-0.010784,-0.000476,0.000096,0.000095,0.705731,0.708480
119.866667,4.303982,-0.010719,-0.000472,0.000095,0.000095,0.705728,0.708483
119.883333,4.287315,-0.010655,-0.000467,0.000095,0.000095,0.705725,0.708486
119.900000,4.270649,-0.010590,-0.000463,0.000095,0.000095,0.705723,0.708487
119.916667,4.253982,-0.010524,-0.000458,0.000095,0.000095,0.705722,0.708489
119.933333,4.237316,-0.010459,-0.000454,0.000095,0.000095,0.705720,0.708491
119.950000,4.220649,-0.010393,-0.000449,0.000095,0.000094,0.705717,0.708494
119.966667,4.203983,-0.010328,-0.000445,0.000095,0.000094,0.705715,0.708496
119.983333,4.187316,-0.010262,-0.000440,0.000094,0.000094,0.705712,0.708499
120.000000,4.170649,-0.010197,-0.000436,0.000094,0.000094,0.705710,0.708501
120.016667,4.153983,-0.010131,-0.000431,0.000094,0.000094,0.705709,0.708502
120.033333,4.137316,-0.010065,-0.000427,0.000094,0.000094,0.705707,0.708503
120.050000,4.120650,-0.009999,-0.000423,0.000094,0.000093,0.705705,0.708506
120.066667,4.103983,-0.009933,-0.000418,0.000094,0.000093,0.705702,0.708509
120.083333,4.087317,-0.009867,-0.000414,0.000093,0.000093,0.705699,0.708511
120.100000,4.070650,-0.009800,-0.000409,0.000093,0.000093,0.705697,0.708514
120.116667,4.053984,-0.009734,-0.000405,0.000093,0.000093,0.705696,0.708515
120.133333,4.037317,-0.009668,-0.000401,0.000093,0.000093,0.705694,0.708516
120.150000,4.020651,-0.009601,-0.000396,0.000093,0.000092,0.705692,0.708519
120.166667,4.003984,-0.009534,-0.000392,0.000092,0.000092,0.705689,0.708521
120.183333,3.987318,-0.009467,-0.000388,0.000092,0.000092,0.705687,0.708524
120.200000,3.970651,-0.009400,-0.000383,0.000092,0.000092,0.705684,0.708527
120.216667,3.953985,-0.009334,-0.000379,0.000092,0.000091,0.705682,0.708528
120.233333,3.937318,-0.009267,-0.000375,0.000092,0.000091,0.705681,0.708530
120.250000,3.920651,-0.009199,-0.000370,0.000091,0.000091,0.705679,0.708532
120.266667,3.903985,-0.009132,-0.000366,0.000091,0.000091,0.705676,0.708535
120.283333,3.887318,-0.009064,-0.000362,0.000091,0.000091,0.705673,0.708537
120.300000,3.870652,-0.008997,-0.000358,0.000091,0.000090,0.705670,0.708540
120.316667,3.853985,-0.008929,-0.000353,0.000090,0.000090,0.705668,0.708542
120.333333,3.837319,-0.008862,-0.000349,0.000090,0.000090,0.705667,0.708544
120.350000,3.820652,-0.008794,-0.000345,0.000090,0.000090,0.705665,0.708545
120.366667,3.803986,-0.008725,-0.000341,0.000090,0.000089,0.705663,0.708548
120.383333,3.787319,-0.008657,-0.000336,0.000090,0.000089,0.705660,0.708551
120.400000,3.770653,-0.008589,-0.000332,0.000089,0.000089,0.705657,0.708554
120.416667,3.753986,-0.008521,-0.000328,0.000089,0.000089,0.705654,0.708556
120.433333,3.737320,-0.008453,-0.000324,0.000089,0.000088,0.705653,0.708558
120.450000,3.720653,-0.008384,-0.000320,0.000089,0.000088,0.705652,0.708559
120.466667,3.703987,-0.008315,-0.000315,0.000088,0.000088,0.705649,0.708561
120.483333,3.687320,-0.008246,-0.000311,0.000088,0.000088,0.705647,0.708564
120.500000,3.670654,-0.008178,-0.000307,0.000088,0.000087,0.705644,0.708566
120.516667,3.653987,-0.008109,-0.000303,0.000087,0.000087,0.705641,0.708569
120.533333,3.637321,-0.008040,-0.000299,0.000087,0.000087,0.705640,0.708570
120.550000,3.620654,-0.007971,-0.000295,0.000087,0.000087,0.705639,0.708572
120.566667,3.603987,-0.007902,-0.000291,0.000087,0.000086,0.705637,0.708573
120.583333,3.587321,-0.007832,-0.000287,0.000086,0.000086,0.705635,0.708576
120.600000,3.570654,-0.007763,-0.000283,0.000086,0.000086,0.705632,0.708578
120.616667,3.553988,-0.007693,-0.000279,0.000086,0.000085,0.705630,0.708581
120.633333,3.537321,-0.007624,-0.000274,0.000085,0.000085,0.705628,0.708582
120.650000,3.520655,-0.007554,-0.000270,0.000085,0.000085,0.705627,0.708583
120.666667,3.503988,-0.007485,-0.000266,0.000085,0.000085,0.705626,0.708585
120.683333,3.487322,-0.007415,-0.000263,0.000085,0.000084,0.705624,0.708587
120.700000,3.470655,-0.007345,-0.000259,0.000084,0.000084,0.705621,0.708589
120.716667,3.453989,-0.007275,-0.000255,0.000084,0.000083,0.705619,0.708592
120.733333,3.437322,-0.007205,-0.000251,0.000083,0.000083,0.705617,0.708594
120.750000,3.420656,-0.007135,-0.000247,0.000083,0.000083,0.705616,0.708595
120.766667,3.403989,-0.007064,-0.000243,0.000083,0.000083,0.705615,0.708596
120.783333,3.387323,-0.006994,-0.000239,0.000083,0.000082,0.705613,0.708598
120.800000,3.370656,-0.006923,-0.000235,0.000082,0.000082,0.705611,0.708600
120.816667,3.353990,-0.006853,-0.000231,0.000082,0.000081,0.705608,0.708602
120.833333,3.337323,-0.006782,-0.000227,0.000081,0.000081,0.705606,0.708604
120.850000,3.320657,-0.006712,-0.000224,0.000081,0.000081,0.705605,0.708606
120.866667,3.303990,-0.006641,-0.000220,0.000081,0.000080,0.705604,0.708607
120.883333,3.287324,-0.006570,-0.000216,0.000080,0.000080,0.705602,0.708608
120.900000,3.270657,-0.006499,-0.000212,0.000080,0.000080,0.705600,0.708611
120.916667,3.253991,-0.006428,-0.000209,0.000079,0.000079,0.705597,0.708613
120.933333,3.237324,-0.006357,-0.000205,0.000079,0.000079,0.705595,0.708615
120.950000,3.220658,-0.006286,-0.000201,0.000079,0.000078,0.705593,0.708617
120.966667,3.203991,-0.006215,-0.000197,0.000078,0.000078,0.705592,0.708619
120.983333,3.187325,-0.006143,-0.000194,0.000078,0.000078,0.705590,0.708620
121.000000,3.170658,-0.006072,-0.000190,0.000078,0.000077,0.705588,0.708622
121.016667,3.153992,-0.006000,-0.000186,0.000077,0.000077,0.705585,0.708625
121.033333,3.137325,-0.005928,-0.000183,0.000076,0.000076,0.705583,0.708628
121.050000,3.120658,-0.005857,-0.000179,0.000076,0.000076,0.705580,0.708630
121.066667,3.103992,-0.005785,-0.000176,0.000076,0.000075,0.705579,0.708632
121.083333,3.087325,-0.005713,-0.000172,0.000075,0.000075,0.705577,0.708633
121.100000,3.070659,-0.005640,-0.000169,0.000075,0.000075,0.705575,0.708635
121.116667,3.053992,-0.005568,-0.000165,0.000074,0.000074,0.705573,0.708638
121.133333,3.037326,-0.005496,-0.000162,0.000074,0.000073,0.705570,0.708640
121.150000,3.020659,-0.005424,-0.000158,0.000073,0.000073,0.705567,0.708643
121.166667,3.003993,-0.005351,-0.000155,0.000073,0.000072,0.705566,0.708644
121.183333,2.987326,-0.005279,-0.000151,0.000072,0.000072,0.705565,0.708645
121.200000,2.970660,-0.005206,-0.000148,0.000072,0.000072,0.705563,0.708647
121.216667,2.953993,-0.005133,-0.000144,0.000071,0.000071,0.705561,0.708649
121.233333,2.937327,-0.005060,-0.000141,0.000071,0.000071,0.705559,0.708651
121.250000,2.920660,-0.004987,-0.000138,0.000070,0.000070,0.705557,0.708653
121.266667,2.903994,-0.004914,-0.000134,0.000070,0.000069,0.705556,0.708654
121.283333,2.887327,-0.004841,-0.000131,0.000069,0.000069,0.705555,0.708655
121.300000,2.870661,-0.004768,-0.000128,0.000069,0.000069,0.705554,0.708656
121.316667,2.853994,-0.004695,-0.000125,0.000068,0.000068,0.705552,0.708658
121.333333,2.837328,-0.004622,-0.000122,0.000068,0.000067,0.705551,0.708659
121.350000,2.820661,-0.004548,-0.000118,0.000067,0.000067,0.705549,0.708661
121.366667,2.803995,-0.004475,-0.000115,0.000066,0.000066,0.705547,0.708663
121.383333,2.787328,-0.004402,-0.000112,0.000066,0.000066,0.705547,0.708664
121.400000,2.770662,-0.004328,-0.000109,0.000065,0.000065,0.705546,0.708664
121.416667,2.753995,-0.004255,-0.000106,0.000065,0.000065,0.705544,0.708666
121.433333,2.737329,-0.004181,-0.000103,0.000064,0.000064,0.705543,0.708667
121.450000,2.720662,-0.004107,-0.000100,0.000063,0.000063,0.705541,0.708669
121.466667,2.703996,-0.004034,-0.000097,0.000063,0.000062,0.705539,0.708671
121.483333,2.687329,-0.003960,-0.000094,0.000062,0.000062,0.705538,0.708672
121.500000,2.670663,-0.003886,-0.000091,0.000062,0.000061,0.705537,0.708673
121.516667,2.653996,-0.003812,-0.000088,0.000061,0.000061,0.705536,0.708674
121.533333,2.637330,-0.003738,-0.000085,0.000060,0.000060,0.705534,0.708676
121.550000,2.620663,-0.003664,-0.000083,0.000059,0.000059,0.705532,0.708678
121.566667,2.603997,-0.003589,-0.000080,0.000059,0.000058,0.705530,0.708680
121.583333,2.587330,-0.003515,-0.000077,0.000058,0.000058,0.705528,0.708682
121.600000,2.570664,-0.003441,-0.000074,0.000057,0.000057,0.705527,0.708683
121.616667,2.553997,-0.003366,-0.000072,0.000057,0.000057,0.705526,0.708684
121.633333,2.537331,-0.003292,-0.000069,0.000056,0.000056,0.705524,0.708686
121.650000,2.520664,-0.003217,-0.000066,0.000055,0.000055,0.705522,0.708688
121.666667,2.503998,-0.003143,-0.000064,0.000054,0.000054,0.705520,0.708690
121.683333,2.487331,-0.003068,-0.000061,0.000053,0.000053,0.705518,0.708692
121.700000,2.470665,-0.002993,-0.000059,0.000053,0.000053,0.705517,0.708693
121.716667,2.453998,-0.002918,-0.000056,0.000052,0.000052,0.705516,0.708694
121.733333,2.437332,-0.002843,-0.000054,0.000052,0.000051,0.705515,0.708695
121.750000,2.420665,-0.002768,-0.000051,0.000051,0.000050,0.705513,0.708697
121.766667,2.403999,-0.002693,-0.000049,0.000049,0.000049,0.705511,0.708699
121.783333,2.387332,-0.002618,-0.000047,0.000048,0.000048,0.705509,0.708701
121.800000,2.370666,-0.002543,-0.000044,0.000048,0.000048,0.705508,0.708702
121.816667,2.353999,-0.002467,-0.000042,0.000047,0.000047,0.705507,0.708703
121.833333,2.337333,-0.002392,-0.000040,0.000047,0.000046,0.705506,0.708704
121.850000,2.320666,-0.002316,-0.000038,0.000045,0.000045,0.705505,0.708705
121.866667,2.304000,-0.002241,-0.000036,0.000044,0.000044,0.705503,0.708707
121.883333,2.287333,-0.002165,-0.000034,0.000043,0.000043,0.705502,0.708708
121.900000,2.270667,-0.002090,-0.000032,0.000042,0.000042,0.705500,0.708710
121.916667,2.254000,-0.002014,-0.000030,0.000042,0.000041,0.705500,0.708710
121.933333,2.237334,-0.001939,-0.000028,0.000041,0.000041,0.705499,0.708711
121.950000,2.220667,-0.001863,-0.000026,0.000040,0.000040,0.705498,0.708712
121.966667,2.204001,-0.001787,-0.000024,0.000039,0.000038,0.705497,0.708713
121.983333,2.187334,-0.001711,-0.000022,0.000037,0.000037,0.705496,0.708714
122.000000,2.170668,-0.001635,-0.000020,0.000036,0.000036,0.705495,0.708715
122.016667,2.154001,-0.001559,-0.000019,0.000035,0.000035,0.705494,0.708716
122.033333,2.137335,-0.001483,-0.000017,0.000035,0.000034,0.705494,0.708716
122.050000,2.120668,-0.001407,-0.000016,0.000034,0.000033,0.705493,0.708717
122.066667,2.104002,-0.001331,-0.000014,0.000032,0.000032,0.705492,0.708718
122.083333,2.087335,-0.001255,-0.000013,0.000031,0.000031,0.705491,0.708719
122.100000,2.070669,-0.001179,-0.000011,0.000029,0.000029,0.705490,0.708720
122.116667,2.054002,-0.001103,-0.000010,0.000028,0.000028,0.705490,0.708720
122.133333,2.037336,-0.001027,-0.000008,0.000028,0.000027,0.705489,0.708721
122.150000,2.020669,-0.000951,-0.000007,0.000027,0.000027,0.705489,0.708721
122.166667,2.004003,-0.000874,-0.000006,0.000025,0.000025,0.705488,0.708722
122.183333,1.987336,-0.000798,-0.000005,0.000023,0.000023,0.705487,0.708723
122.200000,1.970670,-0.000722,-0.000004,0.000022,0.000022,0.705486,0.708724
122.216667,1.954003,-0.000646,-0.000003,0.000020,0.000020,0.705486,0.708724
122.233333,1.937337,-0.000569,-0.000002,0.000020,0.000020,0.705485,0.708725
122.250000,1.920670,-0.000493,-0.000001,0.000019,0.000019,0.705485,0.708725
122.266667,1.904004,-0.000417,-0.000000,0.000017,0.000017,0.705484,0.708726
122.283333,1.887338,-0.000340,0.000001,0.000015,0.000015,0.705483,0.708726
122.300000,1.870671,-0.000264,0.000001,0.000014,0.000014,0.705483,0.708727
122.316667,1.854005,-0.000187,0.000002,0.000012,0.000012,0.705482,0.708728
122.333333,1.837338,-0.000111,0.000003,0.000011,0.000011,0.705481,0.708728
122.350000,1.820672,-0.000034,0.000003,0.000010,0.000010,0.705481,0.708729
122.366667,1.804005,0.000042,0.000003,0.000009,0.000009,0.705480,0.708729
122.383333,1.787339,0.000119,0.000004,0.000007,0.000007,0.705480,0.708730
122.400000,1.770672,0.000196,0.000004,0.000005,0.000005,0.705479,0.708731
122.416667,1.754006,0.000272,0.000004,0.000003,0.000003,0.705478,0.708732
122.433333,1.737339,0.000349,0.000005,0.000002,0.000002,0.705477,0.708733
122.450000,1.720673,0.000426,0.000005,0.000001,0.000001,0.705477,0.708733
122.466667,1.704006,0.000503,0.000005,-0.000000,-0.000000,0.705476,0.708733
122.483333,1.687340,0.000579,0.000004,-0.000002,-0.000002,0.705476,0.708734
122.500000,1.670673,0.000656,0.000004,-0.000004,-0.000004,0.705475,0.708735
122.516667,1.654007,0.000733,0.000004,-0.000006,-0.000006,0.705474,0.708736
122.533333,1.637340,0.000810,0.000004,-0.000008,-0.000008,0.705473,0.708737
122.550000,1.620674,0.000887,0.000004,-0.000009,-0.000009,0.705473,0.708737
122.566667,1.604007,0.000964,0.000003,-0.000010,-0.000010,0.705472,0.708737
122.583333,1.587341,0.001041,0.000002,-0.000012,-0.000012,0.705472,0.708738
122.600000,1.570674,0.001118,0.000002,-0.000014,-0.000014,0.705471,0.708739
122.616667,1.554008,0.001195,0.000001,-0.000016,-0.000016,0.705470,0.708739
122.633333,1.537341,0.001272,0.000000,-0.000018,-0.000018,0.705470,0.708740
122.650000,1.520675,0.001349,-0.000000,-0.000020,-0.000020,0.705469,0.708740
122.666667,1.504008,0.001426,-0.000001,-0.000021,-0.000021,0.705469,0.708741
122.683333,1.487342,0.001503,-0.000003,-0.000022,-0.000022,0.705469,0.708741
122.700000,1.470675,0.001580,-0.000004,-0.000025,-0.000024,0.705468,0.708742
122.716667,1.454009,0.001658,-0.000005,-0.000027,-0.000027,0.705468,0.708742
122.733333,1.437342,0.001735,-0.000006,-0.000029,-0.000029,0.705467,0.708743
122.750000,1.420676,0.001812,-0.000007,-0.000031,-0.000031,0.705467,0.708743
122.766667,1.404009,0.001889,-0.000009,-0.000032,-0.000032,0.705467,0.708743
122.783333,1.387343,0.001966,-0.000011,-0.000033,-0.000033,0.705466,0.708743
122.800000,1.370676,0.002044,-0.000012,-0.000036,-0.000036,0.705466,0.708744
122.816667,1.354010,0.002121,-0.000014,-0.000038,-0.000038,0.705465,0.708745
122.833333,1.337343,0.002198,-0.000016,-0.000041,-0.000041,0.705464,0.708746
122.850000,1.320677,0.002276,-0.000018,-0.000043,-0.000043,0.705464,0.708746
122.866667,1.304010,0.002353,-0.000019,-0.000044,-0.000044,0.705463,0.708747
122.883333,1.287344,0.002430,-0.000022,-0.000046,-0.000045,0.705463,0.708747
122.900000,1.270677,0.002508,-0.000024,-0.000048,-0.000047,0.705462,0.708748
122.916667,1.254011,0.002585,-0.000027,-0.000050,-0.000050,0.705461,0.708749
122.933333,1.237344,0.002663,-0.000029,-0.000053,-0.000053,0.705460,0.708750
122.950000,1.220678,0.002740,-0.000031,-0.000056,-0.000056,0.705459,0.708750
122.966667,1.204011,0.002818,-0.000034,-0.000057,-0.000057,0.705459,0.708751
122.983333,1.187345,0.002895,-0.000037,-0.000059,-0.000058,0.705458,0.708751
123.000000,1.170679,0.002973,-0.000040,-0.000060,-0.000060,0.705458,0.708752
123.016667,1.154012,0.003051,-0.000043,-0.000063,-0.000063,0.705457,0.708752
123.033333,1.137346,0.003129,-0.000046,-0.000066,-0.000066,0.705457,0.708753
123.050000,1.120679,0.003206,-0.000049,-0.000069,-0.000069,0.705456,0.708753
123.066667,1.104013,0.003284,-0.000052,-0.000072,-0.000071,0.705456,0.708754
123.083333,1.087346,0.003362,-0.000055,-0.000073,-0.000073,0.705456,0.708754
123.100000,1.070680,0.003439,-0.000059,-0.000075,-0.000074,0.705456,0.708754
123.116667,1.054013,0.003517,-0.000063,-0.000078,-0.000077,0.705456,0.708754
123.133333,1.037347,0.003595,-0.000066,-0.000081,-0.000080,0.705455,0.708754
123.150000,1.020680,0.003673,-0.000070,-0.000084,-0.000084,0.705455,0.708755
123.166667,1.004014,0.003750,-0.000074,-0.000087,-0.000087,0.705455,0.708755
123.183333,0.987347,0.003828,-0.000078,-0.000089,-0.000088,0.705455,0.708755
123.200000,0.970681,0.003906,-0.000082,-0.000090,-0.000090,0.705455,0.708755
123.216667,0.954014,0.003984,-0.000087,-0.000093,-0.000093,0.705454,0.708755
123.233333,0.937348,0.004062,-0.000091,-0.000097,-0.000096,0.705454,0.708756
123.250000,0.920681,0.004140,-0.000096,-0.000100,-0.000100,0.705454,0.708756
123.266667,0.904015,0.004217,-0.000101,-0.000104,-0.000103,0.705454,0.708756
123.283333,0.887348,0.004295,-0.000105,-0.000106,-0.000105,0.705453,0.708756
123.300000,0.870682,0.004373,-0.000110,-0.000108,-0.000107,0.705453,0.708756
123.316667,0.854015,0.004451,-0.000116,-0.000110,-0.000109,0.705453,0.708756
123.333333,0.837349,0.004529,-0.000121,-0.000114,-0.000113,0.705453,0.708757
123.350000,0.820682,0.004607,-0.000127,-0.000118,-0.000117,0.705453,0.708757
123.366667,0.804016,0.004685,-0.000132,-0.000122,-0.000121,0.705452,0.708757
123.383333,0.787349,0.004762,-0.000137,-0.000125,-0.000124,0.705452,0.708758
123.400000,0.770683,0.004840,-0.000143,-0.000127,-0.000126,0.705452,0.708758
123.416667,0.754016,0.004918,-0.000150,-0.000129,-0.000128,0.705452,0.708758
123.433333,0.737350,0.004996,-0.000156,-0.000133,-0.000132,0.705452,0.708758
123.450000,0.720683,0.005074,-0.000162,-0.000138,-0.000137,0.705451,0.708758
123.466667,0.704017,0.005152,-0.000169,-0.000142,-0.000141,0.705451,0.708758
123.483333,0.687350,0.005230,-0.000175,-0.000146,-0.000145,0.705451,0.708759
123.500000,0.670684,0.005308,-0.000182,-0.000148,-0.000148,0.705451,0.708759
123.516667,0.654017,0.005386,-0.000189,-0.000151,-0.000150,0.705451,0.708759
123.533333,0.637351,0.005464,-0.000197,-0.000154,-0.000154,0.705451,0.708759
123.550000,0.620685,0.005542,-0.000204,-0.000160,-0.000159,0.705451,0.708758
123.566667,0.604018,0.005620,-0.000212,-0.000165,-0.000164,0.705452,0.708758
123.583333,0.587352,0.005698,-0.000219,-0.000170,-0.000169,0.705452,0.708758
123.600000,0.570685,0.005776,-0.000227,-0.000173,-0.000172,0.705452,0.708757
123.616667,0.554019,0.005854,-0.000235,-0.000175,-0.000175,0.705452,0.708757
123.633333,0.537352,0.005932,-0.000244,-0.000179,-0.000178,0.705453,0.708757
123.650000,0.520686,0.006009,-0.000253,-0.000184,-0.000184,0.705453,0.708756
123.666667,0.504019,0.006087,-0.000262,-0.000190,-0.000189,0.705454,0.708756
123.683333,0.487353,0.006165,-0.000270,-0.000196,-0.000195,0.705455,0.708755
123.700000,0.470686,0.006243,-0.000279,-0.000201,-0.000200,0.705455,0.708754
123.716667,0.454020,0.006321,-0.000288,-0.000204,-0.000203,0.705456,0.708754
123.733333,0.437353,0.006398,-0.000299,-0.000207,-0.000206,0.705456,0.708754
123.750000,0.420687,0.006476,-0.000309,-0.000213,-0.000212,0.705457,0.708753
123.766667,0.404020,0.006554,-0.000319,-0.000220,-0.000219,0.705458,0.708751
123.783333,0.387354,0.006631,-0.000329,-0.000227,-0.000226,0.705460,0.708750
123.800000,0.370687,0.006709,-0.000340,-0.000233,-0.000232,0.705461,0.708749
123.816667,0.354021,0.006787,-0.000350,-0.000237,-0.000236,0.705462,0.708748
123.833333,0.337354,0.006864,-0.000362,-0.000241,-0.000240,0.705463,0.708747
123.850000,0.320688,0.006941,-0.000374,-0.000247,-0.000245,0.705464,0.708745
123.866667,0.304021,0.007018,-0.000386,-0.000255,-0.000254,0.705467,0.708743
123.883333,0.287355,0.007096,-0.000398,-0.000263,-0.000262,0.705470,0.708740
123.900000,0.270688,0.007173,-0.000410,-0.000272,-0.000270,0.705473,0.708737
123.916667,0.254022,0.007250,-0.000422,-0.000277,-0.000276,0.705475,0.708735
123.933333,0.237355,0.007327,-0.000435,-0.000282,-0.000280,0.705477,0.708733
123.950000,0.220689,0.007403,-0.000449,-0.000287,-0.000285,0.705479,0.708731
123.966667,0.204022,0.007480,-0.000464,-0.000297,-0.000296,0.705483,0.708726
123.983333,0.187356,0.007556,-0.000478,-0.000307,-0.000306,0.705488,0.708722
124.000000,0.170689,0.007632,-0.000492,-0.000318,-0.000316,0.705492,0.708718
124.016667,0.154023,0.007709,-0.000506,-0.000326,-0.000325,0.705495,0.708714
124.033333,0.137357,0.007785,-0.000521,-0.000332,-0.000331,0.705498,0.708712
124.050000,0.120690,0.007860,-0.000538,-0.000338,-0.000337,0.705500,0.708709
124.066667,0.104024,0.007935,-0.000555,-0.000350,-0.000348,0.705507,0.708703
124.083333,0.087357,0.008010,-0.000572,-0.000364,-0.000362,0.705514,0.708696
124.100000,0.070691,0.008086,-0.000589,-0.000378,-0.000376,0.705522,0.708688
124.116667,0.054024,0.008161,-0.000606,-0.000391,-0.000389,0.705529,0.708681
124.133333,0.037358,0.008236,-0.000623,-0.000399,-0.000397,0.705535,0.708675
124.150000,0.020691,0.008309,-0.000642,-0.000407,-0.000405,0.705540,0.708670
124.166667,0.004025,0.008382,-0.000663,-0.000420,-0.000418,0.705549,0.708661
124.183333,-0.012642,0.008455,-0.000684,-0.000440,-0.000438,0.705565,0.708645
124.200000,-0.029308,0.008528,-0.000705,-0.000460,-0.000458,0.705581,0.708629
124.216667,-0.045975,0.008600,-0.000725,-0.000480,-0.000478,0.705597,0.708613
124.233333,-0.062641,0.008673,-0.000746,-0.000495,-0.000492,0.705609,0.708601
124.250000,-0.079308,0.008744,-0.000769,-0.000507,-0.000505,0.705619,0.708591
124.266667,-0.095974,0.008812,-0.000796,-0.000520,-0.000518,0.705631,0.708579
124.283333,-0.112641,0.008879,-0.000822,-0.000556,-0.000554,0.705672,0.708538
124.300000,-0.129307,0.008947,-0.000849,-0.000593,-0.000590,0.705713,0.708497
124.316667,-0.145974,0.009015,-0.000875,-0.000629,-0.000627,0.705754,0.708456
124.333333,-0.162640,0.009083,-0.000901,-0.000661,-0.000658,0.705791,0.708419
124.350000,-0.179307,0.009150,-0.000928,-0.000685,-0.000683,0.705821,0.708389
124.366667,-0.195973,0.009203,-0.000966,-0.000709,-0.000707,0.705852,0.708359
124.383333,-0.212640,0.009257,-0.001004,-0.001082,-0.001081,0.706827,0.707385
124.400000,-0.229307,0.009310,-0.001042,-0.001611,-0.001616,0.708230,0.705978
124.416667,-0.245973,0.009363,-0.001080,-0.001985,-0.001999,0.709532,0.704668
124.433333,-0.262640,0.009417,-0.001118,-0.002461,-0.002492,0.711451,0.702726
124.450000,-0.279306,0.009470,-0.001156,-0.003296,-0.003371,0.714976,0.699133
124.466667,-0.295964,0.009079,-0.001358,-0.005392,-0.005658,0.723911,0.689849
124.483333,-0.312618,0.008484,-0.001636,-0.019632,-0.025353,0.790255,0.611939
124.500000,-0.305286,0.008101,-0.001705,0.007839,-0.008794,0.746402,-0.665391
124.516667,-0.288622,0.007801,-0.001694,0.003010,-0.003179,0.726156,-0.687516
124.533333,-0.271958,0.007500,-0.001683,0.001551,-0.001613,0.720770,-0.693171
124.550000,-0.255294,0.007200,-0.001672,0.000408,-0.000419,0.717014,-0.697059
124.566667,-0.238630,0.006900,-0.001661,-0.000425,0.000434,0.714386,-0.699752
124.583333,-0.221966,0.006599,-0.001649,-0.000671,0.000684,0.713913,-0.700234
124.600000,-0.205303,0.006280,-0.001621,-0.000771,0.000786,0.714019,-0.700126
124.616667,-0.188640,0.005929,-0.001562,-0.000877,0.000895,0.714139,-0.700003
124.633333,-0.171977,0.005579,-0.001503,-0.000949,0.000968,0.714216,-0.699924
124.650000,-0.155314,0.005228,-0.001445,-0.001038,0.001059,0.714311,-0.699827
124.666667,-0.138651,0.004877,-0.001386,-0.001152,0.001176,0.714434,-0.699701
124.683333,-0.121988,0.004526,-0.001327,-0.001243,0.001270,0.714532,-0.699600
124.700000,-0.105326,0.004169,-0.001265,-0.001246,0.001272,0.714537,-0.699595
